window_id,source,label,state,segment,group_id,offset,start_raw_row,end_raw_row,start_time,end_time,split,score,threshold,prediction,top_error_feature,error_ratio_AI0_AI2,error_AI0_rms,error_ratio_AI1_AI2,error_AI1_rms,error_AI1_skew,error_AI2_rms
normal_0000_00,normal,0,A,0,normal_0000,0,0,15,2022-07-12 00:00:00.019000,2022-07-12 00:00:01.519000,train,0.06729220216567254,0.4255195071836689,0,ratio_AI1_AI2,0.0008803270393168117,0.09062624472422108,0.1072990272763123,0.003320498183099391,0.10582185475127179,0.09580526101981383
normal_0000_16,normal,0,A,0,normal_0000,16,16,31,2022-07-12 00:00:01.619000,2022-07-12 00:00:03.119000,train,0.053646182437851124,0.4255195071836689,0,AI1_skew,0.006760339585324065,0.045186843630061424,0.04464563638822372,0.006372806692943217,0.17093101047301767,0.04798045785753665
normal_0002_00,normal,0,A,2,normal_0002,0,78,93,2022-07-12 00:00:15.267000,2022-07-12 00:00:16.767000,train,0.07005267080044612,0.4255195071836689,0,ratio_AI1_AI2,0.01543621201431557,0.014936625368736592,0.35154934167381424,0.028348100537626486,0.0023225955684589693,0.007723149639724865
normal_0004_00,normal,0,A,4,normal_0004,0,112,127,2022-07-12 00:00:32.752000,2022-07-12 00:00:34.252000,train,0.02238785409857237,0.4255195071836689,0,AI1_skew,0.006635641274280786,0.003016550068950389,0.028853631463365278,0.004336562168984298,0.07369002911869564,0.017794710497157844
normal_0004_16,normal,0,A,4,normal_0004,16,128,143,2022-07-12 00:00:34.352000,2022-07-12 00:00:35.852000,train,0.025416814049803473,0.4255195071836689,0,ratio_AI0_AI2,0.05184001193186419,0.002159667119202412,0.046726720908158,7.461079148115593e-05,0.02979192562980031,0.02190794791831477
normal_0004_32,normal,0,A,4,normal_0004,32,144,159,2022-07-12 00:00:35.952000,2022-07-12 00:00:37.452000,train,0.05744480560637886,0.4255195071836689,0,ratio_AI1_AI2,0.05179873157891203,0.023893377249073797,0.2416375146146395,0.007300788462635889,0.0097096500501919,0.010328771682820042
normal_0008_00,normal,0,A,8,normal_0008,0,303,318,2022-07-12 00:01:03.576000,2022-07-12 00:01:05.076000,train,0.12830844002137323,0.4255195071836689,0,AI1_skew,0.010573427804443255,0.036433955227308926,0.0043874530266731614,0.004996573173359558,0.5878156052564497,0.12564362564000492
normal_0010_00,normal,0,A,10,normal_0010,0,342,357,2022-07-12 00:01:21.222000,2022-07-12 00:01:22.722000,train,0.08374269031354242,0.4255195071836689,0,AI2_rms,0.00948178924767082,0.05718188749709287,0.14389895928060634,0.0036386884264676856,0.01947916249499913,0.26877565493441774
normal_0010_16,normal,0,A,10,normal_0010,16,358,373,2022-07-12 00:01:22.822000,2022-07-12 00:01:24.322000,train,0.08783142066933895,0.4255195071836689,0,AI2_rms,0.010257141201427008,0.05073435973738503,0.17148094415259726,0.007180862378428683,0.012562733603912652,0.27477248294228307
normal_0010_32,normal,0,A,10,normal_0010,32,374,389,2022-07-12 00:01:24.422000,2022-07-12 00:01:25.922000,train,0.03845415578936147,0.4255195071836689,0,ratio_AI1_AI2,0.029929774821881753,0.004120104146496978,0.10537050830608216,0.014103240556563389,0.005742733852460582,0.07145857305268397
normal_0015_00,normal,0,A,15,normal_0015,0,521,536,2022-07-12 00:02:01.294000,2022-07-12 00:02:02.794000,train,0.06410252155687726,0.4255195071836689,0,AI1_skew,0.01141356898353791,0.0012557544456610744,0.05718501631986648,0.0035202096190566873,0.30598198239555535,0.00525859757758604
normal_0015_16,normal,0,A,15,normal_0015,16,537,552,2022-07-12 00:02:02.894000,2022-07-12 00:02:04.394000,train,0.08897912065391315,0.4255195071836689,0,AI1_skew,0.0023925092967488687,0.10312702586964079,0.1483310725480902,0.0012133598068257093,0.190376520617104,0.08843423578506943
normal_0015_32,normal,0,A,15,normal_0015,32,553,568,2022-07-12 00:02:04.494000,2022-07-12 00:02:05.994000,train,0.023441407495449207,0.4255195071836689,0,ratio_AI1_AI2,0.00811365277242549,0.022737916852458847,0.06429360376150944,0.00852988724005615,0.001327231195023312,0.035646153151222
normal_0023_00,normal,0,A,23,normal_0023,0,799,814,2022-07-12 00:03:04,2022-07-12 00:03:05.500000,train,0.16315577428812003,0.4255195071836689,0,ratio_AI1_AI2,0.016633098660033645,0.0009085444983770936,0.5244323330190018,0.08903913735495757,0.345660119244538,0.0022614129518120705
normal_0023_16,normal,0,A,23,normal_0023,16,815,830,2022-07-12 00:03:05.600000,2022-07-12 00:03:07.100000,train,0.3392875483088246,0.4255195071836689,0,ratio_AI1_AI2,0.3953467702561225,0.028336513451385898,1.0525363363732105,0.11972281366406962,0.43319138371501986,0.00659147239313971
normal_0023_32,normal,0,A,23,normal_0023,32,831,846,2022-07-12 00:03:07.200000,2022-07-12 00:03:08.700000,train,0.059804597022126954,0.4255195071836689,0,ratio_AI1_AI2,0.001588909890352952,0.00657795232263144,0.17463970450254496,0.02099110603065992,0.15469437608929273,0.00033553329727967776
normal_0024_00,normal,0,A,24,normal_0024,0,849,864,2022-07-12 00:03:12.129000,2022-07-12 00:03:13.629000,train,0.016439256586500552,0.4255195071836689,0,AI0_rms,0.008452650193024101,0.03226001904416801,0.005792893287960572,0.0006080965722177815,0.03029554663640068,0.021226333785232167
normal_0024_16,normal,0,A,24,normal_0024,16,865,880,2022-07-12 00:03:13.729000,2022-07-12 00:03:15.229000,train,0.01709434971715149,0.4255195071836689,0,AI1_skew,0.00854434241999569,0.002356395261125431,0.03691528153272556,0.01262143722493946,0.04024218472907282,0.001886457135049961
normal_0029_00,normal,0,A,29,normal_0029,0,1023,1038,2022-07-12 00:04:00.140000,2022-07-12 00:04:01.640000,train,0.011757780926251496,0.4255195071836689,0,ratio_AI1_AI2,0.005250842018723207,0.0034866007216227584,0.053645011577397816,0.005927321387921841,0.0008209775797437079,0.0014159322720996483
normal_0029_16,normal,0,A,29,normal_0029,16,1039,1054,2022-07-12 00:04:01.740000,2022-07-12 00:04:03.240000,train,0.0732098747224416,0.4255195071836689,0,ratio_AI1_AI2,0.00034687005310200613,0.033351943733516326,0.3445257630782891,0.03101134331958295,0.013356422398463037,0.0166669057516962
normal_0030_00,normal,0,A,30,normal_0030,0,1065,1080,2022-07-12 00:04:08.213000,2022-07-12 00:04:09.713000,train,0.023855359837057274,0.4255195071836689,0,AI1_skew,0.013716988414654574,0.01927828617258761,0.008321889136850237,0.004464389896427528,0.0970967725089026,0.0002538328929210719
normal_0033_00,normal,0,A,33,normal_0033,0,1107,1122,2022-07-12 00:04:25.827000,2022-07-12 00:04:27.327000,train,0.1081980413046066,0.4255195071836689,0,AI1_skew,0.00020592972545374367,0.001372870918043107,0.05658407979453423,0.006193965175055034,0.5735653315614125,0.011266070653140992
normal_0033_16,normal,0,A,33,normal_0033,16,1123,1138,2022-07-12 00:04:27.427000,2022-07-12 00:04:28.927000,train,0.47570585639243196,0.4255195071836689,1,AI1_skew,0.05947747688099039,0.027648946842456976,0.17301538258419802,0.010087833953969613,2.4503876409644203,0.13361785712855656
normal_0033_32,normal,0,A,33,normal_0033,32,1139,1154,2022-07-12 00:04:29.027000,2022-07-12 00:04:30.527000,train,0.37325851783390673,0.4255195071836689,0,AI1_skew,0.0094468311426108,0.10326382592408408,0.19320874385388578,0.0017960197482674504,1.8193670341041812,0.1124686522304114
normal_0034_00,normal,0,A,34,normal_0034,0,1157,1172,2022-07-12 00:04:32.537000,2022-07-12 00:04:34.037000,train,0.05699907868498646,0.4255195071836689,0,AI2_rms,0.0003339266881870226,0.018317645270447075,0.07198043058013325,0.00453020814695986,0.08081500866809775,0.16601725275609377
normal_0034_16,normal,0,A,34,normal_0034,16,1173,1188,2022-07-12 00:04:34.137000,2022-07-12 00:04:35.637000,train,0.06405913613217003,0.4255195071836689,0,ratio_AI1_AI2,0.0228226530397771,0.027238857582392976,0.14434012605317595,0.013239505752665397,0.07948685958133289,0.09722681478367592
normal_0034_32,normal,0,A,34,normal_0034,32,1189,1204,2022-07-12 00:04:35.737000,2022-07-12 00:04:37.237000,train,0.039983496832098564,0.4255195071836689,0,AI1_skew,0.005141397929591307,0.01178111520896803,0.03897111267198501,0.0019535465765416963,0.0911277455028467,0.09092606310265863
normal_0036_00,normal,0,A,36,normal_0036,0,1245,1260,2022-07-12 00:04:48.455000,2022-07-12 00:04:49.955000,train,0.031811202708869904,0.4255195071836689,0,ratio_AI1_AI2,0.02693052452694839,0.004996931534363026,0.08284704674190764,0.010877879434351747,0.0074076858156783025,0.05780714819997033
normal_0036_16,normal,0,A,36,normal_0036,16,1261,1276,2022-07-12 00:04:50.055000,2022-07-12 00:04:51.555000,train,0.15574985241265402,0.4255195071836689,0,AI1_skew,0.00024593670269185683,0.05060599031979435,0.04647137270491714,0.0006041958059202156,0.6644319622581085,0.17213965668449205
normal_0037_00,normal,0,A,37,normal_0037,0,1282,1297,2022-07-12 00:04:56.641000,2022-07-12 00:04:58.141000,train,0.05075765979492389,0.4255195071836689,0,ratio_AI1_AI2,0.009848781646922425,0.00833233751459356,0.17360777721121398,0.015534437648116576,0.09658097718305568,0.0006416475656411201
normal_0043_00,normal,0,A,43,normal_0043,0,1431,1446,2022-07-12 00:05:36.499000,2022-07-12 00:05:37.999000,train,0.01887699815519816,0.4255195071836689,0,AI0_rms,0.007986963843705877,0.08224084978297637,0.008328194355789924,0.00021963116895831733,0.005525484687585584,0.008960865092172882
normal_0043_16,normal,0,A,43,normal_0043,16,1447,1462,2022-07-12 00:05:38.099000,2022-07-12 00:05:39.599000,train,0.02130720384731942,0.4255195071836689,0,AI1_skew,0.008139284234087772,0.0048617796871896655,0.04441725535731995,0.018123521934281593,0.04785652499078136,0.004444856880256191
normal_0048_00,normal,0,A,48,normal_0048,0,1575,1590,2022-07-12 00:06:09.177000,2022-07-12 00:06:10.677000,train,0.7620186731799169,0.4255195071836689,1,AI1_skew,0.018507090890701117,0.054442050048518674,0.09590467016371017,0.052224327775058796,4.253079558884629,0.09795434131688341
normal_0048_16,normal,0,A,48,normal_0048,16,1591,1606,2022-07-12 00:06:10.777000,2022-07-12 00:06:12.277000,train,0.02536631215001132,0.4255195071836689,0,ratio_AI1_AI2,0.0073465395930108705,0.00597880458773285,0.12089911411949686,0.017328848507542325,0.0005946844756184992,4.9881616666518724e-05
normal_0048_32,normal,0,A,48,normal_0048,32,1607,1622,2022-07-12 00:06:12.377000,2022-07-12 00:06:13.877000,train,0.03468593698348551,0.4255195071836689,0,AI1_skew,0.024985843292420252,0.03353376761214991,0.05004309264290463,0.0016392222738384546,0.061536035098781965,0.03637766098081785
normal_0049_00,normal,0,A,49,normal_0049,0,1625,1640,2022-07-12 00:06:16.934000,2022-07-12 00:06:18.434000,train,0.2714265162822606,0.4255195071836689,0,AI1_skew,0.05903540173834972,0.036382860274779466,0.2531891128867772,0.021243403233181784,1.166854151036251,0.09185416852422446
normal_0049_16,normal,0,A,49,normal_0049,16,1641,1656,2022-07-12 00:06:18.534000,2022-07-12 00:06:20.034000,train,0.01761007704720912,0.4255195071836689,0,AI1_skew,0.027484865418656773,0.007273676215210423,0.011463576484633647,0.00048596786258221656,0.05280522034133149,0.006147155960840155
normal_0051_00,normal,0,A,51,normal_0051,0,1687,1702,2022-07-12 00:06:29.384000,2022-07-12 00:06:30.884000,train,0.020442251246667997,0.4255195071836689,0,ratio_AI1_AI2,0.004242429853156029,0.013238530663994963,0.07338528198727312,0.01629708069114636,0.015455697514121059,3.448677031645447e-05
normal_0051_16,normal,0,A,51,normal_0051,16,1703,1718,2022-07-12 00:06:30.984000,2022-07-12 00:06:32.484000,train,0.03584765237957369,0.4255195071836689,0,ratio_AI1_AI2,0.02234283612868659,0.002159044162200222,0.1552998964539585,0.01154393732731496,0.022472258137527647,0.0012679420677542041
normal_0051_32,normal,0,A,51,normal_0051,32,1719,1734,2022-07-12 00:06:32.584000,2022-07-12 00:06:34.084000,train,0.01262429345388969,0.4255195071836689,0,ratio_AI1_AI2,0.00350932446912694,0.004031232719469802,0.05785231184803174,0.0019227570051855722,0.008357982995103494,7.215168642058046e-05
normal_0055_00,normal,0,A,55,normal_0055,0,1887,1902,2022-07-12 00:06:57.798000,2022-07-12 00:06:59.298000,train,0.012519028714950635,0.4255195071836689,0,ratio_AI1_AI2,0.009519031176870939,0.026359728856114584,0.03842301617343595,5.038274909563797e-05,0.0006322946055050408,0.0001297187286816624
normal_0055_16,normal,0,A,55,normal_0055,16,1903,1918,2022-07-12 00:06:59.398000,2022-07-12 00:07:00.898000,train,0.13489284298961354,0.4255195071836689,0,AI1_skew,0.005941518130248552,0.008285618279748108,0.03826273744221431,0.020888854304898233,0.6788180311349272,0.05716029864564487
normal_0055_32,normal,0,A,55,normal_0055,32,1919,1934,2022-07-12 00:07:00.998000,2022-07-12 00:07:02.498000,train,0.0379159809220685,0.4255195071836689,0,AI2_rms,0.019435579918235073,0.017340086300844982,0.049872835090010705,0.0017250258032603515,0.04766334723524439,0.09145901118481548
normal_0056_00,normal,0,A,56,normal_0056,0,1937,1952,2022-07-12 00:07:04.844000,2022-07-12 00:07:06.344000,train,0.012760902031052165,0.4255195071836689,0,AI1_skew,0.013268520340190696,0.01884069431198668,0.015726495490265176,0.0025694734805504684,0.025034752009618577,0.0011254765537013927
normal_0056_16,normal,0,A,56,normal_0056,16,1953,1968,2022-07-12 00:07:06.444000,2022-07-12 00:07:07.944000,train,0.13692362863461188,0.4255195071836689,0,ratio_AI1_AI2,0.017281263155657617,0.00505770269901299,0.6123924433611068,0.060851982723354,0.12370202729408585,0.0022563525744539884
normal_0056_32,normal,0,A,56,normal_0056,32,1969,1984,2022-07-12 00:07:08.044000,2022-07-12 00:07:09.544000,train,0.004862153605310864,0.4255195071836689,0,ratio_AI0_AI2,0.010737636634195257,0.00043309832900344003,0.010089168497748876,0.0006190248563222549,0.005905102531158228,0.0013888907834371286
normal_0057_00,normal,0,A,57,normal_0057,0,1987,2002,2022-07-12 00:07:12.647000,2022-07-12 00:07:14.147000,train,0.13013599325692596,0.4255195071836689,0,ratio_AI1_AI2,0.1228926784162997,0.04607930477610935,0.3012348560437917,0.0445252775558357,0.2656132753987715,0.00047056735074784334
normal_0057_16,normal,0,A,57,normal_0057,16,2003,2018,2022-07-12 00:07:14.247000,2022-07-12 00:07:15.747000,train,0.03431577963805677,0.4255195071836689,0,AI1_skew,0.0358437788282928,0.0008283776988149907,0.018549597325711382,0.006129635913268576,0.14276462902498446,0.001778659037268424
normal_0057_32,normal,0,A,57,normal_0057,32,2019,2034,2022-07-12 00:07:15.847000,2022-07-12 00:07:17.347000,train,0.04650047955140843,0.4255195071836689,0,AI1_skew,0.00022298713711271662,0.011106231631063954,0.006422691560918717,0.0067661618849042685,0.2229009479993728,0.03158385709507812
normal_0058_00,normal,0,A,58,normal_0058,0,2037,2052,2022-07-12 00:07:19.348000,2022-07-12 00:07:20.848000,train,0.0272520466697746,0.4255195071836689,0,ratio_AI0_AI2,0.056820436307460725,0.00043089742190047215,0.04703832046208495,0.0027959935754331483,0.05207765397412441,0.004348978277643915
normal_0058_16,normal,0,A,58,normal_0058,16,2053,2068,2022-07-12 00:07:20.948000,2022-07-12 00:07:22.448000,train,0.8594176764688699,0.4255195071836689,1,AI1_skew,1.656735658014142,0.16897705321572512,0.26487827864523195,0.07643782470905558,2.938132784248443,0.051344459980622294
normal_0058_32,normal,0,A,58,normal_0058,32,2069,2084,2022-07-12 00:07:22.548000,2022-07-12 00:07:24.048000,train,0.005852712338785438,0.4255195071836689,0,ratio_AI0_AI2,0.012415465964781866,0.009816157075023474,0.003942550514842638,0.0019495915193923432,0.006088673393563728,0.0009038355651085822
normal_0061_00,normal,0,A,61,normal_0061,0,2187,2202,2022-07-12 00:07:39.560000,2022-07-12 00:07:41.060000,train,0.16491402572768726,0.4255195071836689,0,ratio_AI1_AI2,0.031705994708440696,0.0017622542487178935,0.5768000146857436,0.0694941578859356,0.3082362806834011,0.0014854521538846628
normal_0061_16,normal,0,A,61,normal_0061,16,2203,2218,2022-07-12 00:07:41.160000,2022-07-12 00:07:42.660000,train,0.21972592855146822,0.4255195071836689,0,ratio_AI1_AI2,0.05250745645644246,0.00010370503589420876,0.823982211662233,0.09663059032151625,0.34437317929602224,0.0007584285367013658
normal_0061_32,normal,0,A,61,normal_0061,32,2219,2234,2022-07-12 00:07:42.760000,2022-07-12 00:07:44.260000,train,0.043109859086641396,0.4255195071836689,0,AI1_skew,0.024786725886388514,0.004329079244470206,0.015058970874784484,0.015906182080790723,0.1964408737502775,0.0021373226831369854
normal_0062_00,normal,0,A,62,normal_0062,0,2237,2252,2022-07-12 00:07:46.324000,2022-07-12 00:07:47.824000,train,0.03066151380338295,0.4255195071836689,0,AI1_skew,0.0036346669164424397,0.014135568898249419,0.0037213483460641706,0.004802005599719905,0.15625775026715438,0.0014177427926673764
normal_0062_16,normal,0,A,62,normal_0062,16,2253,2268,2022-07-12 00:07:47.924000,2022-07-12 00:07:49.424000,train,0.0263803145776826,0.4255195071836689,0,AI0_rms,0.0049375794128323994,0.07727980491975912,0.045923449985160375,0.02214920197851164,0.005039778780650759,0.0029520723891813105
normal_0062_32,normal,0,A,62,normal_0062,32,2269,2284,2022-07-12 00:07:49.524000,2022-07-12 00:07:51.024000,train,0.0939820395555283,0.4255195071836689,0,AI1_skew,0.013245168273830288,0.0020193786060082927,0.0030094828747064674,0.01407435990188332,0.5284086303804145,0.0031352172963268277
normal_0064_00,normal,0,A,64,normal_0064,0,2337,2352,2022-07-12 00:07:59.767000,2022-07-12 00:08:01.267000,train,0.43716932607864817,0.4255195071836689,1,AI1_skew,0.8358452286568234,0.04975197077397844,0.5105344895065768,0.07019793375424002,1.1389914341055019,0.01769489967476832
normal_0064_16,normal,0,A,64,normal_0064,16,2353,2368,2022-07-12 00:08:01.367000,2022-07-12 00:08:02.867000,train,0.050229488216784274,0.4255195071836689,0,ratio_AI1_AI2,0.003622724272430585,0.027937838889032507,0.15596858369550687,0.012358236740211359,0.1012760233110089,0.00021352239251545832
normal_0064_32,normal,0,A,64,normal_0064,32,2369,2384,2022-07-12 00:08:02.967000,2022-07-12 00:08:04.467000,train,0.04483694832690099,0.4255195071836689,0,ratio_AI0_AI2,0.15692566633005642,0.0001142683119591948,0.09365572279654184,0.004770109645720499,0.0064588994003990175,0.007097023476728946
normal_0065_00,normal,0,A,65,normal_0065,0,2387,2402,2022-07-12 00:08:06.337000,2022-07-12 00:08:07.837000,train,0.1576723549694733,0.4255195071836689,0,AI1_skew,0.025978497103999507,0.1530546603368038,0.18434477362208362,0.0002111700373590305,0.48999756580657927,0.09244746291001447
normal_0065_16,normal,0,A,65,normal_0065,16,2403,2418,2022-07-12 00:08:07.937000,2022-07-12 00:08:09.437000,train,0.06871161988884088,0.4255195071836689,0,ratio_AI1_AI2,1.4292525625449188e-05,0.10804380299431907,0.20700107806395082,8.310707717195355e-05,0.01248580744045082,0.08464163123152713
normal_0065_32,normal,0,A,65,normal_0065,32,2419,2434,2022-07-12 00:08:09.537000,2022-07-12 00:08:11.037000,train,0.034294839525226,0.4255195071836689,0,AI1_skew,0.00532037947386904,0.002843961789892662,0.0010004418079857108,0.00039287950504607804,0.11018551395647672,0.08602586061808579
normal_0066_00,normal,0,A,66,normal_0066,0,2437,2452,2022-07-12 00:08:13.092000,2022-07-12 00:08:14.592000,train,0.228760855163854,0.4255195071836689,0,ratio_AI1_AI2,0.06486684328945409,0.030499592252153842,0.6926579679739607,0.10565182229481843,0.23939713251541755,0.23949177265731944
normal_0066_16,normal,0,A,66,normal_0066,16,2453,2468,2022-07-12 00:08:14.692000,2022-07-12 00:08:16.192000,train,0.08679774205252999,0.4255195071836689,0,ratio_AI1_AI2,0.013419180152496954,0.044275739478420645,0.22530252989845112,0.017650586394049997,0.01934024660964636,0.20079816978211484
normal_0066_32,normal,0,A,66,normal_0066,32,2469,2484,2022-07-12 00:08:16.292000,2022-07-12 00:08:17.792000,train,0.19266931215837643,0.4255195071836689,0,AI1_skew,0.004418407272976313,0.053819645364490284,0.14901497534071023,0.018979033537640376,0.7384470905016921,0.19133672093274928
normal_0067_00,normal,0,A,67,normal_0067,0,2487,2502,2022-07-12 00:08:26.424000,2022-07-12 00:08:27.924000,train,0.017918010892068004,0.4255195071836689,0,AI1_rms,0.005849563074198913,0.0008801862940280691,0.010228475634159965,0.04622026254896814,0.0003918331261412475,0.04393774467491172
normal_0067_16,normal,0,A,67,normal_0067,16,2503,2518,2022-07-12 00:08:28.024000,2022-07-12 00:08:29.524000,train,0.23697557293236016,0.4255195071836689,0,AI1_skew,0.03959279765139471,5.6867191286449655e-05,0.028631764583744345,0.01246099338703867,1.3182557783343984,0.022855236446298343
normal_0067_32,normal,0,A,67,normal_0067,32,2519,2534,2022-07-12 00:08:29.624000,2022-07-12 00:08:31.124000,train,0.026921439122825037,0.4255195071836689,0,ratio_AI1_AI2,0.026822122233716446,0.020263814185694777,0.08545887077513178,0.006945309203071754,0.02144802002233704,0.0005904983169984325
normal_0069_00,normal,0,A,69,normal_0069,0,2587,2602,2022-07-12 00:08:39.956000,2022-07-12 00:08:41.456000,train,0.04386755556340934,0.4255195071836689,0,ratio_AI1_AI2,0.00046161828656322086,0.01435206317542026,0.15682859213306,0.027020359972740847,0.05970681938142581,0.004835880431245875
normal_0069_16,normal,0,A,69,normal_0069,16,2603,2618,2022-07-12 00:08:41.556000,2022-07-12 00:08:43.056000,train,0.0044406201784153625,0.4255195071836689,0,ratio_AI1_AI2,0.00035723366147891655,0.002201793508889225,0.018691183694081286,0.0016062076352584757,0.002677990241421794,0.0011093123293624794
normal_0069_32,normal,0,A,69,normal_0069,32,2619,2634,2022-07-12 00:08:43.156000,2022-07-12 00:08:44.656000,train,0.020218227986224347,0.4255195071836689,0,AI1_skew,0.0037166247262750683,0.0003093358661209585,0.01772908873042637,0.005581530458315703,0.09239150414640725,0.0015812839898007433
normal_0071_00,normal,0,A,71,normal_0071,0,2687,2702,2022-07-12 00:08:53.480000,2022-07-12 00:08:54.980000,train,0.20460999806048408,0.4255195071836689,0,AI1_skew,0.0048294701911793065,0.14169939418985975,0.10498123683288668,9.477232597981457e-05,0.6235040568779798,0.35255105794501895
normal_0071_16,normal,0,A,71,normal_0071,16,2703,2718,2022-07-12 00:08:55.080000,2022-07-12 00:08:56.580000,train,0.11477097555086728,0.4255195071836689,0,AI1_skew,3.2185222934107153e-06,0.07188472133718787,0.13920771230478943,0.004670710881914019,0.2653976076429317,0.2074618826160872
normal_0071_32,normal,0,A,71,normal_0071,32,2719,2734,2022-07-12 00:08:56.680000,2022-07-12 00:08:58.180000,train,0.037672745580181494,0.4255195071836689,0,AI2_rms,0.0008177298167126776,0.0006611545327426044,0.06878318229986331,0.016504751404114937,0.06666028025748331,0.07260937517017212
normal_0072_00,normal,0,A,72,normal_0072,0,2737,2752,2022-07-12 00:09:00.084000,2022-07-12 00:09:01.584000,train,0.024852527933813314,0.4255195071836689,0,ratio_AI1_AI2,0.00015874485529350813,4.795776270968343e-09,0.11533580206448078,0.013927760356961104,0.00871370847321636,0.010979147057151846
normal_0072_16,normal,0,A,72,normal_0072,16,2753,2768,2022-07-12 00:09:01.684000,2022-07-12 00:09:03.184000,train,0.04312527817178179,0.4255195071836689,0,ratio_AI1_AI2,0.002045629707416431,0.004024274193388005,0.19680787086731286,0.02383577356107829,0.019819901189291254,0.012218219512203891
normal_0072_32,normal,0,A,72,normal_0072,32,2769,2784,2022-07-12 00:09:03.284000,2022-07-12 00:09:04.784000,train,0.031646178248237296,0.4255195071836689,0,ratio_AI1_AI2,0.0298026833222219,0.003639749038575674,0.11915538833841047,0.0019528981245973862,0.0010289415688320889,0.03429740909678623
normal_0073_00,normal,0,A,73,normal_0073,0,2787,2802,2022-07-12 00:09:06.833000,2022-07-12 00:09:08.333000,train,0.07134368964557296,0.4255195071836689,0,ratio_AI1_AI2,0.01587714150956758,0.040782897217554986,0.32103250475345246,0.04355605454863842,0.00043675138118838265,0.006376788463035974
normal_0073_16,normal,0,A,73,normal_0073,16,2803,2818,2022-07-12 00:09:08.433000,2022-07-12 00:09:09.933000,train,0.30676461471857663,0.4255195071836689,0,AI1_skew,0.006794243255976599,0.03370291659539651,0.2710980226076019,0.14048754409151287,1.3041354311479314,0.08436953061304044
normal_0073_32,normal,0,A,73,normal_0073,32,2819,2834,2022-07-12 00:09:10.033000,2022-07-12 00:09:11.533000,train,0.3122907951261797,0.4255195071836689,0,AI1_skew,0.18711506488713997,0.019848222426983395,0.5586369735602993,0.13440708874249618,0.9602305693683832,0.013506851771775717
normal_0075_00,normal,0,A,75,normal_0075,0,2887,2902,2022-07-12 00:09:20.084000,2022-07-12 00:09:21.584000,train,0.009291409568604117,0.4255195071836689,0,ratio_AI1_AI2,0.003402607052610432,0.009687142002560148,0.021336577909906528,0.0021855885487976527,0.005526809516977249,0.013609732380772689
normal_0075_16,normal,0,A,75,normal_0075,16,2903,2918,2022-07-12 00:09:21.684000,2022-07-12 00:09:23.184000,train,0.01775064520274237,0.4255195071836689,0,AI1_rms,0.020142408381864797,2.230188974466413e-05,0.023493741570249516,0.03237455954095813,0.01318472611520445,0.01728613371843265
normal_0075_32,normal,0,A,75,normal_0075,32,2919,2934,2022-07-12 00:09:23.284000,2022-07-12 00:09:24.784000,train,0.03926098728519234,0.4255195071836689,0,AI1_skew,0.01991117762467327,0.01633111776708559,0.08686332044527563,0.0048451912387791965,0.10555503222311251,0.0020600844122278298
normal_0079_00,normal,0,A,79,normal_0079,0,3049,3064,2022-07-12 00:09:48.366000,2022-07-12 00:09:49.866000,train,0.1851377129727951,0.4255195071836689,0,ratio_AI1_AI2,0.036738742071591036,0.013390907901362525,0.5900527393328759,0.10976052747087775,0.2247565589098363,0.13612680215022702
normal_0079_16,normal,0,A,79,normal_0079,16,3065,3080,2022-07-12 00:09:49.966000,2022-07-12 00:09:51.466000,train,0.05639976345239928,0.4255195071836689,0,ratio_AI1_AI2,0.04129080387450408,0.004631033780880613,0.207980863868843,0.03403738193599921,0.021862906258315717,0.028595590995853046
normal_0079_32,normal,0,A,79,normal_0079,32,3081,3096,2022-07-12 00:09:51.566000,2022-07-12 00:09:53.066000,train,0.04150394488978001,0.4255195071836689,0,ratio_AI1_AI2,0.004951885621937864,0.002108076874615541,0.10725223161676455,0.04953190882824767,0.07704913234634694,0.008130434050767483
normal_0080_00,normal,0,A,80,normal_0080,0,3099,3114,2022-07-12 00:09:55.827000,2022-07-12 00:09:57.327000,train,0.08874138687024284,0.4255195071836689,0,ratio_AI1_AI2,0.020983216546270937,0.04691063132674197,0.391748159053699,0.015665074424143093,0.029656592307918842,0.02748464756268322
normal_0080_16,normal,0,A,80,normal_0080,16,3115,3130,2022-07-12 00:09:57.427000,2022-07-12 00:09:58.927000,train,0.09962028073731455,0.4255195071836689,0,AI1_skew,0.08270516831956994,0.005447364054832912,0.16787320916166987,0.02630014419080466,0.3106265256150709,0.004769273081938923
normal_0082_00,normal,0,A,82,normal_0082,0,3172,3187,2022-07-12 00:10:11.896000,2022-07-12 00:10:13.396000,train,0.06751527823622219,0.4255195071836689,0,ratio_AI1_AI2,9.142746903388895e-05,0.036663612930167636,0.27234327189000196,0.029794523142816016,2.5353134054673258e-06,0.06619629867190817
normal_0085_00,normal,0,A,85,normal_0085,0,3243,3258,2022-07-12 00:10:35.872000,2022-07-12 00:10:37.372000,train,0.20750975419414586,0.4255195071836689,0,AI1_skew,0.01750907941604516,0.015732934810422927,0.058997088406463546,0.04782915074281418,1.0348349846419171,0.0701552871472122
normal_0085_16,normal,0,A,85,normal_0085,16,3259,3274,2022-07-12 00:10:37.472000,2022-07-12 00:10:38.972000,train,0.06571161660270401,0.4255195071836689,0,AI1_skew,0.02624458599905298,3.260365302857144e-05,0.0023370877099939827,0.0009384239951543781,0.3582361316496104,0.006480866609383731
normal_0086_00,normal,0,A,86,normal_0086,0,3289,3304,2022-07-12 00:10:43.851000,2022-07-12 00:10:45.351000,train,0.184019625412971,0.4255195071836689,0,ratio_AI1_AI2,0.07511316358697132,0.015142250552546631,0.840884402054132,0.07624939086684306,0.09609150339837795,0.0006370420189549328
normal_0086_16,normal,0,A,86,normal_0086,16,3305,3320,2022-07-12 00:10:45.451000,2022-07-12 00:10:46.951000,train,0.2513670377955533,0.4255195071836689,0,ratio_AI1_AI2,0.36642322651509546,0.019516578618619322,0.5784617509486765,0.07699274608268507,0.45962960539049985,0.007178319217743745
normal_0089_00,normal,0,A,89,normal_0089,0,3357,3372,2022-07-12 00:11:09.294000,2022-07-12 00:11:10.794000,train,0.07090499468510013,0.4255195071836689,0,AI1_skew,0.0044610732032356595,4.569573899670879e-05,0.028196946437707076,0.0041743041610501335,0.3839207081714796,0.004631240398131561
normal_0089_16,normal,0,A,89,normal_0089,16,3373,3388,2022-07-12 00:11:10.894000,2022-07-12 00:11:12.394000,train,0.0935182423229637,0.4255195071836689,0,AI1_skew,0.03079854318230211,0.03745609067150155,0.0017115033752536466,0.00013085573267375438,0.49032244471104525,0.0006900162650059056
normal_0089_32,normal,0,A,89,normal_0089,32,3389,3404,2022-07-12 00:11:12.494000,2022-07-12 00:11:13.994000,train,0.04400064374390101,0.4255195071836689,0,ratio_AI1_AI2,0.018542225019441597,0.022400411438606445,0.13398367114861967,0.0068293458346857724,0.06644983004688372,0.015798378975168857
normal_0091_00,normal,0,A,91,normal_0091,0,3456,3471,2022-07-12 00:11:24.056000,2022-07-12 00:11:25.556000,train,0.8209858658725325,0.4255195071836689,1,AI1_skew,0.060971044378582646,0.06975303105909926,0.12440478941841117,0.008568050163739667,4.4575016919954615,0.20471658821990057
normal_0091_16,normal,0,A,91,normal_0091,16,3472,3487,2022-07-12 00:11:25.656000,2022-07-12 00:11:27.156000,train,0.05466840076216987,0.4255195071836689,0,AI1_skew,0.06226243056261694,0.004000972274000529,0.0816644617529974,0.013180031856821471,0.14708751309914456,0.019814995027438304
normal_0095_00,normal,0,A,95,normal_0095,0,3573,3588,2022-07-12 00:11:56.244000,2022-07-12 00:11:57.744000,train,0.10663270260620115,0.4255195071836689,0,AI1_skew,0.008171198354877732,5.6831459177537124e-05,0.02937050348764612,0.010571261190517845,0.5671722690018345,0.024454152143153197
normal_0095_16,normal,0,A,95,normal_0095,16,3589,3604,2022-07-12 00:11:57.844000,2022-07-12 00:11:59.344000,train,0.07557327294234903,0.4255195071836689,0,AI1_skew,0.03710589326565394,0.020817485427519725,0.01628283358233473,0.01463769259773356,0.36443915646206626,0.00015657631878594782
normal_0095_32,normal,0,A,95,normal_0095,32,3605,3620,2022-07-12 00:11:59.444000,2022-07-12 00:12:00.944000,train,0.09793564000998932,0.4255195071836689,0,AI1_skew,0.013032407560077546,0.0005549385896577244,0.003981734502526303,0.00204124977299309,0.5465506413790336,0.02145286825564759
normal_0097_00,normal,0,A,97,normal_0097,0,3661,3676,2022-07-12 00:12:12.164000,2022-07-12 00:12:13.664000,train,0.09723975226082447,0.4255195071836689,0,ratio_AI1_AI2,0.002573402208462011,0.18056028070221675,0.23102048786414692,0.0003068294986673741,0.01876581395672307,0.1502116993347307
normal_0098_00,normal,0,A,98,normal_0098,0,3686,3701,2022-07-12 00:12:20.177000,2022-07-12 00:12:21.677000,train,0.02297088603361806,0.4255195071836689,0,AI1_skew,0.021864886360240542,0.009838095294213457,0.014446102358159709,0.003034408736883263,0.06957808118613558,0.01906374226607579
normal_0100_00,normal,0,A,100,normal_0100,0,3722,3737,2022-07-12 00:12:38.192000,2022-07-12 00:12:39.692000,train,0.01565426447030224,0.4255195071836689,0,AI1_skew,0.006379229425928997,0.0006287851111728604,0.006524620586392141,0.0033057866216762394,0.061955905026392866,0.015131260050250334
normal_0100_16,normal,0,A,100,normal_0100,16,3738,3753,2022-07-12 00:12:39.792000,2022-07-12 00:12:41.292000,train,0.11973674721356951,0.4255195071836689,0,ratio_AI1_AI2,0.12274828371037166,0.023593798231980056,0.41661871979301374,0.04721047645531364,0.10799211531451146,0.0002570897762265408
normal_0100_32,normal,0,A,100,normal_0100,32,3754,3769,2022-07-12 00:12:41.392000,2022-07-12 00:12:42.892000,train,0.05795008720631032,0.4255195071836689,0,AI1_skew,0.005923280800528292,0.012186426395558397,0.018309420176615375,0.029388929318639106,0.23390672502920995,0.047985741517310845
normal_0102_00,normal,0,A,102,normal_0102,0,3822,3837,2022-07-12 00:12:52.064000,2022-07-12 00:12:53.564000,train,0.06908689728134688,0.4255195071836689,0,AI1_skew,0.015889265628246385,0.0005311933380294301,0.04889363198102191,0.01455590097521033,0.32675565186940053,0.007895739896172689
normal_0102_16,normal,0,A,102,normal_0102,16,3838,3853,2022-07-12 00:12:53.664000,2022-07-12 00:12:55.164000,train,0.06342501228034071,0.4255195071836689,0,AI1_skew,0.0537320518658854,0.00208595488406236,0.002257502615408998,0.01819422806781805,0.2870241966673407,0.017256139581528808
normal_0104_00,normal,0,A,104,normal_0104,0,3901,3916,2022-07-12 00:13:07.971000,2022-07-12 00:13:09.471000,train,0.10681861492108304,0.4255195071836689,0,ratio_AI1_AI2,0.10833064273927773,0.03388810050067305,0.4540707596170405,0.013864690395840594,0.005642075695499339,0.0251154205781671
normal_0104_16,normal,0,A,104,normal_0104,16,3917,3932,2022-07-12 00:13:09.571000,2022-07-12 00:13:11.071000,train,0.20994521768826102,0.4255195071836689,0,AI1_skew,0.04803218528568578,0.09361421751904143,0.0001327846945636779,0.011652550155369774,1.014350947947075,0.0918886205278304
normal_0105_00,normal,0,A,105,normal_0105,0,3935,3950,2022-07-12 00:13:15.873000,2022-07-12 00:13:17.373000,train,0.09298471531127638,0.4255195071836689,0,AI1_skew,0.007843414459148296,0.02076878497370986,0.04205207325454828,0.03958588948722513,0.39453542048072526,0.053122709212301285
normal_0108_00,normal,0,A,108,normal_0108,0,4016,4031,2022-07-12 00:13:39.886000,2022-07-12 00:13:41.386000,train,0.004995857167354445,0.4255195071836689,0,AI0_rms,0.00016700152041251092,0.012378501903660718,0.0018906622842428194,0.00431062916552734,0.009987589321403858,0.0012407588088794177
normal_0108_16,normal,0,A,108,normal_0108,16,4032,4047,2022-07-12 00:13:41.486000,2022-07-12 00:13:42.986000,train,0.022473114916354512,0.4255195071836689,0,AI1_skew,0.012069192926722358,0.0032821542199987235,0.022537224451211247,0.0023029505007647363,0.0937827682183658,0.0008643991810642076
normal_0108_32,normal,0,A,108,normal_0108,32,4048,4063,2022-07-12 00:13:43.086000,2022-07-12 00:13:44.586000,train,0.05375454042371033,0.4255195071836689,0,AI0_rms,0.0028231626634593883,0.1609513631857571,0.0424173856049572,0.01709428149672745,0.05293715210299514,0.04630389748836566
normal_0109_00,normal,0,A,109,normal_0109,0,4066,4081,2022-07-12 00:13:47.957000,2022-07-12 00:13:49.457000,train,0.08375211053639826,0.4255195071836689,0,AI1_skew,0.04598522200869387,0.0024997863830522834,0.036040984679228005,0.004658621175392042,0.3776526646399616,0.035675384332061785
normal_0109_16,normal,0,A,109,normal_0109,16,4082,4097,2022-07-12 00:13:49.557000,2022-07-12 00:13:51.057000,train,0.07329902628311795,0.4255195071836689,0,ratio_AI1_AI2,0.0009475942169193234,0.06856544941572792,0.2962956360139569,0.006945973302680747,0.031833346028407976,0.035206158721014756
normal_0113_00,normal,0,A,113,normal_0113,0,4186,4201,2022-07-12 00:14:20.310000,2022-07-12 00:14:21.810000,train,0.01341392681409183,0.4255195071836689,0,AI0_rms,0.007943902209435768,0.06494048954596367,0.00040199634424059003,0.005223919831703758,0.0005808174122963096,0.0013924355409109003
normal_0113_16,normal,0,A,113,normal_0113,16,4202,4217,2022-07-12 00:14:21.910000,2022-07-12 00:14:23.410000,train,0.007164545040793954,0.4255195071836689,0,ratio_AI1_AI2,0.0046542256945453905,0.0015420968774609333,0.01832647783637965,0.007176137112837577,0.008664347119752966,0.002623985603787204
normal_0113_32,normal,0,A,113,normal_0113,32,4218,4233,2022-07-12 00:14:23.510000,2022-07-12 00:14:25.010000,train,0.04251904700601034,0.4255195071836689,0,AI1_skew,0.010216807199583747,0.0011316331212853235,0.013420024051880081,0.0013230950805479783,0.22681151659237123,0.002211205990393724
normal_0114_00,normal,0,A,114,normal_0114,0,4236,4251,2022-07-12 00:14:27.908000,2022-07-12 00:14:29.408000,train,0.02351737413173426,0.4255195071836689,0,AI1_skew,0.017296713031095253,0.0010330354448771957,4.231386927874323e-06,0.0005370173008419636,0.08204797418677984,0.04018527343988345
normal_0114_16,normal,0,A,114,normal_0114,16,4252,4267,2022-07-12 00:14:29.508000,2022-07-12 00:14:31.008000,train,0.012946005888388734,0.4255195071836689,0,AI2_rms,0.013209372856325268,0.0002691890126829404,0.0035851328965033793,0.0022999639173799102,0.003002947348902111,0.0553094292985388
normal_0116_00,normal,0,A,116,normal_0116,0,4303,4318,2022-07-12 00:14:43.837000,2022-07-12 00:14:45.337000,train,0.015574775839111371,0.4255195071836689,0,AI2_rms,0.02310428679303057,0.001171220471936611,0.0009563330408657848,0.0030890831324724027,0.0027841718212021707,0.0623435597751607
normal_0119_00,normal,0,A,119,normal_0119,0,4349,4364,2022-07-12 00:15:01.577000,2022-07-12 00:15:03.077000,train,0.0464009255880706,0.4255195071836689,0,AI1_skew,0.003738044394681557,0.012708486803652124,0.0760701772837201,0.007625558828286056,0.11147761696911523,0.06678566924896855
normal_0119_16,normal,0,A,119,normal_0119,16,4365,4380,2022-07-12 00:15:03.177000,2022-07-12 00:15:04.677000,train,0.012913858199389998,0.4255195071836689,0,AI0_rms,0.0021687089646343022,0.03995653459197895,0.00024173147116866012,0.013812465622605056,0.016429689237185283,0.004874019308767735
normal_0119_32,normal,0,A,119,normal_0119,32,4381,4396,2022-07-12 00:15:04.777000,2022-07-12 00:15:06.277000,train,0.01994191043111386,0.4255195071836689,0,AI0_rms,0.003628200580841688,0.04305552022495266,0.0007280587758212862,0.011613865841011211,0.04084162626874717,0.01978419089530914
normal_0120_00,normal,0,A,120,normal_0120,0,4399,4414,2022-07-12 00:15:08.384000,2022-07-12 00:15:09.884000,train,0.04041875006476895,0.4255195071836689,0,ratio_AI1_AI2,0.019097715196010875,0.01751071460270654,0.17968589676551813,0.025553613413397937,0.000593044210590752,7.15162003894551e-05
normal_0120_16,normal,0,A,120,normal_0120,16,4415,4430,2022-07-12 00:15:09.984000,2022-07-12 00:15:11.484000,train,0.02406598448771353,0.4255195071836689,0,ratio_AI1_AI2,0.00047850046906113035,0.0005982587089785779,0.11249218560319513,0.017513900112207097,0.012151703025015809,0.0011613590078234236
normal_0120_32,normal,0,A,120,normal_0120,32,4431,4446,2022-07-12 00:15:11.584000,2022-07-12 00:15:13.084000,train,0.1738825216972377,0.4255195071836689,0,AI1_skew,0.024416016525685407,0.029233535333221046,0.1111353086504882,0.028832612199988217,0.8005694691930495,0.049108188280993635
normal_0123_00,normal,0,A,123,normal_0123,0,4520,4535,2022-07-12 00:15:31.742000,2022-07-12 00:15:33.242000,train,0.016146591942999135,0.4255195071836689,0,ratio_AI1_AI2,0.008534948085959934,6.265470549460792e-05,0.03900480049624748,0.004065859089187745,0.03513555961460917,0.010075729666495878
normal_0127_00,normal,0,A,127,normal_0127,0,4645,4660,2022-07-12 00:15:55.785000,2022-07-12 00:15:57.285000,train,1.0424809054363262,0.4255195071836689,1,ratio_AI1_AI2,0.30550405692959703,0.20030519687280815,3.102678293146965,0.36895545883794933,2.2010499551869858,0.07639247164365212
normal_0127_16,normal,0,A,127,normal_0127,16,4661,4676,2022-07-12 00:15:57.385000,2022-07-12 00:15:58.885000,train,0.8228685861144743,0.4255195071836689,1,AI1_skew,0.038202986137246306,0.018749053864115052,1.2281502500793111,0.4119069385546908,3.1501105010533963,0.09009178699808632
normal_0127_32,normal,0,A,127,normal_0127,32,4677,4692,2022-07-12 00:15:58.985000,2022-07-12 00:16:00.485000,train,0.060077245640415715,0.4255195071836689,0,ratio_AI1_AI2,0.0011381964806986627,0.035168813893321445,0.17338148136517542,0.004007540412126868,0.13120512975708315,0.015562311934088732
normal_0128_00,normal,0,A,128,normal_0128,0,4693,4708,2022-07-12 00:16:03.804000,2022-07-12 00:16:05.304000,train,0.1283300520224253,0.4255195071836689,0,ratio_AI1_AI2,0.022512369734845272,0.03126311793263868,0.4533408752323717,0.06497861212214266,0.016332632074864992,0.18155270503768856
normal_0128_16,normal,0,A,128,normal_0128,16,4709,4724,2022-07-12 00:16:05.404000,2022-07-12 00:16:06.904000,train,0.03292327139042497,0.4255195071836689,0,ratio_AI1_AI2,0.0002652252884051901,0.0001536839165608601,0.12325482394708412,0.03846095290772,0.001333777036406254,0.0340711652463734
normal_0137_00,normal,0,A,137,normal_0137,0,4971,4986,2022-07-12 00:17:16.447000,2022-07-12 00:17:17.947000,train,0.090034538585909,0.4255195071836689,0,ratio_AI1_AI2,0.03745340387435596,0.00041810041908170225,0.2956880387542245,0.0318264602556576,0.17478112827983272,4.0099932301608246e-05
normal_0137_16,normal,0,A,137,normal_0137,16,4987,5002,2022-07-12 00:17:18.047000,2022-07-12 00:17:19.547000,train,0.16677762126991527,0.4255195071836689,0,ratio_AI1_AI2,0.16142590285385747,0.015805351038575045,0.5974497962807342,0.06107954534798165,0.16275286405563866,0.0021522680427046876
normal_0137_32,normal,0,A,137,normal_0137,32,5003,5018,2022-07-12 00:17:19.647000,2022-07-12 00:17:21.147000,train,0.029297083778223088,0.4255195071836689,0,ratio_AI1_AI2,0.0002558867448869162,0.024001651833135226,0.09714978857596974,0.005071984617187134,0.047428001037483326,0.001875189860676185
normal_0140_00,normal,0,A,140,normal_0140,0,5102,5117,2022-07-12 00:17:40.504000,2022-07-12 00:17:42.004000,train,0.13725904500665984,0.4255195071836689,0,AI1_skew,0.00021571517666834264,0.031592744889048355,0.317804430150517,0.03687670867107571,0.3950422049011975,0.04202246625145204
normal_0144_00,normal,0,A,144,normal_0144,0,5141,5156,2022-07-12 00:18:06.304000,2022-07-12 00:18:07.804000,train,0.040929352444062934,0.4255195071836689,0,AI1_skew,0.004287185119319062,0.018379840900912395,0.02193861849043945,0.0004118719073269897,0.20027481198078825,0.0002837862655914402
normal_0144_16,normal,0,A,144,normal_0144,16,5157,5172,2022-07-12 00:18:07.904000,2022-07-12 00:18:09.404000,train,0.06332256476843613,0.4255195071836689,0,AI1_skew,1.3754792582354905e-05,6.963524567367577e-05,0.00021610558499035782,0.0032023309860072977,0.3654431561579543,0.01099040584340876
normal_0144_32,normal,0,A,144,normal_0144,32,5173,5188,2022-07-12 00:18:09.504000,2022-07-12 00:18:11.004000,train,0.011450061975144936,0.4255195071836689,0,AI1_skew,0.01480265190656669,0.013060872623385424,0.007070763710996608,0.00928763523655731,0.023318100394508812,0.0011603479788547745
normal_0145_00,normal,0,A,145,normal_0145,0,5191,5206,2022-07-12 00:18:13.063000,2022-07-12 00:18:14.563000,train,0.027326158796166056,0.4255195071836689,0,AI1_skew,0.0002985057535561706,0.04194378783184177,0.017793284760305686,0.0032601589472703004,0.07899740370869023,0.021663811775332182
normal_0145_16,normal,0,A,145,normal_0145,16,5207,5222,2022-07-12 00:18:14.663000,2022-07-12 00:18:16.163000,train,0.026382786674084762,0.4255195071836689,0,AI1_skew,0.009950402381372191,0.0002938777029297581,0.0006277964121627569,0.0004321165499699214,0.14231403785801214,0.004678489140061799
normal_0145_32,normal,0,A,145,normal_0145,32,5223,5238,2022-07-12 00:18:16.263000,2022-07-12 00:18:17.763000,train,0.02833836858969958,0.4255195071836689,0,AI1_skew,0.036784059777715386,0.011522920442419862,0.031402875018612234,0.017308270659591396,0.07289897635968022,0.00011310928017838717
normal_0152_00,normal,0,A,152,normal_0152,0,5354,5369,2022-07-12 00:19:09.428000,2022-07-12 00:19:10.928000,train,0.2665413796511205,0.4255195071836689,0,AI1_skew,0.4235803143309075,0.009800343685762845,0.20421171548298514,0.04860440829602745,0.8783072218925843,0.03474427421845578
normal_0152_16,normal,0,A,152,normal_0152,16,5370,5385,2022-07-12 00:19:11.028000,2022-07-12 00:19:12.528000,train,0.005726924397883421,0.4255195071836689,0,AI0_rms,0.001474519035554448,0.018122238531011654,0.0033308179096020467,8.687191483610836e-05,0.011319168864548475,2.793013174779384e-05
normal_0152_32,normal,0,A,152,normal_0152,32,5386,5401,2022-07-12 00:19:12.628000,2022-07-12 00:19:14.128000,train,0.07767662589987208,0.4255195071836689,0,ratio_AI1_AI2,0.07071953944983268,0.00018226559542135545,0.2545991040806332,0.025636707667710375,0.11024529817259728,0.004676840433037569
normal_0154_00,normal,0,A,154,normal_0154,0,5454,5469,2022-07-12 00:19:24.471000,2022-07-12 00:19:25.971000,train,0.007828707999636761,0.4255195071836689,0,ratio_AI1_AI2,0.001715502957634642,0.007187395191563702,0.029451489472369065,0.0015562295131954086,0.003322657025691507,0.0037389738373662406
normal_0154_16,normal,0,A,154,normal_0154,16,5470,5485,2022-07-12 00:19:26.071000,2022-07-12 00:19:27.571000,train,0.008575160862033636,0.4255195071836689,0,ratio_AI1_AI2,0.01105473756030369,0.0055813307482396836,0.015363700133001375,0.0020062063596635767,0.013598154197811092,0.003846836173182389
normal_0155_00,normal,0,A,155,normal_0155,0,5501,5516,2022-07-12 00:19:32.476000,2022-07-12 00:19:33.976000,train,0.017389743602106943,0.4255195071836689,0,AI1_skew,0.011671983131403222,0.004957753817630556,0.007529765493854664,0.00013094194160986357,0.078744383136686,0.0013036340914573483
normal_0155_16,normal,0,A,155,normal_0155,16,5517,5532,2022-07-12 00:19:34.076000,2022-07-12 00:19:35.576000,train,0.046254774476006254,0.4255195071836689,0,ratio_AI1_AI2,0.0009680048241778524,0.047789556787733146,0.1779159647335742,0.0085434302625299,2.3382624087606952e-05,0.042288307623934804
normal_0160_00,normal,0,A,160,normal_0160,0,5660,5675,2022-07-12 00:20:12.569000,2022-07-12 00:20:14.069000,train,0.009844192096918425,0.4255195071836689,0,ratio_AI1_AI2,0.0018980894033446582,0.006853590643573459,0.030482549915842316,0.0006525602313241162,0.019139918265902788,3.8444121523203894e-05
normal_0160_16,normal,0,A,160,normal_0160,16,5676,5691,2022-07-12 00:20:14.169000,2022-07-12 00:20:15.669000,train,0.023745151303141972,0.4255195071836689,0,ratio_AI1_AI2,0.010070467873951851,0.02383895809462721,0.04673680140368832,0.010390501541082167,0.018143951894869954,0.03329022701063234
normal_0161_00,normal,0,A,161,normal_0161,0,5698,5713,2022-07-12 00:20:20.537000,2022-07-12 00:20:22.037000,train,0.06017741760686839,0.4255195071836689,0,ratio_AI1_AI2,0.002691246256035304,0.06184638963966448,0.22495160220325253,0.00017814022536653652,0.007237550100108885,0.06415957721678257
normal_0164_00,normal,0,A,164,normal_0164,0,5739,5754,2022-07-12 00:20:45.131000,2022-07-12 00:20:46.631000,train,0.20924453663705503,0.4255195071836689,0,ratio_AI1_AI2,0.2851169798291207,0.019716581094484476,0.5515992021738019,0.06786959848838692,0.32561720537119737,0.005547652865338881
normal_0164_16,normal,0,A,164,normal_0164,16,5755,5770,2022-07-12 00:20:46.731000,2022-07-12 00:20:48.231000,train,0.2372618183845078,0.4255195071836689,0,ratio_AI1_AI2,0.0016420215857275988,0.01622151230212945,0.9665277455254165,0.1226815147534742,0.30330830642905776,0.013189809711241295
normal_0164_32,normal,0,A,164,normal_0164,32,5771,5786,2022-07-12 00:20:48.331000,2022-07-12 00:20:49.831000,train,0.7526582175399613,0.4255195071836689,1,AI1_skew,1.982104425169947,0.31953206272100515,0.007568002127759635,0.0009951384312009732,2.1860724620718077,0.019677214718047432
normal_0165_00,normal,0,A,165,normal_0165,0,5789,5804,2022-07-12 00:20:52.436000,2022-07-12 00:20:53.936000,train,0.10689100800123282,0.4255195071836689,0,AI1_skew,0.04392678280044939,0.025052991572984167,0.027863831499323533,0.021542141259909865,0.5177181584433,0.005242142431429929
normal_0165_16,normal,0,A,165,normal_0165,16,5805,5820,2022-07-12 00:20:54.036000,2022-07-12 00:20:55.536000,train,0.02408500445924976,0.4255195071836689,0,AI0_rms,0.00015756552870460473,0.05940979359114968,0.019651110001696632,0.0072730524533647905,0.020795298918889187,0.03722320626169367
normal_0166_00,normal,0,A,166,normal_0166,0,5832,5847,2022-07-12 00:21:00.416000,2022-07-12 00:21:01.916000,train,0.1788051555068713,0.4255195071836689,0,AI1_skew,0.003509405017330958,0.08337480648842249,0.26601896318194507,0.0855485329561956,0.6289171959164371,0.005462029480896654
normal_0166_16,normal,0,A,166,normal_0166,16,5848,5863,2022-07-12 00:21:02.016000,2022-07-12 00:21:03.516000,train,0.02802137433634426,0.4255195071836689,0,AI2_rms,0.021291862793659817,0.01194225793343065,0.007416172685187103,0.00144244352593385,0.0033643312255995004,0.12267117785425465
normal_0170_00,normal,0,A,170,normal_0170,0,5940,5955,2022-07-12 00:21:33.358000,2022-07-12 00:21:34.858000,train,0.057430860727934935,0.4255195071836689,0,ratio_AI1_AI2,0.014921481286806725,0.07821136810987134,0.08786045545076167,0.00033749086607472417,0.07833870117989933,0.08491566747419584
normal_0170_16,normal,0,A,170,normal_0170,16,5956,5971,2022-07-12 00:21:34.958000,2022-07-12 00:21:36.458000,train,0.02194919272083938,0.4255195071836689,0,AI1_skew,0.004780374928334759,0.015738694939354387,0.0019200329563256013,0.010664218391832457,0.0984109971049747,0.0001808380042144032
normal_0172_00,normal,0,A,172,normal_0172,0,6009,6024,2022-07-12 00:21:49.428000,2022-07-12 00:21:50.928000,train,0.09853613484217356,0.4255195071836689,0,ratio_AI1_AI2,0.0203644166640255,0.11534746328427796,0.20180625216051423,0.006205010371580121,0.1489264182223679,0.09856724835027565
normal_0177_00,normal,0,A,177,normal_0177,0,6152,6167,2022-07-12 00:22:21.169000,2022-07-12 00:22:22.669000,train,0.12122132154149773,0.4255195071836689,0,ratio_AI1_AI2,0.11534086394478942,0.15908300468442127,0.3930442555086211,0.05461931035036921,0.005106738511433754,0.00013375624935173323
normal_0177_16,normal,0,A,177,normal_0177,16,6168,6183,2022-07-12 00:22:22.769000,2022-07-12 00:22:24.269000,train,0.09468823884936946,0.4255195071836689,0,ratio_AI1_AI2,0.08324743862691292,0.13527803135757682,0.2972406305324403,0.04221975172014591,0.010017472044284126,0.00012610881485667955
normal_0178_00,normal,0,A,178,normal_0178,0,6198,6213,2022-07-12 00:22:29.076000,2022-07-12 00:22:30.576000,train,0.2229626241967486,0.4255195071836689,0,ratio_AI1_AI2,0.13978808998219275,0.12974364781929848,0.455935357014953,0.005374112305428186,0.3663771643986907,0.24055737365992852
normal_0178_16,normal,0,A,178,normal_0178,16,6214,6229,2022-07-12 00:22:30.676000,2022-07-12 00:22:32.176000,train,0.3333906034363361,0.4255195071836689,0,ratio_AI1_AI2,0.017410925889552432,0.006815487731586336,1.1929991981560653,0.02746288142982281,0.3259111341504694,0.4297439932605203
normal_0179_00,normal,0,A,179,normal_0179,0,6230,6245,2022-07-12 00:22:37.072000,2022-07-12 00:22:38.572000,train,0.04037397814556044,0.4255195071836689,0,ratio_AI1_AI2,0.012108402535921827,0.004637392733355208,0.14439873403383477,0.024530193448119762,0.0025923315713816133,0.05397681455074944
normal_0181_00,normal,0,A,181,normal_0181,0,6257,6272,2022-07-12 00:22:53.936000,2022-07-12 00:22:55.436000,train,0.032324443408798316,0.4255195071836689,0,AI1_skew,0.0003915864289590137,0.04162969047140931,0.0005108898115037458,0.019396925560754685,0.13125446575667155,0.0007631024234915897
normal_0181_16,normal,0,A,181,normal_0181,16,6273,6288,2022-07-12 00:22:55.536000,2022-07-12 00:22:57.036000,train,0.031206755063433317,0.4255195071836689,0,ratio_AI1_AI2,0.008707445297342265,0.031175622605518056,0.08549745573717822,0.02468305740969549,0.0022194072951292874,0.034957542035736575
normal_0181_32,normal,0,A,181,normal_0181,32,6289,6304,2022-07-12 00:22:57.136000,2022-07-12 00:22:58.636000,train,0.0072441328590135586,0.4255195071836689,0,AI1_skew,0.0014310057815594625,0.007965489227607637,0.001453260484540608,0.0020421761596909967,0.02974703180006907,0.0008258337006135777
normal_0182_00,normal,0,A,182,normal_0182,0,6307,6322,2022-07-12 00:23:01.103000,2022-07-12 00:23:02.603000,train,0.07417064403307434,0.4255195071836689,0,AI1_skew,0.07619109619056881,0.01247087905958081,0.07411704511495557,0.018371891145237566,0.26307954853448856,0.0007934041536147538
normal_0182_16,normal,0,A,182,normal_0182,16,6323,6338,2022-07-12 00:23:02.703000,2022-07-12 00:23:04.203000,train,0.08596302993321314,0.4255195071836689,0,AI1_skew,0.05079780809792002,0.014602954551041053,0.16807579475641396,0.023552913949409105,0.25870335326716476,4.535497732988364e-05
normal_0183_00,normal,0,A,183,normal_0183,0,6354,6369,2022-07-12 00:23:09.220000,2022-07-12 00:23:10.720000,train,0.006159836157199836,0.4255195071836689,0,AI1_skew,0.0011058462465299282,0.0029879944783682186,8.778990754436198e-05,1.5114102496980617e-05,0.018997661822186495,0.013764610386073031
normal_0183_16,normal,0,A,183,normal_0183,16,6370,6385,2022-07-12 00:23:10.820000,2022-07-12 00:23:12.320000,train,0.10639525736681547,0.4255195071836689,0,ratio_AI1_AI2,0.07209426672240848,0.0075546164918769655,0.4443076993837989,0.03985501343491177,0.07357343664617834,0.000986511521718351
normal_0184_00,normal,0,A,184,normal_0184,0,6386,6401,2022-07-12 00:23:17.204000,2022-07-12 00:23:18.704000,train,0.009300238150713291,0.4255195071836689,0,AI1_skew,5.850575984146351e-05,0.00047403463031503126,0.008637059273893799,0.0010167747039371124,0.0299498130424538,0.01566524149383854
normal_0184_16,normal,0,A,184,normal_0184,16,6402,6417,2022-07-12 00:23:18.804000,2022-07-12 00:23:20.304000,train,0.08006089268260137,0.4255195071836689,0,ratio_AI1_AI2,0.02198782480563553,0.006220498006139481,0.4150638841208048,0.029191081350035532,0.0004560663734591324,0.007446001439533767
normal_0185_00,normal,0,A,185,normal_0185,0,6419,6434,2022-07-12 00:23:25.144000,2022-07-12 00:23:26.644000,train,0.03093026805526856,0.4255195071836689,0,ratio_AI1_AI2,0.027052854890974753,0.012664738294544885,0.10670082371998356,0.014501775855005485,0.02165302694565829,0.003008388625444384
normal_0187_00,normal,0,A,187,normal_0187,0,6450,6465,2022-07-12 00:23:42.270000,2022-07-12 00:23:43.770000,train,0.15367216460313984,0.4255195071836689,0,AI1_skew,0.22555207717100131,0.001878171085629049,0.31227870603439367,0.04410012675471722,0.3266024702588639,0.011621436314233903
normal_0187_16,normal,0,A,187,normal_0187,16,6466,6481,2022-07-12 00:23:43.870000,2022-07-12 00:23:45.370000,train,0.030562617450978644,0.4255195071836689,0,ratio_AI1_AI2,0.0012933601631270257,2.8258148922455998e-05,0.09436545680009831,0.010574854526955606,0.07663261598337764,0.00048115908339081914
normal_0187_32,normal,0,A,187,normal_0187,32,6482,6497,2022-07-12 00:23:45.470000,2022-07-12 00:23:46.970000,train,0.13280296293326366,0.4255195071836689,0,ratio_AI1_AI2,0.09056968958953984,0.014370286379994653,0.5646200239773363,0.05051841963356914,0.076476725607703,0.0002626324114388437
normal_0188_00,normal,0,A,188,normal_0188,0,6500,6515,2022-07-12 00:23:48.975000,2022-07-12 00:23:50.475000,train,0.007237307908950021,0.4255195071836689,0,AI2_rms,0.002570026685434618,0.002215630452030394,0.006243877255127121,0.0010700305125841327,0.004538027977041548,0.026786254571482315
normal_0188_16,normal,0,A,188,normal_0188,16,6516,6531,2022-07-12 00:23:50.575000,2022-07-12 00:23:52.075000,train,0.04279523576031261,0.4255195071836689,0,AI1_skew,0.008952658779359619,0.041901042664683884,0.032649979272838185,0.0024523111752443234,0.14662796118242005,0.024187461487329615
normal_0188_32,normal,0,A,188,normal_0188,32,6532,6547,2022-07-12 00:23:52.175000,2022-07-12 00:23:53.675000,train,0.03720830962527281,0.4255195071836689,0,AI1_skew,0.0004408720952014831,0.007065283351751366,0.00019021274570770892,0.0032483887900208656,0.21199078750936678,0.00031431325958861903
normal_0190_00,normal,0,A,190,normal_0190,0,6586,6601,2022-07-12 00:24:04.940000,2022-07-12 00:24:06.440000,train,0.02014787161059419,0.4255195071836689,0,ratio_AI1_AI2,0.013983938373049457,0.01545799095168813,0.06806662512877078,0.01654094184230181,0.005626624943527443,0.0012111084242275227
normal_0193_00,normal,0,A,193,normal_0193,0,6674,6689,2022-07-12 00:24:29.596000,2022-07-12 00:24:31.096000,train,0.06385165431228516,0.4255195071836689,0,AI1_skew,0.006679534136935079,0.0003640882955123068,0.003364360156516511,4.1688297910781535e-08,0.3655497107821758,0.007152190814273366
normal_0193_16,normal,0,A,193,normal_0193,16,6690,6705,2022-07-12 00:24:31.196000,2022-07-12 00:24:32.696000,train,0.01112268957742323,0.4255195071836689,0,AI1_skew,3.52690329876191e-05,0.013407107326334156,0.023589186368787974,3.752375806320947e-05,0.02958163430602499,8.541667234144213e-05
normal_0193_32,normal,0,A,193,normal_0193,32,6706,6721,2022-07-12 00:24:32.796000,2022-07-12 00:24:34.296000,train,0.02591634559472387,0.4255195071836689,0,AI1_skew,0.004803399975660302,0.0009583667316879927,0.0355305891527317,0.0038395047851384314,0.11033600750840986,3.0205414714921817e-05
normal_0195_00,normal,0,A,195,normal_0195,0,6766,6781,2022-07-12 00:24:45.075000,2022-07-12 00:24:46.575000,train,0.2977011144690255,0.4255195071836689,0,AI1_skew,0.08404566157816692,0.16786676857828908,0.5167948202274224,0.00030382058058169335,0.8397982229084264,0.17739739294126636
normal_0196_00,normal,0,A,196,normal_0196,0,6795,6810,2022-07-12 00:24:53.136000,2022-07-12 00:24:54.636000,train,0.006890300540352805,0.4255195071836689,0,ratio_AI1_AI2,0.0009022294200038518,0.018661055629634833,0.020302978458089007,0.0004957526142871478,0.00011316340632899016,0.0008666237137729953
normal_0200_00,normal,0,A,200,normal_0200,0,6918,6933,2022-07-12 00:25:25.093000,2022-07-12 00:25:26.593000,train,0.022426572051823412,0.4255195071836689,0,AI1_skew,0.0017765344403279258,0.002634921852440586,0.03240231302088372,0.010168311757527219,0.07693764227613843,0.010639708963622608
normal_0200_16,normal,0,A,200,normal_0200,16,6934,6949,2022-07-12 00:25:26.693000,2022-07-12 00:25:28.193000,train,0.0075355690735557515,0.4255195071836689,0,ratio_AI1_AI2,0.000685435150224386,0.006229009652577435,0.0220055750191415,0.004463368807462624,0.007771324024729514,0.004058701787199054
normal_0203_00,normal,0,A,203,normal_0203,0,6981,6996,2022-07-12 00:25:50.128000,2022-07-12 00:25:51.628000,train,0.1043537018834031,0.4255195071836689,0,AI1_skew,0.12625307437485786,0.0001560814196332975,0.015172481330724906,0.012286475398805142,0.4532697484735851,0.01898435030281219
normal_0203_16,normal,0,A,203,normal_0203,16,6997,7012,2022-07-12 00:25:51.728000,2022-07-12 00:25:53.228000,train,0.08576859444362638,0.4255195071836689,0,ratio_AI1_AI2,0.07700738971820528,0.022945941253396725,0.3393665964513243,0.03458297722428714,0.03887950514490524,0.001829156869639606
normal_0203_32,normal,0,A,203,normal_0203,32,7013,7028,2022-07-12 00:25:53.328000,2022-07-12 00:25:54.828000,train,0.010233093928714966,0.4255195071836689,0,AI1_skew,0.0032515685498436375,0.004189669374037333,0.018466346366669967,7.954158986253686e-07,0.02853639760177708,0.006953786264063148
normal_0204_00,normal,0,A,204,normal_0204,0,7031,7046,2022-07-12 00:25:57.187000,2022-07-12 00:25:58.687000,train,0.058816994749128444,0.4255195071836689,0,AI1_skew,0.0035276168869471814,0.02227751012283968,0.0016488838091687661,0.0034860362694576815,0.31964543580445753,0.0023164856018998447
normal_0204_16,normal,0,A,204,normal_0204,16,7047,7062,2022-07-12 00:25:58.787000,2022-07-12 00:26:00.287000,train,0.035455124706230565,0.4255195071836689,0,AI1_skew,0.013104003138529238,0.0038534982579290027,0.007799575237603416,0.00011434731372684934,0.18598273493109063,0.0018765893585042362
normal_0204_32,normal,0,A,204,normal_0204,32,7063,7078,2022-07-12 00:26:00.387000,2022-07-12 00:26:01.887000,train,0.08612960052420728,0.4255195071836689,0,AI1_skew,0.0004598676840974533,0.11927943713271798,0.14599690994666112,0.00020654460338087816,0.16152121256958246,0.08931363120880384
normal_0205_00,normal,0,A,205,normal_0205,0,7079,7094,2022-07-12 00:26:05.260000,2022-07-12 00:26:06.760000,train,0.2793842172027777,0.4255195071836689,0,AI1_skew,0.3096783841598019,0.06633589419129186,0.2978309262934053,0.0583275541310035,0.9404061074245611,0.003726437016602319
normal_0205_16,normal,0,A,205,normal_0205,16,7095,7110,2022-07-12 00:26:06.860000,2022-07-12 00:26:08.360000,train,0.06390376476390551,0.4255195071836689,0,ratio_AI1_AI2,0.003401816998871744,0.013978399555764017,0.22834516726690043,0.002003056397754255,0.08101796957700558,0.0546761787871371
normal_0209_00,normal,0,A,209,normal_0209,0,7157,7172,2022-07-12 00:26:31.913000,2022-07-12 00:26:33.413000,train,0.0498823064877848,0.4255195071836689,0,ratio_AI1_AI2,0.0027447507904012993,0.0013071719372637451,0.16819516142347035,0.04219149958983319,0.005176814347370669,0.07967844083836957
normal_0209_16,normal,0,A,209,normal_0209,16,7173,7188,2022-07-12 00:26:33.513000,2022-07-12 00:26:35.013000,train,0.059288423717041176,0.4255195071836689,0,AI1_skew,0.0001416859508343672,0.01645442122118224,0.10031295208625991,0.012339674586790323,0.1559102437811682,0.070571564676012
normal_0209_32,normal,0,A,209,normal_0209,32,7189,7204,2022-07-12 00:26:35.113000,2022-07-12 00:26:36.613000,train,0.048666095368638605,0.4255195071836689,0,ratio_AI1_AI2,0.0044367639641808825,0.0003900810715757826,0.17758138575117857,0.04614055382136698,0.03486599751488128,0.028581790088648144
normal_0210_00,normal,0,A,210,normal_0210,0,7207,7222,2022-07-12 00:26:38.648000,2022-07-12 00:26:40.148000,train,0.13353676370749842,0.4255195071836689,0,ratio_AI1_AI2,0.10811850326108922,0.022071045553856618,0.428755334007118,0.018095318576116008,0.21785745081457497,0.006322930032235723
normal_0210_16,normal,0,A,210,normal_0210,16,7223,7238,2022-07-12 00:26:40.248000,2022-07-12 00:26:41.748000,train,0.057785072298249994,0.4255195071836689,0,ratio_AI1_AI2,0.0046813822600397376,0.02630202917922976,0.23587980242760953,0.03162513773497503,0.04194971166617348,0.006272370521472324
normal_0210_32,normal,0,A,210,normal_0210,32,7239,7254,2022-07-12 00:26:41.848000,2022-07-12 00:26:43.348000,train,0.2655816107200046,0.4255195071836689,0,ratio_AI1_AI2,0.041228333052618575,0.028012721511331388,1.3269632844527783,0.13861928956989647,0.05712390673668113,0.0015421289967215569
normal_0212_00,normal,0,A,212,normal_0212,0,7307,7322,2022-07-12 00:26:53.334000,2022-07-12 00:26:54.834000,train,0.07005967377588822,0.4255195071836689,0,ratio_AI1_AI2,0.00124220817706806,0.0251723857598276,0.24206328488544904,0.026721124660002385,0.09204195600038306,0.03311708317259915
normal_0212_16,normal,0,A,212,normal_0212,16,7323,7338,2022-07-12 00:26:54.934000,2022-07-12 00:26:56.434000,train,0.09162454015883563,0.4255195071836689,0,ratio_AI1_AI2,0.008539995229513566,0.05960049276367577,0.34217208381681613,0.029766709275345693,0.0027748381361463793,0.10689312173151623
normal_0213_00,normal,0,A,213,normal_0213,0,7345,7360,2022-07-12 00:27:01.423000,2022-07-12 00:27:02.923000,train,0.026112507834976054,0.4255195071836689,0,AI1_skew,0.00010098490098942512,0.0015464181540525148,5.905973807788961e-07,0.00750090216968174,0.1340122122496818,0.01351393893807008
normal_0217_00,normal,0,A,217,normal_0217,0,7440,7455,2022-07-12 00:27:33.464000,2022-07-12 00:27:34.964000,train,0.08914800620106327,0.4255195071836689,0,AI1_skew,0.0037332864435973196,0.03787877834870215,0.19253647945761074,0.0015088916555439787,0.26390199858970453,0.03532860271122088
normal_0217_16,normal,0,A,217,normal_0217,16,7456,7471,2022-07-12 00:27:35.064000,2022-07-12 00:27:36.564000,train,0.18119854986735281,0.4255195071836689,0,AI1_skew,0.2206415385612228,0.03487036463512517,0.0951140081165498,0.059939828014142896,0.6517405995751405,0.024884960301935703
normal_0217_32,normal,0,A,217,normal_0217,32,7472,7487,2022-07-12 00:27:36.664000,2022-07-12 00:27:38.164000,train,0.043127065084643174,0.4255195071836689,0,AI1_skew,0.047905864764415544,0.0012224106302529667,0.029178958086531467,0.01896650101992843,0.15239598572038304,0.00909267028634758
normal_0219_00,normal,0,A,219,normal_0219,0,7528,7543,2022-07-12 00:27:49.507000,2022-07-12 00:27:51.007000,train,0.059796875694418,0.4255195071836689,0,AI0_rms,0.002640559069567496,0.15253884358115133,0.06984563667449624,0.0010978003851779433,0.09387000536412274,0.03878840909199229
normal_0222_00,normal,0,A,222,normal_0222,0,7616,7631,2022-07-12 00:28:14.008000,2022-07-12 00:28:15.508000,train,0.00887714033159195,0.4255195071836689,0,AI1_skew,0.007344295611558457,0.005105188091397994,0.00846116761453553,0.0008732910420276292,0.03046866850263633,0.001010231127395767
normal_0222_16,normal,0,A,222,normal_0222,16,7632,7647,2022-07-12 00:28:15.608000,2022-07-12 00:28:17.108000,train,0.11704613545665678,0.4255195071836689,0,AI1_skew,0.02419465261584665,0.002273130456763286,0.173574983411247,0.040952074248114326,0.44833458416880506,0.012947387839164408
normal_0222_32,normal,0,A,222,normal_0222,32,7648,7663,2022-07-12 00:28:17.208000,2022-07-12 00:28:18.708000,train,0.008299759009745887,0.4255195071836689,0,AI1_rms,0.0009442616382728372,8.776973784460515e-05,0.019057966694471965,0.022592925192202087,0.0025163618767907138,0.004599268918893118
normal_0223_00,normal,0,A,223,normal_0223,0,7666,7681,2022-07-12 00:28:21.540000,2022-07-12 00:28:23.040000,train,0.28067021951329274,0.4255195071836689,0,ratio_AI1_AI2,0.057644481972817525,0.2459457385618069,1.2067212037503712,0.06595205298983026,0.025515713913910096,0.08224212589102033
normal_0223_16,normal,0,A,223,normal_0223,16,7682,7697,2022-07-12 00:28:23.140000,2022-07-12 00:28:24.640000,train,0.1712185070326057,0.4255195071836689,0,AI1_skew,0.07289026639153698,0.05194795569650726,0.0323787821660564,0.005048092087811551,0.764232512110208,0.10081343374351405
normal_0224_00,normal,0,A,224,normal_0224,0,7706,7721,2022-07-12 00:28:29.532000,2022-07-12 00:28:31.032000,train,0.01846888291103584,0.4255195071836689,0,AI0_rms,0.006888972240782184,0.05298704823324583,3.3117441117984244e-05,0.007734685100099866,0.03767049624439631,0.005498978206572856
normal_0227_00,normal,0,A,227,normal_0227,0,7752,7767,2022-07-12 00:28:54.024000,2022-07-12 00:28:55.524000,train,0.007477528441227815,0.4255195071836689,0,ratio_AI1_AI2,0.002775276939204003,0.014650799788215006,0.026061787513828143,6.770576156073976e-06,0.00012226076017883455,0.001248275069784829
normal_0227_16,normal,0,A,227,normal_0227,16,7768,7783,2022-07-12 00:28:55.624000,2022-07-12 00:28:57.124000,train,0.07647530232800506,0.4255195071836689,0,AI1_skew,0.013232055263810131,0.0019109668822770369,0.010855235045878459,0.0026535895400717053,0.42071081723459447,0.009489150001398544
normal_0227_32,normal,0,A,227,normal_0227,32,7784,7799,2022-07-12 00:28:57.224000,2022-07-12 00:28:58.724000,train,0.21089106849468184,0.4255195071836689,0,AI1_skew,2.8454617161889216e-05,0.17467628605470853,0.04240617532741541,0.006959201248548397,0.9113480855237195,0.1299282081965372
normal_0229_00,normal,0,A,229,normal_0229,0,7852,7867,2022-07-12 00:29:09.592000,2022-07-12 00:29:11.092000,train,0.013848366173158733,0.4255195071836689,0,ratio_AI1_AI2,0.021070916715440913,0.020043253998278963,0.035760875897835075,0.0010150737012825856,0.0041537686671258905,0.0010463080589889933
normal_0229_16,normal,0,A,229,normal_0229,16,7868,7883,2022-07-12 00:29:11.192000,2022-07-12 00:29:12.692000,train,0.02676769313702892,0.4255195071836689,0,ratio_AI1_AI2,0.017125661900888777,0.028152185280105362,0.09849270522231124,0.004877512989105901,0.011949828621304538,8.264808457708044e-06
normal_0230_00,normal,0,A,230,normal_0230,0,7895,7910,2022-07-12 00:29:17.574000,2022-07-12 00:29:19.074000,train,0.02083521941314666,0.4255195071836689,0,ratio_AI1_AI2,0.005272264099613378,2.0807090408026676e-05,0.10546829256060916,0.0076489730101971755,0.0035966291491992355,0.0030043505688529862
normal_0230_16,normal,0,A,230,normal_0230,16,7911,7926,2022-07-12 00:29:19.174000,2022-07-12 00:29:20.674000,train,0.018188166961110603,0.4255195071836689,0,AI0_rms,0.0032296995711365746,0.03771804068750566,0.03268302708327974,0.0008075059512098187,0.03389360496433606,0.0007971235091957491
normal_0231_00,normal,0,A,231,normal_0231,0,7927,7942,2022-07-12 00:29:25.707000,2022-07-12 00:29:27.207000,train,0.06162323807570672,0.4255195071836689,0,AI1_skew,0.032957916495119526,0.04404431666267955,0.004619872116561038,0.004588400290242706,0.24837429974971503,0.035154623139922465
normal_0233_00,normal,0,A,233,normal_0233,0,7947,7962,2022-07-12 00:29:35.745000,2022-07-12 00:29:37.245000,train,0.13535496029859592,0.4255195071836689,0,ratio_AI1_AI2,0.038372301862443274,0.07444636109624982,0.5928070559027567,0.04945278014355715,0.02318220669226129,0.03386905609430707
normal_0233_16,normal,0,A,233,normal_0233,16,7963,7978,2022-07-12 00:29:37.345000,2022-07-12 00:29:38.845000,train,0.04913243161840231,0.4255195071836689,0,ratio_AI1_AI2,0.0019629550868803785,0.00014033764949442998,0.24030794992682095,0.03178903537613078,0.01989538151587068,0.0006989301552167116
normal_0233_32,normal,0,A,233,normal_0233,32,7979,7994,2022-07-12 00:29:38.945000,2022-07-12 00:29:40.445000,train,0.20974760999748643,0.4255195071836689,0,ratio_AI1_AI2,0.012046471865888086,0.001858236239532089,1.0528705492475403,0.1121566441152715,0.07759491023670291,0.0019588482799836136
normal_0240_00,normal,0,A,240,normal_0240,0,8182,8197,2022-07-12 00:30:22.688000,2022-07-12 00:30:24.188000,train,0.02823797914817545,0.4255195071836689,0,AI1_skew,0.006894166319353722,0.00032801333981260155,0.06976758033904558,0.014147201591759263,0.07820364346186957,8.726983721196555e-05
normal_0240_16,normal,0,A,240,normal_0240,16,8198,8213,2022-07-12 00:30:24.288000,2022-07-12 00:30:25.788000,train,0.015513722541860578,0.4255195071836689,0,ratio_AI1_AI2,0.01933170917479426,0.014762425966677671,0.036798502900399745,3.0230715769287706e-05,0.0002768560521022265,0.02188261044142028
normal_0240_32,normal,0,A,240,normal_0240,32,8214,8229,2022-07-12 00:30:25.888000,2022-07-12 00:30:27.388000,train,0.08291311541741042,0.4255195071836689,0,ratio_AI1_AI2,0.006462862396280344,0.0028289405402883976,0.37243194079746855,0.037035873322030025,0.06285205962138411,0.015867015827011128
normal_0241_00,normal,0,A,241,normal_0241,0,8232,8247,2022-07-12 00:30:29.999000,2022-07-12 00:30:31.499000,train,0.03545334032230238,0.4255195071836689,0,ratio_AI1_AI2,0.001244745942852503,0.011136209434791943,0.0940183476725397,0.013843841636316407,0.01663118340565988,0.07584571384165383
normal_0241_16,normal,0,A,241,normal_0241,16,8248,8263,2022-07-12 00:30:31.599000,2022-07-12 00:30:33.099000,train,0.03066842621496539,0.4255195071836689,0,AI1_skew,0.0033177113231590573,6.125172832898775e-05,0.06070030076253939,0.02139805445198915,0.0615118467121901,0.03702139231158566
normal_0242_00,normal,0,A,242,normal_0242,0,8275,8290,2022-07-12 00:30:38.043000,2022-07-12 00:30:39.543000,train,0.03229190006824385,0.4255195071836689,0,ratio_AI1_AI2,0.026846996628990705,0.015854906031311237,0.10359510563062006,0.011780331216537652,0.031144310470046007,0.004529750431957447
normal_0246_00,normal,0,A,246,normal_0246,0,8376,8391,2022-07-12 00:31:10.998000,2022-07-12 00:31:12.498000,train,0.02887565950234601,0.4255195071836689,0,ratio_AI1_AI2,0.007095036869920456,0.0031201620632616326,0.07172739712762416,0.029493216050214446,0.06181446281493292,3.6820881224393854e-06
normal_0246_16,normal,0,A,246,normal_0246,16,8392,8407,2022-07-12 00:31:12.598000,2022-07-12 00:31:14.098000,train,0.00874877573495892,0.4255195071836689,0,AI2_rms,0.003077159369497449,0.009809122593106116,0.016177808251061025,0.00456823673678638,0.0017250592655397004,0.017135268193762848
normal_0246_32,normal,0,A,246,normal_0246,32,8408,8423,2022-07-12 00:31:14.198000,2022-07-12 00:31:15.698000,train,0.022472142493129704,0.4255195071836689,0,AI1_skew,0.00412094468783377,0.0009359074328932921,0.0028407701530401277,0.01000251659863303,0.10139798578068764,0.015534730305690385
normal_0247_00,normal,0,A,247,normal_0247,0,8426,8441,2022-07-12 00:31:17.932000,2022-07-12 00:31:19.432000,train,0.3378385131477912,0.4255195071836689,0,AI1_skew,0.5305906732510821,0.0397098518905626,0.041651767545783334,0.03424132989870898,1.3462256494738638,0.0346118068267462
normal_0247_16,normal,0,A,247,normal_0247,16,8442,8457,2022-07-12 00:31:19.532000,2022-07-12 00:31:21.032000,train,0.19961921450522713,0.4255195071836689,0,ratio_AI1_AI2,0.1983404404666159,0.08298346636771883,0.7012279939853874,0.07885004858873193,0.13346811036679057,0.002845227256118163
normal_0247_32,normal,0,A,247,normal_0247,32,8458,8473,2022-07-12 00:31:21.132000,2022-07-12 00:31:22.632000,train,0.13953273141711123,0.4255195071836689,0,ratio_AI1_AI2,0.07074392468047626,0.05983782499070191,0.6039904631835373,0.06745921339425284,0.02852811259320511,0.006636849660493951
normal_0248_00,normal,0,A,248,normal_0248,0,8476,8491,2022-07-12 00:31:25.907000,2022-07-12 00:31:27.407000,train,0.019653920136624776,0.4255195071836689,0,AI0_rms,0.009109056586330953,0.07607724564634379,0.0053297611176059915,0.0052285146787787225,0.004700294100459309,0.017478648690229893
normal_0248_16,normal,0,A,248,normal_0248,16,8492,8507,2022-07-12 00:31:27.507000,2022-07-12 00:31:29.007000,train,0.019896426845095568,0.4255195071836689,0,AI1_skew,4.675150427123256e-05,0.006544842741905558,0.002905041968630076,0.005088210140049919,0.08444817180109401,0.020345542914622605
normal_0251_00,normal,0,A,251,normal_0251,0,8543,8558,2022-07-12 00:31:51.200000,2022-07-12 00:31:52.700000,train,0.026540957027381875,0.4255195071836689,0,AI1_skew,0.00863741963716802,0.00018107478059646215,0.0010502464344860048,0.0005035048384521683,0.14093008034380083,0.007943416129787748
normal_0251_16,normal,0,A,251,normal_0251,16,8559,8574,2022-07-12 00:31:52.800000,2022-07-12 00:31:54.300000,train,0.032672354084157564,0.4255195071836689,0,AI0_rms,0.01676714138240386,0.07488031309643696,0.02416992393806154,0.0031472381658851946,0.03928943751313961,0.03778007040901823
normal_0251_32,normal,0,A,251,normal_0251,32,8575,8590,2022-07-12 00:31:54.400000,2022-07-12 00:31:55.900000,train,0.07239481875305705,0.4255195071836689,0,AI1_skew,0.0027282760104696416,0.05882615920607167,0.09955631548235311,0.00023316658408266544,0.25865090047029077,0.014374094765074435
normal_0252_00,normal,0,A,252,normal_0252,0,8593,8608,2022-07-12 00:31:58.020000,2022-07-12 00:31:59.520000,train,0.02311886682397488,0.4255195071836689,0,AI1_skew,0.002953643348010329,0.015008732005852446,0.0002647399944146287,0.0011063556463266875,0.09175262399622668,0.027627105953018524
normal_0252_16,normal,0,A,252,normal_0252,16,8609,8624,2022-07-12 00:31:59.620000,2022-07-12 00:32:01.120000,train,0.09787487391182707,0.4255195071836689,0,AI1_skew,0.0018625385466668049,0.04904590515685541,0.00011311531991801282,0.005561378305484134,0.46402810170187275,0.06663820444016529
normal_0252_32,normal,0,A,252,normal_0252,32,8625,8640,2022-07-12 00:32:01.220000,2022-07-12 00:32:02.720000,train,0.012223117777472129,0.4255195071836689,0,AI1_skew,0.002833915870878172,2.469292507298133e-09,0.01882274250733694,0.002473750680313426,0.03356440281214993,0.015643892324861797
normal_0254_00,normal,0,A,254,normal_0254,0,8681,8696,2022-07-12 00:32:13.976000,2022-07-12 00:32:15.476000,train,0.11435178447910867,0.4255195071836689,0,AI1_skew,0.01299172265593529,0.018829060184659754,0.1885754775926508,0.019239905103023047,0.44642487928745667,4.966205092646579e-05
normal_0257_00,normal,0,A,257,normal_0257,0,8727,8742,2022-07-12 00:32:38.608000,2022-07-12 00:32:40.108000,train,0.09972900146898746,0.4255195071836689,0,ratio_AI1_AI2,0.04357678873427787,0.029253145748636314,0.48085885321846633,0.026826422303561408,0.007388730328148418,0.010470068480834472
normal_0257_16,normal,0,A,257,normal_0257,16,8743,8758,2022-07-12 00:32:40.208000,2022-07-12 00:32:41.708000,train,0.020098415554456718,0.4255195071836689,0,AI1_skew,0.016002748996880263,0.004192515983477926,0.037801962670291726,0.004144997545658914,0.04705193773481568,0.011396330395615797
normal_0257_32,normal,0,A,257,normal_0257,32,8759,8774,2022-07-12 00:32:41.808000,2022-07-12 00:32:43.308000,train,0.015570964158790128,0.4255195071836689,0,ratio_AI1_AI2,6.0232266094765175e-05,0.023519676264352526,0.0493302513856657,0.004765538918243939,0.0009758006051858244,0.01477428551319801
normal_0265_00,normal,0,A,265,normal_0265,0,8961,8976,2022-07-12 00:33:41.534000,2022-07-12 00:33:43.034000,train,0.11877826452311357,0.4255195071836689,0,AI1_skew,0.015595048169044674,0.023358896783258924,0.06496881924437187,0.01655610045227362,0.5246138603589511,0.06757686213078125
normal_0265_16,normal,0,A,265,normal_0265,16,8977,8992,2022-07-12 00:33:43.134000,2022-07-12 00:33:44.634000,train,0.021858623357099025,0.4255195071836689,0,AI1_skew,0.032995189907105996,0.0033426259545347257,0.010647271307582053,0.004486996898291117,0.06613017608883898,0.013549479986241278
normal_0265_32,normal,0,A,265,normal_0265,32,8993,9008,2022-07-12 00:33:44.734000,2022-07-12 00:33:46.234000,train,0.07456608918453785,0.4255195071836689,0,AI1_skew,0.011218235850714206,0.018308865584734733,0.06598214786031174,0.002390608832889895,0.34948827089899137,8.406079585084095e-06
normal_0266_00,normal,0,A,266,normal_0266,0,9011,9026,2022-07-12 00:33:49.428000,2022-07-12 00:33:50.928000,train,0.06477493640807992,0.4255195071836689,0,ratio_AI1_AI2,0.00983911702404452,0.05555868224964295,0.2732908543628282,0.0295137948846559,0.009609823153690092,0.010837346773617904
normal_0266_16,normal,0,A,266,normal_0266,16,9027,9042,2022-07-12 00:33:51.028000,2022-07-12 00:33:52.528000,train,0.4108948378103315,0.4255195071836689,0,ratio_AI1_AI2,0.08214081685727624,0.10784218933498982,2.0176693365006253,0.19001481557054858,0.06610370175149656,0.0015981668470526104
normal_0270_00,normal,0,A,270,normal_0270,0,9095,9110,2022-07-12 00:34:15.359000,2022-07-12 00:34:16.859000,train,0.09267220812669581,0.4255195071836689,0,ratio_AI1_AI2,5.038797640105826e-05,0.047314413899329034,0.22316284839139622,0.016984866199366462,0.14300608197323675,0.12551465032044537
normal_0270_16,normal,0,A,270,normal_0270,16,9111,9126,2022-07-12 00:34:16.959000,2022-07-12 00:34:18.459000,train,0.10611002498742168,0.4255195071836689,0,ratio_AI1_AI2,0.0001756306350745526,0.018700245525841597,0.2756226637367005,0.042794141933575676,0.18632730755140064,0.11304016054193715
normal_0270_32,normal,0,A,270,normal_0270,32,9127,9142,2022-07-12 00:34:18.559000,2022-07-12 00:34:20.059000,train,0.04488368683863795,0.4255195071836689,0,AI2_rms,0.003159516570623731,0.04619574205713996,0.08831328800995512,0.0016621825694990394,0.028826952742611687,0.10114443908199819
normal_0271_00,normal,0,A,271,normal_0271,0,9145,9160,2022-07-12 00:34:21.987000,2022-07-12 00:34:23.487000,train,0.10693099607047753,0.4255195071836689,0,AI1_skew,0.00014682646678455005,0.0023499984423907237,0.04424866857619319,0.004650940932450621,0.5901857799173676,3.7620876785204864e-06
normal_0271_16,normal,0,A,271,normal_0271,16,9161,9176,2022-07-12 00:34:23.587000,2022-07-12 00:34:25.087000,train,0.022065646203554324,0.4255195071836689,0,AI0_rms,0.009472289388235761,0.05711850070273409,0.009715431571666842,0.005938185657765838,0.026696217204050698,0.023453252696872717
normal_0271_32,normal,0,A,271,normal_0271,32,9177,9192,2022-07-12 00:34:25.187000,2022-07-12 00:34:26.687000,train,0.10570240060309528,0.4255195071836689,0,AI1_skew,0.0006488892364295763,0.020370479822501803,0.06980231882333635,0.0022347848028193267,0.5407357184385108,0.0004222124949738248
normal_0272_00,normal,0,A,272,normal_0272,0,9195,9210,2022-07-12 00:34:29.244000,2022-07-12 00:34:30.744000,train,0.19482603450096217,0.4255195071836689,0,ratio_AI1_AI2,0.037243579027436566,0.037086592367586456,0.884173874672794,0.08715266985256202,0.09348158411496625,0.029817906970427802
normal_0272_16,normal,0,A,272,normal_0272,16,9211,9226,2022-07-12 00:34:30.844000,2022-07-12 00:34:32.344000,train,0.1063145651846537,0.4255195071836689,0,ratio_AI1_AI2,0.001296061438142099,0.0005619103805478397,0.518785622747182,0.05587536823844446,0.05038268650991657,0.010985741793689215
normal_0274_00,normal,0,A,274,normal_0274,0,9283,9298,2022-07-12 00:34:45.928000,2022-07-12 00:34:47.428000,train,0.08547884894441547,0.4255195071836689,0,ratio_AI1_AI2,0.009472206819040615,0.045300449173799676,0.3597594907381792,0.04035352650779793,0.04603905675197431,0.011948363675701014
normal_0274_16,normal,0,A,274,normal_0274,16,9299,9314,2022-07-12 00:34:47.528000,2022-07-12 00:34:49.028000,train,0.08761033841568823,0.4255195071836689,0,ratio_AI1_AI2,0.027389064435771493,0.09450914795311004,0.31362695773035365,0.014497612137566942,0.01897455373963393,0.05666469449769335
normal_0274_32,normal,0,A,274,normal_0274,32,9315,9330,2022-07-12 00:34:49.128000,2022-07-12 00:34:50.628000,train,0.17088978108924036,0.4255195071836689,0,AI1_skew,0.00024588081625956143,0.13385227143822845,0.14732293096609494,0.0004397663718978422,0.6146895257297404,0.12878831121322093
normal_0276_00,normal,0,A,276,normal_0276,0,9380,9395,2022-07-12 00:35:01.171000,2022-07-12 00:35:02.671000,train,0.024998676263685713,0.4255195071836689,0,AI0_rms,0.012440792396229021,0.04756335930079308,0.04460902337762633,0.0017063270914514377,0.03474307462348943,0.00892948079252499
normal_0276_16,normal,0,A,276,normal_0276,16,9396,9411,2022-07-12 00:35:02.771000,2022-07-12 00:35:04.271000,train,0.03873552148897846,0.4255195071836689,0,AI0_rms,0.0012455164820611242,0.10151276332883945,0.06027533342162523,0.00412376629136998,0.030728299777194143,0.03452744963278085
normal_0281_00,normal,0,A,281,normal_0281,0,9499,9514,2022-07-12 00:35:41.235000,2022-07-12 00:35:42.735000,train,0.18718604179562934,0.4255195071836689,0,ratio_AI1_AI2,0.06716913382676802,0.009690801250935861,0.9207067591658062,0.0519870055942269,0.049016756370102554,0.024545794565936377
normal_0281_16,normal,0,A,281,normal_0281,16,9515,9530,2022-07-12 00:35:42.835000,2022-07-12 00:35:44.335000,train,0.08508240614535593,0.4255195071836689,0,ratio_AI1_AI2,5.747904584618132e-05,0.006968723659213252,0.407169966226787,0.04157823740108807,0.04645646236180639,0.008263568177394745
normal_0281_32,normal,0,A,281,normal_0281,32,9531,9546,2022-07-12 00:35:44.435000,2022-07-12 00:35:45.935000,train,0.0312010369247307,0.4255195071836689,0,ratio_AI1_AI2,0.00015683420059536197,2.7151041822937127e-05,0.132293973589101,0.020099457330427686,0.02921463636746485,0.005414169018972379
normal_0285_00,normal,0,A,285,normal_0285,0,9612,9627,2022-07-12 00:36:07.998000,2022-07-12 00:36:09.498000,train,0.1326419655982656,0.4255195071836689,0,ratio_AI1_AI2,0.0028967353250502954,0.005514178323069126,0.7030230295011809,0.041810123370758595,0.009549857756661626,0.03305786931287307
normal_0285_16,normal,0,A,285,normal_0285,16,9628,9643,2022-07-12 00:36:09.598000,2022-07-12 00:36:11.098000,train,0.009710596195170505,0.4255195071836689,0,AI1_skew,0.018395123531470155,0.010779223573059504,0.009430324308674852,0.00038615607862591033,0.0183973432210346,0.0008754064581580051
normal_0285_32,normal,0,A,285,normal_0285,32,9644,9659,2022-07-12 00:36:11.198000,2022-07-12 00:36:12.698000,train,0.04610470721808065,0.4255195071836689,0,ratio_AI1_AI2,0.04429298258716815,0.0004535268249230947,0.08659686402426524,0.0007232516624675169,0.07346593741066236,0.07109568079899753
normal_0286_00,normal,0,A,286,normal_0286,0,9662,9677,2022-07-12 00:36:14.644000,2022-07-12 00:36:16.144000,train,0.06838298976609708,0.4255195071836689,0,ratio_AI1_AI2,0.00025855632346764835,0.0717657003609299,0.15194790192106267,0.003977682272271549,0.11406897078229887,0.06827912693655187
normal_0286_16,normal,0,A,286,normal_0286,16,9678,9693,2022-07-12 00:36:16.244000,2022-07-12 00:36:17.744000,train,0.09212842943423001,0.4255195071836689,0,AI1_skew,0.02412320479447533,0.0007501318596705213,0.0071421634568992025,0.02296407374723119,0.4942070352950966,0.003583967452007243
normal_0286_32,normal,0,A,286,normal_0286,32,9694,9709,2022-07-12 00:36:17.844000,2022-07-12 00:36:19.344000,train,0.0709347628150221,0.4255195071836689,0,AI1_skew,0.014619917010311506,0.0642427616744804,0.001986635855577737,0.017362156146656683,0.3165497685544873,0.010847337648619029
normal_0288_00,normal,0,A,288,normal_0288,0,9762,9777,2022-07-12 00:36:29.468000,2022-07-12 00:36:30.968000,train,0.796303324139648,0.4255195071836689,1,AI1_skew,0.9603139009162914,0.17076441025646935,1.1793841525045958,0.17706103238469198,2.2645591336631856,0.025737315112654674
normal_0288_16,normal,0,A,288,normal_0288,16,9778,9793,2022-07-12 00:36:31.068000,2022-07-12 00:36:32.568000,train,0.08472757063608055,0.4255195071836689,0,ratio_AI1_AI2,0.045252328838302276,1.626979167837818e-05,0.36492274689129445,0.02914982046098731,0.0687825977742769,0.00024166005994400079
normal_0289_00,normal,0,A,289,normal_0289,0,9798,9813,2022-07-12 00:36:37.428000,2022-07-12 00:36:38.928000,train,0.01594509537967509,0.4255195071836689,0,AI1_skew,0.005920453275423568,0.0013212976451290586,0.010379671112665982,0.0005766827054163115,0.07747189968791081,5.678515048056831e-07
normal_0292_00,normal,0,A,292,normal_0292,0,9836,9851,2022-07-12 00:36:55.156000,2022-07-12 00:36:56.656000,train,0.0633693523781942,0.4255195071836689,0,AI1_skew,0.01770581780040595,0.04923164254032212,0.07635228068722,0.008292948239135728,0.18672320988780308,0.041910215114278386
normal_0292_16,normal,0,A,292,normal_0292,16,9852,9867,2022-07-12 00:36:56.756000,2022-07-12 00:36:58.256000,train,0.059517801570017105,0.4255195071836689,0,AI1_skew,0.0019515917219225408,0.00017591269577227393,0.012158810350528538,0.000942407295536436,0.3339092642419219,0.007968823114420957
normal_0292_32,normal,0,A,292,normal_0292,32,9868,9883,2022-07-12 00:36:58.356000,2022-07-12 00:36:59.856000,train,0.032844190693020976,0.4255195071836689,0,AI1_skew,4.76507254362049e-06,0.00027924074851619086,0.0008602648217244169,0.00018672389807740736,0.18273440187121417,0.012999747746050033
normal_0293_00,normal,0,A,293,normal_0293,0,9886,9901,2022-07-12 00:37:02.032000,2022-07-12 00:37:03.532000,train,0.1184164323553784,0.4255195071836689,0,AI1_skew,0.045890581493411776,0.007534223093447229,0.08886659959821193,0.005306631822924233,0.4933114588022143,0.06958909932206096
normal_0293_16,normal,0,A,293,normal_0293,16,9902,9917,2022-07-12 00:37:03.632000,2022-07-12 00:37:05.132000,train,0.04495175260724255,0.4255195071836689,0,ratio_AI1_AI2,0.005850914882876206,0.03460970602253208,0.1844788347669149,0.009184945406278738,0.026963595413786914,0.0086225191510665
normal_0293_32,normal,0,A,293,normal_0293,32,9918,9933,2022-07-12 00:37:05.232000,2022-07-12 00:37:06.732000,train,0.06478993022063417,0.4255195071836689,0,AI1_skew,0.05138083251096809,0.0026909591106642075,0.009494760094356706,0.030309679895417583,0.2691129868334888,0.02575036287890972
normal_0294_00,normal,0,A,294,normal_0294,0,9936,9951,2022-07-12 00:37:09.360000,2022-07-12 00:37:10.860000,train,0.01780523408961433,0.4255195071836689,0,AI0_rms,0.01795822997733876,0.03952956061222219,0.02857586727564502,0.005382124063651535,0.015242654278366555,0.00014296833046191168
normal_0294_16,normal,0,A,294,normal_0294,16,9952,9967,2022-07-12 00:37:10.960000,2022-07-12 00:37:12.460000,train,0.007146170215655882,0.4255195071836689,0,ratio_AI1_AI2,0.007058799346423947,0.00032315060106447816,0.0260797186926719,0.0011035566172355677,0.004868734898838752,0.0034430611377006476
normal_0295_00,normal,0,A,295,normal_0295,0,9978,9993,2022-07-12 00:37:17.426000,2022-07-12 00:37:18.926000,train,0.03781184328857639,0.4255195071836689,0,AI1_skew,0.0002296540969028725,0.0018125001676318796,0.004638884150539443,0.000124437506809332,0.21533014796810926,0.004735435841465545
normal_0296_00,normal,0,A,296,normal_0296,0,10007,10022,2022-07-12 00:37:25.356000,2022-07-12 00:37:26.856000,train,0.11311097571399993,0.4255195071836689,0,AI1_skew,0.04805024382513004,1.9345849209224515e-05,0.052866829038904585,0.030831390641122225,0.5210455707501074,0.0258524741795262
normal_0298_00,normal,0,A,298,normal_0298,0,10035,10050,2022-07-12 00:37:42.318000,2022-07-12 00:37:43.818000,train,0.024245680569279757,0.4255195071836689,0,AI2_rms,0.01660118573509345,0.004890332655317472,0.03813018499126596,0.002541340275443814,0.000150624331505771,0.08316041542705209
normal_0298_16,normal,0,A,298,normal_0298,16,10051,10066,2022-07-12 00:37:43.918000,2022-07-12 00:37:45.418000,train,0.1007587113565561,0.4255195071836689,0,AI1_skew,0.0013757024715504874,0.008136545074236652,0.007902081171379515,0.0006345631893419224,0.5848046240692479,0.001698752163580099
normal_0298_32,normal,0,A,298,normal_0298,32,10067,10082,2022-07-12 00:37:45.518000,2022-07-12 00:37:47.018000,train,0.012589266796794984,0.4255195071836689,0,AI0_rms,0.020589328320439977,0.02701901916815157,0.024630364971400802,1.0618164349203835e-05,0.003275848406058796,1.0421750369535996e-05
normal_0299_00,normal,0,A,299,normal_0299,0,10085,10100,2022-07-12 00:37:49.246000,2022-07-12 00:37:50.746000,train,0.010013695626989673,0.4255195071836689,0,AI1_skew,8.544447808381316e-05,0.0007661320764201989,0.0012945894454442829,0.00014138381110339628,0.04716929001601531,0.010625333934871039
normal_0299_16,normal,0,A,299,normal_0299,16,10101,10116,2022-07-12 00:37:50.846000,2022-07-12 00:37:52.346000,train,0.010244353260979118,0.4255195071836689,0,ratio_AI1_AI2,6.869463428574055e-05,4.256276175473374e-06,0.03885888812374282,0.0031608465744908856,0.001495721596044507,0.017877712361135275
normal_0299_32,normal,0,A,299,normal_0299,32,10117,10132,2022-07-12 00:37:52.446000,2022-07-12 00:37:53.946000,train,0.019307540088606866,0.4255195071836689,0,AI1_skew,0.008766772752773174,0.0014603389962629016,0.036979980401920895,0.0001815965258925022,0.05351072534426306,0.014945826510528651
normal_0301_00,normal,0,A,301,normal_0301,0,10169,10184,2022-07-12 00:38:05.247000,2022-07-12 00:38:06.747000,train,0.11422282588344888,0.4255195071836689,0,ratio_AI1_AI2,0.02752012959972877,0.18831893243442857,0.23343126407397433,0.0019838364569320283,0.1235759092465513,0.11050688348907836
normal_0303_00,normal,0,A,303,normal_0303,0,10198,10213,2022-07-12 00:38:22.496000,2022-07-12 00:38:23.996000,train,0.04125774974943258,0.4255195071836689,0,AI0_rms,0.012622687720484891,0.14485394396707948,0.016889794641802815,0.014028915876781354,0.04215291538920698,0.016998240901239962
normal_0303_16,normal,0,A,303,normal_0303,16,10214,10229,2022-07-12 00:38:24.096000,2022-07-12 00:38:25.596000,train,0.06320597188273248,0.4255195071836689,0,AI1_skew,0.018071057073980108,0.02982169157044131,0.016091998776759514,0.002398061805214673,0.2966697553876702,0.016183266682329042
normal_0303_32,normal,0,A,303,normal_0303,32,10230,10245,2022-07-12 00:38:25.696000,2022-07-12 00:38:27.196000,train,0.07100643930906896,0.4255195071836689,0,AI0_rms,0.0025681659214756487,0.18378794124919556,0.1345924956071852,0.005570766242328812,0.0212217662319285,0.07829750060229995
normal_0305_00,normal,0,A,305,normal_0305,0,10298,10313,2022-07-12 00:38:37.296000,2022-07-12 00:38:38.796000,train,0.014368217222861074,0.4255195071836689,0,AI1_skew,0.023620193799396644,4.895686896719405e-07,0.024905320912372995,0.005730145554706291,0.0309721008927571,0.000981052609243744
normal_0305_16,normal,0,A,305,normal_0305,16,10314,10329,2022-07-12 00:38:38.896000,2022-07-12 00:38:40.396000,train,0.04543975657022581,0.4255195071836689,0,AI1_skew,0.022258174255514872,0.000263091814982393,0.008682407788874108,0.004574732262778045,0.2319241337190822,0.004935999580123257
normal_0306_00,normal,0,A,306,normal_0306,0,10336,10351,2022-07-12 00:38:45.418000,2022-07-12 00:38:46.918000,train,0.10217258917755616,0.4255195071836689,0,ratio_AI1_AI2,0.061341220292674005,0.0784084713695819,0.3935251317159124,0.024541619014061183,0.004452177840892157,0.05076691483221527
normal_0306_16,normal,0,A,306,normal_0306,16,10352,10367,2022-07-12 00:38:47.018000,2022-07-12 00:38:48.518000,train,0.06820974357792801,0.4255195071836689,0,ratio_AI1_AI2,0.03232313658821332,0.036330303373800346,0.28291902094238847,0.022310056875972782,1.4723423046779204e-09,0.035375942214850874
normal_0307_00,normal,0,A,307,normal_0307,0,10371,10386,2022-07-12 00:38:53.456000,2022-07-12 00:38:54.956000,train,0.672293966758478,0.4255195071836689,1,AI1_skew,0.011568835021353918,0.16907611475330378,0.14868773484183795,0.18950098974568103,3.2427472547929175,0.2721828713957735
normal_0309_00,normal,0,A,309,normal_0309,0,10403,10418,2022-07-12 00:39:10.908000,2022-07-12 00:39:12.408000,train,0.13638272502822033,0.4255195071836689,0,AI1_skew,0.05843339828049455,0.0007941461973103844,0.09660492652743304,0.07423617818194785,0.5206357288078792,0.0675919721742569
normal_0309_16,normal,0,A,309,normal_0309,16,10419,10434,2022-07-12 00:39:12.508000,2022-07-12 00:39:14.008000,train,0.0688093101434409,0.4255195071836689,0,AI1_skew,0.03833078129605737,0.016501310774877043,0.13413260949715083,0.028489984014948337,0.1931892772206354,0.002211898056976364
normal_0309_32,normal,0,A,309,normal_0309,32,10435,10450,2022-07-12 00:39:14.108000,2022-07-12 00:39:15.608000,train,0.07289159153333662,0.4255195071836689,0,AI1_skew,0.0014691947554669107,0.0422637205087215,0.13699935983932734,0.00025253593619383873,0.20331427759080747,0.053050460569502654
normal_0310_00,normal,0,A,310,normal_0310,0,10453,10468,2022-07-12 00:39:17.687000,2022-07-12 00:39:19.187000,train,0.04885873427170185,0.4255195071836689,0,ratio_AI1_AI2,0.004895287643717256,0.1108332113411109,0.1247402035458068,0.000388860036690402,9.613323248305619e-05,0.05219870983040272
normal_0310_16,normal,0,A,310,normal_0310,16,10469,10484,2022-07-12 00:39:19.287000,2022-07-12 00:39:20.787000,train,0.04763384476322907,0.4255195071836689,0,AI1_skew,0.018313226798072353,0.009527675055271266,0.029939613496720092,2.581754141049362e-05,0.20718921011379862,0.020807525574101565
normal_0310_32,normal,0,A,310,normal_0310,32,10485,10500,2022-07-12 00:39:20.887000,2022-07-12 00:39:22.387000,train,0.08436586892563702,0.4255195071836689,0,AI1_skew,0.0009165741175953496,0.0785214181519236,0.0034884277377272128,0.03167529926474452,0.3893351394218817,0.002258354859949773
normal_0311_00,normal,0,A,311,normal_0311,0,10503,10518,2022-07-12 00:39:25.531000,2022-07-12 00:39:27.031000,train,0.02065539847564344,0.4255195071836689,0,ratio_AI1_AI2,0.004409641997097757,0.010826719723810482,0.04772386058959924,8.117292993684974e-05,0.04671793048440326,0.014173065129013052
normal_0311_16,normal,0,A,311,normal_0311,16,10519,10534,2022-07-12 00:39:27.131000,2022-07-12 00:39:28.631000,train,0.006607291352796067,0.4255195071836689,0,ratio_AI1_AI2,0.0001241037261488362,0.009190583096258118,0.022970038821657324,9.271932569006169e-05,0.00017664143578146173,0.007089661711240601
normal_0312_00,normal,0,A,312,normal_0312,0,10541,10556,2022-07-12 00:39:33.471000,2022-07-12 00:39:34.971000,train,0.034502490375035465,0.4255195071836689,0,AI1_skew,0.029010996989823443,0.015315483772575389,0.006164026463663335,0.002558122645720088,0.13903000153973852,0.014936310838692003
normal_0313_00,normal,0,A,313,normal_0313,0,10565,10580,2022-07-12 00:39:41.284000,2022-07-12 00:39:42.784000,train,0.07288500716220657,0.4255195071836689,0,AI1_skew,0.024110658511171643,0.008638481692449535,0.02413178078728954,0.009075763267416829,0.29864612741863655,0.07270723129627532
normal_0315_00,normal,0,A,315,normal_0315,0,10583,10598,2022-07-12 00:39:51.184000,2022-07-12 00:39:52.684000,train,0.014588622267807232,0.4255195071836689,0,AI0_rms,0.0037773196599325295,0.048936383100552844,0.02496133654157904,0.00450886179883538,0.003195022783779355,0.0021528097221642697
normal_0315_16,normal,0,A,315,normal_0315,16,10599,10614,2022-07-12 00:39:52.784000,2022-07-12 00:39:54.284000,train,0.12773391186247188,0.4255195071836689,0,AI1_skew,0.14838033155681873,0.008608307986019532,0.028393383334716516,0.01730578703771211,0.5108859083342664,0.05282975292529798
normal_0315_32,normal,0,A,315,normal_0315,32,10615,10630,2022-07-12 00:39:54.384000,2022-07-12 00:39:55.884000,train,0.007467760698535473,0.4255195071836689,0,ratio_AI1_AI2,0.00044195530364984074,0.008053831632693144,0.01481413543538142,0.0013918962451494594,0.006615817583914967,0.013488927990424003
normal_0316_00,normal,0,A,316,normal_0316,0,10633,10648,2022-07-12 00:39:57.839000,2022-07-12 00:39:59.339000,train,0.032600698244243546,0.4255195071836689,0,AI0_rms,0.0024759067585607038,0.0711613444937427,0.022705680262030854,0.007121518026884012,0.044512877262992315,0.047626862661250643
normal_0316_16,normal,0,A,316,normal_0316,16,10649,10664,2022-07-12 00:39:59.439000,2022-07-12 00:40:00.939000,train,0.04575435629358978,0.4255195071836689,0,AI2_rms,0.0034290691691393612,0.0729898488340321,0.05661666482869392,0.006870565267398914,0.06160614014885419,0.07301384951342021
normal_0316_32,normal,0,A,316,normal_0316,32,10665,10680,2022-07-12 00:40:01.039000,2022-07-12 00:40:02.539000,train,0.08577608799308178,0.4255195071836689,0,AI1_skew,0.006482200137469775,0.06455022076581876,0.07767996215287767,0.004830813923229513,0.2633431317953917,0.09777019918370322
normal_0318_00,normal,0,A,318,normal_0318,0,10725,10740,2022-07-12 00:40:13.200000,2022-07-12 00:40:14.700000,train,0.1503195041131777,0.4255195071836689,0,ratio_AI1_AI2,0.005294395842249469,0.000536216534470906,0.7531339215176551,0.07792478717095942,0.0631474872380522,0.001880216375679275
normal_0319_00,normal,0,A,319,normal_0319,0,10756,10771,2022-07-12 00:40:21.200000,2022-07-12 00:40:22.700000,train,1.3154143168542916,0.4255195071836689,1,AI1_skew,0.09832168884503044,0.5115604891508597,1.4808331883332744,0.6602306099504383,4.86461486333668,0.2769250615094664
normal_0322_00,normal,0,A,322,normal_0322,0,10778,10793,2022-07-12 00:40:39.236000,2022-07-12 00:40:40.736000,train,0.019617271902969503,0.4255195071836689,0,AI1_rms,0.002287440463774528,0.022537952179405372,0.024090603579703954,0.045706603207390235,0.016334959029627043,0.00674607295791588
normal_0322_16,normal,0,A,322,normal_0322,16,10794,10809,2022-07-12 00:40:40.836000,2022-07-12 00:40:42.336000,train,0.021370702920517032,0.4255195071836689,0,AI1_skew,0.005639783509951798,0.027965062332342822,0.0031706324258112396,0.006948022839977794,0.08326569440279813,0.0012350220122204294
normal_0322_32,normal,0,A,322,normal_0322,32,10810,10825,2022-07-12 00:40:42.436000,2022-07-12 00:40:43.936000,train,0.04706336814883829,0.4255195071836689,0,AI1_skew,0.016362459734973862,4.3564256849599456e-05,0.009706519150432665,2.0575219822936728e-05,0.2499180391692866,0.006329051361664084
normal_0323_00,normal,0,A,323,normal_0323,0,10828,10843,2022-07-12 00:40:45.865000,2022-07-12 00:40:47.365000,train,0.006659984335688376,0.4255195071836689,0,ratio_AI1_AI2,0.001074075261517821,0.011006293898958167,0.019585326473568795,0.0025994970722733025,0.00017628487289193245,0.005518428434920241
normal_0323_16,normal,0,A,323,normal_0323,16,10844,10859,2022-07-12 00:40:47.465000,2022-07-12 00:40:48.965000,train,0.01986822351175276,0.4255195071836689,0,ratio_AI1_AI2,0.0006254656199956476,0.0310083107282747,0.06700693021543142,0.010445545977814425,0.0071827831439122735,0.0029403053850880806
normal_0323_32,normal,0,A,323,normal_0323,32,10860,10875,2022-07-12 00:40:49.065000,2022-07-12 00:40:50.565000,train,0.14349198639455227,0.4255195071836689,0,ratio_AI1_AI2,0.1217948370413384,0.1681799420110736,0.5004706657127189,0.06540442602661226,0.004958965302985492,0.00014308227258502624
normal_0324_00,normal,0,A,324,normal_0324,0,10878,10893,2022-07-12 00:40:53.176000,2022-07-12 00:40:54.676000,train,0.023744751825162325,0.4255195071836689,0,AI1_skew,0.010539059694264698,2.1811937679130653e-05,0.00021997923913379927,0.0044748000394631195,0.11329288016021888,0.013919979880214354
normal_0324_16,normal,0,A,324,normal_0324,16,10894,10909,2022-07-12 00:40:54.776000,2022-07-12 00:40:56.276000,train,0.08603878198289533,0.4255195071836689,0,AI1_skew,0.01809411409725847,6.739326955633008e-05,0.0734362993217139,0.039794379252319885,0.3629514145351402,0.021889091421383167
normal_0325_00,normal,0,A,325,normal_0325,0,10922,10937,2022-07-12 00:41:01.166000,2022-07-12 00:41:02.666000,train,0.0035404264866851515,0.4255195071836689,0,ratio_AI0_AI2,0.011189786613086849,0.0005100922376461921,0.008458280118263925,0.00012669505225114397,8.261574291051937e-05,0.0008750891559522764
normal_0326_00,normal,0,A,326,normal_0326,0,10952,10967,2022-07-12 00:41:09.181000,2022-07-12 00:41:10.681000,train,0.01949539754749693,0.4255195071836689,0,AI1_skew,0.0034261488365069604,0.016512931855335887,0.00014054691372553614,0.005103424185530478,0.08462158487869947,0.007167748615183236
normal_0328_00,normal,0,A,328,normal_0328,0,10974,10989,2022-07-12 00:41:19.199000,2022-07-12 00:41:20.699000,train,0.05017940367208812,0.4255195071836689,0,AI1_skew,0.00109525133160733,0.08282047789952501,0.03491055107911415,0.006552537086144316,0.09506727885508831,0.08063032578104959
normal_0328_16,normal,0,A,328,normal_0328,16,10990,11005,2022-07-12 00:41:20.799000,2022-07-12 00:41:22.299000,train,0.06570903815066344,0.4255195071836689,0,AI0_rms,0.005409291282754697,0.1479956795578723,0.12778309431451515,0.0021020660452148667,6.201152456794098e-05,0.11090208617905568
normal_0328_32,normal,0,A,328,normal_0328,32,11006,11021,2022-07-12 00:41:22.399000,2022-07-12 00:41:23.899000,train,0.055355904442638854,0.4255195071836689,0,AI1_skew,0.03661136478954646,0.014230816476925725,0.015263104722498403,0.010809832689728575,0.2467670968251886,0.008453211151945337
normal_0329_00,normal,0,A,329,normal_0329,0,11024,11039,2022-07-12 00:41:25.865000,2022-07-12 00:41:27.365000,train,0.0106044848834091,0.4255195071836689,0,AI0_rms,0.02101991688028305,0.030190633472339953,0.005986831965129575,0.001682776912942427,0.003417942933900904,0.0013288071358586952
normal_0329_16,normal,0,A,329,normal_0329,16,11040,11055,2022-07-12 00:41:27.465000,2022-07-12 00:41:28.965000,train,0.013600377246878357,0.4255195071836689,0,ratio_AI1_AI2,0.012665900072628291,0.02948124247072668,0.03654691502109841,4.4065017330551056e-05,0.0024625368100155967,0.0004016040894706055
normal_0329_32,normal,0,A,329,normal_0329,32,11056,11071,2022-07-12 00:41:29.065000,2022-07-12 00:41:30.565000,train,0.03723879900508254,0.4255195071836689,0,AI1_skew,0.00021007202522001523,0.00915070074244003,0.10527678284399357,0.002471806301924285,0.10625077648316628,7.265563375108198e-05
normal_0331_00,normal,0,A,331,normal_0331,0,11116,11131,2022-07-12 00:41:41.292000,2022-07-12 00:41:42.792000,train,0.6005477601672139,0.4255195071836689,1,AI1_skew,0.015564412097040388,0.06388780002309774,0.5972036161548441,0.0405002925411874,2.739015894630639,0.1471145455564743
normal_0335_00,normal,0,A,335,normal_0335,0,11212,11227,2022-07-12 00:42:13.314000,2022-07-12 00:42:14.814000,train,0.024247499285216023,0.4255195071836689,0,AI2_rms,0.04251783428609123,0.0024051597792909664,0.026339581488217467,0.002484626120497427,0.025577352324205146,0.0461604417129939
normal_0335_16,normal,0,A,335,normal_0335,16,11228,11243,2022-07-12 00:42:14.914000,2022-07-12 00:42:16.414000,train,0.03459985727296532,0.4255195071836689,0,AI1_skew,0.00026310712521497185,0.005093294634738687,0.009166009273852863,0.01716810996693756,0.15843223055201466,0.017476392085033172
normal_0336_00,normal,0,A,336,normal_0336,0,11257,11272,2022-07-12 00:42:21.316000,2022-07-12 00:42:22.816000,train,0.03873157410495095,0.4255195071836689,0,ratio_AI1_AI2,0.024652054541950293,0.0030798450614614543,0.10587180353915943,0.025025454177267203,0.06606477933559748,0.007695507974269854
normal_0336_16,normal,0,A,336,normal_0336,16,11273,11288,2022-07-12 00:42:22.916000,2022-07-12 00:42:24.416000,train,1.2406555683596119,0.4255195071836689,1,AI1_skew,6.802366651613252e-05,0.29454208841277574,1.7113211554063408,0.7535304352236281,4.347691972670139,0.33677973477827094
normal_0340_00,normal,0,A,340,normal_0340,0,11349,11364,2022-07-12 00:42:47.528000,2022-07-12 00:42:49.028000,train,0.05405571772221548,0.4255195071836689,0,AI1_skew,0.01606535780155421,0.01613160260878169,0.1103331658992027,0.008507388640788587,0.17278854489266943,0.0005082464902962652
normal_0340_16,normal,0,A,340,normal_0340,16,11365,11380,2022-07-12 00:42:49.128000,2022-07-12 00:42:50.628000,train,0.06636018580304044,0.4255195071836689,0,AI1_skew,0.042323805836731725,0.0005585495148656888,0.016157598424796284,0.004295260618189562,0.3302902525940636,0.0045356478295957734
normal_0340_32,normal,0,A,340,normal_0340,32,11381,11396,2022-07-12 00:42:50.728000,2022-07-12 00:42:52.228000,train,0.07883391307288605,0.4255195071836689,0,AI1_skew,0.06141873175558236,0.0006673942553728427,0.0006453510083230915,0.013698505556281321,0.37292558073629434,0.023647915125462382
normal_0341_00,normal,0,A,341,normal_0341,0,11399,11414,2022-07-12 00:42:54.375000,2022-07-12 00:42:55.875000,train,0.10510227459787312,0.4255195071836689,0,ratio_AI1_AI2,0.0018239134530591127,0.008945681838645499,0.4560237470580327,0.05213800300094475,0.10736754176843752,0.004314760468119028
normal_0341_16,normal,0,A,341,normal_0341,16,11415,11430,2022-07-12 00:42:55.975000,2022-07-12 00:42:57.475000,train,0.08136044819057921,0.4255195071836689,0,ratio_AI1_AI2,0.0005563773648375695,0.0013552623896428038,0.4169620762042414,0.023235147103165658,0.009188122329566983,0.036865703752020744
normal_0341_32,normal,0,A,341,normal_0341,32,11431,11446,2022-07-12 00:42:57.575000,2022-07-12 00:42:59.075000,train,0.15306340124074155,0.4255195071836689,0,AI1_skew,0.19165467711841533,0.017381881964142937,0.27514474724660587,0.042572220182629385,0.38552632588274444,0.006100555049911365
normal_0342_00,normal,0,A,342,normal_0342,0,11449,11464,2022-07-12 00:43:01.514000,2022-07-12 00:43:03.014000,train,0.047255264748789334,0.4255195071836689,0,AI1_skew,0.01180816091694976,0.006420516063881207,0.07696497639235654,0.029581201860169087,0.13134896557208042,0.02740776768729898
normal_0342_16,normal,0,A,342,normal_0342,16,11465,11480,2022-07-12 00:43:03.114000,2022-07-12 00:43:04.614000,train,0.08461195356957046,0.4255195071836689,0,AI1_skew,0.007672542996573962,0.04395594040492892,0.005121395119379257,0.005223280995972406,0.43488021099537655,0.010818350905191705
normal_0343_00,normal,0,A,343,normal_0343,0,11494,11509,2022-07-12 00:43:09.436000,2022-07-12 00:43:10.936000,train,0.016023767275267265,0.4255195071836689,0,AI1_skew,0.00020788826761896552,0.008363843807263413,0.02865897328875215,0.0025207623829241813,0.0394160397161128,0.016975096188932087
normal_0343_16,normal,0,A,343,normal_0343,16,11510,11525,2022-07-12 00:43:11.036000,2022-07-12 00:43:12.536000,train,0.0101166671492276,0.4255195071836689,0,ratio_AI1_AI2,0.005353123077803968,0.004472420746863613,0.03445390923251172,0.0027155296681348365,0.013250995503722027,0.00045402466632943746
normal_0347_00,normal,0,A,347,normal_0347,0,11566,11581,2022-07-12 00:43:35.064000,2022-07-12 00:43:36.564000,train,0.09096563310605536,0.4255195071836689,0,AI1_skew,0.014917990379953328,0.01492267581703599,0.005078393876486752,0.007236882144320394,0.4535649677397861,0.05007288867874962
normal_0347_16,normal,0,A,347,normal_0347,16,11582,11597,2022-07-12 00:43:36.664000,2022-07-12 00:43:38.164000,train,0.23947307804041595,0.4255195071836689,0,AI1_skew,0.002962123451958645,0.06597404266500152,0.04842866004046305,0.07627658898343906,1.1244605441674804,0.1187365089341531
normal_0347_32,normal,0,A,347,normal_0347,32,11598,11613,2022-07-12 00:43:38.264000,2022-07-12 00:43:39.764000,train,0.4197321255894579,0.4255195071836689,0,AI1_skew,9.230864975274247e-06,0.0645593975746924,0.582314365163269,0.2185547807923861,1.5741382733306764,0.07881670581074822
normal_0350_00,normal,0,A,350,normal_0350,0,11707,11722,2022-07-12 00:43:57.268000,2022-07-12 00:43:58.768000,train,0.02641229154652815,0.4255195071836689,0,ratio_AI0_AI2,0.14588288772937683,8.678695938963782e-05,0.007161875069724501,0.004081827976399556,0.0006896820789017615,0.0005706894653766269
normal_0355_00,normal,0,A,355,normal_0355,0,11858,11873,2022-07-12 00:44:29.332000,2022-07-12 00:44:30.832000,train,0.06844593327005767,0.4255195071836689,0,AI1_skew,0.015990729709576216,7.697647903604061e-05,0.03834690747087477,0.012537275560694429,0.3306727753555029,0.013050935044661718
normal_0355_16,normal,0,A,355,normal_0355,16,11874,11889,2022-07-12 00:44:30.932000,2022-07-12 00:44:32.432000,train,0.027335913173616302,0.4255195071836689,0,ratio_AI1_AI2,0.0008623956269500425,0.02832282178600227,0.10953689163534419,0.0001278640031881616,0.001717794807100593,0.02344771118311254
normal_0356_00,normal,0,A,356,normal_0356,0,11904,11919,2022-07-12 00:44:37.312000,2022-07-12 00:44:38.812000,train,0.009063924272887132,0.4255195071836689,0,ratio_AI1_AI2,9.358757711601937e-06,0.0004220803401633335,0.027563499781320625,0.0015820870813826303,0.00946536719837448,0.015341152478370123
normal_0356_16,normal,0,A,356,normal_0356,16,11920,11935,2022-07-12 00:44:38.912000,2022-07-12 00:44:40.412000,train,0.014941956002226803,0.4255195071836689,0,AI1_skew,0.002902340708717448,0.0001768393775589975,0.021125338934806028,0.003724198550390593,0.04676834083887177,0.014954677603015979
normal_0357_00,normal,0,A,357,normal_0357,0,11936,11951,2022-07-12 00:44:45.286000,2022-07-12 00:44:46.786000,train,0.05727249659452278,0.4255195071836689,0,AI1_skew,0.03530117519979122,0.0004068848525796092,0.01371554509690714,0.002340363735257929,0.2860117051542557,0.0058593055283450955
normal_0359_00,normal,0,A,359,normal_0359,0,11963,11978,2022-07-12 00:45:02.356000,2022-07-12 00:45:03.856000,train,0.38668289838535447,0.4255195071836689,0,AI1_skew,0.1645777041486385,0.01879961615629266,0.04375616016332491,0.0038700504343774094,2.0592962713337233,0.0297975880757695
normal_0359_16,normal,0,A,359,normal_0359,16,11979,11994,2022-07-12 00:45:03.956000,2022-07-12 00:45:05.456000,train,0.36310117987196383,0.4255195071836689,0,ratio_AI1_AI2,0.0009645564903521813,0.355870124567154,0.9427755732515553,0.016438336468265542,0.332685336444841,0.5298731520096146
normal_0359_32,normal,0,A,359,normal_0359,32,11995,12010,2022-07-12 00:45:05.556000,2022-07-12 00:45:07.056000,train,0.17674189729578274,0.4255195071836689,0,AI1_skew,0.021313057135357937,0.035356361459243105,0.0005422886888601235,0.006543911637892978,0.9909079217962627,0.005787843057079782
normal_0360_00,normal,0,A,360,normal_0360,0,12013,12028,2022-07-12 00:45:10.440000,2022-07-12 00:45:11.940000,train,0.032432103755502775,0.4255195071836689,0,AI1_skew,6.2521605333363194e-06,0.032711087600968324,0.07284015928132173,0.005304639745756066,0.08371598440635414,1.4499338083054329e-05
normal_0360_16,normal,0,A,360,normal_0360,16,12029,12044,2022-07-12 00:45:12.040000,2022-07-12 00:45:13.540000,train,0.12179179393465983,0.4255195071836689,0,ratio_AI1_AI2,0.02301221973693131,0.007219210864148253,0.4622264420185502,0.04642727089300696,0.19137301869547443,0.0004926013998478322
normal_0360_32,normal,0,A,360,normal_0360,32,12045,12060,2022-07-12 00:45:13.640000,2022-07-12 00:45:15.140000,train,0.012694943117396341,0.4255195071836689,0,AI1_skew,0.006789598625330342,0.008326505132175645,0.00041496108797804747,0.0036008350122695406,0.05648098248554756,0.0005567763610769163
normal_0361_00,normal,0,A,361,normal_0361,0,12063,12078,2022-07-12 00:45:17.244000,2022-07-12 00:45:18.744000,train,0.03866366742220517,0.4255195071836689,0,ratio_AI1_AI2,0.000878620172337998,0.04370850453521233,0.1106466588186309,0.0031532524383984504,0.04084870513382019,0.032746263434831176
normal_0361_16,normal,0,A,361,normal_0361,16,12079,12094,2022-07-12 00:45:18.844000,2022-07-12 00:45:20.344000,train,0.12978532229194784,0.4255195071836689,0,ratio_AI1_AI2,0.028041659176970612,0.047226539918639954,0.3506379037263786,0.027370966202242674,0.2663136332634878,0.05912123146396742
normal_0361_32,normal,0,A,361,normal_0361,32,12095,12110,2022-07-12 00:45:20.444000,2022-07-12 00:45:21.944000,train,0.01047585602719786,0.4255195071836689,0,AI1_skew,0.007496889956571818,0.013576676752329066,0.0027426062357169827,0.01032532099961312,0.028004079850488525,0.0007095623684676578
normal_0365_00,normal,0,A,365,normal_0365,0,12177,12192,2022-07-12 00:45:50.892000,2022-07-12 00:45:52.392000,train,0.0691663771223222,0.4255195071836689,0,ratio_AI1_AI2,0.026850416047187763,0.03356762983957275,0.245960629844038,0.04656858066291806,0.06165293836558208,0.0003980679746345434
normal_0365_16,normal,0,A,365,normal_0365,16,12193,12208,2022-07-12 00:45:52.492000,2022-07-12 00:45:53.992000,train,0.25339856390940557,0.4255195071836689,0,AI1_skew,0.02602462701133816,0.0039905074685096225,0.6066264207438894,0.0504026639663735,0.8314344186541306,0.001912745612191888
normal_0365_32,normal,0,A,365,normal_0365,32,12209,12224,2022-07-12 00:45:54.092000,2022-07-12 00:45:55.592000,train,0.20862626347515847,0.4255195071836689,0,ratio_AI1_AI2,0.014636047591152961,0.02312480343536777,0.9059908918467175,0.1119919656108675,0.1886916324201232,0.007322239946721896
normal_0368_00,normal,0,A,368,normal_0368,0,12314,12329,2022-07-12 00:46:13.485000,2022-07-12 00:46:14.985000,train,0.3823062742759582,0.4255195071836689,0,ratio_AI1_AI2,0.08002390570816079,0.21264790109756898,1.5774159443260316,0.13986360904305545,0.2534263326929192,0.030459952788013164
normal_0371_00,normal,0,A,371,normal_0371,0,12357,12372,2022-07-12 00:46:31.584000,2022-07-12 00:46:33.084000,train,0.029418964810670644,0.4255195071836689,0,ratio_AI1_AI2,0.009160665404053794,0.007754255448851345,0.14006481461771567,0.008037141798592334,0.01085862850092237,0.000638283093888355
normal_0371_16,normal,0,A,371,normal_0371,16,12373,12388,2022-07-12 00:46:33.184000,2022-07-12 00:46:34.684000,train,0.2498332545818143,0.4255195071836689,0,AI1_skew,0.17804816957496752,0.0026088214395518896,0.2235754695478415,0.049740471538229185,1.0094427696737036,0.0355838257165921
normal_0371_32,normal,0,A,371,normal_0371,32,12389,12404,2022-07-12 00:46:34.784000,2022-07-12 00:46:36.284000,train,0.033396373212089984,0.4255195071836689,0,ratio_AI1_AI2,0.015891619603946177,0.01034273896152018,0.11544714171718486,0.003058043535836095,0.055593152544288184,4.5542909764403974e-05
normal_0372_00,normal,0,A,372,normal_0372,0,12407,12422,2022-07-12 00:46:38.256000,2022-07-12 00:46:39.756000,train,0.021465306426320954,0.4255195071836689,0,AI0_rms,0.005370753261077669,0.06912951926830903,0.014952037126655287,0.010739940531258417,0.0019704724668316736,0.026629115903793663
normal_0372_16,normal,0,A,372,normal_0372,16,12423,12438,2022-07-12 00:46:39.856000,2022-07-12 00:46:41.356000,train,0.04768893480845977,0.4255195071836689,0,AI1_skew,0.008735631129024948,0.031016034540684106,0.001516021291589503,0.01580349597823067,0.1912853914440358,0.03777703446719358
normal_0372_32,normal,0,A,372,normal_0372,32,12439,12454,2022-07-12 00:46:41.456000,2022-07-12 00:46:42.956000,train,0.026023395559024245,0.4255195071836689,0,AI1_skew,0.006886316983697514,0.015343486316039457,0.00018764508347807461,0.003310987478049473,0.10488657986113133,0.02552535763174963
normal_0373_00,normal,0,A,373,normal_0373,0,12457,12472,2022-07-12 00:46:45.658000,2022-07-12 00:46:47.158000,train,0.06021365803282846,0.4255195071836689,0,ratio_AI1_AI2,0.0028112895652420834,0.12279009056094556,0.14513296805988954,0.0007463471384854893,0.004869267260021565,0.08493198561238653
normal_0373_16,normal,0,A,373,normal_0373,16,12473,12488,2022-07-12 00:46:47.258000,2022-07-12 00:46:48.758000,train,0.09992062121411312,0.4255195071836689,0,AI1_skew,0.033271520673460946,0.06675701174304713,0.030413148536940212,0.0026661221805260437,0.4162625210683663,0.050153403082338024
normal_0374_00,normal,0,A,374,normal_0374,0,12500,12515,2022-07-12 00:46:53.743000,2022-07-12 00:46:55.243000,train,0.19674662097518794,0.4255195071836689,0,ratio_AI1_AI2,0.037663035126420136,0.13824915673241364,0.8331594300690786,0.07488729495672869,0.07263138519869963,0.023889423767786935
normal_0378_00,normal,0,A,378,normal_0378,0,12607,12622,2022-07-12 00:47:18.491000,2022-07-12 00:47:19.991000,train,0.29919038660797276,0.4255195071836689,0,AI1_skew,0.08391699959225465,0.09344016859703515,0.03945557017931581,0.02668370553796639,1.3253352772947407,0.22631059844652363
normal_0378_16,normal,0,A,378,normal_0378,16,12623,12638,2022-07-12 00:47:20.091000,2022-07-12 00:47:21.591000,train,0.4183593043827285,0.4255195071836689,0,AI1_skew,0.01683213947520195,0.08692462179901905,0.1160058124904525,0.13550611454538622,1.9736926611261385,0.18119447686017276
normal_0378_32,normal,0,A,378,normal_0378,32,12639,12654,2022-07-12 00:47:21.691000,2022-07-12 00:47:23.191000,train,0.8685925137923208,0.4255195071836689,1,AI1_skew,0.015638803401803004,0.19824509653687084,1.1168659975842445,0.4391608878094241,3.2896866673501806,0.15195763007140295
normal_0379_00,normal,0,A,379,normal_0379,0,12657,12672,2022-07-12 00:47:25.788000,2022-07-12 00:47:27.288000,train,0.04322663355970857,0.4255195071836689,0,AI0_rms,0.010676543346714269,0.12371740555632114,0.030710168624332044,0.011850100286053983,0.053424169497337005,0.028981414047492993
normal_0379_16,normal,0,A,379,normal_0379,16,12673,12688,2022-07-12 00:47:27.388000,2022-07-12 00:47:28.888000,train,0.009661499952384595,0.4255195071836689,0,ratio_AI1_AI2,0.009348604690464443,0.008396261072023065,0.020395905871262516,0.00015124516221400202,0.016367355983307342,0.003309626935036205
normal_0384_00,normal,0,A,384,normal_0384,0,12793,12808,2022-07-12 00:48:06.559000,2022-07-12 00:48:08.059000,train,0.005477978496658472,0.4255195071836689,0,AI1_skew,0.009696035890235358,3.245550156327983e-05,0.0009068824639835822,0.0015583553356731063,0.0203924261206315,0.0002817156678640011
normal_0384_16,normal,0,A,384,normal_0384,16,12809,12824,2022-07-12 00:48:08.159000,2022-07-12 00:48:09.659000,train,0.07986031996029694,0.4255195071836689,0,AI1_skew,0.05890878480820204,0.00048408839396280176,0.0025577796652398546,0.006839379108880837,0.4023433148056403,0.008028572979855795
normal_0384_32,normal,0,A,384,normal_0384,32,12825,12840,2022-07-12 00:48:09.759000,2022-07-12 00:48:11.259000,train,0.11325974886449376,0.4255195071836689,0,ratio_AI1_AI2,0.152647766153891,0.034236675683894914,0.22858552123454437,0.039327979592968916,0.22440548289142903,0.00035506763023429393
normal_0386_00,normal,0,A,386,normal_0386,0,12883,12898,2022-07-12 00:48:22.150000,2022-07-12 00:48:23.650000,train,0.1333843089951758,0.4255195071836689,0,AI1_skew,0.002061080143490892,0.012444634487180644,0.08881255755365199,0.07027394371696442,0.5941956410056706,0.0325179970640964
normal_0387_00,normal,0,A,387,normal_0387,0,12911,12926,2022-07-12 00:48:30.056000,2022-07-12 00:48:31.556000,train,0.07534850286728685,0.4255195071836689,0,AI1_skew,0.04980504109460803,0.00018706289176505147,0.00026798110538781667,0.022517201829619686,0.3405871030778543,0.03872662720448629
normal_0389_00,normal,0,A,389,normal_0389,0,12932,12947,2022-07-12 00:48:40.145000,2022-07-12 00:48:41.645000,train,0.013751505234961865,0.4255195071836689,0,AI1_skew,0.003927392292970042,0.0008296196680294113,0.01679809648714088,0.004995983190836674,0.031226506015065034,0.024731433755729143
normal_0389_16,normal,0,A,389,normal_0389,16,12948,12963,2022-07-12 00:48:41.745000,2022-07-12 00:48:43.245000,train,0.04407453753055193,0.4255195071836689,0,AI1_skew,0.012256721161598528,0.021146830303845135,0.047201967508369545,0.005128874741218897,0.12756460409471276,0.051148227373566744
normal_0389_32,normal,0,A,389,normal_0389,32,12964,12979,2022-07-12 00:48:43.345000,2022-07-12 00:48:44.845000,train,0.02106898972716877,0.4255195071836689,0,ratio_AI1_AI2,0.0008981197366205467,1.1693216833183317e-05,0.05509335427011602,0.020826961229970225,0.011488728728244158,0.03809508118122849
normal_0390_00,normal,0,A,390,normal_0390,0,12982,12997,2022-07-12 00:48:46.796000,2022-07-12 00:48:48.296000,train,0.023684205949266065,0.4255195071836689,0,AI0_rms,0.02225947589776534,0.057931744815893,0.03827339780607106,0.00044833185101412647,0.0008862199859714125,0.022306065338881447
normal_0390_16,normal,0,A,390,normal_0390,16,12998,13013,2022-07-12 00:48:48.396000,2022-07-12 00:48:49.896000,train,0.04762359620862069,0.4255195071836689,0,AI1_skew,0.004776114431625695,0.05478676465172512,0.09149289065034463,0.00018113570824465804,0.12300343108672762,0.01150124072305634
normal_0390_32,normal,0,A,390,normal_0390,32,13014,13029,2022-07-12 00:48:49.996000,2022-07-12 00:48:51.496000,train,0.06439467774777713,0.4255195071836689,0,AI1_skew,0.010746036360868575,0.00817943368477564,0.07038126192449061,0.007986667169125196,0.28276870790779945,0.00630595943960331
normal_0391_00,normal,0,A,391,normal_0391,0,13032,13047,2022-07-12 00:48:54.584000,2022-07-12 00:48:56.084000,train,0.31104231709477775,0.4255195071836689,0,AI1_skew,0.5297762740243088,0.2972960873370235,0.3012093987941651,0.002705861011474742,0.6073906470968905,0.1278756343048039
normal_0391_16,normal,0,A,391,normal_0391,16,13048,13063,2022-07-12 00:48:56.184000,2022-07-12 00:48:57.684000,train,0.04735364689809681,0.4255195071836689,0,AI1_skew,0.03698672586709902,0.024067779849245918,9.538972958266706e-05,0.0015104390866635886,0.17957604629451496,0.04188550056147475
normal_0396_00,normal,0,A,396,normal_0396,0,13161,13176,2022-07-12 00:49:34.708000,2022-07-12 00:49:36.208000,train,0.07508820691288863,0.4255195071836689,0,ratio_AI1_AI2,0.07774121604284805,0.0900452327463332,0.2123986208965474,0.0405806011183255,0.028722934613652957,0.0010406360596247547
normal_0396_16,normal,0,A,396,normal_0396,16,13177,13192,2022-07-12 00:49:36.308000,2022-07-12 00:49:37.808000,train,0.4677322415862448,0.4255195071836689,1,AI1_skew,0.7105825458348007,0.011802740008633648,0.00020215520568751526,0.01914136642218255,1.9884193635266922,0.07624527851947188
normal_0397_00,normal,0,A,397,normal_0397,0,13205,13220,2022-07-12 00:49:42.699000,2022-07-12 00:49:44.199000,train,0.10049401955891286,0.4255195071836689,0,ratio_AI1_AI2,0.00040558976616862326,0.03943199786907482,0.20771197686581358,0.018249824896044615,0.1719485706770569,0.16521615727931876
normal_0397_16,normal,0,A,397,normal_0397,16,13221,13236,2022-07-12 00:49:44.299000,2022-07-12 00:49:45.799000,train,0.09515218987597544,0.4255195071836689,0,AI1_skew,0.02367871122456692,0.05863966498981026,0.13728007048256685,0.003894732709718498,0.24430692464131779,0.1031130352078723
normal_0401_00,normal,0,A,401,normal_0401,0,13316,13331,2022-07-12 00:50:22.836000,2022-07-12 00:50:24.336000,train,0.06138140522174856,0.4255195071836689,0,AI1_skew,0.011970366155261298,0.0272689892478195,0.10675499546240462,0.005272500497024557,0.21344005870030489,0.003581521267676472
normal_0401_16,normal,0,A,401,normal_0401,16,13332,13347,2022-07-12 00:50:24.436000,2022-07-12 00:50:25.936000,train,0.04275021438433873,0.4255195071836689,0,AI1_skew,0.01583118741529433,0.004706321974645471,0.05121099577879063,0.007517059751673728,0.16562354652727357,0.011612174858354656
normal_0405_00,normal,0,A,405,normal_0405,0,13429,13444,2022-07-12 00:50:56.424000,2022-07-12 00:50:57.924000,train,0.0791696626054838,0.4255195071836689,0,AI1_skew,0.008442330384816107,0.041748433564348965,0.15514788830012433,0.048692605957011206,0.18412952774374453,0.03685718968285766
normal_0405_16,normal,0,A,405,normal_0405,16,13445,13460,2022-07-12 00:50:58.024000,2022-07-12 00:50:59.524000,train,0.0692386107331993,0.4255195071836689,0,AI1_skew,0.009310364360402772,0.04554918517460228,0.08780424700996671,0.09623466265342986,0.17029556996198583,0.006237635238808325
normal_0405_32,normal,0,A,405,normal_0405,32,13461,13476,2022-07-12 00:50:59.624000,2022-07-12 00:51:01.124000,train,0.040423391281055626,0.4255195071836689,0,ratio_AI1_AI2,0.012675424570264842,0.00030212049445138344,0.08098651573985485,0.062338750668754016,0.07625919543515879,0.009978340777849874
normal_0406_00,normal,0,A,406,normal_0406,0,13479,13494,2022-07-12 00:51:03.048000,2022-07-12 00:51:04.548000,train,0.044243356590188083,0.4255195071836689,0,ratio_AI1_AI2,0.01846486251695006,0.06043693371162077,0.16448338162145126,0.004813852845060919,0.008620848998753566,0.008640259847291918
normal_0406_16,normal,0,A,406,normal_0406,16,13495,13510,2022-07-12 00:51:04.648000,2022-07-12 00:51:06.148000,train,0.011249926726444445,0.4255195071836689,0,ratio_AI0_AI2,0.02080242107957474,0.006502941364902004,0.015098743336314334,0.0005533005422986167,0.020082904189985783,0.004459249845591174
normal_0406_32,normal,0,A,406,normal_0406,32,13511,13526,2022-07-12 00:51:06.248000,2022-07-12 00:51:07.748000,train,0.04033095900529535,0.4255195071836689,0,AI1_skew,0.005868663929722247,0.0059793467127092145,0.03868935497856801,0.00012541749683147392,0.18921810829949032,0.002104862614450819
normal_0408_00,normal,0,A,408,normal_0408,0,13567,13582,2022-07-12 00:51:18.948000,2022-07-12 00:51:20.448000,train,0.10496267538051779,0.4255195071836689,0,AI1_skew,7.98717912564777e-05,0.1351748330328396,0.1667991415992049,0.0015589461336771324,0.17584658250179075,0.15031667722433792
normal_0411_00,normal,0,A,411,normal_0411,0,13655,13670,2022-07-12 00:51:43.448000,2022-07-12 00:51:44.948000,train,0.019540260174861723,0.4255195071836689,0,AI1_skew,0.0004051306790341857,0.024686222760128246,0.0014731747319386508,0.006284001740678516,0.0689151204127485,0.015477910724642252
normal_0411_16,normal,0,A,411,normal_0411,16,13671,13686,2022-07-12 00:51:45.048000,2022-07-12 00:51:46.548000,train,0.05471405501369658,0.4255195071836689,0,AI1_skew,0.0012530431344730403,6.022958631170219e-05,0.0025818483509955116,0.0002876401158666372,0.3238086230437681,0.00029294585076450287
normal_0411_32,normal,0,A,411,normal_0411,32,13687,13702,2022-07-12 00:51:46.648000,2022-07-12 00:51:48.148000,train,0.007924272453004403,0.4255195071836689,0,ratio_AI0_AI2,0.016570344877188194,0.005220091402564753,0.006392780402530726,0.004737740835918205,0.014613989239114722,1.0687960709813212e-05
normal_0412_00,normal,0,A,412,normal_0412,0,13705,13720,2022-07-12 00:51:51.236000,2022-07-12 00:51:52.736000,train,0.07339384761354366,0.4255195071836689,0,AI1_skew,0.005234551554358142,0.019573976887669885,0.020009545257956254,0.010323827498369334,0.33533942685906276,0.049881757623845537
normal_0412_16,normal,0,A,412,normal_0412,16,13721,13736,2022-07-12 00:51:52.836000,2022-07-12 00:51:54.336000,train,0.11798255840234083,0.4255195071836689,0,ratio_AI1_AI2,0.04894064612060394,0.01072767809900147,0.59665418072812,0.032007648773262884,0.0008297729949811126,0.018735423698075408
normal_0418_00,normal,0,A,418,normal_0418,0,13853,13868,2022-07-12 00:52:39.609000,2022-07-12 00:52:41.109000,train,0.04692128361485389,0.4255195071836689,0,ratio_AI1_AI2,0.00102670233730871,0.0012216499897124103,0.22871020448690063,0.02350851010401082,0.011125894921273357,0.015934739849917386
normal_0418_16,normal,0,A,418,normal_0418,16,13869,13884,2022-07-12 00:52:41.209000,2022-07-12 00:52:42.709000,train,0.1512507075403359,0.4255195071836689,0,ratio_AI1_AI2,0.018119938314839115,0.017207359539010085,0.7482506104959704,0.08263414819411277,0.037958708347928326,0.00333348035015462
normal_0418_32,normal,0,A,418,normal_0418,32,13885,13900,2022-07-12 00:52:42.809000,2022-07-12 00:52:44.309000,train,0.0317278097970592,0.4255195071836689,0,ratio_AI1_AI2,0.000825304106698918,0.00563650268638571,0.1320494413119116,0.02014083387834565,0.02631004650880186,0.005404730290211437
normal_0419_00,normal,0,A,419,normal_0419,0,13903,13918,2022-07-12 00:52:47.696000,2022-07-12 00:52:49.196000,train,0.05004368971243506,0.4255195071836689,0,AI2_rms,0.00012167206426886133,0.04009621804804129,0.09920629718979121,0.00341174435906381,0.037734091456168344,0.11969211515727679
normal_0419_16,normal,0,A,419,normal_0419,16,13919,13934,2022-07-12 00:52:49.296000,2022-07-12 00:52:50.796000,train,0.04743014536562857,0.4255195071836689,0,AI2_rms,0.00043318228624932367,0.027631990248438487,0.07380889475433841,0.003126936123218482,0.07765099991352563,0.10192886886800111
normal_0420_00,normal,0,A,420,normal_0420,0,13941,13956,2022-07-12 00:52:55.616000,2022-07-12 00:52:57.116000,train,0.01297547003971805,0.4255195071836689,0,ratio_AI1_AI2,0.007580147100302646,0.0014353157525756274,0.031141981615883354,0.010391043843518246,0.026903680968548824,0.0004006509574796008
normal_0423_00,normal,0,A,423,normal_0423,0,14024,14039,2022-07-12 00:53:19.759000,2022-07-12 00:53:21.259000,train,0.23108015704981064,0.4255195071836689,0,AI1_skew,0.019650983482183467,0.002227122828708585,0.2714116797570653,0.10087509186302233,0.9545878458225617,0.037728218545322205
normal_0423_16,normal,0,A,423,normal_0423,16,14040,14055,2022-07-12 00:53:21.359000,2022-07-12 00:53:22.859000,train,0.060270766308526874,0.4255195071836689,0,ratio_AI1_AI2,0.007565645092053636,0.044643262388135256,0.2552634432046067,0.016798998668800517,0.02829569802782876,0.009057550469736324
normal_0423_32,normal,0,A,423,normal_0423,32,14056,14071,2022-07-12 00:53:22.959000,2022-07-12 00:53:24.459000,train,0.087462901186456,0.4255195071836689,0,ratio_AI1_AI2,0.01438189504105243,0.01723676694861274,0.23504634409842676,0.037466662797594336,0.22053933062216605,0.0001064076108837345
normal_0424_00,normal,0,A,424,normal_0424,0,14073,14088,2022-07-12 00:53:27.876000,2022-07-12 00:53:29.376000,train,0.09554589935631812,0.4255195071836689,0,AI1_skew,0.016292530404952703,0.005330990058078164,0.0585699172844579,0.05197081416824073,0.38902230967303014,0.052088834549149046
normal_0424_16,normal,0,A,424,normal_0424,16,14089,14104,2022-07-12 00:53:29.476000,2022-07-12 00:53:30.976000,train,0.14252637100774845,0.4255195071836689,0,AI1_skew,0.12700571268386124,0.00023316911489196565,0.18220184508385623,0.10003534795038962,0.34700398937777793,0.09867816183571375
normal_0430_00,normal,0,A,430,normal_0430,0,14283,14298,2022-07-12 00:54:15.782000,2022-07-12 00:54:17.282000,train,0.17753434868798537,0.4255195071836689,0,ratio_AI1_AI2,0.0035818916875199045,0.1728890799695674,0.6063222671618159,0.09775305647837998,0.005796697128386202,0.17886309970224293
normal_0431_00,normal,0,A,431,normal_0431,0,14311,14326,2022-07-12 00:54:23.963000,2022-07-12 00:54:25.463000,train,0.013297776280360498,0.4255195071836689,0,ratio_AI1_AI2,0.002659742527740334,0.0005048982716764957,0.0438186664140984,0.0038087604251333465,0.028045442530065988,0.0009491475134484263
normal_0434_00,normal,0,A,434,normal_0434,0,14397,14412,2022-07-12 00:54:48.044000,2022-07-12 00:54:49.544000,train,0.17549547678354183,0.4255195071836689,0,ratio_AI1_AI2,0.03331367246094744,0.02578386856428099,0.5545372510038566,0.08087603563416955,0.3584592599061885,2.773131807685358e-06
normal_0434_16,normal,0,A,434,normal_0434,16,14413,14428,2022-07-12 00:54:49.644000,2022-07-12 00:54:51.144000,train,0.11013569470497381,0.4255195071836689,0,ratio_AI1_AI2,0.04355077128698715,0.040002787334476556,0.42800210677781403,0.05251032746509417,0.09628713463916971,0.00046104072630117845
normal_0434_32,normal,0,A,434,normal_0434,32,14429,14444,2022-07-12 00:54:51.244000,2022-07-12 00:54:52.744000,train,0.135669489406695,0.4255195071836689,0,ratio_AI1_AI2,0.03329200421755398,0.027721654680805726,0.42108781008582524,0.05858403393820861,0.2733100756533404,2.1357864435943818e-05
normal_0435_00,normal,0,A,435,normal_0435,0,14446,14461,2022-07-12 00:54:56.093000,2022-07-12 00:54:57.593000,train,0.08274242642772135,0.4255195071836689,0,AI1_skew,0.0011402687755508543,0.11897181376932281,0.07349792781987537,0.002106830461933888,0.23776476242788683,0.06297295531175834
normal_0435_16,normal,0,A,435,normal_0435,16,14462,14477,2022-07-12 00:54:57.693000,2022-07-12 00:54:59.193000,train,0.0027249684533183476,0.4255195071836689,0,AI0_rms,0.0035497352326660835,0.005229064660092727,0.0009618408324299179,0.00237462742839382,0.002423610502843099,0.0018109320634844364
normal_0436_00,normal,0,A,436,normal_0436,0,14481,14496,2022-07-12 00:55:04.088000,2022-07-12 00:55:05.588000,train,0.10696964939247527,0.4255195071836689,0,AI1_skew,0.013817872732850784,0.030001226907469623,0.004110844844621254,0.0042566638116489156,0.5384297440442467,0.05120154401401437
normal_0440_00,normal,0,A,440,normal_0440,0,14612,14627,2022-07-12 00:55:36.468000,2022-07-12 00:55:37.968000,train,0.1103972791909229,0.4255195071836689,0,AI1_skew,0.028362750016112298,0.03033122212019293,0.009709925412934167,0.03491507553183874,0.5566500163846948,0.0024146856797644754
normal_0440_16,normal,0,A,440,normal_0440,16,14628,14643,2022-07-12 00:55:38.068000,2022-07-12 00:55:39.568000,train,0.049781497056505024,0.4255195071836689,0,AI0_rms,0.0006947965565737872,0.16858061294315677,0.000594467171469824,0.056940548033321874,0.05191531889908024,0.019963238735427647
normal_0441_00,normal,0,A,441,normal_0441,0,14646,14661,2022-07-12 00:55:44.751000,2022-07-12 00:55:46.251000,train,0.09408062208155844,0.4255195071836689,0,AI1_skew,0.009446433116075915,0.005282707002308673,0.10487395812025957,0.013720571881875287,0.4290439496519939,0.002116112716837369
normal_0443_00,normal,0,A,443,normal_0443,0,14667,14682,2022-07-12 00:56:02.752000,2022-07-12 00:56:04.252000,train,0.14826433159703115,0.4255195071836689,0,ratio_AI1_AI2,0.11750437561667279,0.16029041791896695,0.5034533613258236,0.06694427593884288,0.04102842932421965,0.0003651294576610317
normal_0443_16,normal,0,A,443,normal_0443,16,14683,14698,2022-07-12 00:56:04.352000,2022-07-12 00:56:05.852000,train,0.044183143581695554,0.4255195071836689,0,AI1_skew,0.02437365692035419,0.020976157794654966,5.708706498703009e-06,0.0027036441761310597,0.1809035125587673,0.036136181333767135
normal_0443_32,normal,0,A,443,normal_0443,32,14699,14714,2022-07-12 00:56:05.952000,2022-07-12 00:56:07.452000,train,0.516020554030434,0.4255195071836689,1,AI1_skew,0.7719021897557267,0.005924653691953537,0.0001005603285228638,0.020520593707184297,2.2032683548620606,0.094406971837156
normal_0445_00,normal,0,A,445,normal_0445,0,14767,14782,2022-07-12 00:56:16.827000,2022-07-12 00:56:18.327000,train,0.10014947365741761,0.4255195071836689,0,ratio_AI1_AI2,0.0023966753491484823,0.03764669178648431,0.24566923609523586,0.007861456427030901,0.23133285199319967,0.07598993029340635
normal_0445_16,normal,0,A,445,normal_0445,16,14783,14798,2022-07-12 00:56:18.427000,2022-07-12 00:56:19.927000,train,0.10939524494463244,0.4255195071836689,0,ratio_AI1_AI2,0.01115487091029499,0.10086610376784846,0.24990500253834066,0.005834454000024779,0.2418086735181324,0.046802364933153415
normal_0446_00,normal,0,A,446,normal_0446,0,14811,14826,2022-07-12 00:56:24.832000,2022-07-12 00:56:26.332000,train,0.016194301897856225,0.4255195071836689,0,ratio_AI1_AI2,6.623364904633588e-05,1.6436116196914483e-05,0.062082044511764245,0.011725819552306576,0.019119266665094305,0.004156010892728955
normal_0447_00,normal,0,A,447,normal_0447,0,14842,14857,2022-07-12 00:56:32.839000,2022-07-12 00:56:34.339000,train,0.041922532784756196,0.4255195071836689,0,ratio_AI1_AI2,0.00341463455425724,0.01785767852007242,0.11908452958280374,0.01638184179498196,0.001756530579847324,0.09303998167657451
normal_0452_00,normal,0,A,452,normal_0452,0,15005,15020,2022-07-12 00:57:12.712000,2022-07-12 00:57:14.212000,train,0.23808759742785524,0.4255195071836689,0,AI1_skew,0.09765539758472243,0.07692557196806882,0.4382556642941899,0.01295828617405279,0.705272198832242,0.0974584657138556
normal_0454_00,normal,0,A,454,normal_0454,0,15040,15055,2022-07-12 00:57:30.180000,2022-07-12 00:57:31.680000,train,0.01886638114682046,0.4255195071836689,0,ratio_AI1_AI2,0.0010926973567607589,0.003285201930876939,0.06079990122404853,0.001304886046947233,0.035239345711739395,0.011476254610549913
normal_0454_16,normal,0,A,454,normal_0454,16,15056,15071,2022-07-12 00:57:31.780000,2022-07-12 00:57:33.280000,train,0.11590877994549187,0.4255195071836689,0,AI1_skew,0.03619004473945556,0.025208260031177824,0.001225211951025095,0.029505695577153122,0.48183443508301543,0.12148903229112422
normal_0454_32,normal,0,A,454,normal_0454,32,15072,15087,2022-07-12 00:57:33.380000,2022-07-12 00:57:34.880000,train,0.053869625682519906,0.4255195071836689,0,AI1_skew,0.03046647805529467,0.0028186321151130434,0.004477415394063678,0.005217635187273789,0.24759620125434642,0.03264139208902783
normal_0455_00,normal,0,A,455,normal_0455,0,15090,15105,2022-07-12 00:57:36.947000,2022-07-12 00:57:38.447000,train,0.08940470421111509,0.4255195071836689,0,ratio_AI1_AI2,0.001263441540550895,0.10165264114903697,0.2992363321184724,0.009289031622156706,0.014060703213325356,0.11092607562314817
normal_0455_16,normal,0,A,455,normal_0455,16,15106,15121,2022-07-12 00:57:38.547000,2022-07-12 00:57:40.047000,train,0.035541203136386694,0.4255195071836689,0,ratio_AI1_AI2,0.0003492508895978278,0.0661961440140201,0.10966180862431725,0.00012392065399003226,0.007388869068328086,0.029527225568066875
normal_0455_32,normal,0,A,455,normal_0455,32,15122,15137,2022-07-12 00:57:40.147000,2022-07-12 00:57:41.647000,train,0.06402952623552022,0.4255195071836689,0,AI0_rms,0.00672762238761533,0.2506534863054671,0.003543918046949919,0.04181412369626838,0.05962435114310373,0.02181365583371692
normal_0456_00,normal,0,A,456,normal_0456,0,15140,15155,2022-07-12 00:57:44.792000,2022-07-12 00:57:46.292000,train,0.022225130203589433,0.4255195071836689,0,AI2_rms,0.005068456771786443,0.008910903631228654,0.03248794994805268,0.0010706114555791106,0.04283217754064544,0.042980681874244295
normal_0456_16,normal,0,A,456,normal_0456,16,15156,15171,2022-07-12 00:57:46.392000,2022-07-12 00:57:47.892000,train,0.0493444169442781,0.4255195071836689,0,ratio_AI1_AI2,0.019699971189451267,0.012742314141304334,0.2377104656148875,0.009231969136992141,0.005812029060924078,0.010869752522109262
normal_0458_00,normal,0,A,458,normal_0458,0,15206,15221,2022-07-12 00:58:00.779000,2022-07-12 00:58:02.279000,train,0.018300223080505638,0.4255195071836689,0,AI1_skew,0.00042223297351690016,0.03698469343281888,0.003597594552865953,0.008869616225020116,0.047700916531812486,0.01222628476699949
normal_0461_00,normal,0,A,461,normal_0461,0,15279,15294,2022-07-12 00:58:24.593000,2022-07-12 00:58:26.093000,train,0.16307003308890994,0.4255195071836689,0,ratio_AI1_AI2,0.07567977761319178,0.00571243842456064,0.5513210727642237,0.12582562861675176,0.1761973971390307,0.043683883975701075
normal_0461_16,normal,0,A,461,normal_0461,16,15295,15310,2022-07-12 00:58:26.193000,2022-07-12 00:58:27.693000,train,0.019984597291945405,0.4255195071836689,0,ratio_AI1_AI2,0.017857197745554148,0.002789335281425883,0.07798435419818386,0.007623155242953252,0.009931509462241724,0.0037220318213135755
normal_0461_32,normal,0,A,461,normal_0461,32,15311,15326,2022-07-12 00:58:27.793000,2022-07-12 00:58:29.293000,train,0.028012652649617293,0.4255195071836689,0,AI1_skew,0.001697161009156627,0.009982376389104774,0.06368108484389748,0.0180499488057706,0.0743833623253173,0.00028198252445699537
normal_0462_00,normal,0,A,462,normal_0462,0,15327,15342,2022-07-12 00:58:32.643000,2022-07-12 00:58:34.143000,train,0.041173466154537125,0.4255195071836689,0,AI1_skew,0.050073678374918,0.00042619349188621124,0.036285820089505295,0.015420104975819486,0.13871650872578284,0.006118491269310918
normal_0462_16,normal,0,A,462,normal_0462,16,15343,15358,2022-07-12 00:58:34.243000,2022-07-12 00:58:35.743000,train,0.0834402455345042,0.4255195071836689,0,ratio_AI1_AI2,0.07265604662672825,0.009796758608639489,0.14468004503533857,0.0007413162883561708,0.14182500067061649,0.1309423059773462
normal_0463_00,normal,0,A,463,normal_0463,0,15361,15376,2022-07-12 00:58:40.588000,2022-07-12 00:58:42.088000,train,0.03990174424565663,0.4255195071836689,0,ratio_AI1_AI2,5.595052536401092e-05,0.0010853203379708827,0.1669491993289708,0.024598352934479643,0.04134800838652177,0.005373633960632672
normal_0463_16,normal,0,A,463,normal_0463,16,15377,15392,2022-07-12 00:58:42.188000,2022-07-12 00:58:43.688000,train,0.0776038425907995,0.4255195071836689,0,ratio_AI1_AI2,0.0005944744617414883,0.00012488301610804491,0.34372918543874215,0.04794471703501786,0.07069641695762549,0.0025333786355620246
normal_0464_00,normal,0,A,464,normal_0464,0,15395,15410,2022-07-12 00:58:48.559000,2022-07-12 00:58:50.059000,train,0.10648226256218873,0.4255195071836689,0,AI1_skew,0.04713280936205074,0.0025819696917974374,0.030483672443111468,0.04916141699972876,0.43894906994356647,0.07058463693287757
normal_0467_00,normal,0,A,467,normal_0467,0,15473,15488,2022-07-12 00:59:12.485000,2022-07-12 00:59:13.985000,train,0.024369260347316582,0.4255195071836689,0,ratio_AI1_AI2,0.0022121787244010057,0.011644028702797349,0.06312117725698996,0.008225201984329352,0.0061338852425335735,0.05487909017284825
normal_0467_16,normal,0,A,467,normal_0467,16,15489,15504,2022-07-12 00:59:14.085000,2022-07-12 00:59:15.585000,train,0.13623173316052908,0.4255195071836689,0,ratio_AI1_AI2,0.0007789945152512574,0.2352626946548076,0.3411456339019593,0.03253691104254514,0.08172679728854425,0.1259393675600669
normal_0467_32,normal,0,A,467,normal_0467,32,15505,15520,2022-07-12 00:59:15.685000,2022-07-12 00:59:17.185000,train,0.03422018542463044,0.4255195071836689,0,ratio_AI1_AI2,1.1103658454441166e-05,0.0034226657223683198,0.09853837337788242,0.05012500514216983,0.020389223569533606,0.03283474107737402
normal_0469_00,normal,0,A,469,normal_0469,0,15558,15573,2022-07-12 00:59:28.347000,2022-07-12 00:59:29.847000,train,0.01878936564313757,0.4255195071836689,0,AI0_rms,0.004111030476196067,0.07482633099297974,0.00943249830403565,0.01684923359183178,6.289054048112936e-05,0.007454209953301036
normal_0469_16,normal,0,A,469,normal_0469,16,15574,15589,2022-07-12 00:59:29.947000,2022-07-12 00:59:31.447000,train,0.04843687676778882,0.4255195071836689,0,AI1_skew,0.0053053716741664645,0.01479499047357529,0.06604611966286056,0.0016161104431800886,0.20126629588080205,0.0015923724721484715
normal_0470_00,normal,0,A,470,normal_0470,0,15595,15610,2022-07-12 00:59:36.371000,2022-07-12 00:59:37.871000,train,0.12217995941975697,0.4255195071836689,0,AI1_skew,0.03281245684446102,0.0026251978579039316,0.12484220354218599,0.031418199156897135,0.5334879442946572,0.00789375482243662
normal_0472_00,normal,0,B,472,normal_0472,0,15630,15645,2022-07-12 00:59:53.992000,2022-07-12 00:59:55.492000,train,0.09015725946388543,0.4255195071836689,0,ratio_AI1_AI2,4.419663553374697e-05,0.022552189873384535,0.3807521518948466,0.055287859421637185,0.07840534229288966,0.0039018166650208984
normal_0472_16,normal,0,B,472,normal_0472,16,15646,15661,2022-07-12 00:59:55.592000,2022-07-12 00:59:57.092000,train,0.11831493491435975,0.4255195071836689,0,ratio_AI1_AI2,0.12486378588930587,0.0028939347519485793,0.38640435881939045,0.08768803987309134,0.10250350596159243,0.00553598419082981
normal_0472_32,normal,0,B,472,normal_0472,32,15662,15677,2022-07-12 00:59:57.192000,2022-07-12 00:59:58.692000,train,0.17943666782745415,0.4255195071836689,0,AI1_skew,0.07235664418568151,0.001960521174684033,0.4767411772043234,0.025053510554484456,0.48918090507748047,0.011327248768071167
normal_0473_00,normal,0,B,473,normal_0473,0,15680,15695,2022-07-12 01:00:00.660000,2022-07-12 01:00:02.160000,train,0.0014891285379481755,0.4255195071836689,0,ratio_AI1_AI2,2.540077391932467e-05,0.0006339000297209635,0.0053412593627317415,4.068775123097877e-06,0.00046455269365569557,0.00246558959253823
normal_0473_16,normal,0,B,473,normal_0473,16,15696,15711,2022-07-12 01:00:02.260000,2022-07-12 01:00:03.760000,train,0.006478730270687326,0.4255195071836689,0,AI0_rms,0.0035478163037805342,0.025742776500410416,0.00047391984125403654,0.0005256026937418742,0.0077945704020797885,0.0007876958828573097
normal_0473_32,normal,0,B,473,normal_0473,32,15712,15727,2022-07-12 01:00:03.860000,2022-07-12 01:00:05.360000,train,0.027729772688785057,0.4255195071836689,0,ratio_AI1_AI2,0.007839563635110609,0.0034416464346541994,0.11251304664479378,0.01833593255176944,0.01925763156950804,0.004990815296874269
normal_0474_00,normal,0,B,474,normal_0474,0,15730,15745,2022-07-12 01:00:08.365000,2022-07-12 01:00:09.865000,train,0.07103094519292262,0.4255195071836689,0,ratio_AI1_AI2,0.02511742200407582,0.02552155380619199,0.3456301933740815,0.022667844961775745,0.005252386885316091,0.001996270126094478
normal_0474_16,normal,0,B,474,normal_0474,16,15746,15761,2022-07-12 01:00:09.965000,2022-07-12 01:00:11.465000,train,0.0728089221652659,0.4255195071836689,0,ratio_AI1_AI2,0.010117315530320836,0.0016873691764204763,0.308847121320994,0.05096906139868795,0.057136333220303974,0.008096332344868123
normal_0475_00,normal,0,B,475,normal_0475,0,15769,15784,2022-07-12 01:00:16.392000,2022-07-12 01:00:17.892000,train,0.1319140656291037,0.4255195071836689,0,ratio_AI1_AI2,0.013765103551516162,0.003934281803637294,0.5175807935414929,0.08763835141561041,0.16835243531693447,0.00021342814543111224
normal_0477_00,normal,0,B,477,normal_0477,0,15810,15825,2022-07-12 01:00:34.124000,2022-07-12 01:00:35.624000,train,0.00949438713365078,0.4255195071836689,0,ratio_AI1_AI2,0.006807282545307449,0.006878167844030681,0.02012654659689511,0.0051559488128094825,0.01794753234830438,5.084465455757631e-05
normal_0477_16,normal,0,B,477,normal_0477,16,15826,15841,2022-07-12 01:00:35.724000,2022-07-12 01:00:37.224000,train,0.0042822960389568955,0.4255195071836689,0,AI1_skew,0.005454528509577789,0.0005474282059410569,0.0001292751726761483,0.00011885875953497686,0.018767538864410915,0.0006761467216004871
normal_0477_32,normal,0,B,477,normal_0477,32,15842,15857,2022-07-12 01:00:37.324000,2022-07-12 01:00:38.824000,train,0.029754803558386764,0.4255195071836689,0,ratio_AI1_AI2,0.0004719805150149389,0.003514442819279573,0.08652007881516252,0.02097977276757832,0.0670298777586711,1.2668674614105446e-05
normal_0479_00,normal,0,B,479,normal_0479,0,15910,15925,2022-07-12 01:00:50.060000,2022-07-12 01:00:51.560000,train,0.021613652211241927,0.4255195071836689,0,AI1_skew,0.003897649610911147,0.00019095258032353067,0.026913867735652044,0.01756304147682673,0.07255557424223434,0.008560827621503774
normal_0479_16,normal,0,B,479,normal_0479,16,15926,15941,2022-07-12 01:00:51.660000,2022-07-12 01:00:53.160000,train,0.01249078300705832,0.4255195071836689,0,AI1_skew,0.001056607851688202,0.02170950124981292,0.015032227949324772,0.005938418272536756,0.027678687450952002,0.003529255268035272
normal_0479_32,normal,0,B,479,normal_0479,32,15942,15957,2022-07-12 01:00:53.260000,2022-07-12 01:00:54.760000,train,0.007870111163964784,0.4255195071836689,0,ratio_AI0_AI2,0.018908775039804836,0.00143085031515879,0.017516814174262645,0.0012545944738826765,0.0019469707472082696,0.0061626622334714975
normal_0480_00,normal,0,B,480,normal_0480,0,15960,15975,2022-07-12 01:00:56.832000,2022-07-12 01:00:58.332000,train,0.07956161795280225,0.4255195071836689,0,ratio_AI1_AI2,0.02217534765033883,0.0018770868643668058,0.26432027925084617,0.053425020405022235,0.13208503964576937,0.0034869339004701422
normal_0480_16,normal,0,B,480,normal_0480,16,15976,15991,2022-07-12 01:00:58.432000,2022-07-12 01:00:59.932000,train,0.01380535051725891,0.4255195071836689,0,ratio_AI1_AI2,0.0018512643360491,0.01268542831728489,0.03716799365302009,0.008292334710316348,0.022826893066884294,8.189019998741784e-06
normal_0480_32,normal,0,B,480,normal_0480,32,15992,16007,2022-07-12 01:01:00.032000,2022-07-12 01:01:01.532000,train,0.09818544466858446,0.4255195071836689,0,AI1_skew,0.0016388149914600355,0.002764037464747516,0.11531213879616183,0.021077989175159524,0.4315788879508821,0.016740799633095757
normal_0481_00,normal,0,B,481,normal_0481,0,16010,16025,2022-07-12 01:01:04.524000,2022-07-12 01:01:06.024000,train,0.07381770566282286,0.4255195071836689,0,ratio_AI1_AI2,0.0064727407133274234,0.04112155909093015,0.3408224780930251,0.035716230319591376,0.016525736666259908,0.002247489093803254
normal_0481_16,normal,0,B,481,normal_0481,16,16026,16041,2022-07-12 01:01:06.124000,2022-07-12 01:01:07.624000,train,0.009483300780235064,0.4255195071836689,0,AI1_skew,0.0020684840728074265,0.013775230780210432,0.005770705632096465,0.004878355103040998,0.028428461247538724,0.0019785678457163395
normal_0482_00,normal,0,B,482,normal_0482,0,16051,16066,2022-07-12 01:01:13.118000,2022-07-12 01:01:14.618000,train,0.004413599065317664,0.4255195071836689,0,AI1_skew,0.0003706609302747416,0.007703605484455955,0.003096452659128012,0.002583265747411816,0.011464096750790478,0.00126351281984498
normal_0482_16,normal,0,B,482,normal_0482,16,16067,16082,2022-07-12 01:01:14.718000,2022-07-12 01:01:16.218000,train,0.42921458598039935,0.4255195071836689,1,ratio_AI1_AI2,0.7939575142116981,0.12558933514792722,0.8694136248452426,0.19457751952928493,0.5846407071640422,0.0071088149842010685
normal_0482_32,normal,0,B,482,normal_0482,32,16083,16098,2022-07-12 01:01:16.318000,2022-07-12 01:01:17.818000,train,0.023769452502288204,0.4255195071836689,0,ratio_AI1_AI2,0.0036132087939030333,0.03204366214727483,0.09329645006171272,0.009563008445052064,0.00333572164744318,0.0007646639183433923
normal_0485_00,normal,0,B,485,normal_0485,0,16189,16204,2022-07-12 01:01:36.160000,2022-07-12 01:01:37.660000,train,0.009292302336311313,0.4255195071836689,0,ratio_AI1_AI2,0.015258817144731695,0.0012479766455466997,0.03478291238465266,0.001724720095382251,0.00020098991867016522,0.002538397828884402
normal_0485_16,normal,0,B,485,normal_0485,16,16205,16220,2022-07-12 01:01:37.760000,2022-07-12 01:01:39.260000,train,0.04715430105724858,0.4255195071836689,0,ratio_AI1_AI2,8.602056357354713e-05,0.00020473454890425526,0.14881837034427967,0.015273861600080202,0.11163691025413126,0.006905909032522516
normal_0486_00,normal,0,B,486,normal_0486,0,16233,16248,2022-07-12 01:01:44.306000,2022-07-12 01:01:45.806000,train,0.011847259189216508,0.4255195071836689,0,ratio_AI1_AI2,0.0004191113564587886,0.015033798948650824,0.05403295830090214,0.0012940945951604268,0.00020353227439127292,0.00010005965973558887
normal_0486_16,normal,0,B,486,normal_0486,16,16249,16264,2022-07-12 01:01:45.906000,2022-07-12 01:01:47.406000,train,0.07081811886187077,0.4255195071836689,0,AI1_skew,2.4549733767509737e-05,0.003416339572252677,0.16182185204904428,0.046112487046223644,0.21023014866821366,0.003303336101722914
normal_0488_00,normal,0,B,488,normal_0488,0,16311,16326,2022-07-12 01:02:00.218000,2022-07-12 01:02:01.718000,train,0.034428429399277344,0.4255195071836689,0,ratio_AI1_AI2,0.005097846599547838,0.04376070434655417,0.1463971613990586,0.008319338018525127,0.0020211389853400223,0.0009743870466383184
normal_0489_00,normal,0,B,489,normal_0489,0,16334,16349,2022-07-12 01:02:08.325000,2022-07-12 01:02:09.825000,train,0.11342275207467219,0.4255195071836689,0,ratio_AI1_AI2,3.955584318417234e-06,0.01400764680461424,0.4584798826951857,0.06789791163727231,0.13887485863973278,0.0012722570869096493
normal_0493_00,normal,0,B,493,normal_0493,0,16463,16478,2022-07-12 01:02:48.171000,2022-07-12 01:02:49.671000,train,0.20327673702403515,0.4255195071836689,0,ratio_AI1_AI2,0.0032632246972363137,0.022137959880923996,0.9151853031996198,0.0952675413955073,0.1829294762876792,0.0008769166832443649
normal_0493_16,normal,0,B,493,normal_0493,16,16479,16494,2022-07-12 01:02:49.771000,2022-07-12 01:02:51.271000,train,0.008340931412421393,0.4255195071836689,0,ratio_AI1_AI2,0.004139603544225026,0.0010830473874507572,0.0263402869546357,0.0069639414249440465,0.008485744463152686,0.003032964700120148
normal_0498_00,normal,0,B,498,normal_0498,0,16607,16622,2022-07-12 01:03:29.848000,2022-07-12 01:03:31.348000,train,0.06917285439441603,0.4255195071836689,0,ratio_AI1_AI2,0.0038246714800348035,0.038055009687226186,0.3212435084734805,0.03337132744306119,0.018190558424583423,0.0003520508581100933
normal_0498_16,normal,0,B,498,normal_0498,16,16623,16638,2022-07-12 01:03:31.448000,2022-07-12 01:03:32.948000,train,0.03019088571652351,0.4255195071836689,0,ratio_AI0_AI2,0.11391014161887505,0.00030469945074917726,0.003951370237093908,0.0072890928898933175,0.055197577454410465,0.0004924326481191291
normal_0498_32,normal,0,B,498,normal_0498,32,16639,16654,2022-07-12 01:03:33.048000,2022-07-12 01:03:34.548000,train,0.03216676405542726,0.4255195071836689,0,ratio_AI1_AI2,0.0027605655383421495,0.01633002355201469,0.15571968788421228,0.009894320753218819,0.008279975015232309,1.6011589543296003e-05
normal_0499_00,normal,0,B,499,normal_0499,0,16657,16672,2022-07-12 01:03:36.502000,2022-07-12 01:03:38.002000,train,0.08082555626590428,0.4255195071836689,0,ratio_AI1_AI2,0.03599400213339355,0.018137706471534117,0.3891274352768784,0.02817590580897501,0.012524944376536172,0.0009933435281084878
normal_0499_16,normal,0,B,499,normal_0499,16,16673,16688,2022-07-12 01:03:38.102000,2022-07-12 01:03:39.602000,train,0.004688732439833835,0.4255195071836689,0,ratio_AI0_AI2,0.013205444485881054,0.0016753384244675663,0.008914048147644347,0.00013392047562386082,0.0038451650036563805,0.00035847810172980017
normal_0499_32,normal,0,B,499,normal_0499,32,16689,16704,2022-07-12 01:03:39.702000,2022-07-12 01:03:41.202000,train,0.02217362619040217,0.4255195071836689,0,ratio_AI1_AI2,0.016108391534982145,0.006205503937859926,0.10460189450172384,0.0032285214978705528,0.001473328700169209,0.0014241169698073622
normal_0505_00,normal,0,B,505,normal_0505,0,16842,16857,2022-07-12 01:04:24.809000,2022-07-12 01:04:26.309000,train,0.005865753837553053,0.4255195071836689,0,ratio_AI1_AI2,0.004006370743888643,0.003154980899079173,0.027180181466191475,0.00030915203670704624,0.00030856843701523515,0.00023526944243675246
normal_0505_16,normal,0,B,505,normal_0505,16,16858,16873,2022-07-12 01:04:26.409000,2022-07-12 01:04:27.909000,train,0.03629094449279271,0.4255195071836689,0,ratio_AI1_AI2,7.215174867452184e-05,5.501539897204322e-05,0.110250198650752,0.010596112570060944,0.09156700334029914,0.005205185247997564
normal_0505_32,normal,0,B,505,normal_0505,32,16874,16889,2022-07-12 01:04:28.009000,2022-07-12 01:04:29.509000,train,0.02220284690050144,0.4255195071836689,0,ratio_AI1_AI2,0.009521241820723088,0.003644106589062922,0.06403400652048943,0.013091844887447591,0.04269460324991799,0.00023127833536763407
normal_0506_00,normal,0,B,506,normal_0506,0,16892,16907,2022-07-12 01:04:32.499000,2022-07-12 01:04:33.999000,train,0.024887909867698805,0.4255195071836689,0,AI1_skew,0.008441117164122911,0.053295222979797365,0.013353624826775327,0.00562270076726273,0.06618047541858876,0.0024343180496457354
normal_0506_16,normal,0,B,506,normal_0506,16,16908,16923,2022-07-12 01:04:34.099000,2022-07-12 01:04:35.599000,train,0.03481023922482051,0.4255195071836689,0,ratio_AI1_AI2,0.007191470837354791,0.050899304804254704,0.13774021303033482,0.008349960405237295,0.003564020744344583,0.0011164655273968255
normal_0507_00,normal,0,B,507,normal_0507,0,16930,16945,2022-07-12 01:04:40.439000,2022-07-12 01:04:41.939000,train,0.011391557234285867,0.4255195071836689,0,AI1_skew,0.0012559727705199325,0.019102242807142476,0.0033630366978983604,0.004508443982916167,0.040068290639766906,5.135650747135813e-05
normal_0509_00,normal,0,B,509,normal_0509,0,16970,16985,2022-07-12 01:04:58.256000,2022-07-12 01:04:59.756000,train,0.04002746563387882,0.4255195071836689,0,ratio_AI1_AI2,0.011392326949824796,0.01604688366836963,0.19660206119181262,0.011914387757551078,0.0041351953270325325,7.39389086822902e-05
normal_0509_16,normal,0,B,509,normal_0509,16,16986,17001,2022-07-12 01:04:59.856000,2022-07-12 01:05:01.356000,train,0.1273318956938386,0.4255195071836689,0,ratio_AI1_AI2,0.00019106883236283983,0.0003621671033614127,0.3829148763945612,0.044889993741216154,0.3286622410418848,0.0069710270496451485
normal_0509_32,normal,0,B,509,normal_0509,32,17002,17017,2022-07-12 01:05:01.456000,2022-07-12 01:05:02.956000,train,0.0037417419018090296,0.4255195071836689,0,AI1_skew,0.0004397440150043113,0.004459551988334676,0.0005207041557894569,0.0023588885050487987,0.014389177631064579,0.00028238511561235423
normal_0510_00,normal,0,B,510,normal_0510,0,17020,17035,2022-07-12 01:05:04.844000,2022-07-12 01:05:06.344000,train,0.049637967728613286,0.4255195071836689,0,ratio_AI1_AI2,0.013668659907072325,0.0009889081084315425,0.21670610478336885,0.03788940463144546,0.024359665590366807,0.004215063350994767
normal_0510_16,normal,0,B,510,normal_0510,16,17036,17051,2022-07-12 01:05:06.444000,2022-07-12 01:05:07.944000,train,0.3278014720037452,0.4255195071836689,0,ratio_AI1_AI2,0.15370367004915106,0.07594219167341404,1.4903713549213176,0.14256983116691388,0.10281358154436289,0.0014082026673117223
normal_0510_32,normal,0,B,510,normal_0510,32,17052,17067,2022-07-12 01:05:08.044000,2022-07-12 01:05:09.544000,train,0.007088005834022862,0.4255195071836689,0,AI0_rms,0.00199008271241341,0.01971228245334144,8.20789874745167e-05,0.0016619559050097743,0.015948252681601244,0.003133382264296782
normal_0512_00,normal,0,B,512,normal_0512,0,17108,17123,2022-07-12 01:05:20.820000,2022-07-12 01:05:22.320000,train,0.043205882770294544,0.4255195071836689,0,ratio_AI1_AI2,0.037101914995165915,0.005917932791064961,0.17022948557218648,0.027261999583349905,0.01565548791197984,0.0030684757680201845
normal_0515_00,normal,0,B,515,normal_0515,0,17197,17212,2022-07-12 01:05:53.230000,2022-07-12 01:05:54.730000,train,0.11216034769875617,0.4255195071836689,0,ratio_AI1_AI2,0.001434810085680332,0.010911149788076077,0.4993159680561978,0.04718793270172501,0.11392190706217312,0.00019031849868469307
normal_0515_16,normal,0,B,515,normal_0515,16,17213,17228,2022-07-12 01:05:54.830000,2022-07-12 01:05:56.330000,train,0.14665335473061408,0.4255195071836689,0,ratio_AI1_AI2,0.0007473326662425801,0.028617941396402367,0.6826283550460686,0.08019091476345226,0.07517650991134003,0.012559074600178525
normal_0515_32,normal,0,B,515,normal_0515,32,17229,17244,2022-07-12 01:05:56.430000,2022-07-12 01:05:57.930000,train,0.01999081040665125,0.4255195071836689,0,AI1_skew,0.000207610728470549,0.010313636292126617,0.009861498005079076,0.010578478806968859,0.08649800891911864,0.00248562968814376
normal_0516_00,normal,0,B,516,normal_0516,0,17247,17262,2022-07-12 01:06:01.096000,2022-07-12 01:06:02.596000,train,0.051643006511941085,0.4255195071836689,0,ratio_AI1_AI2,0.003148655418025063,0.026187975919541362,0.24767517894258198,0.020284806576944314,0.012379397179789437,0.00018202503476431753
normal_0516_16,normal,0,B,516,normal_0516,16,17263,17278,2022-07-12 01:06:02.696000,2022-07-12 01:06:04.196000,train,0.02361014408627728,0.4255195071836689,0,ratio_AI1_AI2,0.00251179305762494,0.023886520741998516,0.10988514330831019,0.004860707439403144,0.0002492134805865538,0.00026748648974034137
normal_0519_00,normal,0,B,519,normal_0519,0,17325,17340,2022-07-12 01:06:26.758000,2022-07-12 01:06:28.258000,train,0.03319705816401331,0.4255195071836689,0,ratio_AI1_AI2,0.014021270345192035,0.022927397799627474,0.15011897259160129,0.00626794108957266,0.002237207214619994,0.0036095599434664396
normal_0519_16,normal,0,B,519,normal_0519,16,17341,17356,2022-07-12 01:06:28.358000,2022-07-12 01:06:29.858000,train,0.011393868643459119,0.4255195071836689,0,AI1_skew,0.00534964954887538,0.005478742440631749,0.025979741636325868,0.00010686193630626821,0.028070343496675938,0.003377872801939507
normal_0519_32,normal,0,B,519,normal_0519,32,17357,17372,2022-07-12 01:06:29.958000,2022-07-12 01:06:31.458000,train,0.1288228075475025,0.4255195071836689,0,ratio_AI1_AI2,0.0019104993689946783,0.009786731319630634,0.4788878816784035,0.08877609510166248,0.18248775091878905,0.01108788689753462
normal_0521_00,normal,0,B,521,normal_0521,0,17425,17440,2022-07-12 01:06:41.133000,2022-07-12 01:06:42.633000,train,0.10046286378229734,0.4255195071836689,0,ratio_AI1_AI2,0.005167349104495031,0.05744997278305821,0.34671667706620535,0.03758838374182551,0.15048563237809323,0.00536916762010665
normal_0521_16,normal,0,B,521,normal_0521,16,17441,17456,2022-07-12 01:06:42.733000,2022-07-12 01:06:44.233000,train,0.06047896473137062,0.4255195071836689,0,ratio_AI1_AI2,0.006238990363244374,0.015040907308698701,0.24488786321011005,0.04198978001418581,0.0539455693602558,0.000770678131728974
normal_0522_00,normal,0,B,522,normal_0522,0,17464,17479,2022-07-12 01:06:49.173000,2022-07-12 01:06:50.673000,train,0.01343207491594998,0.4255195071836689,0,AI1_skew,0.0022885007495673103,0.004930347492081859,0.015780989145854008,0.010796849490501562,0.032352604863682424,0.01444315775401272
normal_0526_00,normal,0,B,526,normal_0526,0,17600,17615,2022-07-12 01:07:21.267000,2022-07-12 01:07:22.767000,train,0.1145918650877037,0.4255195071836689,0,ratio_AI1_AI2,0.0018886563635013033,0.00019383020585347208,0.39961028342000643,0.07834852375855825,0.20544051933213572,0.002069377446167062
normal_0526_16,normal,0,B,526,normal_0526,16,17616,17631,2022-07-12 01:07:22.867000,2022-07-12 01:07:24.367000,train,0.19072814177037856,0.4255195071836689,0,ratio_AI1_AI2,0.05216507919635446,0.026667553169592698,0.7824193533463675,0.07977115959082628,0.20281590473743508,0.0005298005816952841
normal_0526_32,normal,0,B,526,normal_0526,32,17632,17647,2022-07-12 01:07:24.467000,2022-07-12 01:07:25.967000,train,0.00797994890239183,0.4255195071836689,0,ratio_AI0_AI2,0.030108790300699587,0.0025623202929916794,0.008238007445726753,0.0037536748297332203,4.745813664536163e-09,0.003216895799386085
normal_0527_00,normal,0,B,527,normal_0527,0,17649,17664,2022-07-12 01:07:29.260000,2022-07-12 01:07:30.760000,train,0.03085477730285391,0.4255195071836689,0,AI1_skew,0.0074685189222856154,0.040393611324640054,0.0122182115792787,0.010275777980264394,0.11077075394499618,0.0040017900656585
normal_0527_16,normal,0,B,527,normal_0527,16,17665,17680,2022-07-12 01:07:30.860000,2022-07-12 01:07:32.360000,train,0.13169748308037107,0.4255195071836689,0,ratio_AI1_AI2,0.009877974100277088,0.0013731869213226182,0.46276920019893003,0.04828473517624644,0.26691300667923146,0.0009667954062188028
normal_0528_00,normal,0,B,528,normal_0528,0,17685,17700,2022-07-12 01:07:37.255000,2022-07-12 01:07:38.755000,train,0.02654837719992569,0.4255195071836689,0,ratio_AI1_AI2,0.0025864165291112446,0.0003957531620891712,0.09178462315636697,0.007699952971926096,0.05371316221857827,0.003110355161482385
normal_0531_00,normal,0,B,531,normal_0531,0,17722,17737,2022-07-12 01:07:54.616000,2022-07-12 01:07:56.116000,train,0.009101551328228949,0.4255195071836689,0,AI1_skew,0.001124745981811813,0.003866301367047732,0.014138442599117413,0.0033328245436999677,0.031665024477443446,0.000481969000253322
normal_0531_16,normal,0,B,531,normal_0531,16,17738,17753,2022-07-12 01:07:56.216000,2022-07-12 01:07:57.716000,train,0.10766943148392093,0.4255195071836689,0,AI1_skew,0.016101459799017784,0.010853318671308378,0.12438157145511851,0.022077599103389946,0.447774326776203,0.024828313098488004
normal_0531_32,normal,0,B,531,normal_0531,32,17754,17769,2022-07-12 01:07:57.816000,2022-07-12 01:07:59.316000,train,0.005476442723129607,0.4255195071836689,0,AI1_skew,0.0007335265620969398,0.006993845906597468,0.005437920724198775,0.0017948484689511634,0.017089624227295087,0.0008088904496382091
normal_0532_00,normal,0,B,532,normal_0532,0,17772,17787,2022-07-12 01:08:01.324000,2022-07-12 01:08:02.824000,train,0.38362508601093975,0.4255195071836689,0,AI1_skew,0.31821932584524326,0.11289892253422774,0.14385004396854345,0.039643700609660514,1.6350763099160652,0.05206221319189815
normal_0532_16,normal,0,B,532,normal_0532,16,17788,17803,2022-07-12 01:08:02.924000,2022-07-12 01:08:04.424000,train,0.0607147855870707,0.4255195071836689,0,AI1_skew,0.15225484044886708,0.020680800069462504,0.00014788503529821015,0.0004642566226263282,0.16639908158227906,0.02434184976389096
normal_0532_32,normal,0,B,532,normal_0532,32,17804,17819,2022-07-12 01:08:04.524000,2022-07-12 01:08:06.024000,train,0.3205653241971296,0.4255195071836689,0,ratio_AI1_AI2,0.008914386726371664,0.007115441703100318,1.320523816593486,0.15707684516194656,0.420938833782921,0.008822621214951731
normal_0534_00,normal,0,B,534,normal_0534,0,17860,17875,2022-07-12 01:08:17.218000,2022-07-12 01:08:18.718000,train,0.017972904169327657,0.4255195071836689,0,AI0_rms,0.00266277166383084,0.061390154426660216,0.0012086395255593084,0.000195105470850321,0.042378946400800394,1.8075282648638617e-06
normal_0538_00,normal,0,B,538,normal_0538,0,17995,18010,2022-07-12 01:08:49.676000,2022-07-12 01:08:51.176000,train,0.0234505370696861,0.4255195071836689,0,AI1_skew,0.004518570384872281,0.04487167026439398,0.001464693918196544,0.0050178034336732765,0.07189100121088837,0.01293948320609217
normal_0538_16,normal,0,B,538,normal_0538,16,18011,18026,2022-07-12 01:08:51.276000,2022-07-12 01:08:52.776000,train,0.032978670552550646,0.4255195071836689,0,ratio_AI1_AI2,0.008570334553862259,0.030051800556049123,0.13496458604691605,0.02240190081161485,2.5372223803347098e-05,0.0018580291230582066
normal_0539_00,normal,0,B,539,normal_0539,0,18030,18045,2022-07-12 01:08:57.709000,2022-07-12 01:08:59.209000,train,0.00846379677103784,0.4255195071836689,0,ratio_AI1_AI2,0.0004740452376755806,0.01150467885667767,0.017286618465241422,0.004985397726257602,0.01395260061780956,0.0025794397225652023
normal_0544_00,normal,0,B,544,normal_0544,0,18171,18186,2022-07-12 01:09:37.774000,2022-07-12 01:09:39.274000,train,0.03902933143356741,0.4255195071836689,0,ratio_AI1_AI2,3.093326765416833e-05,0.012330439460169845,0.14631721396002034,0.02188269873839849,0.053423695087036906,0.00019100808812475353
normal_0544_16,normal,0,B,544,normal_0544,16,18187,18202,2022-07-12 01:09:39.374000,2022-07-12 01:09:40.874000,train,0.007481428798533089,0.4255195071836689,0,AI0_rms,0.006209650329496456,0.01824633400987295,0.016064751218191703,9.967513207529305e-05,0.004267819540378567,3.425611835559651e-07
normal_0548_00,normal,0,B,548,normal_0548,0,18244,18259,2022-07-12 01:10:11.168000,2022-07-12 01:10:12.668000,train,0.027800371158671042,0.4255195071836689,0,ratio_AI1_AI2,0.003998545074398666,0.02860216150042025,0.11292012880023371,0.0123274673478212,0.008611652709374917,0.0003422715197775226
normal_0548_16,normal,0,B,548,normal_0548,16,18260,18275,2022-07-12 01:10:12.768000,2022-07-12 01:10:14.268000,train,0.019167039429309498,0.4255195071836689,0,ratio_AI0_AI2,0.07594759577119338,0.0023493508040610986,0.015089770592354394,0.011817027688340108,0.0014754374192264856,0.00832305430068153
normal_0548_32,normal,0,B,548,normal_0548,32,18276,18291,2022-07-12 01:10:14.368000,2022-07-12 01:10:15.868000,train,0.01641944255574699,0.4255195071836689,0,ratio_AI1_AI2,0.002960991347987736,0.028431928778892508,0.05819156921163637,0.005656074753985509,0.0018225973586969322,0.0014534938832828723
normal_0550_00,normal,0,B,550,normal_0550,0,18343,18358,2022-07-12 01:10:26.247000,2022-07-12 01:10:27.747000,train,0.04352429487488768,0.4255195071836689,0,AI1_skew,0.08909163266697251,0.0021146568646170966,0.03899586876698009,0.004597879794359177,0.1139474269939763,0.012398304162420963
normal_0550_16,normal,0,B,550,normal_0550,16,18359,18374,2022-07-12 01:10:27.847000,2022-07-12 01:10:29.347000,train,0.03090963460148334,0.4255195071836689,0,ratio_AI1_AI2,0.009220189026101208,0.026315969272919803,0.13756205469736452,0.010039924746548213,0.0022479838350155943,7.168603095069889e-05
normal_0553_00,normal,0,B,553,normal_0553,0,18465,18480,2022-07-12 01:10:50.426000,2022-07-12 01:10:51.926000,train,0.0025522360049669104,0.4255195071836689,0,AI1_skew,0.002533022514805098,6.118484555849547e-05,0.0003494822320805231,0.0013866696705345963,0.010963689547156234,1.936721966651534e-05
normal_0555_00,normal,0,B,555,normal_0555,0,18485,18500,2022-07-12 01:11:00.537000,2022-07-12 01:11:02.037000,train,0.010268775609588079,0.4255195071836689,0,ratio_AI1_AI2,0.00563947723969242,0.012237336910584286,0.025998445285447015,3.470696646874929e-08,0.016701487713119124,0.0010358718017191662
normal_0555_16,normal,0,B,555,normal_0555,16,18501,18516,2022-07-12 01:11:02.137000,2022-07-12 01:11:03.637000,train,0.008313094272617526,0.4255195071836689,0,AI0_rms,0.0003890958136166451,0.02521413972520419,0.021374468512339737,0.0006020388071442551,0.0015752135894887688,0.0007236091879115613
normal_0555_32,normal,0,B,555,normal_0555,32,18517,18532,2022-07-12 01:11:03.737000,2022-07-12 01:11:05.237000,train,0.016232392346872522,0.4255195071836689,0,ratio_AI1_AI2,0.004444016144939829,0.02595293387520916,0.03619737718065954,0.000878003873951262,0.025765610380195474,0.004156412626279877
normal_0556_00,normal,0,B,556,normal_0556,0,18535,18550,2022-07-12 01:11:07.348000,2022-07-12 01:11:08.848000,train,0.04744959566998294,0.4255195071836689,0,ratio_AI1_AI2,0.00496833187665038,0.009752204154054681,0.2168784582997879,0.01769313785849974,0.03381812669163238,0.0015873151392725797
normal_0556_16,normal,0,B,556,normal_0556,16,18551,18566,2022-07-12 01:11:08.948000,2022-07-12 01:11:10.448000,train,0.032936405570816056,0.4255195071836689,0,ratio_AI1_AI2,0.004999802112528277,0.02549246510230583,0.1400370017835787,0.014434297032396634,0.012654678592193346,1.88801893547592e-07
normal_0556_32,normal,0,B,556,normal_0556,32,18567,18582,2022-07-12 01:11:10.548000,2022-07-12 01:11:12.048000,train,0.013997335921447316,0.4255195071836689,0,ratio_AI1_AI2,0.0016529222727325599,0.03310759030686345,0.043473248604547,0.005151242511421646,0.0005052030722425489,9.380876087667957e-05
normal_0557_00,normal,0,B,557,normal_0557,0,18585,18600,2022-07-12 01:11:14.704000,2022-07-12 01:11:16.204000,train,0.027570993096689256,0.4255195071836689,0,ratio_AI1_AI2,0.0021013158592125946,0.02076643943579498,0.106545554647564,0.007575473044584928,0.02724875173649382,0.001188423856485197
normal_0557_16,normal,0,B,557,normal_0557,16,18601,18616,2022-07-12 01:11:16.304000,2022-07-12 01:11:17.804000,train,0.0841761909809557,0.4255195071836689,0,ratio_AI1_AI2,0.0016945964691963667,0.02764155369507597,0.3860830917506171,0.0414778180983353,0.046151087900344855,0.0020089979721646415
normal_0561_00,normal,0,A,561,normal_0561,0,18684,18699,2022-07-12 01:11:47.790000,2022-07-12 01:11:49.290000,train,0.13925691671554627,0.4255195071836689,0,ratio_AI1_AI2,0.09481787155149922,0.030667133254391344,0.6144531232226786,0.05133674443936637,0.04340764359223109,0.0008589842331108633
normal_0561_16,normal,0,A,561,normal_0561,16,18700,18715,2022-07-12 01:11:49.390000,2022-07-12 01:11:50.890000,train,0.05438694184588849,0.4255195071836689,0,AI1_skew,0.008095037094930785,0.003165930823490925,0.01742623911420249,0.0008421301996593511,0.2824577246850414,0.014334589158006008
normal_0561_32,normal,0,A,561,normal_0561,32,18716,18731,2022-07-12 01:11:50.990000,2022-07-12 01:11:52.490000,train,0.10770466222362873,0.4255195071836689,0,ratio_AI1_AI2,0.029701877016403592,0.014030092047021839,0.5509896422125946,0.03406579271954665,0.004557620600452364,0.01288294874575325
normal_0562_00,normal,0,A,562,normal_0562,0,18734,18749,2022-07-12 01:11:55.696000,2022-07-12 01:11:57.196000,train,0.30222484580915293,0.4255195071836689,0,AI1_skew,0.10633346556720988,0.007625731631996968,0.009132395346587887,9.380244598831896e-06,1.6820177550032498,0.00823034706127443
normal_0562_16,normal,0,A,562,normal_0562,16,18750,18765,2022-07-12 01:11:57.296000,2022-07-12 01:11:58.796000,train,0.09325861246102225,0.4255195071836689,0,ratio_AI1_AI2,0.010815406510775305,0.005210438198831329,0.3463062801451129,0.03557670976408416,0.16018328925373473,0.0014595508935950437
normal_0562_32,normal,0,A,562,normal_0562,32,18766,18781,2022-07-12 01:11:58.896000,2022-07-12 01:12:00.396000,train,0.12001299355821483,0.4255195071836689,0,ratio_AI1_AI2,0.02421837244651876,0.04144990644936649,0.6034234561587404,0.04379246119474261,0.006127886249007887,0.0010658788509130092
normal_0563_00,normal,0,A,563,normal_0563,0,18784,18799,2022-07-12 01:12:03.184000,2022-07-12 01:12:04.684000,train,0.05829063215290406,0.4255195071836689,0,AI1_skew,0.008166815929695597,0.000266432173554145,0.0036847146767189083,0.0009659964835547269,0.30265919639782235,0.03400063725607859
normal_0563_16,normal,0,A,563,normal_0563,16,18800,18815,2022-07-12 01:12:04.784000,2022-07-12 01:12:06.284000,train,0.0996618479655599,0.4255195071836689,0,AI1_skew,0.013168420861765218,0.048900696110551124,0.019802991032409442,0.0034537795551896843,0.3083140178722194,0.20433118236122447
normal_0564_00,normal,0,A,564,normal_0564,0,18828,18843,2022-07-12 01:12:11.247000,2022-07-12 01:12:12.747000,train,0.008993982116511435,0.4255195071836689,0,AI0_rms,0.0001416605198487268,0.03363155736095709,0.011378793784895128,0.004818313609147876,0.0033694012262224585,0.0006241661979973268
normal_0567_00,normal,0,A,567,normal_0567,0,18880,18895,2022-07-12 01:12:29.385000,2022-07-12 01:12:30.885000,train,0.0414600316539651,0.4255195071836689,0,ratio_AI1_AI2,0.0051594983600094235,0.00554115810840769,0.1414062561578051,0.02545611373959348,0.00039243413511492927,0.07080472942285998
normal_0567_16,normal,0,A,567,normal_0567,16,18896,18911,2022-07-12 01:12:30.985000,2022-07-12 01:12:32.485000,train,0.12035941605667799,0.4255195071836689,0,AI1_skew,0.0008546204928619842,0.04463255040638014,0.03922241566148733,2.8847883217962297e-08,0.45798322203500996,0.1794636588964454
normal_0567_32,normal,0,A,567,normal_0567,32,18912,18927,2022-07-12 01:12:32.585000,2022-07-12 01:12:34.085000,train,0.11107458769883027,0.4255195071836689,0,AI1_skew,0.00010678115457139658,0.04970488199646049,0.05129681091917329,5.034170834286258e-05,0.36731845568874716,0.19797025472568644
normal_0568_00,normal,0,A,568,normal_0568,0,18930,18945,2022-07-12 01:12:36.055000,2022-07-12 01:12:37.555000,train,0.008165867147681707,0.4255195071836689,0,AI1_skew,0.0037558433083229163,0.0003590756749196179,0.003498121712156389,0.0001927926353325647,0.03548970543818169,0.005699664117177068
normal_0568_16,normal,0,A,568,normal_0568,16,18946,18961,2022-07-12 01:12:37.655000,2022-07-12 01:12:39.155000,train,0.0981066235283304,0.4255195071836689,0,ratio_AI1_AI2,0.008335978356508232,3.858815844090271e-05,0.3706579335110673,0.04824264366281892,0.15901063348847225,0.0023539639926748773
normal_0568_32,normal,0,A,568,normal_0568,32,18962,18977,2022-07-12 01:12:39.255000,2022-07-12 01:12:40.755000,train,0.005511248302878865,0.4255195071836689,0,AI1_skew,0.0018643061118803384,0.0018643103066910405,0.005955114838930937,0.0010006934291339694,0.022217917679861924,0.0001651474507749858
normal_0569_00,normal,0,A,569,normal_0569,0,18980,18995,2022-07-12 01:12:43.312000,2022-07-12 01:12:44.812000,train,0.1940857418991948,0.4255195071836689,0,AI1_skew,0.015318697084204603,0.06510511104443444,0.11286063315885493,0.17840258057547678,0.6352365963493992,0.15759083318279896
normal_0569_16,normal,0,A,569,normal_0569,16,18996,19011,2022-07-12 01:12:44.912000,2022-07-12 01:12:46.412000,train,0.306672750180068,0.4255195071836689,0,AI1_skew,0.12046990906146386,0.024561993622742417,0.14900826161905847,0.013825180995779061,1.4887677082637256,0.04340344751763853
normal_0570_00,normal,0,A,570,normal_0570,0,19024,19039,2022-07-12 01:12:51.468000,2022-07-12 01:12:52.968000,train,0.07614635756481362,0.4255195071836689,0,ratio_AI1_AI2,0.03426978596214925,0.02580546465046543,0.36763468986843106,0.018811044083858506,0.007654957460881572,0.0027022033630958254
normal_0570_16,normal,0,A,570,normal_0570,16,19040,19055,2022-07-12 01:12:53.068000,2022-07-12 01:12:54.568000,train,0.016051114924013093,0.4255195071836689,0,ratio_AI1_AI2,0.0006906309641135448,0.0034905019003768152,0.07789699118405033,0.008767261882803502,0.00020137928213395767,0.005259924330600406
normal_0571_00,normal,0,A,571,normal_0571,0,19066,19081,2022-07-12 01:12:59.519000,2022-07-12 01:13:01.019000,train,0.07055540878895773,0.4255195071836689,0,AI1_skew,0.022446443177411325,0.025918237231200302,0.00960600892415729,0.010525431017225473,0.31725294081541244,0.037583391568339584
normal_0574_00,normal,0,A,574,normal_0574,0,19124,19139,2022-07-12 01:13:24.740000,2022-07-12 01:13:26.240000,train,0.05703179353115977,0.4255195071836689,0,AI1_skew,0.00013539612802066392,0.019193868096566685,0.05976300276792772,0.016362973215890746,0.23313445137097372,0.013601069607579076
normal_0574_16,normal,0,A,574,normal_0574,16,19140,19155,2022-07-12 01:13:26.340000,2022-07-12 01:13:27.840000,train,0.045742394758239685,0.4255195071836689,0,AI1_skew,0.030170613059435174,0.005327007173778877,0.07382101696363971,0.013518167891069795,0.13873384323295299,0.012883720228561523
normal_0574_32,normal,0,A,574,normal_0574,32,19156,19171,2022-07-12 01:13:27.940000,2022-07-12 01:13:29.440000,train,0.025522382373714975,0.4255195071836689,0,AI1_skew,0.022620323483929436,0.007153198407732525,0.0488079853448959,0.006100663515872618,0.06389966133355236,0.004552462156307006
normal_0575_00,normal,0,A,575,normal_0575,0,19174,19189,2022-07-12 01:13:32.840000,2022-07-12 01:13:34.340000,train,0.2423659141224276,0.4255195071836689,0,ratio_AI1_AI2,0.0010010760421147993,0.04074738955365522,0.6452544074965999,0.10453615292082204,0.5476075237221423,0.11504893499923137
normal_0575_16,normal,0,A,575,normal_0575,16,19190,19205,2022-07-12 01:13:34.440000,2022-07-12 01:13:35.940000,train,0.24532112546192272,0.4255195071836689,0,AI1_skew,0.004955788262086533,0.0415701466510186,0.5695167709192381,0.08237943001366885,0.6866442628273742,0.08686035409814989
normal_0575_32,normal,0,A,575,normal_0575,32,19206,19221,2022-07-12 01:13:36.040000,2022-07-12 01:13:37.540000,train,0.0782019076428503,0.4255195071836689,0,ratio_AI1_AI2,0.015590229059472547,0.05866844980777307,0.2943265187283602,0.019500266366303677,0.002961264388265212,0.0781647175069271
normal_0576_00,normal,0,A,576,normal_0576,0,19224,19239,2022-07-12 01:13:39.456000,2022-07-12 01:13:40.956000,train,0.03483142384772286,0.4255195071836689,0,AI1_skew,0.006112826393003499,0.0024969675275506946,0.01995679915499221,0.0025468536101791637,0.16564993102028014,0.012225165380331415
normal_0576_16,normal,0,A,576,normal_0576,16,19240,19255,2022-07-12 01:13:41.056000,2022-07-12 01:13:42.556000,train,0.05434719613460506,0.4255195071836689,0,ratio_AI1_AI2,0.03977607210713643,0.03597911794032261,0.20913296822261743,0.020710876156132017,0.02023357050433467,0.0002505718770871408
normal_0576_32,normal,0,A,576,normal_0576,32,19256,19271,2022-07-12 01:13:42.656000,2022-07-12 01:13:44.156000,train,0.04413340030666582,0.4255195071836689,0,ratio_AI1_AI2,0.012226577639908278,0.039006730287046,0.1930424503955093,0.010520236062454594,0.004217226613603622,0.0057871808414731085
normal_0577_00,normal,0,A,577,normal_0577,0,19273,19288,2022-07-12 01:13:47.379000,2022-07-12 01:13:48.879000,train,0.01802974673651987,0.4255195071836689,0,AI1_skew,0.012575031081242386,0.03467370274984953,0.0035936659403752987,4.4679997818693525e-06,0.044801866091000744,0.012529746556869375
normal_0577_16,normal,0,A,577,normal_0577,16,19289,19304,2022-07-12 01:13:48.979000,2022-07-12 01:13:50.479000,train,0.03619624323629488,0.4255195071836689,0,AI0_rms,0.036110497930141164,0.08120188482935314,0.0752845239125941,0.011659350371287326,0.012670358605748236,0.00025084376864532957
normal_0578_00,normal,0,A,578,normal_0578,0,19308,19323,2022-07-12 01:13:55.330000,2022-07-12 01:13:56.830000,train,0.251977240927584,0.4255195071836689,0,AI1_skew,0.20468218631679977,0.056251377146167764,0.05436404202005771,0.0703459738888247,1.0894769818750218,0.03674288431863244
normal_0578_16,normal,0,A,578,normal_0578,16,19324,19339,2022-07-12 01:13:56.930000,2022-07-12 01:13:58.430000,train,0.062224551462653176,0.4255195071836689,0,AI1_skew,0.034093712103881305,0.008984176985036065,0.06611950893107033,0.05647680105089949,0.1866044345688118,0.021068675136220086
normal_0584_00,normal,0,A,584,normal_0584,0,19514,19529,2022-07-12 01:14:51.439000,2022-07-12 01:14:52.939000,train,0.005525451323133756,0.4255195071836689,0,ratio_AI1_AI2,0.00035781104337932404,0.005738833187854527,0.02424747787873538,2.7941918937708627e-06,0.0003104474570414645,0.002495344179898066
normal_0586_00,normal,0,A,586,normal_0586,0,19550,19565,2022-07-12 01:15:17.019000,2022-07-12 01:15:18.519000,train,0.07501076189140542,0.4255195071836689,0,ratio_AI1_AI2,0.010040865601136545,0.014952483533908495,0.18998560598019792,0.04484022221802551,0.11201682852922748,0.07822856548593653
normal_0586_16,normal,0,A,586,normal_0586,16,19566,19581,2022-07-12 01:15:18.619000,2022-07-12 01:15:20.119000,train,0.1087843434324577,0.4255195071836689,0,ratio_AI1_AI2,0.0005508568114563407,0.07628027031675771,0.2827912664665571,0.021911903539687024,0.12317603382602438,0.14799572963426363
normal_0586_32,normal,0,A,586,normal_0586,32,19582,19597,2022-07-12 01:15:20.219000,2022-07-12 01:15:21.719000,train,0.06393740734934321,0.4255195071836689,0,AI1_skew,0.0064899042866556214,0.00109970422582463,0.14680059057523304,0.03179985499830713,0.18776604025916108,0.009668349750877766
normal_0587_00,normal,0,A,587,normal_0587,0,19600,19615,2022-07-12 01:15:23.633000,2022-07-12 01:15:25.133000,train,0.14608555203686982,0.4255195071836689,0,AI1_skew,0.005699980555958353,0.017776397893709522,0.0007187254333129539,0.00023497210806436647,0.8473493749225663,0.004733861307607463
normal_0587_16,normal,0,A,587,normal_0587,16,19616,19631,2022-07-12 01:15:25.233000,2022-07-12 01:15:26.733000,train,0.028384213934295455,0.4255195071836689,0,ratio_AI1_AI2,0.000803488248657877,0.016448946666509832,0.09462275628517566,0.015283829270830381,0.01939072196067062,0.023755541173928356
normal_0587_32,normal,0,A,587,normal_0587,32,19632,19647,2022-07-12 01:15:26.833000,2022-07-12 01:15:28.333000,train,0.03760875014876882,0.4255195071836689,0,AI1_skew,0.006632518918701711,7.695251544411924e-05,0.010367330667185412,0.0012970713260524924,0.19932910883705704,0.00794951862817216
normal_0588_00,normal,0,A,588,normal_0588,0,19650,19665,2022-07-12 01:15:31.236000,2022-07-12 01:15:32.736000,train,0.22929161058524195,0.4255195071836689,0,ratio_AI1_AI2,0.0440757621545062,0.021559342932398244,1.1224829428451615,0.09803915703952862,0.0764001063826893,0.013192352157167688
normal_0588_16,normal,0,A,588,normal_0588,16,19666,19681,2022-07-12 01:15:32.836000,2022-07-12 01:15:34.336000,train,0.1078635882963684,0.4255195071836689,0,ratio_AI1_AI2,0.009554485025205258,0.003091448262551239,0.5116077519134482,0.04419898403070173,0.05764020791144097,0.021088652634862884
normal_0589_00,normal,0,A,589,normal_0589,0,19692,19707,2022-07-12 01:15:39.216000,2022-07-12 01:15:40.716000,train,0.1268443250164897,0.4255195071836689,0,AI1_skew,0.008641153664292196,0.0001915108301023909,0.0027982437692856935,0.0030015592936776664,0.7270289589215523,0.019404523620028046
normal_0593_00,normal,0,A,593,normal_0593,0,19795,19810,2022-07-12 01:16:11.294000,2022-07-12 01:16:12.794000,train,0.017459567655641793,0.4255195071836689,0,ratio_AI1_AI2,1.5734846382136193e-05,0.020825536195120654,0.062119041516688824,0.001460436998951383,0.00954657281957959,0.010790083557128165
normal_0593_16,normal,0,A,593,normal_0593,16,19811,19826,2022-07-12 01:16:12.894000,2022-07-12 01:16:14.394000,train,0.012608949915510653,0.4255195071836689,0,AI0_rms,0.01184457737266784,0.03853467027943529,0.01773539187691292,0.006875414823199135,0.0004902670132681073,0.00017337812758063084
normal_0594_00,normal,0,A,594,normal_0594,0,19841,19856,2022-07-12 01:16:19.392000,2022-07-12 01:16:20.892000,train,0.06721759417715861,0.4255195071836689,0,ratio_AI1_AI2,0.002428655635092307,0.01624487655352441,0.23035981819292595,0.030582711281784792,0.09799474819769138,0.025694755201932814
normal_0594_16,normal,0,A,594,normal_0594,16,19857,19872,2022-07-12 01:16:20.992000,2022-07-12 01:16:22.492000,train,0.018478213198144577,0.4255195071836689,0,ratio_AI1_AI2,0.0011005146757978705,0.02382403643795615,0.05258403551041176,0.00010945992054254152,0.02805689786324717,0.0051943347809119845
normal_0595_00,normal,0,A,595,normal_0595,0,19876,19891,2022-07-12 01:16:27.377000,2022-07-12 01:16:28.877000,train,0.02371508483443226,0.4255195071836689,0,ratio_AI1_AI2,0.011167396543383556,0.01329732696787414,0.09951288759619083,0.010395396533114975,0.007906700695693897,1.0800670336142834e-05
normal_0597_00,normal,0,A,597,normal_0597,0,19906,19921,2022-07-12 01:16:44.524000,2022-07-12 01:16:46.024000,train,0.019916504745881858,0.4255195071836689,0,AI1_skew,0.012510309341337763,0.0003644807006191175,0.011715433692913927,0.0015977140632913675,0.0628887793857835,0.03042231129134548
normal_0597_16,normal,0,A,597,normal_0597,16,19922,19937,2022-07-12 01:16:46.124000,2022-07-12 01:16:47.624000,train,0.024009678603847128,0.4255195071836689,0,AI2_rms,0.002029687793214228,0.005641273062250969,0.024755879437344763,0.002017792819853034,0.0012692523557045283,0.10834418615471525
normal_0597_32,normal,0,A,597,normal_0597,32,19938,19953,2022-07-12 01:16:47.724000,2022-07-12 01:16:49.224000,train,0.0241597117740202,0.4255195071836689,0,AI2_rms,0.016176329444731904,0.0048789197674606564,0.0398886473798579,0.0028997436630615954,0.001555466597010673,0.07955916379199847
normal_0005_00,normal,0,A,5,normal_0005,0,162,177,2022-07-12 00:00:39.756000,2022-07-12 00:00:41.256000,val,0.012373483845749262,0.4255195071836689,0,AI1_skew,0.001293108782752973,0.0005177798833256492,0.008255127459776282,0.004754003686980331,0.037344826916739675,0.02207605634492066
normal_0005_16,normal,0,A,5,normal_0005,16,178,193,2022-07-12 00:00:41.356000,2022-07-12 00:00:42.856000,val,0.06554683749677795,0.4255195071836689,0,AI1_skew,0.0055318762916248595,0.0020487497232906026,0.06026396079918784,0.027074930645494398,0.28675849037381235,0.011603017147257649
normal_0005_32,normal,0,A,5,normal_0005,32,194,209,2022-07-12 00:00:42.956000,2022-07-12 00:00:44.456000,val,0.18257372496620727,0.4255195071836689,0,AI1_skew,0.010100446293246084,0.0002246511164739447,0.006952626440477416,0.01545642233344732,1.0626330116369427,7.519197665625113e-05
normal_0006_00,normal,0,A,6,normal_0006,0,212,227,2022-07-12 00:00:47.676000,2022-07-12 00:00:49.176000,val,0.09052424661480185,0.4255195071836689,0,AI1_skew,0.1015205446994327,0.0065200046956162576,0.03476412528501044,0.014205880343695979,0.34853074736486045,0.03760417730019525
normal_0006_16,normal,0,A,6,normal_0006,16,228,243,2022-07-12 00:00:49.276000,2022-07-12 00:00:50.776000,val,0.3314237816367095,0.4255195071836689,0,ratio_AI0_AI2,1.1341388103863093,0.1529546600175583,0.41389280598713285,0.0533705175122473,0.22317127618925084,0.011014619727758797
normal_0006_32,normal,0,A,6,normal_0006,32,244,259,2022-07-12 00:00:50.876000,2022-07-12 00:00:52.376000,val,0.03535676856687033,0.4255195071836689,0,ratio_AI1_AI2,0.01839264306893996,0.003422477665833202,0.15868390066750737,0.008274910222564588,0.008080357423165945,0.015286322353210919
normal_0011_00,normal,0,A,11,normal_0011,0,392,407,2022-07-12 00:01:27.857000,2022-07-12 00:01:29.357000,val,0.007962664957441646,0.4255195071836689,0,ratio_AI1_AI2,1.3493321815413367e-06,0.003478284246341936,0.032688073847535304,0.004064914280163583,0.001159329903053965,0.006384038135373554
normal_0011_16,normal,0,A,11,normal_0011,16,408,423,2022-07-12 00:01:29.457000,2022-07-12 00:01:30.957000,val,0.01859530136553423,0.4255195071836689,0,AI1_skew,0.006459143253049377,0.030760596435824777,0.0014111019629301556,3.3624769272112694e-05,0.07246118015464513,0.00044616161748383494
normal_0011_32,normal,0,A,11,normal_0011,32,424,439,2022-07-12 00:01:31.057000,2022-07-12 00:01:32.557000,val,0.018201155956954044,0.4255195071836689,0,ratio_AI1_AI2,0.003579761871383683,0.0009353931300794362,0.07325509188134037,0.002113154624742604,0.010645545562887852,0.01867798867129034
normal_0013_00,normal,0,A,13,normal_0013,0,482,497,2022-07-12 00:01:43.757000,2022-07-12 00:01:45.257000,val,0.04105039474608779,0.4255195071836689,0,ratio_AI1_AI2,0.002055107780561642,0.002345117240994391,0.1649019082115334,0.03959594118536514,0.003806743783427213,0.03359755027464498
normal_0016_00,normal,0,A,16,normal_0016,0,571,586,2022-07-12 00:02:07.924000,2022-07-12 00:02:09.424000,val,0.12092026185844389,0.4255195071836689,0,ratio_AI1_AI2,2.6469974795038956e-05,0.08773287686344768,0.3944765050337713,0.0025213929616709524,0.14927873946907183,0.09148558684790659
normal_0016_16,normal,0,A,16,normal_0016,16,587,602,2022-07-12 00:02:09.524000,2022-07-12 00:02:11.024000,val,0.09693169422168825,0.4255195071836689,0,ratio_AI1_AI2,0.00024916722396438253,0.07928665594092475,0.3306913452625006,0.0010128208867579828,0.08281056683799468,0.08753960917798716
normal_0016_32,normal,0,A,16,normal_0016,32,603,618,2022-07-12 00:02:11.124000,2022-07-12 00:02:12.624000,val,0.2470825609863215,0.4255195071836689,0,AI1_skew,0.1284743436032286,0.024239547333742947,0.001546278777814188,0.023789237047134794,1.263780038047556,0.04066592110845248
normal_0022_00,normal,0,A,22,normal_0022,0,749,764,2022-07-12 00:02:57.334000,2022-07-12 00:02:58.834000,val,0.015274253609267034,0.4255195071836689,0,ratio_AI1_AI2,0.01763869642546348,0.004348509317800914,0.03721451581698521,0.013784454955808895,0.018124705040416682,0.0005346400991270291
normal_0022_16,normal,0,A,22,normal_0022,16,765,780,2022-07-12 00:02:58.934000,2022-07-12 00:03:00.434000,val,0.00636731077854097,0.4255195071836689,0,AI1_skew,0.0030146380362658706,0.002592794990471631,0.00908214233409011,1.2648455066041552e-05,0.02218416669467656,0.0013174741606756014
normal_0022_32,normal,0,A,22,normal_0022,32,781,796,2022-07-12 00:03:00.534000,2022-07-12 00:03:02.034000,val,0.31980544464057525,0.4255195071836689,0,AI1_skew,0.4578874169424349,0.12526504978972774,0.38109945423452624,0.08731624086487096,0.8627815924172698,0.004482913594621802
normal_0025_00,normal,0,A,25,normal_0025,0,885,900,2022-07-12 00:03:20.215000,2022-07-12 00:03:21.715000,val,0.9302238591526982,0.4255195071836689,1,AI1_skew,1.0134086765449724,0.26123225363385244,1.4286000467832412,0.2078350778993792,2.6579160796241266,0.012351020430617433
normal_0035_00,normal,0,A,35,normal_0035,0,1207,1222,2022-07-12 00:04:40.416000,2022-07-12 00:04:41.916000,val,0.009073357418020263,0.4255195071836689,0,AI1_skew,0.00014893353455519784,0.0006362066223921108,0.000822641275118344,0.00045044831076738903,0.03785833797532819,0.014523576789960354
normal_0035_16,normal,0,A,35,normal_0035,16,1223,1238,2022-07-12 00:04:42.016000,2022-07-12 00:04:43.516000,val,0.06977368619518821,0.4255195071836689,0,AI1_skew,0.0024641177039369973,0.00499774390995381,0.11979548863676319,0.029565414704813796,0.25601491819945105,0.005804434016210385
normal_0042_00,normal,0,A,42,normal_0042,0,1381,1396,2022-07-12 00:05:29.007000,2022-07-12 00:05:30.507000,val,0.02869891478503256,0.4255195071836689,0,ratio_AI1_AI2,0.0007047273282256739,0.009659507759198915,0.1373490229518212,0.00416934098697636,0.006097068719601574,0.014213820964371612
normal_0042_16,normal,0,A,42,normal_0042,16,1397,1412,2022-07-12 00:05:30.607000,2022-07-12 00:05:32.107000,val,0.004393202544239943,0.4255195071836689,0,AI1_skew,0.006100860782905111,0.0013135939922279416,0.007686391086863384,3.299152905966099e-05,0.009314365863654687,0.0019110120107288717
normal_0042_32,normal,0,A,42,normal_0042,32,1413,1428,2022-07-12 00:05:32.207000,2022-07-12 00:05:33.707000,val,0.006390561253861052,0.4255195071836689,0,AI1_skew,0.007659167707173685,0.009973292397460035,0.0009155426793115836,0.000862171496369674,0.01768273258268343,0.0012504606601679107
normal_0050_00,normal,0,A,50,normal_0050,0,1665,1680,2022-07-12 00:06:25.547000,2022-07-12 00:06:27.047000,val,0.014402481665909473,0.4255195071836689,0,AI0_rms,0.0029393368526453717,0.03250320518510257,0.0032822299560699058,0.016957465864565025,0.03071215371229171,2.0498424782265406e-05
normal_0059_00,normal,0,A,59,normal_0059,0,2087,2102,2022-07-12 00:07:25.971000,2022-07-12 00:07:27.471000,val,0.035101492156366626,0.4255195071836689,0,AI1_skew,0.009028333645415226,0.010243207825136012,0.03799163317440796,0.03415766065597662,0.11868579990753787,0.0005023177297260904
normal_0059_16,normal,0,A,59,normal_0059,16,2103,2118,2022-07-12 00:07:27.571000,2022-07-12 00:07:29.071000,val,0.013357419922562327,0.4255195071836689,0,ratio_AI1_AI2,0.004491451780349563,0.010945645017323284,0.035046820069227255,0.027643206222124368,0.00141716826611066,0.0006002281802388361
normal_0059_32,normal,0,A,59,normal_0059,32,2119,2134,2022-07-12 00:07:29.171000,2022-07-12 00:07:30.671000,val,0.008143141897315203,0.4255195071836689,0,ratio_AI1_AI2,0.001125819516832585,0.008769362668763055,0.01790866919781628,0.017728899970730377,0.00022988396548664865,0.003096216064262276
normal_0063_00,normal,0,A,63,normal_0063,0,2287,2302,2022-07-12 00:07:52.879000,2022-07-12 00:07:54.379000,val,0.21893348251987454,0.4255195071836689,0,AI1_skew,0.014987782463374061,0.024810328735529425,0.09786860811011969,0.005626768833502076,1.0300330993168028,0.14027430765991933
normal_0063_16,normal,0,A,63,normal_0063,16,2303,2318,2022-07-12 00:07:54.479000,2022-07-12 00:07:55.979000,val,0.02002265647978191,0.4255195071836689,0,AI2_rms,0.028242852517291715,0.00035669933610966883,0.038876572432262835,0.00586259961057174,0.004226103000028091,0.042571111982427405
normal_0063_32,normal,0,A,63,normal_0063,32,2319,2334,2022-07-12 00:07:56.079000,2022-07-12 00:07:57.579000,val,0.19410563504025155,0.4255195071836689,0,AI1_skew,4.080272699278514e-05,0.037991088394854114,0.01631103992144401,0.014191180157330693,1.0117034165118417,0.08439628252904585
normal_0070_00,normal,0,A,70,normal_0070,0,2637,2652,2022-07-12 00:08:46.662000,2022-07-12 00:08:48.162000,val,0.19019651343202384,0.4255195071836689,0,AI1_skew,0.005212343355028312,0.06608967217935167,0.014134346663369659,0.046238142274604675,0.8784602174081729,0.13104435871161582
normal_0070_16,normal,0,A,70,normal_0070,16,2653,2668,2022-07-12 00:08:48.262000,2022-07-12 00:08:49.762000,val,0.07148455830642005,0.4255195071836689,0,AI1_skew,0.029796899411262047,0.000555175229734196,0.14656619201796456,0.03942005822150849,0.19138381871014623,0.021185206247904757
normal_0070_32,normal,0,A,70,normal_0070,32,2669,2684,2022-07-12 00:08:49.862000,2022-07-12 00:08:51.362000,val,0.08171706287426998,0.4255195071836689,0,AI1_skew,0.0247969739255988,0.00010626125260567514,0.08945695860795747,0.027054438404613506,0.32198680951893144,0.02690093553591303
normal_0078_00,normal,0,A,78,normal_0078,0,2999,3014,2022-07-12 00:09:41.691000,2022-07-12 00:09:43.191000,val,0.18803052236318604,0.4255195071836689,0,AI1_skew,0.013675580068654578,0.003031274901139606,0.2572174490060076,0.08765492904541249,0.7342297028261988,0.03237419833170295
normal_0078_16,normal,0,A,78,normal_0078,16,3015,3030,2022-07-12 00:09:43.291000,2022-07-12 00:09:44.791000,val,0.2591374836443478,0.4255195071836689,0,AI1_skew,0.006209126805072883,0.020376452990277606,0.4913822538833426,0.151207472987134,0.8461632219097971,0.03948637329046266
normal_0078_32,normal,0,A,78,normal_0078,32,3031,3046,2022-07-12 00:09:44.891000,2022-07-12 00:09:46.391000,val,0.1342705099807386,0.4255195071836689,0,ratio_AI1_AI2,0.04414723870722334,0.005074101609062517,0.4640327014628057,0.08725969022453697,0.2008522833333372,0.004257044547465843
normal_0092_00,normal,0,A,92,normal_0092,0,3492,3507,2022-07-12 00:11:32.266000,2022-07-12 00:11:33.766000,val,0.03342551606382833,0.4255195071836689,0,ratio_AI1_AI2,0.0003725207641509376,8.935864768835408e-06,0.09698937860079693,0.027798006791879697,0.07473955869470704,0.0006446956666665213
normal_0094_00,normal,0,A,94,normal_0094,0,3523,3538,2022-07-12 00:11:49.526000,2022-07-12 00:11:51.026000,val,0.007292696004386296,0.4255195071836689,0,AI0_rms,0.0001363946368406583,0.014141544746397148,0.012496087286166,0.0018445841150962537,0.014033655385540359,0.001103909856277357
normal_0094_16,normal,0,A,94,normal_0094,16,3539,3554,2022-07-12 00:11:51.126000,2022-07-12 00:11:52.626000,val,0.4946033816547935,0.4255195071836689,1,AI1_skew,0.04157144226768596,0.03632837292999951,0.3393381083404842,0.03559926893915124,2.323435241648053,0.19134785580338723
normal_0094_32,normal,0,A,94,normal_0094,32,3555,3570,2022-07-12 00:11:52.726000,2022-07-12 00:11:54.226000,val,0.24429201812239862,0.4255195071836689,0,AI1_skew,0.018147561094192785,0.005057985470452011,0.014292893733857864,0.001467420495026092,1.3830353264099846,0.0437509215308783
normal_0096_00,normal,0,A,96,normal_0096,0,3623,3638,2022-07-12 00:12:04.143000,2022-07-12 00:12:05.643000,val,0.034328517875782984,0.4255195071836689,0,ratio_AI0_AI2,0.094894173171104,0.0030468955838765964,0.0016814702172879828,0.0006081194561248116,0.08391002088013223,0.021830427946172286
normal_0096_16,normal,0,A,96,normal_0096,16,3639,3654,2022-07-12 00:12:05.743000,2022-07-12 00:12:07.243000,val,0.0025859381482599363,0.4255195071836689,0,AI1_skew,5.043081738663004e-05,0.0028161302642044973,5.271684906729295e-05,4.999151093162111e-05,0.010930894437362696,0.0016154650106068793
normal_0101_00,normal,0,A,101,normal_0101,0,3772,3787,2022-07-12 00:12:44.747000,2022-07-12 00:12:46.247000,val,0.01059313331944039,0.4255195071836689,0,AI1_skew,0.003561831088243785,0.0007405438388198435,0.013225100111782594,0.005544203905272715,0.03961460917941074,0.0008725117931126718
normal_0101_16,normal,0,A,101,normal_0101,16,3788,3803,2022-07-12 00:12:46.347000,2022-07-12 00:12:47.847000,val,0.0087388982635034,0.4255195071836689,0,AI1_skew,0.006014630263438523,0.001636890392718593,0.017652307685819085,0.006244760257676854,0.018524514278312813,0.0023602867030545404
normal_0101_32,normal,0,A,101,normal_0101,32,3804,3819,2022-07-12 00:12:47.947000,2022-07-12 00:12:49.447000,val,0.09033283428293297,0.4255195071836689,0,AI1_skew,0.01715051486859753,0.07342917799186807,0.0001365561375137302,4.025306666627496e-06,0.43573336350011516,0.01554336789283677
normal_0110_00,normal,0,A,110,normal_0110,0,4103,4118,2022-07-12 00:13:55.976000,2022-07-12 00:13:57.476000,val,0.022727877482720673,0.4255195071836689,0,AI1_skew,1.4161429839243753e-05,0.02004620016271421,0.044032497797283944,0.00343376857829388,0.06582798894943018,0.0030126479787625717
normal_0112_00,normal,0,A,112,normal_0112,0,4136,4151,2022-07-12 00:14:13.584000,2022-07-12 00:14:15.084000,val,0.12285675816447507,0.4255195071836689,0,ratio_AI1_AI2,0.033807545313967124,0.0019288856147468302,0.40288164956696987,0.05732143815332299,0.24120086049658893,1.6984125467877699e-07
normal_0112_16,normal,0,A,112,normal_0112,16,4152,4167,2022-07-12 00:14:15.184000,2022-07-12 00:14:16.684000,val,0.01667843103008668,0.4255195071836689,0,ratio_AI1_AI2,0.0002457370410827197,0.007646860116592169,0.05952076844632659,0.027095978332222725,0.0028339890479360448,0.00272725319635984
normal_0112_32,normal,0,A,112,normal_0112,32,4168,4183,2022-07-12 00:14:16.784000,2022-07-12 00:14:18.284000,val,0.024101110998114465,0.4255195071836689,0,ratio_AI1_AI2,0.05620304806910244,0.005467932142489093,0.057005895731063176,0.00491771033242911,0.016888060314673534,0.004124019398929441
normal_0126_00,normal,0,A,126,normal_0126,0,4595,4610,2022-07-12 00:15:48.726000,2022-07-12 00:15:50.226000,val,0.00883777579368269,0.4255195071836689,0,ratio_AI1_AI2,0.00018954335272618254,0.00016978773035261686,0.04516005569632145,0.005176257566605114,0.00028515457007497814,0.0020458558460158074
normal_0126_16,normal,0,A,126,normal_0126,16,4611,4626,2022-07-12 00:15:50.326000,2022-07-12 00:15:51.826000,val,0.014121954176164672,0.4255195071836689,0,ratio_AI1_AI2,0.010085996726968246,8.648361239598518e-05,0.06804214003155411,0.0027600738283593018,0.0037160545353864755,4.097632232392044e-05
normal_0126_32,normal,0,A,126,normal_0126,32,4627,4642,2022-07-12 00:15:51.926000,2022-07-12 00:15:53.426000,val,0.006410974348190413,0.4255195071836689,0,ratio_AI0_AI2,0.013816009701994638,0.005296080760078399,0.00792857444289575,0.0013199828249847291,0.0002834224532524023,0.009821775905936558
normal_0133_00,normal,0,A,133,normal_0133,0,4855,4870,2022-07-12 00:16:44.325000,2022-07-12 00:16:45.825000,val,0.07019657865729802,0.4255195071836689,0,ratio_AI1_AI2,0.0002918732782466072,0.07821985677160707,0.20856864788584142,0.007917570426604893,0.04496616647388154,0.08121535710760666
normal_0133_16,normal,0,A,133,normal_0133,16,4871,4886,2022-07-12 00:16:45.925000,2022-07-12 00:16:47.425000,val,0.06626813037328959,0.4255195071836689,0,ratio_AI1_AI2,0.003216572559023858,0.03962755583907204,0.2534586211058464,0.023926240584099024,0.003204980881734543,0.07417481126996163
normal_0136_00,normal,0,A,136,normal_0136,0,4921,4936,2022-07-12 00:17:09.540000,2022-07-12 00:17:11.040000,val,0.021738072185800424,0.4255195071836689,0,AI1_skew,0.0023335260265130845,0.003330366304658532,0.00740739063791483,0.0025776856679136846,0.10374581683172511,0.011033647646077291
normal_0136_16,normal,0,A,136,normal_0136,16,4937,4952,2022-07-12 00:17:11.140000,2022-07-12 00:17:12.640000,val,0.011678502780775021,0.4255195071836689,0,AI1_skew,0.01904996872757942,0.0007762771786649148,0.0031898595487981607,0.0003956611580765572,0.0350574145191054,0.011601835552425674
normal_0136_32,normal,0,A,136,normal_0136,32,4953,4968,2022-07-12 00:17:12.740000,2022-07-12 00:17:14.240000,val,0.08279747792511889,0.4255195071836689,0,AI1_skew,0.02965175660880316,0.0009157514725092735,0.0034795513705820585,0.0003163987409395191,0.4557439275305405,0.006677481827338825
normal_0146_00,normal,0,A,146,normal_0146,0,5241,5256,2022-07-12 00:18:20.724000,2022-07-12 00:18:22.224000,val,0.01819706299961541,0.4255195071836689,0,ratio_AI1_AI2,0.0006954015614990852,0.023884818155023163,0.05627666432064257,0.004038779067002792,0.007231006129495206,0.01705570876402965
normal_0146_16,normal,0,A,146,normal_0146,16,5257,5272,2022-07-12 00:18:22.324000,2022-07-12 00:18:23.824000,val,0.013893322401136866,0.4255195071836689,0,AI1_skew,0.010098334530792797,0.011023007551291162,0.009532231166466825,0.0005024850595617833,0.033027984718665644,0.019175891380042984
normal_0156_00,normal,0,A,156,normal_0156,0,5535,5550,2022-07-12 00:19:40.568000,2022-07-12 00:19:42.068000,val,0.10433816034121489,0.4255195071836689,0,AI1_skew,0.027508703846824804,0.007300025068904905,0.09557501752211055,0.0157997809515772,0.4755007305915032,0.004344704066368668
normal_0159_00,normal,0,A,159,normal_0159,0,5610,5625,2022-07-12 00:20:04.636000,2022-07-12 00:20:06.136000,val,0.3618685918431787,0.4255195071836689,0,ratio_AI1_AI2,0.42327087774295347,0.07813454441442826,1.1527236227901974,0.13044804232649843,0.38528312596925524,0.0013513378157397051
normal_0159_16,normal,0,A,159,normal_0159,16,5626,5641,2022-07-12 00:20:06.236000,2022-07-12 00:20:07.736000,val,0.21734122426011407,0.4255195071836689,0,ratio_AI1_AI2,0.21875068109981585,0.03318437670151761,0.7145791920536868,0.07898591808762404,0.2562357978112495,0.002311379806790718
normal_0159_32,normal,0,A,159,normal_0159,32,5642,5657,2022-07-12 00:20:07.836000,2022-07-12 00:20:09.336000,val,0.0075838235423007815,0.4255195071836689,0,ratio_AI1_AI2,0.007690563590343766,0.0017838671582428457,0.03450768321890834,0.00037812178635669735,0.0011190633441411843,2.3642155811860225e-05
normal_0189_00,normal,0,A,189,normal_0189,0,6550,6565,2022-07-12 00:23:56.987000,2022-07-12 00:23:58.487000,val,0.013352142519294842,0.4255195071836689,0,ratio_AI1_AI2,0.020346292632151004,0.02238516875497694,0.030001685047080107,0.00035858428742509654,0.006613852636210925,0.00040727175792499984
normal_0189_16,normal,0,A,189,normal_0189,16,6566,6581,2022-07-12 00:23:58.587000,2022-07-12 00:24:00.087000,val,0.11106580348378353,0.4255195071836689,0,AI1_skew,0.00363609106256643,0.013665868819963938,0.16078600689803957,0.009702051366834576,0.47097661166682386,0.007628191088472754
normal_0192_00,normal,0,A,192,normal_0192,0,6624,6639,2022-07-12 00:24:22.654000,2022-07-12 00:24:24.154000,val,0.006875018560466393,0.4255195071836689,0,AI0_rms,0.0008430234023018057,0.027972189709612107,0.00013764533625774212,0.00015682063342708274,0.01056908811405115,0.0015713441671484738
normal_0192_16,normal,0,A,192,normal_0192,16,6640,6655,2022-07-12 00:24:24.254000,2022-07-12 00:24:25.754000,val,0.041244494628450735,0.4255195071836689,0,ratio_AI1_AI2,0.0027443680992092962,0.01922071652662237,0.20873288642272703,0.014434432664260411,0.0020560890319390327,0.00027847502594624735
normal_0192_32,normal,0,A,192,normal_0192,32,6656,6671,2022-07-12 00:24:25.854000,2022-07-12 00:24:27.354000,val,0.00838151703269702,0.4255195071836689,0,AI0_rms,0.00026047977195204784,0.028737655157591784,0.0072011426316078994,2.325546203278734e-06,0.014021173477955073,6.632561087203149e-05
normal_0199_00,normal,0,A,199,normal_0199,0,6869,6884,2022-07-12 00:25:17.084000,2022-07-12 00:25:18.584000,val,0.029993716100125842,0.4255195071836689,0,ratio_AI1_AI2,0.02980795139608646,0.008640232024407862,0.10664424520265575,0.0167756362267216,0.007900649444120507,0.010193582306762872
normal_0199_16,normal,0,A,199,normal_0199,16,6885,6900,2022-07-12 00:25:18.684000,2022-07-12 00:25:20.184000,val,0.019092956974341876,0.4255195071836689,0,AI1_skew,0.02101773254318682,0.023703369064905208,0.030476649181184146,0.0001367382688566712,0.035495234034777154,0.003728018753141254
normal_0199_32,normal,0,A,199,normal_0199,32,6901,6916,2022-07-12 00:25:20.284000,2022-07-12 00:25:21.784000,val,0.05925616238785252,0.4255195071836689,0,ratio_AI1_AI2,0.032638730992074906,0.03527529147491388,0.19078127453639426,0.017375452797257895,0.07946612508402927,9.944244491573091e-08
normal_0216_00,normal,0,A,216,normal_0216,0,7390,7405,2022-07-12 00:27:27.011000,2022-07-12 00:27:28.511000,val,0.062205288024286744,0.4255195071836689,0,ratio_AI1_AI2,0.00020492899465330885,0.0010304321840425034,0.21798640963042926,0.059708118894630714,0.07106564381773144,0.02323619462423326
normal_0216_16,normal,0,A,216,normal_0216,16,7406,7421,2022-07-12 00:27:28.611000,2022-07-12 00:27:30.111000,val,0.0646659374920818,0.4255195071836689,0,ratio_AI1_AI2,0.018080768928199497,0.010750298730840333,0.20117560030403858,0.024510881288704194,0.11438620303640137,0.019091872664306855
normal_0216_32,normal,0,A,216,normal_0216,32,7422,7437,2022-07-12 00:27:30.211000,2022-07-12 00:27:31.711000,val,0.06380459024314587,0.4255195071836689,0,ratio_AI1_AI2,0.0005307494587598878,0.021171957610502945,0.24580572798108627,0.037041682923190475,0.010679433484075221,0.06759799000126035
normal_0235_00,normal,0,A,235,normal_0235,0,8047,8062,2022-07-12 00:29:50.008000,2022-07-12 00:29:51.508000,val,0.05882205604199601,0.4255195071836689,0,ratio_AI1_AI2,0.001790202787860488,0.0011667181110251597,0.1865378332529116,0.04769593927089357,0.10255527546581969,0.013186367363465543
normal_0235_16,normal,0,A,235,normal_0235,16,8063,8078,2022-07-12 00:29:51.608000,2022-07-12 00:29:53.108000,val,0.09197556325840811,0.4255195071836689,0,ratio_AI1_AI2,0.013544451854845244,0.10821223105628804,0.19455075122609908,0.003027040215931106,0.1308807424350492,0.10163816276223597
normal_0236_00,normal,0,A,236,normal_0236,0,8088,8103,2022-07-12 00:29:58.044000,2022-07-12 00:29:59.544000,val,0.0945784024739947,0.4255195071836689,0,AI1_skew,0.05971966305080466,0.017932915341915965,0.08246469268793966,0.005385644484164552,0.2748895277559489,0.1270779715231945
normal_0253_00,normal,0,A,253,normal_0253,0,8643,8658,2022-07-12 00:32:05.948000,2022-07-12 00:32:07.448000,val,0.024442770501832443,0.4255195071836689,0,AI1_skew,0.003368873651097055,0.03885914224963911,0.03057835285115139,0.001685859571780001,0.0637123922913297,0.008452002395997416
normal_0253_16,normal,0,A,253,normal_0253,16,8659,8674,2022-07-12 00:32:07.548000,2022-07-12 00:32:09.048000,val,0.20902062708300437,0.4255195071836689,0,AI1_skew,0.04877537869239105,0.009171430493506341,0.3338666845380153,0.0065347842088983345,0.7858007115134101,0.06997477305180509
normal_0258_00,normal,0,A,258,normal_0258,0,8777,8792,2022-07-12 00:32:45.771000,2022-07-12 00:32:47.271000,val,0.024409481158355114,0.4255195071836689,0,AI1_skew,0.03452074506905866,0.01189530593350126,0.0033898605990711917,0.007429942385918119,0.08906915058005714,0.00015188238252432135
normal_0258_16,normal,0,A,258,normal_0258,16,8793,8808,2022-07-12 00:32:47.371000,2022-07-12 00:32:48.871000,val,0.050441627130740845,0.4255195071836689,0,AI1_skew,0.010511996545417061,0.032045322973901585,0.09680049272799837,0.003309687528698086,0.1599796861650415,2.5768433884556786e-06
normal_0260_00,normal,0,A,260,normal_0260,0,8854,8869,2022-07-12 00:33:01.594000,2022-07-12 00:33:03.094000,val,0.045981350187263785,0.4255195071836689,0,ratio_AI1_AI2,0.024209325281688607,0.014347589266933053,0.21677048605457083,0.008737304288350366,0.00416146345625647,0.007661932775783398
normal_0264_00,normal,0,A,264,normal_0264,0,8911,8926,2022-07-12 00:33:34.840000,2022-07-12 00:33:36.340000,val,0.04054985883039872,0.4255195071836689,0,AI2_rms,0.0005496706031593203,0.06789954123215036,0.06528937543816472,0.00048690675584399254,0.001460607106651904,0.10761305184642207
normal_0264_16,normal,0,A,264,normal_0264,16,8927,8942,2022-07-12 00:33:36.440000,2022-07-12 00:33:37.940000,val,0.06607752625697405,0.4255195071836689,0,AI1_skew,0.002836200203590537,0.04581980584241508,0.0337826057035327,0.0026086286491319235,0.21255378621675236,0.0988641309264217
normal_0264_32,normal,0,A,264,normal_0264,32,8943,8958,2022-07-12 00:33:38.040000,2022-07-12 00:33:39.540000,val,0.041372965641666974,0.4255195071836689,0,AI2_rms,0.00021026175566682216,0.04256079590466825,0.08541922275738362,0.0016943305784272143,0.007211599766373309,0.11114158308748262
normal_0273_00,normal,0,A,273,normal_0273,0,9238,9253,2022-07-12 00:34:37.168000,2022-07-12 00:34:38.668000,val,0.033565240423272004,0.4255195071836689,0,AI2_rms,0.019278963700579577,0.015551405121382594,0.05953118251958372,0.0033520028912145347,0.023905915278049052,0.07977197302882255
normal_0273_16,normal,0,A,273,normal_0273,16,9254,9269,2022-07-12 00:34:38.768000,2022-07-12 00:34:40.268000,val,0.07180609234195322,0.4255195071836689,0,AI1_skew,0.024734448849877917,0.00411275674448787,0.035233002982167,0.006087382433649828,0.3470672326330459,0.013601730408490768
normal_0275_00,normal,0,A,275,normal_0275,0,9333,9348,2022-07-12 00:34:53.056000,2022-07-12 00:34:54.556000,val,0.03646089777348196,0.4255195071836689,0,AI1_skew,0.023589083775968897,0.0028069846765282334,0.017473022644770117,0.016141739483992043,0.1144555596375654,0.04429899642206705
normal_0275_16,normal,0,A,275,normal_0275,16,9349,9364,2022-07-12 00:34:54.656000,2022-07-12 00:34:56.156000,val,0.010576522422308957,0.4255195071836689,0,AI2_rms,0.009639389201340984,0.003455680745564215,0.0016837685933569168,0.0012194299854356545,0.017607908544834815,0.029852957463321162
normal_0277_00,normal,0,A,277,normal_0277,0,9412,9427,2022-07-12 00:35:09.147000,2022-07-12 00:35:10.647000,val,0.030221800391939984,0.4255195071836689,0,AI1_skew,0.01812867513268761,0.04274857509586584,0.010968970863261705,5.489803204421533e-05,0.07957702099547831,0.02985266223230222
normal_0287_00,normal,0,A,287,normal_0287,0,9712,9727,2022-07-12 00:36:21.560000,2022-07-12 00:36:23.060000,val,0.03801715622688146,0.4255195071836689,0,AI1_skew,0.025536277721580406,0.007853531660970785,0.01783597164072227,0.021003898724064392,0.08600032053576105,0.06987293707818984
normal_0287_16,normal,0,A,287,normal_0287,16,9728,9743,2022-07-12 00:36:23.160000,2022-07-12 00:36:24.660000,val,0.083893807339657,0.4255195071836689,0,ratio_AI1_AI2,0.02215327767330047,0.041107196021623674,0.3795665546715798,0.0157070062105192,0.021704100324065653,0.02312470913685319
normal_0287_32,normal,0,A,287,normal_0287,32,9744,9759,2022-07-12 00:36:24.760000,2022-07-12 00:36:26.260000,val,0.02404072413927223,0.4255195071836689,0,AI1_skew,0.0026996184535409773,2.2108858702580636e-05,0.00186314378857635,0.010827812225610526,0.1157615383052222,0.013070123203980724
normal_0317_00,normal,0,A,317,normal_0317,0,10683,10698,2022-07-12 00:40:05.260000,2022-07-12 00:40:06.760000,val,0.054813438596325946,0.4255195071836689,0,AI1_skew,0.007183534613882548,0.026534079623846397,0.02673079833773078,1.787359271239562e-06,0.24708180851943123,0.02134862312379346
normal_0317_16,normal,0,A,317,normal_0317,16,10699,10714,2022-07-12 00:40:06.860000,2022-07-12 00:40:08.360000,val,0.05761647017463478,0.4255195071836689,0,AI1_skew,0.0009466209541982208,0.01263538912671611,0.03236255187458034,0.0017322956930795883,0.25955769929951744,0.03846426409971696
normal_0330_00,normal,0,A,330,normal_0330,0,11074,11089,2022-07-12 00:41:33.240000,2022-07-12 00:41:34.740000,val,0.04346658046812041,0.4255195071836689,0,ratio_AI1_AI2,0.002930191218291581,0.027926256941399604,0.17517485485977735,0.02343447903680299,0.02493836238801599,0.006395338364434954
normal_0330_16,normal,0,A,330,normal_0330,16,11090,11105,2022-07-12 00:41:34.840000,2022-07-12 00:41:36.340000,val,0.20100840873728146,0.4255195071836689,0,ratio_AI1_AI2,0.1587348842575536,0.22500300389134265,0.5513867501855152,0.014810196475683662,0.14487148465289754,0.1112441329606961
normal_0334_00,normal,0,A,334,normal_0334,0,11162,11177,2022-07-12 00:42:06.134000,2022-07-12 00:42:07.634000,val,0.10527420431924049,0.4255195071836689,0,AI1_skew,0.030323313021098777,0.04063322566306062,0.03131515478059393,0.0035249280469129237,0.4702038926478775,0.055644711755899204
normal_0334_16,normal,0,A,334,normal_0334,16,11178,11193,2022-07-12 00:42:07.734000,2022-07-12 00:42:09.234000,val,0.026888121788900335,0.4255195071836689,0,AI1_skew,0.015088864921594473,0.001421785832465451,0.025513921010737215,8.002502656093625e-05,0.10757546638939398,0.011648667552649943
normal_0334_32,normal,0,A,334,normal_0334,32,11194,11209,2022-07-12 00:42:09.334000,2022-07-12 00:42:10.834000,val,0.02358759866535412,0.4255195071836689,0,ratio_AI1_AI2,0.01883721138724207,0.045248899340965106,0.05350627464841677,0.00046954752155736854,0.012184189802134626,0.011279469291808788
normal_0337_00,normal,0,A,337,normal_0337,0,11291,11306,2022-07-12 00:42:29.388000,2022-07-12 00:42:30.888000,val,0.032859391162219344,0.4255195071836689,0,ratio_AI1_AI2,0.02476006109209184,0.0025456908571975167,0.08474737070442176,0.009045672638332829,0.06605993882200842,0.009997612859263713
normal_0337_16,normal,0,A,337,normal_0337,16,11307,11322,2022-07-12 00:42:30.988000,2022-07-12 00:42:32.488000,val,0.10652178785838261,0.4255195071836689,0,ratio_AI1_AI2,0.026342655841968345,0.0038184913270806102,0.5582258726497721,0.03850046843258633,0.002554684998938602,0.009688553899949581
normal_0353_00,normal,0,A,353,normal_0353,0,11758,11773,2022-07-12 00:44:15.484000,2022-07-12 00:44:16.984000,val,1.0150864184300994,0.4255195071836689,1,AI1_skew,0.6217503605420915,0.1301042723450609,0.940035471517046,0.1590245014771259,4.20697988500953,0.03262401968974241
normal_0353_16,normal,0,A,353,normal_0353,16,11774,11789,2022-07-12 00:44:17.084000,2022-07-12 00:44:18.584000,val,0.10516583942271313,0.4255195071836689,0,ratio_AI1_AI2,0.013547497600581765,0.009036836891189242,0.5424237064142019,0.02765147589049819,0.00036699605916181045,0.03796852368064587
normal_0353_32,normal,0,A,353,normal_0353,32,11790,11805,2022-07-12 00:44:18.684000,2022-07-12 00:44:20.184000,val,0.060597673524098235,0.4255195071836689,0,ratio_AI1_AI2,7.699343861016776e-05,0.00026049819792302537,0.3224882700118474,0.016017469813171835,0.007986602510562582,0.016756207172474447
normal_0366_00,normal,0,A,366,normal_0366,0,12227,12242,2022-07-12 00:45:57.561000,2022-07-12 00:45:59.061000,val,0.7952540577932387,0.4255195071836689,1,AI1_skew,0.042845622954695614,0.0007058701201698879,0.16583577644041747,0.03294878028844453,4.517813949271939,0.011374347683766476
normal_0366_16,normal,0,A,366,normal_0366,16,12243,12258,2022-07-12 00:45:59.161000,2022-07-12 00:46:00.661000,val,0.12472281910081956,0.4255195071836689,0,ratio_AI1_AI2,0.004920501431958254,0.059645035558098095,0.3767238849361541,0.02028668204083493,0.10411616292936596,0.182644647708506
normal_0366_32,normal,0,A,366,normal_0366,32,12259,12274,2022-07-12 00:46:00.761000,2022-07-12 00:46:02.261000,val,0.035182162756869716,0.4255195071836689,0,AI0_rms,0.0016369364361671244,0.08976721147891939,0.0748830449813757,0.003645811365048108,4.455643531717661e-06,0.04115551663617626
normal_0395_00,normal,0,A,395,normal_0395,0,13111,13126,2022-07-12 00:49:27.367000,2022-07-12 00:49:28.867000,val,0.012673717203858662,0.4255195071836689,0,AI2_rms,0.014402497952993495,0.00023610317955604745,0.006458955805427502,0.0016889839993974233,0.020417103795731667,0.03283865849004585
normal_0395_16,normal,0,A,395,normal_0395,16,13127,13142,2022-07-12 00:49:28.967000,2022-07-12 00:49:30.467000,val,0.09777777997880056,0.4255195071836689,0,AI1_skew,0.007234256172831438,0.0006469763907853574,0.06912612872977603,0.013721359106694019,0.4835421825677942,0.012395776904922448
normal_0395_32,normal,0,A,395,normal_0395,32,13143,13158,2022-07-12 00:49:30.567000,2022-07-12 00:49:32.067000,val,0.11187941311844406,0.4255195071836689,0,AI1_skew,0.03206237309590388,0.004651988354294971,0.0006015200168163264,5.429369231162739e-06,0.6216017034985514,0.012353464375866641
normal_0422_00,normal,0,A,422,normal_0422,0,13974,13989,2022-07-12 00:53:13.056000,2022-07-12 00:53:14.556000,val,0.16045159185178096,0.4255195071836689,0,ratio_AI1_AI2,0.029037732994650994,0.10163548126224566,0.40403827497309797,0.016989660239655667,0.3124070405344797,0.09860136110655561
normal_0422_16,normal,0,A,422,normal_0422,16,13990,14005,2022-07-12 00:53:14.656000,2022-07-12 00:53:16.156000,val,0.2075226483399393,0.4255195071836689,0,AI1_skew,0.04008453699432614,0.03317941787742358,0.44919580602760484,0.0505385950258785,0.6129802170752175,0.059157317039185295
normal_0422_32,normal,0,A,422,normal_0422,32,14006,14021,2022-07-12 00:53:16.256000,2022-07-12 00:53:17.756000,val,0.22379721582663792,0.4255195071836689,0,AI1_skew,0.04858254424663446,0.24241509904177222,0.1482126340780009,0.0013156272508948802,0.8662260787089365,0.03603131163358867
normal_0427_00,normal,0,A,427,normal_0427,0,14144,14159,2022-07-12 00:53:53.254000,2022-07-12 00:53:54.754000,val,0.03540444161210731,0.4255195071836689,0,AI1_skew,0.001768426420841271,0.016975185529118357,0.03228371645355513,0.0005860334756555113,0.15243938804614493,0.008373899747328672
normal_0427_16,normal,0,A,427,normal_0427,16,14160,14175,2022-07-12 00:53:54.854000,2022-07-12 00:53:56.354000,val,0.01615052636244432,0.4255195071836689,0,ratio_AI1_AI2,0.01096593714209686,0.011192381899125506,0.045231625269721784,0.012284903966371948,0.012244084492381948,0.004984225404967863
normal_0427_32,normal,0,A,427,normal_0427,32,14176,14191,2022-07-12 00:53:56.454000,2022-07-12 00:53:57.954000,val,0.07431529132271121,0.4255195071836689,0,ratio_AI1_AI2,7.0512443116208055e-06,0.010082973279627443,0.2284254114734252,0.03862844958967464,0.14779232828388672,0.02095553406534169
normal_0429_00,normal,0,A,429,normal_0429,0,14244,14259,2022-07-12 00:54:07.775000,2022-07-12 00:54:09.275000,val,0.026062932965771165,0.4255195071836689,0,ratio_AI1_AI2,0.02360177155756337,0.059664702846664995,0.060510448935664776,0.012580392974443765,1.9895934342605427e-05,3.855459474853497e-07
normal_0429_16,normal,0,A,429,normal_0429,16,14260,14275,2022-07-12 00:54:09.375000,2022-07-12 00:54:10.875000,val,0.029010717562012317,0.4255195071836689,0,AI1_skew,0.03480146848841666,0.023379474290742618,0.0011987481237388691,0.0017636988532047121,0.09335388906936831,0.019567026546602764
normal_0433_00,normal,0,A,433,normal_0433,0,14347,14362,2022-07-12 00:54:41.336000,2022-07-12 00:54:42.836000,val,0.4123112028049158,0.4255195071836689,0,ratio_AI1_AI2,0.05768207553359254,0.07453011143411513,1.8509246606623295,0.21192031105861098,0.27284661855631864,0.0059634395845278
normal_0433_16,normal,0,A,433,normal_0433,16,14363,14378,2022-07-12 00:54:42.936000,2022-07-12 00:54:44.436000,val,0.029066815560654474,0.4255195071836689,0,ratio_AI1_AI2,0.0008878617962004212,0.004720292653295463,0.14213046495180406,0.016391256432504497,0.0029271415338049866,0.007343875996317376
normal_0433_32,normal,0,A,433,normal_0433,32,14379,14394,2022-07-12 00:54:44.536000,2022-07-12 00:54:46.036000,val,0.03996142973991471,0.4255195071836689,0,ratio_AI1_AI2,0.050041494896391155,0.013062825753369393,0.1337230204194761,0.011928426981958107,0.004937706627522758,0.02607510376077073
normal_0439_00,normal,0,A,439,normal_0439,0,14563,14578,2022-07-12 00:55:28.258000,2022-07-12 00:55:29.758000,val,0.003269587045233288,0.4255195071836689,0,AI1_skew,0.0020662284316526887,3.4545880608362094e-06,0.0019225737291008829,0.0012895290681413489,0.013977802193850397,0.0003579342605935746
normal_0439_16,normal,0,A,439,normal_0439,16,14579,14594,2022-07-12 00:55:29.858000,2022-07-12 00:55:31.358000,val,0.018737325489923295,0.4255195071836689,0,ratio_AI1_AI2,0.0062405914848864905,0.012743953624592418,0.06751783025884933,0.0009295012708385151,0.007495841310287258,0.017496234990085752
normal_0439_32,normal,0,A,439,normal_0439,32,14595,14610,2022-07-12 00:55:31.458000,2022-07-12 00:55:32.958000,val,0.005632860019792797,0.4255195071836689,0,AI1_skew,0.013027356748171128,0.0008615955213621201,0.0014409923185470512,0.00035448074746397836,0.01785507916137302,0.000257655621839482
normal_0444_00,normal,0,A,444,normal_0444,0,14717,14732,2022-07-12 00:56:09.664000,2022-07-12 00:56:11.164000,val,0.03673652257928728,0.4255195071836689,0,ratio_AI1_AI2,0.009906440861202752,0.006073358410328266,0.10147818547668036,0.04358628506635169,0.0259441391750171,0.033430726486143494
normal_0444_16,normal,0,A,444,normal_0444,16,14733,14748,2022-07-12 00:56:11.264000,2022-07-12 00:56:12.764000,val,0.06882566601636275,0.4255195071836689,0,AI1_skew,0.009361531177143143,0.04022920180932102,0.05374417006920858,0.06697748866409937,0.23912470364327726,0.0035169007351271322
normal_0444_32,normal,0,A,444,normal_0444,32,14749,14764,2022-07-12 00:56:12.864000,2022-07-12 00:56:14.364000,val,0.01452930684148171,0.4255195071836689,0,AI1_skew,0.012015057857309592,0.0004991157526765891,0.011016416950868845,0.013667837312843554,0.04599111309312024,0.003986300082071428
normal_0449_00,normal,0,A,449,normal_0449,0,14870,14885,2022-07-12 00:56:49.884000,2022-07-12 00:56:51.384000,val,0.03006847886879149,0.4255195071836689,0,ratio_AI1_AI2,0.013435813516902904,0.040350491747631695,0.06479652503332306,0.0019803371851588886,0.013002524565490324,0.04684518116424204
normal_0449_16,normal,0,A,449,normal_0449,16,14886,14901,2022-07-12 00:56:51.484000,2022-07-12 00:56:52.984000,val,0.036360421630570225,0.4255195071836689,0,AI1_skew,0.02890785492603743,0.03463953861846691,0.016079182248641744,0.002718159440825283,0.12308969094724032,0.012728103602209677
normal_0449_32,normal,0,A,449,normal_0449,32,14902,14917,2022-07-12 00:56:53.084000,2022-07-12 00:56:54.584000,val,0.09257838829874172,0.4255195071836689,0,AI1_skew,0.020236682038757597,0.0856314095918555,0.13254277404060202,0.0009408693435922753,0.29104151200413636,0.025077082773506565
normal_0451_00,normal,0,A,451,normal_0451,0,14968,14983,2022-07-12 00:57:04.747000,2022-07-12 00:57:06.247000,val,0.05079577623442705,0.4255195071836689,0,ratio_AI1_AI2,0.01564126926077565,0.058962942036735105,0.08987801923312146,0.0018480658491888827,0.08532125920220883,0.05312310182453233
normal_0451_16,normal,0,A,451,normal_0451,16,14984,14999,2022-07-12 00:57:06.347000,2022-07-12 00:57:07.847000,val,0.0795538353682619,0.4255195071836689,0,ratio_AI1_AI2,0.021837291081860714,0.03978106971718917,0.349048234038106,0.029298719326756456,0.004628009392909734,0.03272968865274936
normal_0457_00,normal,0,A,457,normal_0457,0,15179,15194,2022-07-12 00:57:52.787000,2022-07-12 00:57:54.287000,val,0.03259214942630298,0.4255195071836689,0,ratio_AI1_AI2,0.003321549604133632,0.0035812680058359895,0.16652042661201405,0.008253116856721266,0.000955898223024851,0.012920637256088094
normal_0468_00,normal,0,A,468,normal_0468,0,15522,15537,2022-07-12 00:59:20.419000,2022-07-12 00:59:21.919000,val,0.05519297635547588,0.4255195071836689,0,AI1_skew,0.010245665345531339,0.005763469108651529,0.0008419114826698442,0.0020303599605991595,0.2710865356829284,0.04118991655247506
normal_0468_16,normal,0,A,468,normal_0468,16,15538,15553,2022-07-12 00:59:22.019000,2022-07-12 00:59:23.519000,val,0.061174317271562965,0.4255195071836689,0,AI1_skew,0.009291343025844898,0.009490400092753754,9.344924580563883e-06,0.0015622259871820277,0.2972381216393488,0.049454467959667715
normal_0478_00,normal,0,B,478,normal_0478,0,15860,15875,2022-07-12 01:00:40.804000,2022-07-12 01:00:42.304000,val,0.018352855253364497,0.4255195071836689,0,AI1_skew,0.00016580048422810379,0.007814194974537987,0.03649397703055284,0.013650983884332954,0.04821985974553403,0.003772315401001063
normal_0478_16,normal,0,B,478,normal_0478,16,15876,15891,2022-07-12 01:00:42.404000,2022-07-12 01:00:43.904000,val,0.10281166108504508,0.4255195071836689,0,ratio_AI1_AI2,8.598828818517838e-08,0.009975403673923586,0.4438901391626662,0.061583642733284726,0.10131364171784102,0.00010705323426679084
normal_0478_32,normal,0,B,478,normal_0478,32,15892,15907,2022-07-12 01:00:44.004000,2022-07-12 01:00:45.504000,val,0.07440677784580357,0.4255195071836689,0,ratio_AI1_AI2,4.690991799485723e-05,0.015094569959957845,0.3416099027529147,0.03496581287555894,0.0530326636933765,0.0016908078750185903
normal_0483_00,normal,0,B,483,normal_0483,0,16101,16116,2022-07-12 01:01:20.296000,2022-07-12 01:01:21.796000,val,0.0075692600740113304,0.4255195071836689,0,ratio_AI0_AI2,0.04188966795014312,0.0004948648949712095,5.878074745815327e-05,0.002768956921074146,3.567850322533935e-05,0.00016761142719601187
normal_0483_16,normal,0,B,483,normal_0483,16,16117,16132,2022-07-12 01:01:21.896000,2022-07-12 01:01:23.396000,val,0.02070933940376879,0.4255195071836689,0,ratio_AI1_AI2,1.2907251006588668e-05,0.00020754973354262406,0.05445576785976802,0.01552554513709825,0.05391507513835541,0.0001391913028418509
normal_0491_00,normal,0,B,491,normal_0491,0,16363,16378,2022-07-12 01:02:33.380000,2022-07-12 01:02:34.880000,val,0.31881811510058755,0.4255195071836689,0,ratio_AI1_AI2,0.012925252629496424,0.00829783748435284,0.9174255876487001,0.11585672159804192,0.8528377104244055,0.005565580818528559
normal_0491_16,normal,0,B,491,normal_0491,16,16379,16394,2022-07-12 01:02:34.980000,2022-07-12 01:02:36.480000,val,0.0016101507708826226,0.4255195071836689,0,AI1_skew,7.384930136516322e-06,0.0015660982807037774,0.00014564825558180958,0.0013564806574989936,0.0064135984427396075,0.00017169405863503003
normal_0491_32,normal,0,B,491,normal_0491,32,16395,16410,2022-07-12 01:02:36.580000,2022-07-12 01:02:38.080000,val,0.039996777892187974,0.4255195071836689,0,AI1_skew,0.00102821670851085,0.0001606401077835197,0.09915816939223246,0.030608148173692538,0.10527061718089564,0.0037548757900128173
normal_0494_00,normal,0,B,494,normal_0494,0,16502,16517,2022-07-12 01:02:56.132000,2022-07-12 01:02:57.632000,val,0.040157963328181424,0.4255195071836689,0,ratio_AI0_AI2,0.1409162843408543,0.011906551019661888,0.016282452810391607,0.015887676378334815,0.054857248593285696,0.0010975668265602414
normal_0536_00,normal,0,B,536,normal_0536,0,17895,17910,2022-07-12 01:08:34.704000,2022-07-12 01:08:36.204000,val,0.06629765305107313,0.4255195071836689,0,ratio_AI1_AI2,0.0017928326801286538,0.03543799946937374,0.3002710364290333,0.0348623746824527,0.024320372580743294,0.0011013024647071453
normal_0536_16,normal,0,B,536,normal_0536,16,17911,17926,2022-07-12 01:08:36.304000,2022-07-12 01:08:37.804000,val,0.009971586043502319,0.4255195071836689,0,AI0_rms,0.0021718448961372833,0.039093828997808215,0.00327609687662123,0.00046428952910866644,0.013635184017648237,0.0011882719436902783
normal_0536_32,normal,0,B,536,normal_0536,32,17927,17942,2022-07-12 01:08:37.904000,2022-07-12 01:08:39.404000,val,0.0833435412181322,0.4255195071836689,0,ratio_AI1_AI2,0.007382036518399654,0.000974271624808728,0.29217529514596063,0.0301292101928969,0.16474760022195362,0.0046528336047737115
normal_0537_00,normal,0,B,537,normal_0537,0,17945,17960,2022-07-12 01:08:41.601000,2022-07-12 01:08:43.101000,val,0.053174281645856296,0.4255195071836689,0,ratio_AI1_AI2,0.0032824166879626337,0.03090620272577718,0.251393713392707,0.021993707200853124,0.011240659380593215,0.00022899048724464327
normal_0537_16,normal,0,B,537,normal_0537,16,17961,17976,2022-07-12 01:08:43.201000,2022-07-12 01:08:44.701000,val,0.059876559489729385,0.4255195071836689,0,ratio_AI1_AI2,0.003901749453162697,0.05402239639314198,0.1743300156263999,0.020467860039445472,0.1062614047172712,0.0002759307089550153
normal_0537_32,normal,0,B,537,normal_0537,32,17977,17992,2022-07-12 01:08:44.801000,2022-07-12 01:08:46.301000,val,0.024477976229622486,0.4255195071836689,0,AI1_skew,3.9880270622303366e-05,0.01747789466563357,0.03565070159818758,0.015443914236092206,0.06663409747770431,0.011621369129494933
normal_0543_00,normal,0,B,543,normal_0543,0,18121,18136,2022-07-12 01:09:29.681000,2022-07-12 01:09:31.181000,val,0.11865537402365207,0.4255195071836689,0,ratio_AI1_AI2,0.0205369589705838,0.06203013557570413,0.5645509248027616,0.052694859375812454,0.00828037204030958,0.003838993376740837
normal_0543_16,normal,0,B,543,normal_0543,16,18137,18152,2022-07-12 01:09:31.281000,2022-07-12 01:09:32.781000,val,0.02286480116957319,0.4255195071836689,0,AI0_rms,0.008351503448951341,0.06302359454615625,0.004032365603977975,0.0022844710251345517,0.05768499424845159,0.0018118781447674166
normal_0543_32,normal,0,B,543,normal_0543,32,18153,18168,2022-07-12 01:09:32.881000,2022-07-12 01:09:34.381000,val,0.022619836298722315,0.4255195071836689,0,AI1_skew,0.007856320962200215,0.05120266730166832,0.0006875051013267385,0.003426664792552425,0.07081435275857603,0.0017315068760101638
normal_0549_00,normal,0,B,549,normal_0549,0,18294,18309,2022-07-12 01:10:18.055000,2022-07-12 01:10:19.555000,val,0.29123204365040445,0.4255195071836689,0,AI1_skew,0.0015410099544299696,0.08865140703050942,0.04974751094260183,0.0039268618085132835,1.507217658240651,0.0963078139257212
normal_0549_16,normal,0,B,549,normal_0549,16,18310,18325,2022-07-12 01:10:19.655000,2022-07-12 01:10:21.155000,val,0.005319453257093261,0.4255195071836689,0,AI1_skew,0.001980658780828094,0.004076380476504903,5.869245081270423e-05,0.002560620510820297,0.023221944313344213,1.8423010249352287e-05
normal_0549_32,normal,0,B,549,normal_0549,32,18326,18341,2022-07-12 01:10:21.255000,2022-07-12 01:10:22.755000,val,0.03218268870178657,0.4255195071836689,0,ratio_AI1_AI2,0.0002645206298014257,0.00223106988480302,0.13320317833437675,0.01768999492020709,0.029259656115436686,0.010447712326094417
normal_0551_00,normal,0,B,551,normal_0551,0,18389,18404,2022-07-12 01:10:34.272000,2022-07-12 01:10:35.772000,val,0.037636566246396615,0.4255195071836689,0,ratio_AI1_AI2,0.015563285343907881,0.016408469300517523,0.17602551175627762,0.012114916931579067,0.005673210791766937,3.400335433061201e-05
normal_0551_16,normal,0,B,551,normal_0551,16,18405,18420,2022-07-12 01:10:35.872000,2022-07-12 01:10:37.372000,val,0.16958988923511273,0.4255195071836689,0,ratio_AI1_AI2,0.01003323505378816,0.026571113827212958,0.749571432544764,0.09262509608041998,0.1387352046490279,3.2532554631419777e-06
normal_0559_00,normal,0,B,559,normal_0559,0,18660,18675,2022-07-12 01:11:30.788000,2022-07-12 01:11:32.288000,val,0.09595326200170222,0.4255195071836689,0,ratio_AI1_AI2,0.013350712107327722,0.03143979222631893,0.4439156157156175,0.045698198951887516,0.04048872002627009,0.0008265329827914675
normal_0583_00,normal,0,A,583,normal_0583,0,19477,19492,2022-07-12 01:14:43.335000,2022-07-12 01:14:44.835000,val,0.005342599336816931,0.4255195071836689,0,AI2_rms,0.0010766710969264848,0.004649875047118403,3.8036841579983e-06,0.0009131268845925113,0.004727104738424965,0.02068501456968122
normal_0583_16,normal,0,A,583,normal_0583,16,19493,19508,2022-07-12 01:14:44.935000,2022-07-12 01:14:46.435000,val,0.05795703261474907,0.4255195071836689,0,AI1_skew,0.010647244186781774,0.021432057819882694,0.008569672709458085,3.150917434533854e-05,0.2979200381760915,0.009141673621935058
normal_0592_00,normal,0,A,592,normal_0592,0,19745,19760,2022-07-12 01:16:04.244000,2022-07-12 01:16:05.744000,val,0.002603014066421225,0.4255195071836689,0,ratio_AI0_AI2,0.004994151486878645,0.0007051242136226063,0.003199889175589296,5.47120553993458e-05,0.0046402553709123055,0.0020239520961251537
normal_0592_16,normal,0,A,592,normal_0592,16,19761,19776,2022-07-12 01:16:05.844000,2022-07-12 01:16:07.344000,val,0.22862206979312935,0.4255195071836689,0,AI1_skew,0.11686148047670261,0.07003020451536217,0.07657516479631328,0.03434989283188482,1.0737389713159484,0.0001767048225647525
normal_0592_32,normal,0,A,592,normal_0592,32,19777,19792,2022-07-12 01:16:07.444000,2022-07-12 01:16:08.944000,val,0.3658331611520209,0.4255195071836689,0,AI1_skew,0.3225511197588872,0.11928109802453789,0.22998850789839312,0.16056953377998942,1.3057916091985822,0.05681709825173572
normal_0598_00,normal,0,A,598,normal_0598,0,19956,19971,2022-07-12 01:16:51.528000,2022-07-12 01:16:53.028000,val,0.21235371718422172,0.4255195071836689,0,AI1_skew,0.337864048513281,0.004948293981402703,0.3342970388510823,0.05472352765983851,0.5268677300620251,0.015421664037700804
normal_0598_16,normal,0,A,598,normal_0598,16,19972,19987,2022-07-12 01:16:53.128000,2022-07-12 01:16:54.628000,val,0.3270212519870226,0.4255195071836689,0,ratio_AI1_AI2,0.3542216498220463,0.04267377090881406,0.9880306844253746,0.11594504079059322,0.4530562576536017,0.008200108321705488
normal_0001_00,normal,0,A,1,normal_0001,0,41,56,2022-07-12 00:00:07.224000,2022-07-12 00:00:08.724000,cal,0.010685033904630053,0.4255195071836689,0,AI2_rms,0.004786920378767616,4.9871504230535605e-05,0.005545165086671814,0.0013863942563849129,0.010885346426856143,0.04145650577486929
normal_0001_16,normal,0,A,1,normal_0001,16,57,72,2022-07-12 00:00:08.824000,2022-07-12 00:00:10.324000,cal,0.031938163869870355,0.4255195071836689,0,AI1_skew,0.025861902912221325,0.0030117460848008543,0.01130927536857632,0.00436228881825906,0.12796365522270708,0.019120114812657484
normal_0012_00,normal,0,A,12,normal_0012,0,442,457,2022-07-12 00:01:35.646000,2022-07-12 00:01:37.146000,cal,0.096852090381635,0.4255195071836689,0,AI1_skew,0.00628912009233086,0.023612008257028014,0.12549532383201664,0.005152274264621891,0.418467887991365,0.00209592785244756
normal_0012_16,normal,0,A,12,normal_0012,16,458,473,2022-07-12 00:01:37.246000,2022-07-12 00:01:38.746000,cal,0.013428541529534058,0.4255195071836689,0,AI2_rms,0.025649600506320418,0.00011341487176254999,0.004331349704866805,0.00043641740454670146,0.015541800137994867,0.034498666551713006
normal_0020_00,normal,0,A,20,normal_0020,0,716,731,2022-07-12 00:02:40,2022-07-12 00:02:41.500000,cal,0.134519717179482,0.4255195071836689,0,AI1_skew,0.2191902296815361,0.0022635086084852275,0.04506541440675701,0.01978652038287327,0.4862295732523789,0.03458305674486143
normal_0053_00,normal,0,A,53,normal_0053,0,1787,1802,2022-07-12 00:06:43.040000,2022-07-12 00:06:44.540000,cal,0.09394634537599302,0.4255195071836689,0,AI1_skew,0.0029481074851009587,0.02627155262722965,0.05579587170903275,0.002985025361122499,0.3919154368950283,0.08376207817844403
normal_0053_16,normal,0,A,53,normal_0053,16,1803,1818,2022-07-12 00:06:44.640000,2022-07-12 00:06:46.140000,cal,0.07118378645461622,0.4255195071836689,0,AI1_skew,0.002685013523280657,0.026461328722971904,0.03278499147463923,0.0002072809861528894,0.3250121361753134,0.03995196784533927
normal_0053_32,normal,0,A,53,normal_0053,32,1819,1834,2022-07-12 00:06:46.240000,2022-07-12 00:06:47.740000,cal,0.04156415083081687,0.4255195071836689,0,AI1_skew,0.0025137358407350163,0.05405841191979883,2.1830335444399314e-06,0.009543973310279452,0.18310307059563147,0.0001635302849119989
normal_0074_00,normal,0,A,74,normal_0074,0,2837,2852,2022-07-12 00:09:13.436000,2022-07-12 00:09:14.936000,cal,0.03525791645867775,0.4255195071836689,0,ratio_AI1_AI2,0.010446825465584437,0.0046340135950590205,0.11662271081146097,0.035446452227074036,0.026378586322403218,0.018018910330484805
normal_0074_16,normal,0,A,74,normal_0074,16,2853,2868,2022-07-12 00:09:15.036000,2022-07-12 00:09:16.536000,cal,0.07747016548270062,0.4255195071836689,0,ratio_AI1_AI2,0.008161632877406861,0.02752604836570523,0.3131457090374445,0.03948718164064293,0.009819120105145573,0.06668130086985868
normal_0074_32,normal,0,A,74,normal_0074,32,2869,2884,2022-07-12 00:09:16.636000,2022-07-12 00:09:18.136000,cal,0.10357164752241793,0.4255195071836689,0,ratio_AI1_AI2,0.007745738128529946,0.0015403531689152398,0.34042148609532624,0.0830387219772414,0.1082513046535993,0.08043228111089552
normal_0076_00,normal,0,A,76,normal_0076,0,2937,2952,2022-07-12 00:09:28.152000,2022-07-12 00:09:29.652000,cal,0.08142434369127798,0.4255195071836689,0,ratio_AI1_AI2,8.424411350010404e-06,0.0065217461371108185,0.3056688864809877,0.07018128405453292,0.03776652894381221,0.06839919211987422
normal_0076_16,normal,0,A,76,normal_0076,16,2953,2968,2022-07-12 00:09:29.752000,2022-07-12 00:09:31.252000,cal,0.030458028858369433,0.4255195071836689,0,ratio_AI1_AI2,0.00594194855786639,0.0034271258324194754,0.1308141821432583,0.02317778762439958,0.00036802327423528285,0.01901910571803759
normal_0076_32,normal,0,A,76,normal_0076,32,2969,2984,2022-07-12 00:09:31.352000,2022-07-12 00:09:32.852000,cal,0.018622825476730442,0.4255195071836689,0,ratio_AI1_AI2,0.00011834308158658035,0.0011399424691143911,0.07094180086348424,0.02823049399123758,0.010834532597450984,0.00047183985750887445
normal_0081_00,normal,0,A,81,normal_0081,0,3141,3156,2022-07-12 00:10:03.867000,2022-07-12 00:10:05.367000,cal,0.2184731842984408,0.4255195071836689,0,AI1_skew,0.02612135973608897,0.009688235648255538,0.35286911864024495,0.06661418296751537,0.8516839334640729,0.0038622753344671086
normal_0084_00,normal,0,A,84,normal_0084,0,3193,3208,2022-07-12 00:10:28.656000,2022-07-12 00:10:30.156000,cal,0.014622984828588733,0.4255195071836689,0,AI0_rms,0.01090230400377116,0.03145886276971282,0.009153701023618687,0.00041862833759006787,0.01974642311777156,0.016057989719068102
normal_0084_16,normal,0,A,84,normal_0084,16,3209,3224,2022-07-12 00:10:30.256000,2022-07-12 00:10:31.756000,cal,0.03438574522456363,0.4255195071836689,0,AI1_skew,0.004801024391247571,0.0025004827893718357,0.011056055794165074,0.0068401408927518705,0.1708330263131229,0.010283741166722515
normal_0084_32,normal,0,A,84,normal_0084,32,3225,3240,2022-07-12 00:10:31.856000,2022-07-12 00:10:33.356000,cal,0.019318567798718437,0.4255195071836689,0,ratio_AI1_AI2,0.0006831676177038356,0.0007827529683486803,0.06344945857457239,0.0151625061000672,0.030587114809502804,0.005246406722115702
normal_0087_00,normal,0,A,87,normal_0087,0,3322,3337,2022-07-12 00:10:51.896000,2022-07-12 00:10:53.396000,cal,0.031024141999459298,0.4255195071836689,0,ratio_AI1_AI2,0.0018837688848898507,0.07594341192019327,0.0761584414468764,0.0007282361938435154,0.0033700149264201482,0.028060978624532606
normal_0103_00,normal,0,A,103,normal_0103,0,3867,3882,2022-07-12 00:13:00.089000,2022-07-12 00:13:01.589000,cal,0.055560540651702135,0.4255195071836689,0,ratio_AI1_AI2,0.002591775621582956,0.05243606023776622,0.24626668506979293,0.01570933807036852,0.0016781210371594013,0.014681263873542773
normal_0103_16,normal,0,A,103,normal_0103,16,3883,3898,2022-07-12 00:13:01.689000,2022-07-12 00:13:03.189000,cal,0.12006057901014337,0.4255195071836689,0,ratio_AI1_AI2,0.03679451710746832,0.03597997912237249,0.5600076535659422,0.05315543204721162,0.025759770769436734,0.008666121448428942
normal_0107_00,normal,0,A,107,normal_0107,0,3966,3981,2022-07-12 00:13:33.336000,2022-07-12 00:13:34.836000,cal,0.04353850722321758,0.4255195071836689,0,ratio_AI1_AI2,0.023912155821284697,0.01738503924771584,0.16099995327875047,0.03432095356839725,0.02460518569056181,7.755732595406669e-06
normal_0107_16,normal,0,A,107,normal_0107,16,3982,3997,2022-07-12 00:13:34.936000,2022-07-12 00:13:36.436000,cal,0.46635208687654806,0.4255195071836689,1,AI1_skew,0.006725444835948029,0.13087427287133666,0.5828969779187806,0.2409312014564386,1.7334507125663128,0.10323391161047155
normal_0107_32,normal,0,A,107,normal_0107,32,3998,4013,2022-07-12 00:13:36.536000,2022-07-12 00:13:38.036000,cal,0.16234447178912673,0.4255195071836689,0,AI1_skew,0.022345643568575636,0.011157084410639832,0.032738396553451135,0.03779358577104038,0.8127506382131217,0.057281482217931765
normal_0117_00,normal,0,A,117,normal_0117,0,4330,4345,2022-07-12 00:14:51.621000,2022-07-12 00:14:53.121000,cal,0.07965486676153165,0.4255195071836689,0,ratio_AI1_AI2,0.1003590873265779,0.0011070282629499601,0.18391529057353143,0.0228998605472722,0.16164079191399458,0.008007141944863768
normal_0122_00,normal,0,A,122,normal_0122,0,4491,4506,2022-07-12 00:15:23.669000,2022-07-12 00:15:25.169000,cal,0.016035386571179863,0.4255195071836689,0,ratio_AI1_AI2,0.00012462729262914825,0.00957190004684417,0.059515582515288205,0.0035390152199655787,0.021667844324371775,0.0017933500279803118
normal_0132_00,normal,0,A,132,normal_0132,0,4806,4821,2022-07-12 00:16:36.267000,2022-07-12 00:16:37.767000,cal,0.2844712923781672,0.4255195071836689,0,AI1_skew,0.003031340034113927,0.08882726789230687,0.05275823004256854,0.07820593069174699,1.3274075465860198,0.15659743902224735
normal_0132_16,normal,0,A,132,normal_0132,16,4822,4837,2022-07-12 00:16:37.867000,2022-07-12 00:16:39.367000,cal,0.11149278044248835,0.4255195071836689,0,AI1_skew,0.013056780864823883,0.026422613782588162,0.09994910791271959,0.05586166878215888,0.3846567037450594,0.08900980756758022
normal_0132_32,normal,0,A,132,normal_0132,32,4838,4853,2022-07-12 00:16:39.467000,2022-07-12 00:16:40.967000,cal,0.28272348524861496,0.4255195071836689,0,AI1_skew,2.3069969563252755e-05,0.15180976628913298,0.016205606709500452,0.05702306837872845,1.2310135068783823,0.24026589326638245
normal_0138_00,normal,0,A,138,normal_0138,0,5019,5034,2022-07-12 00:17:24.527000,2022-07-12 00:17:26.027000,cal,0.027309985938419646,0.4255195071836689,0,AI1_skew,0.003902527885525763,0.02336643905194873,0.025145114266954594,0.013059231497902394,0.09659146792577473,0.0017951350024116987
normal_0138_16,normal,0,A,138,normal_0138,16,5035,5050,2022-07-12 00:17:26.127000,2022-07-12 00:17:27.627000,cal,0.2576051542505687,0.4255195071836689,0,AI1_skew,0.4405802424887738,0.012463474951184826,0.0768735522948767,0.03702933135143462,0.9466235648602883,0.032060759556853564
normal_0138_32,normal,0,A,138,normal_0138,32,5051,5066,2022-07-12 00:17:27.727000,2022-07-12 00:17:29.227000,cal,0.10885136084522114,0.4255195071836689,0,AI1_skew,0.008843473075193665,0.0010258512663085333,0.16295587875506765,0.027546608742881618,0.43367741369049906,0.019058939541376236
normal_0139_00,normal,0,A,139,normal_0139,0,5067,5082,2022-07-12 00:17:32.480000,2022-07-12 00:17:33.980000,cal,0.1203784507067616,0.4255195071836689,0,ratio_AI1_AI2,0.13009236305153313,0.018560394357441497,0.40511469883972623,0.042092348093870496,0.12591657616326546,0.0004943237347327442
normal_0139_16,normal,0,A,139,normal_0139,16,5083,5098,2022-07-12 00:17:34.080000,2022-07-12 00:17:35.580000,cal,0.02765022087648103,0.4255195071836689,0,ratio_AI1_AI2,0.0025037915532799253,0.0032390700081757805,0.12037716546155189,0.008147749237052146,0.0031073056044533974,0.028526243394373055
normal_0147_00,normal,0,A,147,normal_0147,0,5281,5296,2022-07-12 00:18:28.872000,2022-07-12 00:18:30.372000,cal,0.0556362595695628,0.4255195071836689,0,AI1_skew,0.02596072710361792,0.0003886634788208029,0.10451236543991178,0.04730366038068818,0.15564878178270403,3.359231634091123e-06
normal_0148_00,normal,0,A,148,normal_0148,0,5307,5322,2022-07-12 00:18:36.700000,2022-07-12 00:18:38.200000,cal,0.016622389304409874,0.4255195071836689,0,AI1_skew,0.0062762470655164946,0.01744192359635291,0.01582646455029204,0.0006518186074528145,0.040446927704082904,0.019090954302762086
normal_0153_00,normal,0,A,153,normal_0153,0,5404,5419,2022-07-12 00:19:17.374000,2022-07-12 00:19:18.874000,cal,0.016182074678707786,0.4255195071836689,0,ratio_AI1_AI2,0.004105042381719767,0.009706490134924436,0.055779423721666214,0.004996179176685306,0.01633137987431985,0.006173932782931125
normal_0153_16,normal,0,A,153,normal_0153,16,5420,5435,2022-07-12 00:19:18.974000,2022-07-12 00:19:20.474000,cal,0.17453052568611674,0.4255195071836689,0,ratio_AI1_AI2,0.16382898781817348,0.09026740785149719,0.5496800442181332,0.09466725800576425,0.14842700087192603,0.0003124553512064763
normal_0153_32,normal,0,A,153,normal_0153,32,5436,5451,2022-07-12 00:19:20.574000,2022-07-12 00:19:22.074000,cal,0.2507464469923691,0.4255195071836689,0,ratio_AI1_AI2,0.33185171920081596,0.11094510623104667,0.5494684008155233,0.09693444110944874,0.4149122857184853,0.00036672887889466145
normal_0176_00,normal,0,A,176,normal_0176,0,6102,6117,2022-07-12 00:22:13.849000,2022-07-12 00:22:15.349000,cal,0.07832874774720978,0.4255195071836689,0,ratio_AI1_AI2,0.04187908862275703,0.0030254726388362716,0.2584999588773539,0.047514428941230584,0.05419965418689885,0.06485388321618203
normal_0176_16,normal,0,A,176,normal_0176,16,6118,6133,2022-07-12 00:22:15.449000,2022-07-12 00:22:16.949000,cal,0.1450826902405752,0.4255195071836689,0,ratio_AI1_AI2,0.03433811304688283,0.004761692513480578,0.3476662251334394,0.06552614130593397,0.31388767762913444,0.10431629181458006
normal_0176_32,normal,0,A,176,normal_0176,32,6134,6149,2022-07-12 00:22:17.049000,2022-07-12 00:22:18.549000,cal,0.04365547300753153,0.4255195071836689,0,AI1_skew,0.00046531645095258654,0.001863651816813924,0.05118161153973562,0.032420125808736426,0.1697284561093539,0.0062736763195967524
normal_0194_00,normal,0,A,194,normal_0194,0,6724,6739,2022-07-12 00:24:37.006000,2022-07-12 00:24:38.506000,cal,0.12525156610945107,0.4255195071836689,0,AI1_skew,0.0036286504053670465,0.019814978468773455,0.0017617305621120067,0.0012496553894996891,0.6303220563310228,0.09473232549993149
normal_0194_16,normal,0,A,194,normal_0194,16,6740,6755,2022-07-12 00:24:38.606000,2022-07-12 00:24:40.106000,cal,0.039719556372322544,0.4255195071836689,0,AI2_rms,0.015539204014354265,0.018437335706852822,0.01955656622433856,0.0002812293667296638,0.050630338246513876,0.13387266467514608
normal_0211_00,normal,0,A,211,normal_0211,0,7257,7272,2022-07-12 00:26:45.464000,2022-07-12 00:26:46.964000,cal,0.14420425706045592,0.4255195071836689,0,ratio_AI1_AI2,0.010874567135203744,0.12027014816400924,0.5250512052922621,0.016472240020345332,0.12461077727803223,0.06794660447288282
normal_0211_16,normal,0,A,211,normal_0211,16,7273,7288,2022-07-12 00:26:47.064000,2022-07-12 00:26:48.564000,cal,0.1331672793581496,0.4255195071836689,0,AI1_skew,0.0024702975944937812,0.0067036763894257724,0.32396058139436956,0.03493032880367879,0.430775117343169,0.00016367462376071018
normal_0211_32,normal,0,A,211,normal_0211,32,7289,7304,2022-07-12 00:26:48.664000,2022-07-12 00:26:50.164000,cal,0.2048308707740271,0.4255195071836689,0,AI1_skew,0.029832783515494864,0.030025934173384797,0.08699582271959921,0.004972706865365341,1.0761606453079158,0.0009973320624025762
normal_0221_00,normal,0,A,221,normal_0221,0,7566,7581,2022-07-12 00:28:07.313000,2022-07-12 00:28:08.813000,cal,0.04180820058818923,0.4255195071836689,0,ratio_AI1_AI2,0.005151612545301388,0.0063476856556814055,0.15881133391595464,0.02402625067902526,0.04380131876846738,0.012711001964705287
normal_0221_16,normal,0,A,221,normal_0221,16,7582,7597,2022-07-12 00:28:08.913000,2022-07-12 00:28:10.413000,cal,0.13522245077970454,0.4255195071836689,0,AI1_skew,0.029611098013508683,0.01753281552105361,0.26446681754511214,0.028076660683972444,0.4481765031404587,0.023470809774121592
normal_0221_32,normal,0,A,221,normal_0221,32,7598,7613,2022-07-12 00:28:10.513000,2022-07-12 00:28:12.013000,cal,0.008842521371669406,0.4255195071836689,0,ratio_AI1_AI2,0.002816321339175295,0.019851854490698564,0.026659746870018878,0.0003374870213671208,0.0010234108555067542,0.0023663076532498294
normal_0234_00,normal,0,A,234,normal_0234,0,7997,8012,2022-07-12 00:29:42.284000,2022-07-12 00:29:43.784000,cal,0.42979063021854697,0.4255195071836689,1,AI1_skew,0.010813877253571897,0.05770497944358646,0.35269597241968403,0.19889792975257609,1.8272344392990836,0.1313965831427801
normal_0234_16,normal,0,A,234,normal_0234,16,8013,8028,2022-07-12 00:29:43.884000,2022-07-12 00:29:45.384000,cal,0.4255195071836689,0.4255195071836689,0,AI1_skew,0.0012301699026637935,0.04403754882726098,0.5916597106403251,0.21784245803390256,1.6247057658649482,0.0736413898329131
normal_0234_32,normal,0,A,234,normal_0234,32,8029,8044,2022-07-12 00:29:45.484000,2022-07-12 00:29:46.984000,cal,0.22764872570864056,0.4255195071836689,0,AI1_skew,0.06183905343832126,0.005650893974516986,0.08821867265734086,0.06170673688825855,1.0892108902283255,0.05926610706508008
normal_0249_00,normal,0,A,249,normal_0249,0,8511,8526,2022-07-12 00:31:33.901000,2022-07-12 00:31:35.401000,cal,0.020799697355029328,0.4255195071836689,0,AI1_skew,0.002849625678811461,0.006834551463963686,0.03386578531105119,1.887271013428364e-07,0.07954806058150332,0.0016999723677449618
normal_0259_00,normal,0,A,259,normal_0259,0,8822,8837,2022-07-12 00:32:53.644000,2022-07-12 00:32:55.144000,cal,0.037483391778761484,0.4255195071836689,0,ratio_AI1_AI2,0.0030639001912211193,0.02666565696065273,0.15142052320484853,0.010266371514268667,0.0024365071288202597,0.031047391672757614
normal_0259_16,normal,0,A,259,normal_0259,16,8838,8853,2022-07-12 00:32:55.244000,2022-07-12 00:32:56.744000,cal,0.02856616050179754,0.4255195071836689,0,ratio_AI1_AI2,0.005469715112398682,0.02290699759911838,0.06610335468134955,0.0018430086683772426,0.05855715755615631,0.01651672939338509
normal_0280_00,normal,0,A,280,normal_0280,0,9449,9464,2022-07-12 00:35:34.214000,2022-07-12 00:35:35.714000,cal,0.038545597496183526,0.4255195071836689,0,ratio_AI1_AI2,0.014258270594168482,0.015420584778311971,0.11211649908898931,0.00326922641826343,0.033312069708218706,0.05289693438914926
normal_0280_16,normal,0,A,280,normal_0280,16,9465,9480,2022-07-12 00:35:35.814000,2022-07-12 00:35:37.314000,cal,0.08806063800441238,0.4255195071836689,0,ratio_AI1_AI2,0.00952665567782523,0.10961228025600189,0.21742869924134464,0.0028095118994124857,0.06642148480111866,0.12256519615077147
normal_0280_32,normal,0,A,280,normal_0280,32,9481,9496,2022-07-12 00:35:37.414000,2022-07-12 00:35:38.914000,cal,0.24681092028079696,0.4255195071836689,0,AI1_skew,0.007882544201384352,0.3087411699882409,0.15557939890242473,0.00357646484318206,0.7629073575217874,0.24217858622776225
normal_0282_00,normal,0,A,282,normal_0282,0,9547,9562,2022-07-12 00:35:49.315000,2022-07-12 00:35:50.815000,cal,0.16949395406550652,0.4255195071836689,0,ratio_AI1_AI2,0.00793567533162772,0.0008206923148987787,0.6306341158775675,0.08769139425041038,0.2898808690395526,9.77578982111826e-07
normal_0282_16,normal,0,A,282,normal_0282,16,9563,9578,2022-07-12 00:35:50.915000,2022-07-12 00:35:52.415000,cal,0.9366888376983793,0.4255195071836689,1,AI1_skew,1.8184814129617188,0.24428708844158642,0.5057572494472091,0.11881358639045714,2.898887987208158,0.033905701741145884
normal_0283_00,normal,0,A,283,normal_0283,0,9580,9595,2022-07-12 00:35:57.296000,2022-07-12 00:35:58.796000,cal,0.014225789744273647,0.4255195071836689,0,AI1_skew,0.009220986617793917,0.007136077103122342,0.003894565628037444,0.030839989977719678,0.034262967570182955,1.5156878555385598e-07
normal_0348_00,normal,0,A,348,normal_0348,0,11616,11631,2022-07-12 00:43:41.601000,2022-07-12 00:43:43.101000,cal,0.007593568375911813,0.4255195071836689,0,AI1_rms,0.011888199662663057,0.0001093866004441291,0.0042032994497690785,0.018030809938199874,0.01132851759196259,1.1970124321465053e-06
normal_0348_16,normal,0,A,348,normal_0348,16,11632,11647,2022-07-12 00:43:43.201000,2022-07-12 00:43:44.701000,cal,0.02747316844299856,0.4255195071836689,0,AI0_rms,0.004148630310153575,0.09360831104127523,0.0027906315605060014,0.032286147836723136,0.021740692354698776,0.010264597554634635
normal_0348_32,normal,0,A,348,normal_0348,32,11648,11663,2022-07-12 00:43:44.801000,2022-07-12 00:43:46.301000,cal,0.14112542699751934,0.4255195071836689,0,AI1_skew,0.004989096514168898,0.23739851671723816,0.035680893957447175,0.026847520290497293,0.45605792707234794,0.08577860743341659
normal_0351_00,normal,0,A,351,normal_0351,0,11735,11750,2022-07-12 00:44:05.295000,2022-07-12 00:44:06.795000,cal,0.06122405507946129,0.4255195071836689,0,AI1_skew,0.014926820258455605,0.12508863741005374,0.001317117831135813,0.04776615186245011,0.15448942719615527,0.023756175918517215
normal_0383_00,normal,0,A,383,normal_0383,0,12743,12758,2022-07-12 00:47:59.731000,2022-07-12 00:48:01.231000,cal,0.013122991489653785,0.4255195071836689,0,AI0_rms,6.825637435060628e-06,0.03694337702515976,0.03424663678788775,0.0010379221552548198,0.0010340563280837561,0.005469131004101548
normal_0383_16,normal,0,A,383,normal_0383,16,12759,12774,2022-07-12 00:48:01.331000,2022-07-12 00:48:02.831000,cal,0.04382196331304818,0.4255195071836689,0,AI1_skew,0.01670845197249013,0.005242718226949164,4.553334828182138e-06,0.006607255599964505,0.2339190804374488,0.00044972030660830604
normal_0383_32,normal,0,A,383,normal_0383,32,12775,12790,2022-07-12 00:48:02.931000,2022-07-12 00:48:04.431000,cal,0.0300625913532882,0.4255195071836689,0,AI1_skew,0.010151027954374715,0.016086775969541632,0.027874256229153124,0.005169812375589553,0.10759578084851866,0.01349789474255151
normal_0410_00,normal,0,A,410,normal_0410,0,13605,13620,2022-07-12 00:51:36.856000,2022-07-12 00:51:38.356000,cal,0.08651260392209142,0.4255195071836689,0,AI2_rms,0.0014253882320868346,0.1223961889915075,0.1708540658448562,0.00026068832547912506,0.04057749511457494,0.1835617970240439
normal_0410_16,normal,0,A,410,normal_0410,16,13621,13636,2022-07-12 00:51:38.456000,2022-07-12 00:51:39.956000,cal,0.3319759513587272,0.4255195071836689,0,AI1_skew,0.10792769931481047,0.0027688432344639157,0.31737755032517,0.009220120572985237,1.4186283606706835,0.13593313403425028
normal_0410_32,normal,0,A,410,normal_0410,32,13637,13652,2022-07-12 00:51:40.056000,2022-07-12 00:51:41.556000,cal,0.12397998235364838,0.4255195071836689,0,ratio_AI1_AI2,2.8529842070368123e-05,0.10548206424045767,0.24245737729535893,0.004390733013835114,0.16697905092612927,0.22454213880403884
normal_0417_00,normal,0,A,417,normal_0417,0,13803,13818,2022-07-12 00:52:32.972000,2022-07-12 00:52:34.472000,cal,0.024256768887016725,0.4255195071836689,0,ratio_AI1_AI2,0.021429264205890062,0.006764611634891969,0.07291922518154169,0.009979455367731992,0.019491896022886257,0.01495616090915838
normal_0417_16,normal,0,A,417,normal_0417,16,13819,13834,2022-07-12 00:52:34.572000,2022-07-12 00:52:36.072000,cal,0.013177217578797132,0.4255195071836689,0,ratio_AI0_AI2,0.023711289524590895,0.008833583461133186,0.02034365934646307,0.001444224748183522,0.01625298855165746,0.00847755984075465
normal_0417_32,normal,0,A,417,normal_0417,32,13835,13850,2022-07-12 00:52:36.172000,2022-07-12 00:52:37.672000,cal,0.03259587206374494,0.4255195071836689,0,AI1_skew,0.00940220794544102,0.00034794539160408385,0.02236816960769989,0.006042664322763258,0.11943680723836139,0.03797743787659998
normal_0428_00,normal,0,A,428,normal_0428,0,14194,14209,2022-07-12 00:54:00.003000,2022-07-12 00:54:01.503000,cal,0.0056745792698181365,0.4255195071836689,0,ratio_AI0_AI2,0.01592547398718582,0.009291648871821231,0.0037959550626716415,0.0026373469339907537,0.0013831483592925968,0.0010139024039467737
normal_0428_16,normal,0,A,428,normal_0428,16,14210,14225,2022-07-12 00:54:01.603000,2022-07-12 00:54:03.103000,cal,0.0517125646501909,0.4255195071836689,0,ratio_AI1_AI2,0.03046985143309248,0.03279431786123965,0.21669908030669796,0.02023713213697978,0.010073596146357394,1.4100167780919451e-06
normal_0428_32,normal,0,A,428,normal_0428,32,14226,14241,2022-07-12 00:54:03.203000,2022-07-12 00:54:04.703000,cal,0.03525235562353564,0.4255195071836689,0,AI1_skew,0.023612796516085607,0.0111090206850043,0.030094544831967187,0.0010281289560903724,0.14521283452423342,0.0004568082278329097
normal_0438_00,normal,0,A,438,normal_0438,0,14513,14528,2022-07-12 00:55:21.168000,2022-07-12 00:55:22.668000,cal,0.036297274682549334,0.4255195071836689,0,AI1_skew,0.03370571971553083,0.0043134159532778995,0.001126786875016492,0.001139300784382676,0.165599875200762,0.011898549566326098
normal_0438_16,normal,0,A,438,normal_0438,16,14529,14544,2022-07-12 00:55:22.768000,2022-07-12 00:55:24.268000,cal,0.027175552243549502,0.4255195071836689,0,AI1_skew,0.030384311607980715,0.002159689620004258,0.006633341903108938,0.004209452418244791,0.11244775249110346,0.0072187654208548365
normal_0438_32,normal,0,A,438,normal_0438,32,14545,14560,2022-07-12 00:55:24.368000,2022-07-12 00:55:25.868000,cal,0.14209999900017292,0.4255195071836689,0,AI1_skew,0.021450604704337746,0.0008352026959375764,0.0848304612699212,0.02131291311825171,0.7054403391996458,0.018730473012943522
normal_0460_00,normal,0,A,460,normal_0460,0,15229,15244,2022-07-12 00:58:17.587000,2022-07-12 00:58:19.087000,cal,0.02112811401767635,0.4255195071836689,0,AI1_skew,4.8650551810806834e-06,0.022226606039040423,0.0059049095485098095,0.020171497066400437,0.0772605007285208,0.0012003056684055332
normal_0460_16,normal,0,A,460,normal_0460,16,15245,15260,2022-07-12 00:58:19.187000,2022-07-12 00:58:20.687000,cal,0.01380847923757209,0.4255195071836689,0,AI1_skew,0.0017098807256526443,0.0009238012908455287,0.004101738200832634,0.006365945249378978,0.05406227337228637,0.015687236586436393
normal_0460_32,normal,0,A,460,normal_0460,32,15261,15276,2022-07-12 00:58:20.787000,2022-07-12 00:58:22.287000,cal,0.09837650173162592,0.4255195071836689,0,AI0_rms,0.007124648850502743,0.47676918385165473,0.037008985980739595,0.026380494052467094,0.011376769437825208,0.031598928216566145
normal_0484_00,normal,0,B,484,normal_0484,0,16145,16160,2022-07-12 01:01:28.171000,2022-07-12 01:01:29.671000,cal,0.03746968242789567,0.4255195071836689,0,AI1_skew,0.07554456394166313,0.002063683437546486,0.03498448890128329,0.0033618591926324547,0.10074492321972471,0.008118575874523928
normal_0484_16,normal,0,B,484,normal_0484,16,16161,16176,2022-07-12 01:01:29.771000,2022-07-12 01:01:31.271000,cal,0.07132646669217567,0.4255195071836689,0,ratio_AI0_AI2,0.18680123642409027,0.004585158136865314,0.1765508796143479,0.05222436453047218,0.003578774356631585,0.004218387090646827
normal_0487_00,normal,0,B,487,normal_0487,0,16276,16291,2022-07-12 01:01:52.260000,2022-07-12 01:01:53.760000,cal,0.0530118561980783,0.4255195071836689,0,AI1_skew,0.0042982291977500045,0.0011202253722409938,0.11103079820370905,0.013545583509452822,0.17729626003999205,0.010780040865324903
normal_0487_16,normal,0,B,487,normal_0487,16,16292,16307,2022-07-12 01:01:53.860000,2022-07-12 01:01:55.360000,cal,0.19759170973349094,0.4255195071836689,0,AI1_skew,0.045310797562818965,0.0034870449473841385,0.4721963805665723,0.06497091523114647,0.5851396016220748,0.014445518470948993
normal_0492_00,normal,0,B,492,normal_0492,0,16413,16428,2022-07-12 01:02:40.198000,2022-07-12 01:02:41.698000,cal,0.027370021152144205,0.4255195071836689,0,ratio_AI1_AI2,0.01093501436987753,0.006931276103265661,0.13047091548841633,0.008185006656796518,0.007590414961906499,0.00010749933260268398
normal_0492_16,normal,0,B,492,normal_0492,16,16429,16444,2022-07-12 01:02:41.798000,2022-07-12 01:02:43.298000,cal,1.558487423199573,0.4255195071836689,1,AI1_skew,0.3219098051020996,0.05067047933295481,0.3278792413880141,0.08591042132324775,8.499902829608574,0.06465176244254725
normal_0492_32,normal,0,B,492,normal_0492,32,16445,16460,2022-07-12 01:02:43.398000,2022-07-12 01:02:44.898000,cal,0.3338361881130425,0.4255195071836689,0,ratio_AI1_AI2,0.11551200815946534,0.06718041752849592,1.536787645781756,0.15565688683421258,0.12743927171700078,0.00044089865732411827
normal_0497_00,normal,0,B,497,normal_0497,0,16557,16572,2022-07-12 01:03:22.041000,2022-07-12 01:03:23.541000,cal,0.07624302694276487,0.4255195071836689,0,AI1_skew,0.0016089774983496508,1.5959191493962015e-05,0.20599856645176984,0.022606676536371755,0.224213631558962,0.003014350419642055
normal_0497_16,normal,0,B,497,normal_0497,16,16573,16588,2022-07-12 01:03:23.641000,2022-07-12 01:03:25.141000,cal,0.06106956728076265,0.4255195071836689,0,ratio_AI1_AI2,0.0011439714085345525,0.04016726146895447,0.2791613485784424,0.029266930620833572,0.009044342648531002,0.007633548959279931
normal_0497_32,normal,0,B,497,normal_0497,32,16589,16604,2022-07-12 01:03:25.241000,2022-07-12 01:03:26.741000,cal,0.015974509970840964,0.4255195071836689,0,AI0_rms,0.0006546286046700721,0.038868043666758556,0.009305750740423429,0.0037725300555352848,0.03605238432454415,0.007193722433114302
normal_0511_00,normal,0,B,511,normal_0511,0,17070,17085,2022-07-12 01:05:12.740000,2022-07-12 01:05:14.240000,cal,0.24352868888165372,0.4255195071836689,0,ratio_AI1_AI2,0.0023414433080389398,0.04737085147591691,1.190672944306013,0.12721689567771022,0.09311275180192259,0.00045724672032073407
normal_0511_16,normal,0,B,511,normal_0511,16,17086,17101,2022-07-12 01:05:14.340000,2022-07-12 01:05:15.840000,cal,0.05741569584689141,0.4255195071836689,0,ratio_AI1_AI2,0.006355384916627773,0.052771011101558504,0.26406357096268385,0.017597531243587088,0.0008211633088827028,0.002885513548008542
normal_0514_00,normal,0,B,514,normal_0514,0,17147,17162,2022-07-12 01:05:45.204000,2022-07-12 01:05:46.704000,cal,0.06739725145540706,0.4255195071836689,0,ratio_AI1_AI2,0.02070832403960988,0.03622573474526975,0.321790198736268,0.022573725232398034,0.0016334909812293057,0.0014520349976674637
normal_0514_16,normal,0,B,514,normal_0514,16,17163,17178,2022-07-12 01:05:46.804000,2022-07-12 01:05:48.304000,cal,0.04068258640580153,0.4255195071836689,0,ratio_AI1_AI2,0.0017882544177338757,0.01873762302823537,0.20575927242620817,0.012282206050733645,0.005000197726733909,0.0005279647851642359
normal_0514_32,normal,0,B,514,normal_0514,32,17179,17194,2022-07-12 01:05:48.404000,2022-07-12 01:05:49.904000,cal,0.15333650846153235,0.4255195071836689,0,ratio_AI1_AI2,0.015797520814293576,0.06580367193328902,0.7372994639066828,0.07724837636560909,0.02156957595427703,0.0023004417950426384
normal_0533_00,normal,0,B,533,normal_0533,0,17822,17837,2022-07-12 01:08:09.198000,2022-07-12 01:08:10.698000,cal,0.011279735743875216,0.4255195071836689,0,AI0_rms,0.006828357309801345,0.028736456158523157,0.02792662689424032,0.000831505920157964,0.0033458681654064126,9.60001512209495e-06
normal_0533_16,normal,0,B,533,normal_0533,16,17838,17853,2022-07-12 01:08:10.798000,2022-07-12 01:08:12.298000,cal,0.053432865444717086,0.4255195071836689,0,ratio_AI1_AI2,0.017362182608305608,0.030245613084085823,0.2543763732691977,0.016747913534506543,0.001087975654093287,0.0007771345181135012
normal_0572_00,normal,0,A,572,normal_0572,0,19096,19111,2022-07-12 01:13:07.457000,2022-07-12 01:13:08.957000,cal,0.01504005304237841,0.4255195071836689,0,AI1_skew,2.0583396213936876e-05,0.0031594155615208425,0.023057791334365415,0.013166525080680346,0.049944129764153,0.0008918731173369055
normal_0581_00,normal,0,A,581,normal_0581,0,19377,19392,2022-07-12 01:14:28.769000,2022-07-12 01:14:30.269000,cal,0.08341835307141654,0.4255195071836689,0,ratio_AI1_AI2,0.03585411727079705,0.02002004427629937,0.21204316115638658,0.025237811981525856,0.205321891406663,0.0020330923368273904
normal_0581_16,normal,0,A,581,normal_0581,16,19393,19408,2022-07-12 01:14:30.369000,2022-07-12 01:14:31.869000,cal,0.09143564259547649,0.4255195071836689,0,ratio_AI1_AI2,0.07585330990684383,0.02378438539041534,0.254064152197495,0.030711539803485448,0.16389539829943933,0.0003050699751799455
normal_0581_32,normal,0,A,581,normal_0581,32,19409,19424,2022-07-12 01:14:31.969000,2022-07-12 01:14:33.469000,cal,0.07944868516665533,0.4255195071836689,0,AI1_skew,0.0020879224144110574,0.015305165890945657,0.036913146535607504,0.03913452552248917,0.3406368764012795,0.042614474235199165
normal_0582_00,normal,0,A,582,normal_0582,0,19427,19442,2022-07-12 01:14:35.252000,2022-07-12 01:14:36.752000,cal,0.05575016662986337,0.4255195071836689,0,ratio_AI1_AI2,0.02029362559838027,0.007656876428032023,0.1566186483010532,0.021211929687526207,0.12801559638827015,0.0007043233759183276
normal_0582_16,normal,0,A,582,normal_0582,16,19443,19458,2022-07-12 01:14:36.852000,2022-07-12 01:14:38.352000,cal,0.0660153147617082,0.4255195071836689,0,AI1_skew,0.05527984098882189,0.015063392399574278,0.053973856359711914,0.013001557652374514,0.24995595689095157,0.008817284278815013
normal_0582_32,normal,0,A,582,normal_0582,32,19459,19474,2022-07-12 01:14:38.452000,2022-07-12 01:14:39.952000,cal,0.04122851962479052,0.4255195071836689,0,AI1_skew,0.08802703447241646,0.00154604274628542,0.0008820946578861953,0.002977923243760016,0.12541478569521528,0.028523236933179767
normal_0007_00,normal,0,A,7,normal_0007,0,262,277,2022-07-12 00:00:55.468000,2022-07-12 00:00:56.968000,test,0.013143779105799266,0.4255195071836689,0,ratio_AI1_AI2,0.010105849669243836,0.014489749043982649,0.03034179490807623,0.01683055967653125,0.007027600257894189,6.712107906743188e-05
normal_0007_16,normal,0,A,7,normal_0007,16,278,293,2022-07-12 00:00:57.068000,2022-07-12 00:00:58.568000,test,0.03724272519268015,0.4255195071836689,0,ratio_AI1_AI2,0.006004798611064199,0.019219804520876644,0.13929539456832218,0.012718254085789945,0.014828375894023001,0.03138972347600494
normal_0017_00,normal,0,A,17,normal_0017,0,621,636,2022-07-12 00:02:15.921000,2022-07-12 00:02:17.421000,test,0.07576951355894701,0.4255195071836689,0,ratio_AI1_AI2,0.02987222244526607,0.03205351288342352,0.35166493496191265,0.027740366955261393,0.010213564379300674,0.003072479728517764
normal_0017_16,normal,0,A,17,normal_0017,16,637,652,2022-07-12 00:02:17.521000,2022-07-12 00:02:19.021000,test,0.00477221754615411,0.4255195071836689,0,AI0_rms,0.0055673964066353535,0.01143045350816327,0.0005855442666626201,1.813006817674554e-05,0.006354982319557182,0.00467679870772949
normal_0018_00,normal,0,A,18,normal_0018,0,657,672,2022-07-12 00:02:23.876000,2022-07-12 00:02:25.376000,test,0.011259682401329255,0.4255195071836689,0,AI1_skew,0.0023389698201014154,0.005415634243110476,0.012426271593350642,0.003839918919026043,0.026796584179675113,0.01674071565271184
normal_0018_16,normal,0,A,18,normal_0018,16,673,688,2022-07-12 00:02:25.476000,2022-07-12 00:02:26.976000,test,0.004182404996771193,0.4255195071836689,0,ratio_AI1_AI2,0.0017604891528737589,0.0010644855073736429,0.015270537598253215,0.004767767491813967,0.002212538203995132,1.8612026317444183e-05
normal_0019_00,normal,0,A,19,normal_0019,0,693,708,2022-07-12 00:02:31.936000,2022-07-12 00:02:33.436000,test,0.1987251360070441,0.4255195071836689,0,ratio_AI0_AI2,0.5878747718871783,0.08648645902044684,0.3902880253276459,0.04061495657774121,0.06530931100070625,0.021777292228546397
normal_0027_00,normal,0,A,27,normal_0027,0,923,938,2022-07-12 00:03:44.676000,2022-07-12 00:03:46.176000,test,0.11524624657255633,0.4255195071836689,0,ratio_AI1_AI2,0.009820608864636413,0.0006129884826819829,0.5669973099974109,0.04283194370437624,0.05058966613211675,0.02062496225411553
normal_0027_16,normal,0,A,27,normal_0027,16,939,954,2022-07-12 00:03:46.276000,2022-07-12 00:03:47.776000,test,0.2275008194194648,0.4255195071836689,0,ratio_AI1_AI2,0.021392097704497293,0.014120476021888548,1.0149530242888798,0.11939428453657962,0.18654460995559816,0.008600424009345351
normal_0027_32,normal,0,A,27,normal_0027,32,955,970,2022-07-12 00:03:47.876000,2022-07-12 00:03:49.376000,test,0.03547550994247083,0.4255195071836689,0,ratio_AI1_AI2,0.031247258838068004,0.003599003607914796,0.13341331229515224,0.005564929331797484,0.003314163741315531,0.03571439184057694
normal_0028_00,normal,0,A,28,normal_0028,0,973,988,2022-07-12 00:03:52.544000,2022-07-12 00:03:54.044000,test,0.02768357335509561,0.4255195071836689,0,ratio_AI1_AI2,0.0020639568557724625,0.014353971693022346,0.10138286004630108,0.0013793341393698293,0.006502323821274424,0.04041899357483351
normal_0028_16,normal,0,A,28,normal_0028,16,989,1004,2022-07-12 00:03:54.144000,2022-07-12 00:03:55.644000,test,0.03084976645802896,0.4255195071836689,0,ratio_AI1_AI2,0.003674577720404993,0.0034575461724994957,0.13424526987447533,0.004313051721993346,0.0008203248398346624,0.03858782841896594
normal_0028_32,normal,0,A,28,normal_0028,32,1005,1020,2022-07-12 00:03:55.744000,2022-07-12 00:03:57.244000,test,0.05690862448750129,0.4255195071836689,0,ratio_AI1_AI2,0.03207524234919907,0.013167349890930402,0.2279543551974684,0.01091295612603005,0.0076000001235339894,0.0497418432378458
normal_0041_00,normal,0,A,41,normal_0041,0,1331,1346,2022-07-12 00:05:22.496000,2022-07-12 00:05:23.996000,test,0.04064030366891128,0.4255195071836689,0,AI1_skew,0.00024459699435706834,0.010299993860625833,0.08381311598345727,5.207678292485384e-05,0.11489399806557024,0.034538040326532446
normal_0041_16,normal,0,A,41,normal_0041,16,1347,1362,2022-07-12 00:05:24.096000,2022-07-12 00:05:25.596000,test,0.040195464329986795,0.4255195071836689,0,ratio_AI1_AI2,0.006220555748790599,0.04490124534780549,0.12269271766492353,0.0019079805680669,0.03896591710521511,0.02648436954511916
normal_0041_32,normal,0,A,41,normal_0041,32,1363,1378,2022-07-12 00:05:25.696000,2022-07-12 00:05:27.196000,test,0.08176746468335187,0.4255195071836689,0,AI1_skew,0.027757012126548384,0.013812886913878823,0.001519752546426797,0.003524308039711571,0.412425350254829,0.03156547821871661
normal_0044_00,normal,0,A,44,normal_0044,0,1474,1489,2022-07-12 00:05:44.604000,2022-07-12 00:05:46.104000,test,0.018824802920722594,0.4255195071836689,0,AI2_rms,0.022092627237503257,0.0018732939781956677,0.023894062185198524,0.002587505074616332,0.028382910777321087,0.0341184182715007
normal_0045_00,normal,0,A,45,normal_0045,0,1503,1518,2022-07-12 00:05:52.492000,2022-07-12 00:05:53.992000,test,0.18794169054213683,0.4255195071836689,0,ratio_AI1_AI2,0.21209216421629798,0.0023270791552523545,0.5059059026987094,0.06261252949368648,0.3287564701468569,0.01595599754201776
normal_0047_00,normal,0,A,47,normal_0047,0,1525,1540,2022-07-12 00:06:02.560000,2022-07-12 00:06:04.060000,test,0.0417901485642354,0.4255195071836689,0,AI1_skew,0.011544154329479318,0.0015245953726434908,0.021195323443265985,0.009182514132523585,0.18758545338978333,0.019708850717716716
normal_0047_16,normal,0,A,47,normal_0047,16,1541,1556,2022-07-12 00:06:04.160000,2022-07-12 00:06:05.660000,test,0.09009806361081536,0.4255195071836689,0,AI1_skew,0.0012213054124965666,0.005417036727881564,0.017806942747183956,0.003467157894645231,0.457904834432912,0.05477110444977284
normal_0047_32,normal,0,A,47,normal_0047,32,1557,1572,2022-07-12 00:06:05.760000,2022-07-12 00:06:07.260000,test,0.07740052632138499,0.4255195071836689,0,AI1_skew,0.04632946544364985,0.004304369012999161,0.063332307442796,0.0204089554289659,0.3172060091865066,0.01282205141339242
normal_0052_00,normal,0,A,52,normal_0052,0,1737,1752,2022-07-12 00:06:36.231000,2022-07-12 00:06:37.731000,test,0.5535253988055668,0.4255195071836689,1,AI1_skew,0.038562986249583604,0.08035319124011275,0.030720591136046662,0.07606561761884523,2.9172102312885695,0.17823977530024304
normal_0052_16,normal,0,A,52,normal_0052,16,1753,1768,2022-07-12 00:06:37.831000,2022-07-12 00:06:39.331000,test,0.550226065118422,0.4255195071836689,1,AI1_skew,0.5984577915882223,7.076544551009831e-05,0.6691927639105288,0.16428480904491444,1.868912934385815,0.0004373263355410242
normal_0052_32,normal,0,A,52,normal_0052,32,1769,1784,2022-07-12 00:06:39.431000,2022-07-12 00:06:40.931000,test,0.07315491305287357,0.4255195071836689,0,ratio_AI1_AI2,0.029754846962688892,0.08188518761028774,0.24757600066748425,0.010575723815128404,0.05417007952045676,0.014967639741195412
normal_0054_00,normal,0,A,54,normal_0054,0,1837,1852,2022-07-12 00:06:49.646000,2022-07-12 00:06:51.146000,test,0.015364997724006827,0.4255195071836689,0,AI1_skew,0.010556048519566184,0.0021002336176137804,0.0011301733345340955,0.002236143987557288,0.07550275935361099,0.0006646275311586255
normal_0054_16,normal,0,A,54,normal_0054,16,1853,1868,2022-07-12 00:06:51.246000,2022-07-12 00:06:52.746000,test,0.37317629703307525,0.4255195071836689,0,AI1_skew,0.03780141913513234,0.03860851368649662,0.3332880800431962,0.07322559633522832,1.679387017955743,0.07674715504265514
normal_0054_32,normal,0,A,54,normal_0054,32,1869,1884,2022-07-12 00:06:52.846000,2022-07-12 00:06:54.346000,test,0.07317325082933414,0.4255195071836689,0,ratio_AI1_AI2,1.124749801583328e-05,0.015189914722017951,0.33438512837908435,0.030408571762902657,0.0411309498870733,0.017913692726910742
normal_0060_00,normal,0,A,60,normal_0060,0,2137,2152,2022-07-12 00:07:32.847000,2022-07-12 00:07:34.347000,test,0.10812593900964745,0.4255195071836689,0,ratio_AI1_AI2,0.026109336576724925,0.05758287983314715,0.3171663365779171,0.022598529031820212,0.21675650696511423,0.008542045073161097
normal_0060_16,normal,0,A,60,normal_0060,16,2153,2168,2022-07-12 00:07:34.447000,2022-07-12 00:07:35.947000,test,0.1283509736069415,0.4255195071836689,0,AI1_skew,0.04574507645489863,0.001914727789840593,0.06603710448886707,0.014581128942419714,0.6364420068569638,0.005385797108659232
normal_0060_32,normal,0,A,60,normal_0060,32,2169,2184,2022-07-12 00:07:36.047000,2022-07-12 00:07:37.547000,test,0.12190462421969404,0.4255195071836689,0,AI1_skew,0.06054438118982714,0.011315083989223613,0.13075984171365418,0.018083158422638877,0.5105205316776741,0.00020474832514629084
normal_0068_00,normal,0,A,68,normal_0068,0,2537,2552,2022-07-12 00:08:33.206000,2022-07-12 00:08:34.706000,test,0.03311211295154915,0.4255195071836689,0,ratio_AI1_AI2,0.005864903665746804,0.007193802082344447,0.1441498349321256,0.021113621434118143,2.2352666096251787e-05,0.020328162928863674
normal_0068_16,normal,0,A,68,normal_0068,16,2553,2568,2022-07-12 00:08:34.806000,2022-07-12 00:08:36.306000,test,0.03565111224903115,0.4255195071836689,0,ratio_AI1_AI2,0.00136470358699839,0.0011501349242784883,0.1388447652036956,0.03643041445304877,0.006999997800337832,0.02911665752582782
normal_0068_32,normal,0,A,68,normal_0068,32,2569,2584,2022-07-12 00:08:36.406000,2022-07-12 00:08:37.906000,test,0.1457630372657863,0.4255195071836689,0,ratio_AI1_AI2,0.021549507469766926,0.040819159038777544,0.5125385251611163,0.07123082279946034,0.014414204440266608,0.21402600468532992
normal_0090_00,normal,0,A,90,normal_0090,0,3407,3422,2022-07-12 00:11:16.040000,2022-07-12 00:11:17.540000,test,0.018475147651580676,0.4255195071836689,0,AI2_rms,0.027100546671431913,0.0005052671529015786,0.0004615937549173651,0.0005855613991300743,0.032301724644391065,0.04989619228671206
normal_0090_16,normal,0,A,90,normal_0090,16,3423,3438,2022-07-12 00:11:17.640000,2022-07-12 00:11:19.140000,test,0.03575105554413541,0.4255195071836689,0,ratio_AI1_AI2,0.018377062690692787,0.035879201927475256,0.11407007569911672,0.003808936419781811,0.03824317655674651,0.004127879970999368
normal_0090_32,normal,0,A,90,normal_0090,32,3439,3454,2022-07-12 00:11:19.240000,2022-07-12 00:11:20.740000,test,0.06885868391140375,0.4255195071836689,0,ratio_AI1_AI2,0.021044908529484818,0.09528702554235552,0.24399072748875253,0.004237559916748089,0.00975945494321978,0.038832427047861724
normal_0115_00,normal,0,A,115,normal_0115,0,4276,4291,2022-07-12 00:14:35.936000,2022-07-12 00:14:37.436000,test,0.01213496230413028,0.4255195071836689,0,ratio_AI1_AI2,4.234198684827865e-06,3.746922252935577e-05,0.05846353431491704,0.005605710072174093,0.00043576928212728136,0.008263056734349083
normal_0121_00,normal,0,A,121,normal_0121,0,4449,4464,2022-07-12 00:15:15.740000,2022-07-12 00:15:17.240000,test,0.16861039782916318,0.4255195071836689,0,AI1_skew,0.01113044896488584,0.02296917066425226,0.12844951664323706,0.0710597347521762,0.7045228730839476,0.07353064286648006
normal_0121_16,normal,0,A,121,normal_0121,16,4465,4480,2022-07-12 00:15:17.340000,2022-07-12 00:15:18.840000,test,0.15751035210607003,0.4255195071836689,0,AI1_skew,0.019458541096576142,0.0003591612605142518,0.3129758530614043,0.08186497681659977,0.5073955519218681,0.023008028479457564
normal_0125_00,normal,0,A,125,normal_0125,0,4545,4560,2022-07-12 00:15:41.948000,2022-07-12 00:15:43.448000,test,0.1431910052480366,0.4255195071836689,0,ratio_AI1_AI2,0.0010500563574598512,0.025286576053448685,0.4911386610849808,0.0850316356238964,0.16792920523221105,0.08870989713622295
normal_0125_16,normal,0,A,125,normal_0125,16,4561,4576,2022-07-12 00:15:43.548000,2022-07-12 00:15:45.048000,test,0.08214797986395089,0.4255195071836689,0,ratio_AI1_AI2,0.0004402649178359084,0.0430604852026473,0.21290563352355632,0.021206159843043575,0.11265611107943363,0.10261922461718866
normal_0125_32,normal,0,A,125,normal_0125,32,4577,4592,2022-07-12 00:15:45.148000,2022-07-12 00:15:46.648000,test,0.05237410696757474,0.4255195071836689,0,ratio_AI1_AI2,0.040318343776775456,0.017656962644085367,0.18327538673797242,0.017655451675275883,0.03139554017292776,0.023942956798411536
normal_0129_00,normal,0,A,129,normal_0129,0,4729,4744,2022-07-12 00:16:11.955000,2022-07-12 00:16:13.455000,test,0.0353859662681735,0.4255195071836689,0,ratio_AI1_AI2,0.014917887477346686,0.034144619888049656,0.09835669016866105,0.020098473867098933,0.04473476233765621,6.336387022845968e-05
normal_0131_00,normal,0,A,131,normal_0131,0,4756,4771,2022-07-12 00:16:29.364000,2022-07-12 00:16:30.864000,test,0.007025600388880744,0.4255195071836689,0,AI1_skew,7.869648850125092e-05,0.0008698196463772086,0.00013096962326353018,0.0003435226959496032,0.0217282203834604,0.019002373495732475
normal_0131_16,normal,0,A,131,normal_0131,16,4772,4787,2022-07-12 00:16:30.964000,2022-07-12 00:16:32.464000,test,0.011281919621306027,0.4255195071836689,0,AI1_skew,0.0024615614282141375,0.00120120906332933,0.0015204402475387515,0.002566071658742564,0.0513311201205471,0.008611115209464278
normal_0131_32,normal,0,A,131,normal_0131,32,4788,4803,2022-07-12 00:16:32.564000,2022-07-12 00:16:34.064000,test,0.038471421402942865,0.4255195071836689,0,AI1_skew,0.004965930646031514,3.170484431946706e-05,0.09421292626340122,0.010861925626381719,0.1067242203713188,0.014031820666204476
normal_0134_00,normal,0,A,134,normal_0134,0,4890,4905,2022-07-12 00:16:52.351000,2022-07-12 00:16:53.851000,test,0.10746196458097401,0.4255195071836689,0,ratio_AI1_AI2,0.0503887773210556,0.015424887990683396,0.4813212783629254,0.04270965995439125,0.05457791090981838,0.00034927294697005757
normal_0158_00,normal,0,A,158,normal_0158,0,5560,5575,2022-07-12 00:19:57.844000,2022-07-12 00:19:59.344000,test,0.03110612740610259,0.4255195071836689,0,AI1_skew,0.013871323048443534,0.01579357655076751,0.06086116344028709,0.001311480580233339,0.09289450186364724,0.0019047189532368162
normal_0158_16,normal,0,A,158,normal_0158,16,5576,5591,2022-07-12 00:19:59.444000,2022-07-12 00:20:00.944000,test,0.12637845354190655,0.4255195071836689,0,AI1_skew,0.046377531682872855,0.0011753822142830546,0.007204254785298755,0.02450721048665633,0.620049290315212,0.058957051767116145
normal_0158_32,normal,0,A,158,normal_0158,32,5592,5607,2022-07-12 00:20:01.044000,2022-07-12 00:20:02.544000,test,0.003103284213249224,0.4255195071836689,0,ratio_AI1_AI2,0.00491805265508808,0.0014217294910665202,0.009690339881852188,0.0002928115290980515,0.0005589616109369958,0.001737810111453509
normal_0167_00,normal,0,A,167,normal_0167,0,5864,5879,2022-07-12 00:21:08.408000,2022-07-12 00:21:09.908000,test,0.4318752011563442,0.4255195071836689,1,AI1_skew,0.30756584929752867,0.03391749009999974,0.3029870116067795,0.002326758673058181,1.7981685412850141,0.14628555597568493
normal_0169_00,normal,0,A,169,normal_0169,0,5890,5905,2022-07-12 00:21:25.804000,2022-07-12 00:21:27.304000,test,0.22877077256680067,0.4255195071836689,0,AI1_skew,0.17741938744724806,0.043812302145232775,0.0438736803690977,0.007465540030989234,1.0256865076159047,0.07436721779233152
normal_0169_16,normal,0,A,169,normal_0169,16,5906,5921,2022-07-12 00:21:27.404000,2022-07-12 00:21:28.904000,test,0.04353298426301821,0.4255195071836689,0,ratio_AI1_AI2,0.00044611581062854397,0.018624327737840462,0.1304162215189058,0.010876906495069658,0.10059448813926004,0.0002398458764047411
normal_0169_32,normal,0,A,169,normal_0169,32,5922,5937,2022-07-12 00:21:29.004000,2022-07-12 00:21:30.504000,test,0.06174312253911234,0.4255195071836689,0,ratio_AI1_AI2,0.007122163326780555,0.00808988093234154,0.2840405074567203,0.018323177351123154,0.04571253256028177,0.007170473607426683
normal_0171_00,normal,0,A,171,normal_0171,0,5982,5997,2022-07-12 00:21:41.500000,2022-07-12 00:21:43,test,0.011816254723502652,0.4255195071836689,0,ratio_AI1_AI2,0.017663884579390485,0.0007578051174631805,0.02418241394621336,0.007017550260678624,0.005356430184043252,0.015919444253227014
normal_0175_00,normal,0,A,175,normal_0175,0,6052,6067,2022-07-12 00:22:07.078000,2022-07-12 00:22:08.578000,test,0.03376346318468062,0.4255195071836689,0,ratio_AI1_AI2,0.022310907187223228,0.05256989314983134,0.07792709777620756,0.0007837423786716442,0.04387021202050328,0.00511892659564665
normal_0175_16,normal,0,A,175,normal_0175,16,6068,6083,2022-07-12 00:22:08.678000,2022-07-12 00:22:10.178000,test,0.13874375685279833,0.4255195071836689,0,ratio_AI1_AI2,0.01172016047082028,0.16726970649024264,0.33792931573898344,0.002856196363797596,0.22168254146610566,0.0910046205868403
normal_0175_32,normal,0,A,175,normal_0175,32,6084,6099,2022-07-12 00:22:10.278000,2022-07-12 00:22:11.778000,test,1.3327840688213255,0.4255195071836689,1,AI1_skew,0.04429195554961967,0.3741080829763243,0.29974322248280777,0.23618892143785553,6.826840864950911,0.21553136553043528
normal_0198_00,normal,0,A,198,normal_0198,0,6819,6834,2022-07-12 00:25:10.148000,2022-07-12 00:25:11.648000,test,0.10734289204064512,0.4255195071836689,0,AI1_skew,0.0009725108374462937,0.06338799746001203,0.18770309924580464,0.005840155700367805,0.20060110276655319,0.18555248623368678
normal_0198_16,normal,0,A,198,normal_0198,16,6835,6850,2022-07-12 00:25:11.748000,2022-07-12 00:25:13.248000,test,0.09933651363343671,0.4255195071836689,0,ratio_AI1_AI2,0.0064256175925694985,0.09080263480888395,0.268612692904426,0.012535267080176278,0.01759464765633922,0.20004822175822526
normal_0198_32,normal,0,A,198,normal_0198,32,6851,6866,2022-07-12 00:25:13.348000,2022-07-12 00:25:14.848000,test,0.0365581592660521,0.4255195071836689,0,AI2_rms,8.017486737083543e-05,0.027594749081374766,0.0869846397649962,0.005551583870935351,0.004471321695848641,0.09466648631578681
normal_0201_00,normal,0,A,201,normal_0201,0,6951,6966,2022-07-12 00:25:33.044000,2022-07-12 00:25:34.544000,test,0.11637202170129098,0.4255195071836689,0,AI1_skew,0.019744918054521946,0.07641884261672226,0.027495610398651664,0.00205541846154005,0.4978245269866572,0.0746928136896528
normal_0206_00,normal,0,A,206,normal_0206,0,7112,7127,2022-07-12 00:26:13.208000,2022-07-12 00:26:14.708000,test,0.08030127678838299,0.4255195071836689,0,AI1_skew,0.008695526752230048,0.028871875978238495,0.17096151685305383,4.636680525322777e-06,0.18198945253263832,0.09128465193361196
normal_0218_00,normal,0,A,218,normal_0218,0,7490,7505,2022-07-12 00:27:41.443000,2022-07-12 00:27:42.943000,test,0.2331657556698985,0.4255195071836689,0,ratio_AI1_AI2,0.04427351716595143,0.052614013712558284,1.100930122300263,0.10704800405782043,0.09385581216822395,0.0002730646145739225
normal_0218_16,normal,0,A,218,normal_0218,16,7506,7521,2022-07-12 00:27:43.043000,2022-07-12 00:27:44.543000,test,0.0066230196541732,0.4255195071836689,0,AI2_rms,0.012265942148590649,2.3840547376205565e-05,0.00042181919568482526,0.0038208125321664128,0.00244626749215379,0.020759436009067326
normal_0228_00,normal,0,A,228,normal_0228,0,7802,7817,2022-07-12 00:29:02.224000,2022-07-12 00:29:03.724000,test,0.01906079582083954,0.4255195071836689,0,AI1_skew,5.724071884817215e-06,0.004438145321187052,0.005753957206158415,3.5058013341696827e-06,0.10415427785590764,9.164668565154428e-06
normal_0228_16,normal,0,A,228,normal_0228,16,7818,7833,2022-07-12 00:29:03.824000,2022-07-12 00:29:05.324000,test,0.006795178191076538,0.4255195071836689,0,AI0_rms,0.009586438349817893,0.019540432333394912,0.0009392040274482827,0.0028371676306562176,0.002347971117086459,0.005519855688055466
normal_0228_32,normal,0,A,228,normal_0228,32,7834,7849,2022-07-12 00:29:05.424000,2022-07-12 00:29:06.924000,test,0.02636886496141873,0.4255195071836689,0,AI1_skew,0.007614540674278938,0.001970328100293931,0.005033483354709674,0.006551724956080737,0.13145040259724644,0.005592710085902669
normal_0239_00,normal,0,A,239,normal_0239,0,8132,8147,2022-07-12 00:30:15.875000,2022-07-12 00:30:17.375000,test,0.0027614791407290593,0.4255195071836689,0,AI1_skew,0.0018661927972371257,1.2885016288365304e-05,4.105236299610802e-05,0.0014524583723423837,0.013103893015539847,9.239327997052507e-05
normal_0239_16,normal,0,A,239,normal_0239,16,8148,8163,2022-07-12 00:30:17.475000,2022-07-12 00:30:18.975000,test,0.007351578510731971,0.4255195071836689,0,ratio_AI1_AI2,0.0016743899575199408,0.005580504341453475,0.021377999648305866,0.00032336151623034144,0.008131561712970518,0.00702165388791168
normal_0239_32,normal,0,A,239,normal_0239,32,8164,8179,2022-07-12 00:30:19.075000,2022-07-12 00:30:20.575000,test,0.016893604783311585,0.4255195071836689,0,ratio_AI1_AI2,0.0021322768176737956,0.007624137441744782,0.06370383332297133,0.007583487744589689,0.020307796567039325,1.009680585058172e-05
normal_0243_00,normal,0,A,243,normal_0243,0,8304,8319,2022-07-12 00:30:46.032000,2022-07-12 00:30:47.532000,test,0.0069903200654812085,0.4255195071836689,0,AI0_rms,3.6989750412345752e-06,0.028947348189538296,0.0043052901801182404,0.0013371292584372515,0.004439119699861746,0.0029093340898904848
normal_0245_00,normal,0,A,245,normal_0245,0,8326,8341,2022-07-12 00:31:02.945000,2022-07-12 00:31:04.445000,test,0.06495535708862031,0.4255195071836689,0,ratio_AI1_AI2,0.010396879066596003,0.002264455530867521,0.23568356219482092,0.02469277893129075,0.10737154502193189,0.009322921786214775
normal_0245_16,normal,0,A,245,normal_0245,16,8342,8357,2022-07-12 00:31:04.545000,2022-07-12 00:31:06.045000,test,0.0017978811660499085,0.4255195071836689,0,AI2_rms,0.0007792532120933242,0.0003379910585416895,0.0015213191418925757,0.0006161804862998381,0.00024780094533355195,0.007284742152138471
normal_0245_32,normal,0,A,245,normal_0245,32,8358,8373,2022-07-12 00:31:06.145000,2022-07-12 00:31:07.645000,test,0.09115432380565001,0.4255195071836689,0,ratio_AI1_AI2,0.03220875287243314,0.03683637462842006,0.42019284633786597,0.051228416405709694,0.0061045644211540654,0.00035498816831708524
normal_0261_00,normal,0,A,261,normal_0261,0,8873,8888,2022-07-12 00:33:09.576000,2022-07-12 00:33:11.076000,test,0.008110911428921194,0.4255195071836689,0,ratio_AI0_AI2,0.021406191093791063,0.0032413347221607004,0.0007466149239237232,0.001369462590888857,0.014793161274625112,0.007108703968137702
normal_0267_00,normal,0,A,267,normal_0267,0,9050,9065,2022-07-12 00:33:57.398000,2022-07-12 00:33:58.898000,test,0.02464668290247013,0.4255195071836689,0,AI1_skew,0.003982321641567035,0.026962163948063573,0.01646875025138396,0.0007148151683625269,0.09404369705971494,0.0057083493457287604
normal_0300_00,normal,0,A,300,normal_0300,0,10133,10148,2022-07-12 00:37:57.236000,2022-07-12 00:37:58.736000,test,0.3627415199805793,0.4255195071836689,0,AI1_skew,0.015036504120202616,0.10112394398000484,0.16741670584502133,0.0013908109559577176,1.7805335733752539,0.1109475816070355
normal_0300_16,normal,0,A,300,normal_0300,16,10149,10164,2022-07-12 00:37:58.836000,2022-07-12 00:38:00.336000,test,0.08981069019063453,0.4255195071836689,0,ratio_AI1_AI2,0.0025180455275011313,0.09745178034389718,0.18465816769906226,0.0008823829531223734,0.1364360832570048,0.11691768136321948
normal_0304_00,normal,0,A,304,normal_0304,0,10248,10263,2022-07-12 00:38:29.302000,2022-07-12 00:38:30.802000,test,0.04863137876519872,0.4255195071836689,0,AI1_skew,0.00587233449596938,0.00016653533728259448,0.08962966806270366,0.03570950578159313,0.15044809924349747,0.009962129670146098
normal_0304_16,normal,0,A,304,normal_0304,16,10264,10279,2022-07-12 00:38:30.902000,2022-07-12 00:38:32.402000,test,0.001453978753323033,0.4255195071836689,0,ratio_AI1_AI2,4.849426934275912e-05,0.0007778250226881787,0.004334468751242044,0.00039350210765188133,0.0009293393732553808,0.0022402429957579543
normal_0304_32,normal,0,A,304,normal_0304,32,10280,10295,2022-07-12 00:38:32.502000,2022-07-12 00:38:34.002000,test,0.43795121892801414,0.4255195071836689,1,ratio_AI1_AI2,0.1461775771559586,0.10688526646152244,1.764818888492329,0.25484399267952756,0.35374704078664204,0.0012345479921054051
normal_0338_00,normal,0,A,338,normal_0338,0,11323,11338,2022-07-12 00:42:37.291000,2022-07-12 00:42:38.791000,test,0.5538921536268256,0.4255195071836689,1,ratio_AI1_AI2,0.01672846894856592,0.09464804007090007,1.9537791790225671,0.19184333964908382,1.0162646166125286,0.05008927745730852
normal_0344_00,normal,0,A,344,normal_0344,0,11528,11543,2022-07-12 00:43:17.444000,2022-07-12 00:43:18.944000,test,0.018897362957673813,0.4255195071836689,0,AI1_skew,0.011608434709549515,0.005000857228489915,0.0015225052674402025,0.003285922548764352,0.09088522472730601,0.0010812332644928922
normal_0349_00,normal,0,A,349,normal_0349,0,11666,11681,2022-07-12 00:43:49.346000,2022-07-12 00:43:50.846000,test,0.04796092074232814,0.4255195071836689,0,ratio_AI1_AI2,0.011615531469943987,0.029307165237980333,0.17397124858844065,0.0048653482532020715,0.04471048767714955,0.02329574322725224
normal_0349_16,normal,0,A,349,normal_0349,16,11682,11697,2022-07-12 00:43:50.946000,2022-07-12 00:43:52.446000,test,0.06624889336960256,0.4255195071836689,0,ratio_AI1_AI2,0.014958806382420642,0.043920040282156896,0.2603936235978277,0.007824148220907065,0.04318488807472755,0.027211853659575576
normal_0354_00,normal,0,A,354,normal_0354,0,11808,11823,2022-07-12 00:44:22.158000,2022-07-12 00:44:23.658000,test,0.06874348024151818,0.4255195071836689,0,AI1_skew,0.009275185167916073,0.030575010317655665,0.13599971265863814,0.04941397424943646,0.15726833213576896,0.029928666919693765
normal_0354_16,normal,0,A,354,normal_0354,16,11824,11839,2022-07-12 00:44:23.758000,2022-07-12 00:44:25.258000,test,0.07453326652168248,0.4255195071836689,0,AI1_skew,0.014887066905543145,0.024981427753305516,0.06645044371876047,0.06774999280434087,0.2671486194611543,0.005982048486990593
normal_0354_32,normal,0,A,354,normal_0354,32,11840,11855,2022-07-12 00:44:25.358000,2022-07-12 00:44:26.858000,test,0.03799761315798266,0.4255195071836689,0,ratio_AI1_AI2,0.007463376826248513,0.025057217043389417,0.09773839706722481,0.06265044184846992,0.027105855825690493,0.007970390336872765
normal_0362_00,normal,0,A,362,normal_0362,0,12113,12128,2022-07-12 00:45:25.336000,2022-07-12 00:45:26.836000,test,0.02553090170780566,0.4255195071836689,0,AI0_rms,0.007946071486760724,0.048001921507345675,0.03516964518892257,0.0004376486331574143,0.04387755067104806,0.017752572759599523
normal_0362_16,normal,0,A,362,normal_0362,16,12129,12144,2022-07-12 00:45:26.936000,2022-07-12 00:45:28.436000,test,0.006594038231126902,0.4255195071836689,0,AI0_rms,0.005849091576102666,0.018874006889672845,0.013925949686084993,0.0005797686841418442,0.0002492330175086157,8.617953325045787e-05
normal_0363_00,normal,0,A,363,normal_0363,0,12147,12162,2022-07-12 00:45:33.352000,2022-07-12 00:45:34.852000,test,0.11088861662944116,0.4255195071836689,0,ratio_AI1_AI2,1.5150572006406482e-05,0.0016259684626060225,0.5212921751563113,0.05887275914777616,0.0750451437591616,0.008480502678785567
normal_0367_00,normal,0,A,367,normal_0367,0,12277,12292,2022-07-12 00:46:05.548000,2022-07-12 00:46:07.048000,test,0.03324038527760625,0.4255195071836689,0,AI1_skew,0.005746437226882625,0.0043818569693674335,0.04784484344748884,0.00618770275648725,0.09862712243127708,0.036654348834134244
normal_0367_16,normal,0,A,367,normal_0367,16,12293,12308,2022-07-12 00:46:07.148000,2022-07-12 00:46:08.648000,test,0.01572609113514309,0.4255195071836689,0,ratio_AI1_AI2,0.019725302399331426,0.0013166095234668632,0.05299712360089207,0.015411213191247674,0.0006224680583466481,0.0042838300375738474
normal_0375_00,normal,0,A,375,normal_0375,0,12530,12545,2022-07-12 00:47:01.644000,2022-07-12 00:47:03.144000,test,0.059318541847716094,0.4255195071836689,0,AI1_skew,0.0036558839832586195,0.09832856006604726,0.028040994478095337,0.0064638348367190455,0.21716918031778581,0.0022527974043904954
normal_0377_00,normal,0,A,377,normal_0377,0,12557,12572,2022-07-12 00:47:11.896000,2022-07-12 00:47:13.396000,test,0.030093566311398753,0.4255195071836689,0,ratio_AI1_AI2,0.0002752900038777504,0.05284538590967462,0.08443343943677376,0.003952600116390284,0.03871556868935082,0.0003391137123252756
normal_0377_16,normal,0,A,377,normal_0377,16,12573,12588,2022-07-12 00:47:13.496000,2022-07-12 00:47:14.996000,test,0.018740406297759773,0.4255195071836689,0,ratio_AI1_AI2,0.0017131093944212155,0.0023441222135642914,0.07440115861129983,0.003996679665610982,0.016810119275122336,0.013177248626539968
normal_0377_32,normal,0,A,377,normal_0377,32,12589,12604,2022-07-12 00:47:15.096000,2022-07-12 00:47:16.596000,test,0.05678688348786801,0.4255195071836689,0,ratio_AI1_AI2,0.009490043973072336,0.023554392445219573,0.25328722482977667,0.02364932145069306,0.005891193843972229,0.02484912438447424
normal_0380_00,normal,0,A,380,normal_0380,0,12700,12715,2022-07-12 00:47:33.787000,2022-07-12 00:47:35.287000,test,0.08416411033727772,0.4255195071836689,0,AI1_skew,0.0030431437622143007,0.009952816955292295,0.042605212921234765,0.024905232838287748,0.3077958101155127,0.11668244543112453
normal_0385_00,normal,0,A,385,normal_0385,0,12843,12858,2022-07-12 00:48:14.176000,2022-07-12 00:48:15.676000,test,0.01782687513321943,0.4255195071836689,0,AI1_skew,0.012440074605323589,0.0018437880656938647,0.01238957193883468,0.006467935198372599,0.07366659183935732,0.00015328915173454287
normal_0385_16,normal,0,A,385,normal_0385,16,12859,12874,2022-07-12 00:48:15.776000,2022-07-12 00:48:17.276000,test,0.015065336229611577,0.4255195071836689,0,ratio_AI1_AI2,0.00011931910613836652,0.0020162041528811,0.08132813934888533,0.00155641581950368,0.0007773366096185305,0.0045946023406424445
normal_0392_00,normal,0,A,392,normal_0392,0,13071,13086,2022-07-12 00:49:02.714000,2022-07-12 00:49:04.214000,test,0.06456170041150074,0.4255195071836689,0,AI1_skew,0.007813220751267492,0.0065946962377336745,0.057411548295720344,0.006157218574291639,0.3038938419693169,0.0054996766406744365
normal_0398_00,normal,0,A,398,normal_0398,0,13237,13252,2022-07-12 00:49:50.587000,2022-07-12 00:49:52.087000,test,0.10992019092598426,0.4255195071836689,0,ratio_AI1_AI2,0.024569888833431246,0.07964707989675947,0.34743375718151487,0.015708625802202652,0.16780281434400338,0.024358979497993972
normal_0400_00,normal,0,A,400,normal_0400,0,13266,13281,2022-07-12 00:50:15.827000,2022-07-12 00:50:17.327000,test,0.042868992038983915,0.4255195071836689,0,AI1_skew,0.004255080116788083,0.0006220460467347938,0.019685130204083284,0.0075371535827858235,0.1896559940107868,0.035458548272724676
normal_0400_16,normal,0,A,400,normal_0400,16,13282,13297,2022-07-12 00:50:17.427000,2022-07-12 00:50:18.927000,test,0.01368449161549642,0.4255195071836689,0,AI1_skew,0.0010373904138646765,0.0005805952430648551,0.010664060267160403,0.006853182610745154,0.04860072414969173,0.014370997008451715
normal_0400_32,normal,0,A,400,normal_0400,32,13298,13313,2022-07-12 00:50:19.027000,2022-07-12 00:50:20.527000,test,0.036983452257914995,0.4255195071836689,0,ratio_AI1_AI2,0.0011161893550239936,0.00034423330708083,0.11861678623609914,0.05015457373286193,0.00022225307432355613,0.05144667784210051
normal_0402_00,normal,0,A,402,normal_0402,0,13362,13377,2022-07-12 00:50:30.952000,2022-07-12 00:50:32.452000,test,0.014979540789775472,0.4255195071836689,0,ratio_AI1_AI2,0.018636227745926565,0.011914030087262056,0.058255047830545505,0.0004220584660066789,2.0464747505831277e-05,0.0006294158614061858
normal_0402_16,normal,0,A,402,normal_0402,16,13378,13393,2022-07-12 00:50:32.552000,2022-07-12 00:50:34.052000,test,0.010740691674126855,0.4255195071836689,0,AI1_skew,0.004300472033644571,0.013414263552098057,0.016696319352177195,0.0002280206344130978,0.027603724956180936,0.002201349516247278
normal_0403_00,normal,0,A,403,normal_0403,0,13396,13411,2022-07-12 00:50:38.906000,2022-07-12 00:50:40.406000,test,0.012885355453438538,0.4255195071836689,0,AI2_rms,0.00010049710972860338,0.0005519432951085062,0.02996182783815952,0.009884513129353538,0.0007569315695119309,0.03605641977876912
normal_0407_00,normal,0,A,407,normal_0407,0,13529,13544,2022-07-12 00:51:10.863000,2022-07-12 00:51:12.363000,test,0.07310752010683282,0.4255195071836689,0,ratio_AI1_AI2,0.005222993587062859,0.013036336338408255,0.3360431863329852,0.03712013874679858,0.03147435470593648,0.01574811092980547
normal_0407_16,normal,0,A,407,normal_0407,16,13545,13560,2022-07-12 00:51:12.463000,2022-07-12 00:51:13.963000,test,0.04646227295389733,0.4255195071836689,0,ratio_AI1_AI2,0.032000442355609234,0.06699415951022511,0.15091097483255045,0.01745403749081197,0.01101387430376254,0.00040014923042472
normal_0413_00,normal,0,A,413,normal_0413,0,13745,13760,2022-07-12 00:51:59.201000,2022-07-12 00:52:00.701000,test,0.14491354674478688,0.4255195071836689,0,ratio_AI1_AI2,7.867581028509061e-05,0.013667298395089645,0.4596084305068839,0.02015048858205782,0.16055466239519506,0.2154217247792098
normal_0425_00,normal,0,A,425,normal_0425,0,14109,14124,2022-07-12 00:53:35.908000,2022-07-12 00:53:37.408000,test,0.02782972718814294,0.4255195071836689,0,AI1_skew,0.010588173588924088,3.622330917683396e-06,0.06166822453209114,0.00608741598025642,0.0814657550130736,0.007165171683594704
normal_0450_00,normal,0,A,450,normal_0450,0,14920,14935,2022-07-12 00:56:56.793000,2022-07-12 00:56:58.293000,test,0.01065121327673702,0.4255195071836689,0,AI1_skew,0.0011023471395838248,0.0008091115559475844,0.007888693651221391,0.006207050971637845,0.034792296744355966,0.013107779597675505
normal_0450_16,normal,0,A,450,normal_0450,16,14936,14951,2022-07-12 00:56:58.393000,2022-07-12 00:56:59.893000,test,0.013576300962099977,0.4255195071836689,0,AI2_rms,0.006346962461258106,0.01872994245879915,0.00855758354836562,0.0001446406258314794,0.016043574706706375,0.031635101971639136
normal_0450_32,normal,0,A,450,normal_0450,32,14952,14967,2022-07-12 00:56:59.993000,2022-07-12 00:57:01.493000,test,0.10079328993634107,0.4255195071836689,0,AI1_skew,0.00519000681361841,5.473885177833893e-07,0.06705677749894426,0.017695196904520115,0.4928283465250027,0.02198886448744323
normal_0466_00,normal,0,A,466,normal_0466,0,15423,15438,2022-07-12 00:59:05.768000,2022-07-12 00:59:07.268000,test,0.005900353540045777,0.4255195071836689,0,AI1_skew,0.000583122598660183,0.006703445919356066,0.005530877548419309,0.0009658019154816289,0.015319209793715573,0.006299663464641908
normal_0466_16,normal,0,A,466,normal_0466,16,15439,15454,2022-07-12 00:59:07.368000,2022-07-12 00:59:08.868000,test,0.02068823837866474,0.4255195071836689,0,ratio_AI0_AI2,0.09618659303199037,5.887447647813057e-07,0.0038956186776613238,0.006799564329290082,0.017170127290668778,7.693819761310015e-05
normal_0466_32,normal,0,A,466,normal_0466,32,15455,15470,2022-07-12 00:59:08.968000,2022-07-12 00:59:10.468000,test,0.17011236819565437,0.4255195071836689,0,ratio_AI1_AI2,0.24002773352245957,0.02684960253649014,0.4365971949205345,0.05544427194442261,0.25954713451106626,0.0022082717389530345
normal_0500_00,normal,0,B,500,normal_0500,0,16707,16722,2022-07-12 01:03:44.460000,2022-07-12 01:03:45.960000,test,0.05063593411673097,0.4255195071836689,0,ratio_AI1_AI2,0.015180163845699457,0.037538711513654004,0.23118779223848213,0.01409085556619314,0.0001811168666966379,0.005636964669660465
normal_0500_16,normal,0,B,500,normal_0500,16,16723,16738,2022-07-12 01:03:46.060000,2022-07-12 01:03:47.560000,test,0.05040694469415899,0.4255195071836689,0,ratio_AI1_AI2,0.00832118795517568,0.04112491756173453,0.22768952768663095,0.01567158819871681,2.6479729085484014e-05,0.009607967033610445
normal_0501_00,normal,0,B,501,normal_0501,0,16744,16759,2022-07-12 01:03:52.400000,2022-07-12 01:03:53.900000,test,0.010353532419656569,0.4255195071836689,0,ratio_AI1_AI2,0.0023773142054244775,0.011802511779149058,0.02188146878410823,0.006262277255690122,0.017764684938217926,0.002032937555349608
normal_0504_00,normal,0,B,504,normal_0504,0,16792,16807,2022-07-12 01:04:17.855000,2022-07-12 01:04:19.355000,test,0.015134333335360997,0.4255195071836689,0,AI1_skew,0.008129684526177895,0.03822032441651546,0.0005742786995845716,0.001351600664484156,0.04067074596466945,0.001859365740734461
normal_0504_16,normal,0,B,504,normal_0504,16,16808,16823,2022-07-12 01:04:19.455000,2022-07-12 01:04:20.955000,test,0.016849661332668308,0.4255195071836689,0,ratio_AI1_AI2,0.0029290597498338694,0.028245536075328367,0.053797892469178016,0.0006322485148159383,0.013828949985675429,0.0016642812011782235
normal_0504_32,normal,0,B,504,normal_0504,32,16824,16839,2022-07-12 01:04:21.055000,2022-07-12 01:04:22.555000,test,0.12162405067832027,0.4255195071836689,0,ratio_AI1_AI2,0.018480265796942,0.05786016178547104,0.5922812672352402,0.050768218408286575,0.0076096381064370685,0.002744752737544566
normal_0517_00,normal,0,B,517,normal_0517,0,17287,17302,2022-07-12 01:06:09.221000,2022-07-12 01:06:10.721000,test,0.15681903852493304,0.4255195071836689,0,ratio_AI1_AI2,0.024821640737626466,0.0495444081798007,0.7446512828027986,0.07531859654267076,0.046434921604910626,0.00014338128179109048
normal_0520_00,normal,0,B,520,normal_0520,0,17375,17390,2022-07-12 01:06:33.408000,2022-07-12 01:06:34.908000,test,0.2680449497472422,0.4255195071836689,0,ratio_AI1_AI2,0.06774648925148968,0.05389412989951687,1.2344217611123656,0.12432987731091322,0.1278645913853795,1.2849523788428844e-05
normal_0520_16,normal,0,B,520,normal_0520,16,17391,17406,2022-07-12 01:06:35.008000,2022-07-12 01:06:36.508000,test,0.09452557900236196,0.4255195071836689,0,ratio_AI1_AI2,0.022910784949847048,0.007902751087792061,0.3852257093079356,0.06819710892301376,0.08239824848942266,0.0005188712561605653
normal_0520_32,normal,0,B,520,normal_0520,32,17407,17422,2022-07-12 01:06:36.608000,2022-07-12 01:06:38.108000,test,0.15565337092770587,0.4255195071836689,0,ratio_AI1_AI2,0.04203403378414778,0.058939550916436684,0.7518689358160708,0.06403450880449459,0.01256093200123288,0.004482264243852428
normal_0524_00,normal,0,B,524,normal_0524,0,17500,17515,2022-07-12 01:07:07.819000,2022-07-12 01:07:09.319000,test,0.1424819575636002,0.4255195071836689,0,ratio_AI1_AI2,0.01934408983295773,0.03387258383533209,0.652579615832844,0.07174299591980411,0.07720604385004567,0.0001464161106173395
normal_0524_16,normal,0,B,524,normal_0524,16,17516,17531,2022-07-12 01:07:09.419000,2022-07-12 01:07:10.919000,test,0.1238552715121713,0.4255195071836689,0,ratio_AI1_AI2,0.014988374227892941,0.03198096718201111,0.57976696436322,0.057180362811288986,0.05868266023375515,0.0005323002548596565
normal_0524_32,normal,0,B,524,normal_0524,32,17532,17547,2022-07-12 01:07:11.019000,2022-07-12 01:07:12.519000,test,0.12301792668702226,0.4255195071836689,0,ratio_AI1_AI2,0.006769843695666414,0.008826543318521434,0.4996465883831123,0.051069301626356284,0.16859671143657648,0.0031985716619006223
normal_0525_00,normal,0,B,525,normal_0525,0,17550,17565,2022-07-12 01:07:14.504000,2022-07-12 01:07:16.004000,test,0.006850830112085563,0.4255195071836689,0,ratio_AI1_AI2,0.0012547236513770316,0.007721239110665256,0.0317314978590495,0.0003898885351503081,4.036957780969055e-06,3.594558490307053e-06
normal_0525_16,normal,0,B,525,normal_0525,16,17566,17581,2022-07-12 01:07:16.104000,2022-07-12 01:07:17.604000,test,0.01618699960492829,0.4255195071836689,0,AI1_skew,0.002055067307546696,0.030855617234384094,0.025844699265680053,0.006032734278692825,0.03105490522293303,0.0012789743203330377
normal_0525_32,normal,0,B,525,normal_0525,32,17582,17597,2022-07-12 01:07:17.704000,2022-07-12 01:07:19.204000,test,0.055220322680542756,0.4255195071836689,0,ratio_AI1_AI2,0.0029423606213420258,0.04283062697500276,0.2498335934273509,0.027178200090143673,0.008397017814579334,0.0001401371548378731
normal_0542_00,normal,0,B,542,normal_0542,0,18071,18086,2022-07-12 01:09:23.128000,2022-07-12 01:09:24.628000,test,0.03731506252039667,0.4255195071836689,0,ratio_AI1_AI2,0.004830489774663885,0.014865551867578222,0.1518455870846794,0.01656548148975915,0.030607073440884824,0.005176191464814574
normal_0542_16,normal,0,B,542,normal_0542,16,18087,18102,2022-07-12 01:09:24.728000,2022-07-12 01:09:26.228000,test,0.0067053513332423565,0.4255195071836689,0,AI1_skew,0.0010467463331285758,0.014615327258346624,0.004240255111941805,0.0028123940419161474,0.01662241480924118,0.0008949704448798078
normal_0542_32,normal,0,B,542,normal_0542,32,18103,18118,2022-07-12 01:09:26.328000,2022-07-12 01:09:27.828000,test,0.04763541483456734,0.4255195071836689,0,ratio_AI1_AI2,0.012001710887749735,0.016998142644369864,0.19106043675130013,0.035801171586481446,0.026204032557439652,0.003746994580063229
normal_0545_00,normal,0,B,545,normal_0545,0,18207,18222,2022-07-12 01:09:45.835000,2022-07-12 01:09:47.335000,test,0.03722647663337414,0.4255195071836689,0,ratio_AI1_AI2,0.00020949417197791515,0.02805061823801683,0.09865431497398473,0.01982715260862348,0.07575826650166904,0.0008590133059728219
normal_0552_00,normal,0,B,552,normal_0552,0,18434,18449,2022-07-12 01:10:42.242000,2022-07-12 01:10:43.742000,test,0.0499472179825052,0.4255195071836689,0,ratio_AI1_AI2,0.0013450152840668405,0.05589746406897897,0.2214469614300547,0.02049947264606432,0.00010882147732157753,0.0003855729885447714
normal_0558_00,normal,0,B,558,normal_0558,0,18630,18645,2022-07-12 01:11:22.827000,2022-07-12 01:11:24.327000,test,0.15144425683267587,0.4255195071836689,0,ratio_AI1_AI2,0.006111265150488244,0.03931311890598489,0.5452235236183041,0.08336174886319955,0.23370096067305915,0.0009549237850194111
normal_0565_00,normal,0,A,565,normal_0565,0,18858,18873,2022-07-12 01:12:19.195000,2022-07-12 01:12:20.695000,test,0.006672828469735094,0.4255195071836689,0,AI2_rms,0.0009045010842960916,0.009893661104126195,0.011798242138399015,1.5804467567237496e-07,0.0018871192228268469,0.01555328922408675
normal_0579_00,normal,0,A,579,normal_0579,0,19343,19358,2022-07-12 01:14:03.369000,2022-07-12 01:14:04.869000,test,0.02200841247966039,0.4255195071836689,0,ratio_AI1_AI2,0.0009969476404965017,0.008672980303080127,0.07291116810582622,0.011883991126962612,0.03750869965155035,7.668805004650147e-05
normal_0590_00,normal,0,A,590,normal_0590,0,19721,19736,2022-07-12 01:15:47.224000,2022-07-12 01:15:48.724000,test,0.10657765769481554,0.4255195071836689,0,ratio_AI1_AI2,0.056294024879365356,0.033270492898316704,0.23712436193055017,0.09443412920964346,0.2060800470563038,0.012262890194713832
anomaly_0001_00,anomaly,1,anom,1,anomaly_0001,0,4,19,2022-07-17 10:51:16.724000,2022-07-17 10:51:18.224000,test,141.95453676190354,0.4255195071836689,1,ratio_AI0_AI2,548.6259883884453,245.1803308778883,45.70699549877474,3.3469929877276243,7.54335067928287,1.3235621393023955
anomaly_0001_16,anomaly,1,anom,1,anomaly_0001,16,20,35,2022-07-17 10:51:18.324000,2022-07-17 10:51:19.824000,test,68.45617178884446,0.4255195071836689,1,ratio_AI0_AI2,215.4096614939001,164.31704722410785,26.00729308479571,4.000772923301002,0.5659346520195044,0.43632135494262114
anomaly_0001_32,anomaly,1,anom,1,anomaly_0001,32,36,51,2022-07-17 10:51:19.924000,2022-07-17 10:51:21.424000,test,4.886793389908979,0.4255195071836689,1,ratio_AI1_AI2,0.3419932498048981,1.577235504055425,15.40150392379145,0.1819950586438271,9.92181576838386,1.896216834774411
anomaly_0002_00,anomaly,1,anom,2,anomaly_0002,0,54,69,2022-07-17 10:51:23.615000,2022-07-17 10:51:25.115000,test,43.5480404476555,0.4255195071836689,1,ratio_AI0_AI2,130.20818215715335,75.4265168711935,0.7998045138368876,0.04010855426065878,54.052089433245634,0.7615411562430466
anomaly_0002_16,anomaly,1,anom,2,anomaly_0002,16,70,85,2022-07-17 10:51:25.215000,2022-07-17 10:51:26.715000,test,190.05268846290838,0.4255195071836689,1,ratio_AI0_AI2,637.1254383844869,397.27130925713567,91.6759216724886,13.510337429493175,0.023671915379091024,0.7094521184669865
anomaly_0003_00,anomaly,1,anom,3,anomaly_0003,0,101,116,2022-07-17 10:51:31.734000,2022-07-17 10:51:33.234000,test,2.780603850893763,0.4255195071836689,1,AI1_skew,0.1922834586392431,0.1433458118375254,0.8789679961743779,0.14214365784321803,15.326833591338552,4.858952966140994e-05
anomaly_0004_00,anomaly,1,anom,4,anomaly_0004,0,132,147,2022-07-17 10:51:39.999000,2022-07-17 10:51:41.499000,test,160.70066002730087,0.4255195071836689,1,AI0_rms,364.1093991496977,595.7224945848058,2.1621517554909215,2.0097351601897144,0.07807080275197965,0.12210871086928396
anomaly_0006_00,anomaly,1,anom,6,anomaly_0006,0,153,168,2022-07-17 10:51:56.684000,2022-07-17 10:51:58.184000,test,107.71626132659871,0.4255195071836689,1,ratio_AI0_AI2,425.3503463935251,208.77539202883057,10.579196215299836,0.342744123822657,0.1400774116523656,1.10981178646181
anomaly_0006_16,anomaly,1,anom,6,anomaly_0006,16,169,184,2022-07-17 10:51:58.284000,2022-07-17 10:51:59.784000,test,17.669634375055306,0.4255195071836689,1,AI1_skew,19.91214586553713,0.48223975069286523,27.55990189715046,0.7066795328015822,56.60160137293011,0.7552378312196858
anomaly_0006_32,anomaly,1,anom,6,anomaly_0006,32,185,200,2022-07-17 10:51:59.884000,2022-07-17 10:52:01.384000,test,182.96071515625923,0.4255195071836689,1,AI0_rms,168.41121717567728,913.7729944980599,0.5701376858879735,9.082552796064888,0.25651771761586056,5.670871064249567
anomaly_0007_00,anomaly,1,anom,7,anomaly_0007,0,203,218,2022-07-17 10:52:04.407000,2022-07-17 10:52:05.907000,test,41.48144710743225,0.4255195071836689,1,AI0_rms,14.933843931177925,223.7509621554498,0.7265204680481487,2.21730156533615,2.0960069891591164,5.164047535422376
anomaly_0007_16,anomaly,1,anom,7,anomaly_0007,16,219,234,2022-07-17 10:52:06.007000,2022-07-17 10:52:07.507000,test,44.65846253402619,0.4255195071836689,1,ratio_AI1_AI2,102.46149718318308,0.15514594811019622,157.58672609920896,1.0369675857832523,3.1476219069914086,3.5628164808802687
anomaly_0008_00,anomaly,1,anom,8,anomaly_0008,0,243,258,2022-07-17 10:52:12.567000,2022-07-17 10:52:14.067000,test,2.342748443038461,0.4255195071836689,1,ratio_AI1_AI2,0.49479106963960495,2.3400201804553897,10.111680311185609,0.13117220699885462,0.07436676679813108,0.9044601231531775
anomaly_0011_00,anomaly,1,anom,11,anomaly_0011,0,280,295,2022-07-17 10:52:38.172000,2022-07-17 10:52:39.672000,test,94.09661230065775,0.4255195071836689,1,ratio_AI0_AI2,456.8198634773807,63.92842565796233,39.713896221209225,0.8267116846936744,2.358691867009494,0.9320848956911049
anomaly_0011_16,anomaly,1,anom,11,anomaly_0011,16,296,311,2022-07-17 10:52:39.772000,2022-07-17 10:52:41.272000,test,11.088985618810383,0.4255195071836689,1,ratio_AI1_AI2,0.04275800579145747,6.401772851549352,53.947280819303394,0.1814229142724586,3.343677208538989,2.6170019134066442
anomaly_0011_32,anomaly,1,anom,11,anomaly_0011,32,312,327,2022-07-17 10:52:41.372000,2022-07-17 10:52:42.872000,test,185.48404232146652,0.4255195071836689,1,ratio_AI0_AI2,817.5963570956051,197.44671780463716,91.64607031779126,3.2396763624608065,0.5199727999690674,2.4554595483357047
anomaly_0012_00,anomaly,1,anom,12,anomaly_0012,0,330,345,2022-07-17 10:52:45.655000,2022-07-17 10:52:47.155000,test,419.19815894182335,0.4255195071836689,1,ratio_AI0_AI2,1789.2772673032725,651.1635318312071,65.89722757945619,3.492830167679247,3.445909031593888,1.9121877377308765
anomaly_0012_16,anomaly,1,anom,12,anomaly_0012,16,346,361,2022-07-17 10:52:47.255000,2022-07-17 10:52:48.755000,test,9.617129560135773,0.4255195071836689,1,ratio_AI1_AI2,15.344333119262279,0.04279672170736149,38.73222408439151,0.33634289424315794,1.2557612447160518,1.9913192964942696
anomaly_0013_00,anomaly,1,anom,13,anomaly_0013,0,372,387,2022-07-17 10:52:53.769000,2022-07-17 10:52:55.269000,test,528.9087168530426,0.4255195071836689,1,ratio_AI0_AI2,1940.9867888108345,1193.4597145487023,33.63076559558972,3.9835155642504883,0.6646303739913262,0.7268862248873464
anomaly_0015_00,anomaly,1,anom,15,anomaly_0015,0,415,430,2022-07-17 10:53:11.764000,2022-07-17 10:53:13.264000,test,0.28078848550005264,0.4255195071836689,0,AI1_skew,0.14262922564506905,0.045629757547711904,0.40676075691568886,0.0824178659472331,0.9059511946943998,0.10134211225021325
anomaly_0015_16,anomaly,1,anom,15,anomaly_0015,16,431,446,2022-07-17 10:53:13.364000,2022-07-17 10:53:14.864000,test,3.3527142762581312,0.4255195071836689,1,AI1_skew,0.1075998379746308,0.6164931505800993,4.699961083378346,1.4042308617321313,12.824093832323793,0.46390689155978815
anomaly_0015_32,anomaly,1,anom,15,anomaly_0015,32,447,462,2022-07-17 10:53:14.964000,2022-07-17 10:53:16.464000,test,61.40202752541922,0.4255195071836689,1,AI0_rms,13.03851538469636,333.808015226883,0.953114696694778,6.243638901283622,0.16000379332482026,14.208877149632631
anomaly_0016_00,anomaly,1,anom,16,anomaly_0016,0,465,480,2022-07-17 10:53:18.444000,2022-07-17 10:53:19.944000,test,6.55694752742049,0.4255195071836689,1,AI0_rms,0.14857041461290282,26.699360603217627,1.5728991794480782,0.4597981900674402,6.870495568593796,3.590561208583091
anomaly_0016_16,anomaly,1,anom,16,anomaly_0016,16,481,496,2022-07-17 10:53:20.044000,2022-07-17 10:53:21.544000,test,1.578518059600259,0.4255195071836689,1,AI2_rms,0.023804986068134377,0.2953975307554711,3.498498921114832,0.5184950606211545,0.7742687369052369,4.360643122136727
anomaly_0016_32,anomaly,1,anom,16,anomaly_0016,32,497,512,2022-07-17 10:53:21.644000,2022-07-17 10:53:23.144000,test,3.583727848448634,0.4255195071836689,1,AI2_rms,0.32559033681153554,7.921812130388541,4.117801631543595,0.017963324967216168,0.2845267493422982,8.834672917638619
anomaly_0017_00,anomaly,1,anom,17,anomaly_0017,0,515,530,2022-07-17 10:53:26.553000,2022-07-17 10:53:28.053000,test,60.33174104674765,0.4255195071836689,1,AI0_rms,4.785013039630674,305.45326632731013,2.3249730311564565,8.525784091167587,5.376045736331894,35.525364054889245
anomaly_0017_16,anomaly,1,anom,17,anomaly_0017,16,531,546,2022-07-17 10:53:28.153000,2022-07-17 10:53:29.653000,test,3.2469485219636396,0.4255195071836689,1,AI1_skew,0.6084763066550711,0.13914832495891402,6.0181262749604025,1.4077360396256824,9.861686929335521,1.4465172562462463
anomaly_0018_00,anomaly,1,anom,18,anomaly_0018,0,551,566,2022-07-17 10:53:34.639000,2022-07-17 10:53:36.139000,test,150.7901596897065,0.4255195071836689,1,AI0_rms,106.45218563519443,786.2624998304926,5.689617915557889,0.010876166238481226,0.19938037164979147,6.126398219105954
