window_id,source,label,state,segment,group_id,offset,start_raw_row,end_raw_row,start_time,end_time,split
normal_0000_00,normal,0,A,0,normal_0000,0,0,15,2022-07-12 00:00:00.019000,2022-07-12 00:00:01.519000,train
normal_0000_16,normal,0,A,0,normal_0000,16,16,31,2022-07-12 00:00:01.619000,2022-07-12 00:00:03.119000,train
normal_0001_00,normal,0,A,1,normal_0001,0,41,56,2022-07-12 00:00:07.224000,2022-07-12 00:00:08.724000,cal
normal_0001_16,normal,0,A,1,normal_0001,16,57,72,2022-07-12 00:00:08.824000,2022-07-12 00:00:10.324000,cal
normal_0002_00,normal,0,A,2,normal_0002,0,78,93,2022-07-12 00:00:15.267000,2022-07-12 00:00:16.767000,train
normal_0004_00,normal,0,A,4,normal_0004,0,112,127,2022-07-12 00:00:32.752000,2022-07-12 00:00:34.252000,train
normal_0004_16,normal,0,A,4,normal_0004,16,128,143,2022-07-12 00:00:34.352000,2022-07-12 00:00:35.852000,train
normal_0004_32,normal,0,A,4,normal_0004,32,144,159,2022-07-12 00:00:35.952000,2022-07-12 00:00:37.452000,train
normal_0005_00,normal,0,A,5,normal_0005,0,162,177,2022-07-12 00:00:39.756000,2022-07-12 00:00:41.256000,val
normal_0005_16,normal,0,A,5,normal_0005,16,178,193,2022-07-12 00:00:41.356000,2022-07-12 00:00:42.856000,val
normal_0005_32,normal,0,A,5,normal_0005,32,194,209,2022-07-12 00:00:42.956000,2022-07-12 00:00:44.456000,val
normal_0006_00,normal,0,A,6,normal_0006,0,212,227,2022-07-12 00:00:47.676000,2022-07-12 00:00:49.176000,val
normal_0006_16,normal,0,A,6,normal_0006,16,228,243,2022-07-12 00:00:49.276000,2022-07-12 00:00:50.776000,val
normal_0006_32,normal,0,A,6,normal_0006,32,244,259,2022-07-12 00:00:50.876000,2022-07-12 00:00:52.376000,val
normal_0007_00,normal,0,A,7,normal_0007,0,262,277,2022-07-12 00:00:55.468000,2022-07-12 00:00:56.968000,test
normal_0007_16,normal,0,A,7,normal_0007,16,278,293,2022-07-12 00:00:57.068000,2022-07-12 00:00:58.568000,test
normal_0008_00,normal,0,A,8,normal_0008,0,303,318,2022-07-12 00:01:03.576000,2022-07-12 00:01:05.076000,train
normal_0010_00,normal,0,A,10,normal_0010,0,342,357,2022-07-12 00:01:21.222000,2022-07-12 00:01:22.722000,train
normal_0010_16,normal,0,A,10,normal_0010,16,358,373,2022-07-12 00:01:22.822000,2022-07-12 00:01:24.322000,train
normal_0010_32,normal,0,A,10,normal_0010,32,374,389,2022-07-12 00:01:24.422000,2022-07-12 00:01:25.922000,train
normal_0011_00,normal,0,A,11,normal_0011,0,392,407,2022-07-12 00:01:27.857000,2022-07-12 00:01:29.357000,val
normal_0011_16,normal,0,A,11,normal_0011,16,408,423,2022-07-12 00:01:29.457000,2022-07-12 00:01:30.957000,val
normal_0011_32,normal,0,A,11,normal_0011,32,424,439,2022-07-12 00:01:31.057000,2022-07-12 00:01:32.557000,val
normal_0012_00,normal,0,A,12,normal_0012,0,442,457,2022-07-12 00:01:35.646000,2022-07-12 00:01:37.146000,cal
normal_0012_16,normal,0,A,12,normal_0012,16,458,473,2022-07-12 00:01:37.246000,2022-07-12 00:01:38.746000,cal
normal_0013_00,normal,0,A,13,normal_0013,0,482,497,2022-07-12 00:01:43.757000,2022-07-12 00:01:45.257000,val
normal_0015_00,normal,0,A,15,normal_0015,0,521,536,2022-07-12 00:02:01.294000,2022-07-12 00:02:02.794000,train
normal_0015_16,normal,0,A,15,normal_0015,16,537,552,2022-07-12 00:02:02.894000,2022-07-12 00:02:04.394000,train
normal_0015_32,normal,0,A,15,normal_0015,32,553,568,2022-07-12 00:02:04.494000,2022-07-12 00:02:05.994000,train
normal_0016_00,normal,0,A,16,normal_0016,0,571,586,2022-07-12 00:02:07.924000,2022-07-12 00:02:09.424000,val
normal_0016_16,normal,0,A,16,normal_0016,16,587,602,2022-07-12 00:02:09.524000,2022-07-12 00:02:11.024000,val
normal_0016_32,normal,0,A,16,normal_0016,32,603,618,2022-07-12 00:02:11.124000,2022-07-12 00:02:12.624000,val
normal_0017_00,normal,0,A,17,normal_0017,0,621,636,2022-07-12 00:02:15.921000,2022-07-12 00:02:17.421000,test
normal_0017_16,normal,0,A,17,normal_0017,16,637,652,2022-07-12 00:02:17.521000,2022-07-12 00:02:19.021000,test
normal_0018_00,normal,0,A,18,normal_0018,0,657,672,2022-07-12 00:02:23.876000,2022-07-12 00:02:25.376000,test
normal_0018_16,normal,0,A,18,normal_0018,16,673,688,2022-07-12 00:02:25.476000,2022-07-12 00:02:26.976000,test
normal_0019_00,normal,0,A,19,normal_0019,0,693,708,2022-07-12 00:02:31.936000,2022-07-12 00:02:33.436000,test
normal_0020_00,normal,0,A,20,normal_0020,0,716,731,2022-07-12 00:02:40,2022-07-12 00:02:41.500000,cal
normal_0022_00,normal,0,A,22,normal_0022,0,749,764,2022-07-12 00:02:57.334000,2022-07-12 00:02:58.834000,val
normal_0022_16,normal,0,A,22,normal_0022,16,765,780,2022-07-12 00:02:58.934000,2022-07-12 00:03:00.434000,val
normal_0022_32,normal,0,A,22,normal_0022,32,781,796,2022-07-12 00:03:00.534000,2022-07-12 00:03:02.034000,val
normal_0023_00,normal,0,A,23,normal_0023,0,799,814,2022-07-12 00:03:04,2022-07-12 00:03:05.500000,train
normal_0023_16,normal,0,A,23,normal_0023,16,815,830,2022-07-12 00:03:05.600000,2022-07-12 00:03:07.100000,train
normal_0023_32,normal,0,A,23,normal_0023,32,831,846,2022-07-12 00:03:07.200000,2022-07-12 00:03:08.700000,train
normal_0024_00,normal,0,A,24,normal_0024,0,849,864,2022-07-12 00:03:12.129000,2022-07-12 00:03:13.629000,train
normal_0024_16,normal,0,A,24,normal_0024,16,865,880,2022-07-12 00:03:13.729000,2022-07-12 00:03:15.229000,train
normal_0025_00,normal,0,A,25,normal_0025,0,885,900,2022-07-12 00:03:20.215000,2022-07-12 00:03:21.715000,val
normal_0027_00,normal,0,A,27,normal_0027,0,923,938,2022-07-12 00:03:44.676000,2022-07-12 00:03:46.176000,test
normal_0027_16,normal,0,A,27,normal_0027,16,939,954,2022-07-12 00:03:46.276000,2022-07-12 00:03:47.776000,test
normal_0027_32,normal,0,A,27,normal_0027,32,955,970,2022-07-12 00:03:47.876000,2022-07-12 00:03:49.376000,test
normal_0028_00,normal,0,A,28,normal_0028,0,973,988,2022-07-12 00:03:52.544000,2022-07-12 00:03:54.044000,test
normal_0028_16,normal,0,A,28,normal_0028,16,989,1004,2022-07-12 00:03:54.144000,2022-07-12 00:03:55.644000,test
normal_0028_32,normal,0,A,28,normal_0028,32,1005,1020,2022-07-12 00:03:55.744000,2022-07-12 00:03:57.244000,test
normal_0029_00,normal,0,A,29,normal_0029,0,1023,1038,2022-07-12 00:04:00.140000,2022-07-12 00:04:01.640000,train
normal_0029_16,normal,0,A,29,normal_0029,16,1039,1054,2022-07-12 00:04:01.740000,2022-07-12 00:04:03.240000,train
normal_0030_00,normal,0,A,30,normal_0030,0,1065,1080,2022-07-12 00:04:08.213000,2022-07-12 00:04:09.713000,train
normal_0033_00,normal,0,A,33,normal_0033,0,1107,1122,2022-07-12 00:04:25.827000,2022-07-12 00:04:27.327000,train
normal_0033_16,normal,0,A,33,normal_0033,16,1123,1138,2022-07-12 00:04:27.427000,2022-07-12 00:04:28.927000,train
normal_0033_32,normal,0,A,33,normal_0033,32,1139,1154,2022-07-12 00:04:29.027000,2022-07-12 00:04:30.527000,train
normal_0034_00,normal,0,A,34,normal_0034,0,1157,1172,2022-07-12 00:04:32.537000,2022-07-12 00:04:34.037000,train
normal_0034_16,normal,0,A,34,normal_0034,16,1173,1188,2022-07-12 00:04:34.137000,2022-07-12 00:04:35.637000,train
normal_0034_32,normal,0,A,34,normal_0034,32,1189,1204,2022-07-12 00:04:35.737000,2022-07-12 00:04:37.237000,train
normal_0035_00,normal,0,A,35,normal_0035,0,1207,1222,2022-07-12 00:04:40.416000,2022-07-12 00:04:41.916000,val
normal_0035_16,normal,0,A,35,normal_0035,16,1223,1238,2022-07-12 00:04:42.016000,2022-07-12 00:04:43.516000,val
normal_0036_00,normal,0,A,36,normal_0036,0,1245,1260,2022-07-12 00:04:48.455000,2022-07-12 00:04:49.955000,train
normal_0036_16,normal,0,A,36,normal_0036,16,1261,1276,2022-07-12 00:04:50.055000,2022-07-12 00:04:51.555000,train
normal_0037_00,normal,0,A,37,normal_0037,0,1282,1297,2022-07-12 00:04:56.641000,2022-07-12 00:04:58.141000,train
normal_0041_00,normal,0,A,41,normal_0041,0,1331,1346,2022-07-12 00:05:22.496000,2022-07-12 00:05:23.996000,test
normal_0041_16,normal,0,A,41,normal_0041,16,1347,1362,2022-07-12 00:05:24.096000,2022-07-12 00:05:25.596000,test
normal_0041_32,normal,0,A,41,normal_0041,32,1363,1378,2022-07-12 00:05:25.696000,2022-07-12 00:05:27.196000,test
normal_0042_00,normal,0,A,42,normal_0042,0,1381,1396,2022-07-12 00:05:29.007000,2022-07-12 00:05:30.507000,val
normal_0042_16,normal,0,A,42,normal_0042,16,1397,1412,2022-07-12 00:05:30.607000,2022-07-12 00:05:32.107000,val
normal_0042_32,normal,0,A,42,normal_0042,32,1413,1428,2022-07-12 00:05:32.207000,2022-07-12 00:05:33.707000,val
normal_0043_00,normal,0,A,43,normal_0043,0,1431,1446,2022-07-12 00:05:36.499000,2022-07-12 00:05:37.999000,train
normal_0043_16,normal,0,A,43,normal_0043,16,1447,1462,2022-07-12 00:05:38.099000,2022-07-12 00:05:39.599000,train
normal_0044_00,normal,0,A,44,normal_0044,0,1474,1489,2022-07-12 00:05:44.604000,2022-07-12 00:05:46.104000,test
normal_0045_00,normal,0,A,45,normal_0045,0,1503,1518,2022-07-12 00:05:52.492000,2022-07-12 00:05:53.992000,test
normal_0047_00,normal,0,A,47,normal_0047,0,1525,1540,2022-07-12 00:06:02.560000,2022-07-12 00:06:04.060000,test
normal_0047_16,normal,0,A,47,normal_0047,16,1541,1556,2022-07-12 00:06:04.160000,2022-07-12 00:06:05.660000,test
normal_0047_32,normal,0,A,47,normal_0047,32,1557,1572,2022-07-12 00:06:05.760000,2022-07-12 00:06:07.260000,test
normal_0048_00,normal,0,A,48,normal_0048,0,1575,1590,2022-07-12 00:06:09.177000,2022-07-12 00:06:10.677000,train
normal_0048_16,normal,0,A,48,normal_0048,16,1591,1606,2022-07-12 00:06:10.777000,2022-07-12 00:06:12.277000,train
normal_0048_32,normal,0,A,48,normal_0048,32,1607,1622,2022-07-12 00:06:12.377000,2022-07-12 00:06:13.877000,train
normal_0049_00,normal,0,A,49,normal_0049,0,1625,1640,2022-07-12 00:06:16.934000,2022-07-12 00:06:18.434000,train
normal_0049_16,normal,0,A,49,normal_0049,16,1641,1656,2022-07-12 00:06:18.534000,2022-07-12 00:06:20.034000,train
normal_0050_00,normal,0,A,50,normal_0050,0,1665,1680,2022-07-12 00:06:25.547000,2022-07-12 00:06:27.047000,val
normal_0051_00,normal,0,A,51,normal_0051,0,1687,1702,2022-07-12 00:06:29.384000,2022-07-12 00:06:30.884000,train
normal_0051_16,normal,0,A,51,normal_0051,16,1703,1718,2022-07-12 00:06:30.984000,2022-07-12 00:06:32.484000,train
normal_0051_32,normal,0,A,51,normal_0051,32,1719,1734,2022-07-12 00:06:32.584000,2022-07-12 00:06:34.084000,train
normal_0052_00,normal,0,A,52,normal_0052,0,1737,1752,2022-07-12 00:06:36.231000,2022-07-12 00:06:37.731000,test
normal_0052_16,normal,0,A,52,normal_0052,16,1753,1768,2022-07-12 00:06:37.831000,2022-07-12 00:06:39.331000,test
normal_0052_32,normal,0,A,52,normal_0052,32,1769,1784,2022-07-12 00:06:39.431000,2022-07-12 00:06:40.931000,test
normal_0053_00,normal,0,A,53,normal_0053,0,1787,1802,2022-07-12 00:06:43.040000,2022-07-12 00:06:44.540000,cal
normal_0053_16,normal,0,A,53,normal_0053,16,1803,1818,2022-07-12 00:06:44.640000,2022-07-12 00:06:46.140000,cal
normal_0053_32,normal,0,A,53,normal_0053,32,1819,1834,2022-07-12 00:06:46.240000,2022-07-12 00:06:47.740000,cal
normal_0054_00,normal,0,A,54,normal_0054,0,1837,1852,2022-07-12 00:06:49.646000,2022-07-12 00:06:51.146000,test
normal_0054_16,normal,0,A,54,normal_0054,16,1853,1868,2022-07-12 00:06:51.246000,2022-07-12 00:06:52.746000,test
normal_0054_32,normal,0,A,54,normal_0054,32,1869,1884,2022-07-12 00:06:52.846000,2022-07-12 00:06:54.346000,test
normal_0055_00,normal,0,A,55,normal_0055,0,1887,1902,2022-07-12 00:06:57.798000,2022-07-12 00:06:59.298000,train
normal_0055_16,normal,0,A,55,normal_0055,16,1903,1918,2022-07-12 00:06:59.398000,2022-07-12 00:07:00.898000,train
normal_0055_32,normal,0,A,55,normal_0055,32,1919,1934,2022-07-12 00:07:00.998000,2022-07-12 00:07:02.498000,train
normal_0056_00,normal,0,A,56,normal_0056,0,1937,1952,2022-07-12 00:07:04.844000,2022-07-12 00:07:06.344000,train
normal_0056_16,normal,0,A,56,normal_0056,16,1953,1968,2022-07-12 00:07:06.444000,2022-07-12 00:07:07.944000,train
normal_0056_32,normal,0,A,56,normal_0056,32,1969,1984,2022-07-12 00:07:08.044000,2022-07-12 00:07:09.544000,train
normal_0057_00,normal,0,A,57,normal_0057,0,1987,2002,2022-07-12 00:07:12.647000,2022-07-12 00:07:14.147000,train
normal_0057_16,normal,0,A,57,normal_0057,16,2003,2018,2022-07-12 00:07:14.247000,2022-07-12 00:07:15.747000,train
normal_0057_32,normal,0,A,57,normal_0057,32,2019,2034,2022-07-12 00:07:15.847000,2022-07-12 00:07:17.347000,train
normal_0058_00,normal,0,A,58,normal_0058,0,2037,2052,2022-07-12 00:07:19.348000,2022-07-12 00:07:20.848000,train
normal_0058_16,normal,0,A,58,normal_0058,16,2053,2068,2022-07-12 00:07:20.948000,2022-07-12 00:07:22.448000,train
normal_0058_32,normal,0,A,58,normal_0058,32,2069,2084,2022-07-12 00:07:22.548000,2022-07-12 00:07:24.048000,train
normal_0059_00,normal,0,A,59,normal_0059,0,2087,2102,2022-07-12 00:07:25.971000,2022-07-12 00:07:27.471000,val
normal_0059_16,normal,0,A,59,normal_0059,16,2103,2118,2022-07-12 00:07:27.571000,2022-07-12 00:07:29.071000,val
normal_0059_32,normal,0,A,59,normal_0059,32,2119,2134,2022-07-12 00:07:29.171000,2022-07-12 00:07:30.671000,val
normal_0060_00,normal,0,A,60,normal_0060,0,2137,2152,2022-07-12 00:07:32.847000,2022-07-12 00:07:34.347000,test
normal_0060_16,normal,0,A,60,normal_0060,16,2153,2168,2022-07-12 00:07:34.447000,2022-07-12 00:07:35.947000,test
normal_0060_32,normal,0,A,60,normal_0060,32,2169,2184,2022-07-12 00:07:36.047000,2022-07-12 00:07:37.547000,test
normal_0061_00,normal,0,A,61,normal_0061,0,2187,2202,2022-07-12 00:07:39.560000,2022-07-12 00:07:41.060000,train
normal_0061_16,normal,0,A,61,normal_0061,16,2203,2218,2022-07-12 00:07:41.160000,2022-07-12 00:07:42.660000,train
normal_0061_32,normal,0,A,61,normal_0061,32,2219,2234,2022-07-12 00:07:42.760000,2022-07-12 00:07:44.260000,train
normal_0062_00,normal,0,A,62,normal_0062,0,2237,2252,2022-07-12 00:07:46.324000,2022-07-12 00:07:47.824000,train
normal_0062_16,normal,0,A,62,normal_0062,16,2253,2268,2022-07-12 00:07:47.924000,2022-07-12 00:07:49.424000,train
normal_0062_32,normal,0,A,62,normal_0062,32,2269,2284,2022-07-12 00:07:49.524000,2022-07-12 00:07:51.024000,train
normal_0063_00,normal,0,A,63,normal_0063,0,2287,2302,2022-07-12 00:07:52.879000,2022-07-12 00:07:54.379000,val
normal_0063_16,normal,0,A,63,normal_0063,16,2303,2318,2022-07-12 00:07:54.479000,2022-07-12 00:07:55.979000,val
normal_0063_32,normal,0,A,63,normal_0063,32,2319,2334,2022-07-12 00:07:56.079000,2022-07-12 00:07:57.579000,val
normal_0064_00,normal,0,A,64,normal_0064,0,2337,2352,2022-07-12 00:07:59.767000,2022-07-12 00:08:01.267000,train
normal_0064_16,normal,0,A,64,normal_0064,16,2353,2368,2022-07-12 00:08:01.367000,2022-07-12 00:08:02.867000,train
normal_0064_32,normal,0,A,64,normal_0064,32,2369,2384,2022-07-12 00:08:02.967000,2022-07-12 00:08:04.467000,train
normal_0065_00,normal,0,A,65,normal_0065,0,2387,2402,2022-07-12 00:08:06.337000,2022-07-12 00:08:07.837000,train
normal_0065_16,normal,0,A,65,normal_0065,16,2403,2418,2022-07-12 00:08:07.937000,2022-07-12 00:08:09.437000,train
normal_0065_32,normal,0,A,65,normal_0065,32,2419,2434,2022-07-12 00:08:09.537000,2022-07-12 00:08:11.037000,train
normal_0066_00,normal,0,A,66,normal_0066,0,2437,2452,2022-07-12 00:08:13.092000,2022-07-12 00:08:14.592000,train
normal_0066_16,normal,0,A,66,normal_0066,16,2453,2468,2022-07-12 00:08:14.692000,2022-07-12 00:08:16.192000,train
normal_0066_32,normal,0,A,66,normal_0066,32,2469,2484,2022-07-12 00:08:16.292000,2022-07-12 00:08:17.792000,train
normal_0067_00,normal,0,A,67,normal_0067,0,2487,2502,2022-07-12 00:08:26.424000,2022-07-12 00:08:27.924000,train
normal_0067_16,normal,0,A,67,normal_0067,16,2503,2518,2022-07-12 00:08:28.024000,2022-07-12 00:08:29.524000,train
normal_0067_32,normal,0,A,67,normal_0067,32,2519,2534,2022-07-12 00:08:29.624000,2022-07-12 00:08:31.124000,train
normal_0068_00,normal,0,A,68,normal_0068,0,2537,2552,2022-07-12 00:08:33.206000,2022-07-12 00:08:34.706000,test
normal_0068_16,normal,0,A,68,normal_0068,16,2553,2568,2022-07-12 00:08:34.806000,2022-07-12 00:08:36.306000,test
normal_0068_32,normal,0,A,68,normal_0068,32,2569,2584,2022-07-12 00:08:36.406000,2022-07-12 00:08:37.906000,test
normal_0069_00,normal,0,A,69,normal_0069,0,2587,2602,2022-07-12 00:08:39.956000,2022-07-12 00:08:41.456000,train
normal_0069_16,normal,0,A,69,normal_0069,16,2603,2618,2022-07-12 00:08:41.556000,2022-07-12 00:08:43.056000,train
normal_0069_32,normal,0,A,69,normal_0069,32,2619,2634,2022-07-12 00:08:43.156000,2022-07-12 00:08:44.656000,train
normal_0070_00,normal,0,A,70,normal_0070,0,2637,2652,2022-07-12 00:08:46.662000,2022-07-12 00:08:48.162000,val
normal_0070_16,normal,0,A,70,normal_0070,16,2653,2668,2022-07-12 00:08:48.262000,2022-07-12 00:08:49.762000,val
normal_0070_32,normal,0,A,70,normal_0070,32,2669,2684,2022-07-12 00:08:49.862000,2022-07-12 00:08:51.362000,val
normal_0071_00,normal,0,A,71,normal_0071,0,2687,2702,2022-07-12 00:08:53.480000,2022-07-12 00:08:54.980000,train
normal_0071_16,normal,0,A,71,normal_0071,16,2703,2718,2022-07-12 00:08:55.080000,2022-07-12 00:08:56.580000,train
normal_0071_32,normal,0,A,71,normal_0071,32,2719,2734,2022-07-12 00:08:56.680000,2022-07-12 00:08:58.180000,train
normal_0072_00,normal,0,A,72,normal_0072,0,2737,2752,2022-07-12 00:09:00.084000,2022-07-12 00:09:01.584000,train
normal_0072_16,normal,0,A,72,normal_0072,16,2753,2768,2022-07-12 00:09:01.684000,2022-07-12 00:09:03.184000,train
normal_0072_32,normal,0,A,72,normal_0072,32,2769,2784,2022-07-12 00:09:03.284000,2022-07-12 00:09:04.784000,train
normal_0073_00,normal,0,A,73,normal_0073,0,2787,2802,2022-07-12 00:09:06.833000,2022-07-12 00:09:08.333000,train
normal_0073_16,normal,0,A,73,normal_0073,16,2803,2818,2022-07-12 00:09:08.433000,2022-07-12 00:09:09.933000,train
normal_0073_32,normal,0,A,73,normal_0073,32,2819,2834,2022-07-12 00:09:10.033000,2022-07-12 00:09:11.533000,train
normal_0074_00,normal,0,A,74,normal_0074,0,2837,2852,2022-07-12 00:09:13.436000,2022-07-12 00:09:14.936000,cal
normal_0074_16,normal,0,A,74,normal_0074,16,2853,2868,2022-07-12 00:09:15.036000,2022-07-12 00:09:16.536000,cal
normal_0074_32,normal,0,A,74,normal_0074,32,2869,2884,2022-07-12 00:09:16.636000,2022-07-12 00:09:18.136000,cal
normal_0075_00,normal,0,A,75,normal_0075,0,2887,2902,2022-07-12 00:09:20.084000,2022-07-12 00:09:21.584000,train
normal_0075_16,normal,0,A,75,normal_0075,16,2903,2918,2022-07-12 00:09:21.684000,2022-07-12 00:09:23.184000,train
normal_0075_32,normal,0,A,75,normal_0075,32,2919,2934,2022-07-12 00:09:23.284000,2022-07-12 00:09:24.784000,train
normal_0076_00,normal,0,A,76,normal_0076,0,2937,2952,2022-07-12 00:09:28.152000,2022-07-12 00:09:29.652000,cal
normal_0076_16,normal,0,A,76,normal_0076,16,2953,2968,2022-07-12 00:09:29.752000,2022-07-12 00:09:31.252000,cal
normal_0076_32,normal,0,A,76,normal_0076,32,2969,2984,2022-07-12 00:09:31.352000,2022-07-12 00:09:32.852000,cal
normal_0078_00,normal,0,A,78,normal_0078,0,2999,3014,2022-07-12 00:09:41.691000,2022-07-12 00:09:43.191000,val
normal_0078_16,normal,0,A,78,normal_0078,16,3015,3030,2022-07-12 00:09:43.291000,2022-07-12 00:09:44.791000,val
normal_0078_32,normal,0,A,78,normal_0078,32,3031,3046,2022-07-12 00:09:44.891000,2022-07-12 00:09:46.391000,val
normal_0079_00,normal,0,A,79,normal_0079,0,3049,3064,2022-07-12 00:09:48.366000,2022-07-12 00:09:49.866000,train
normal_0079_16,normal,0,A,79,normal_0079,16,3065,3080,2022-07-12 00:09:49.966000,2022-07-12 00:09:51.466000,train
normal_0079_32,normal,0,A,79,normal_0079,32,3081,3096,2022-07-12 00:09:51.566000,2022-07-12 00:09:53.066000,train
normal_0080_00,normal,0,A,80,normal_0080,0,3099,3114,2022-07-12 00:09:55.827000,2022-07-12 00:09:57.327000,train
normal_0080_16,normal,0,A,80,normal_0080,16,3115,3130,2022-07-12 00:09:57.427000,2022-07-12 00:09:58.927000,train
normal_0081_00,normal,0,A,81,normal_0081,0,3141,3156,2022-07-12 00:10:03.867000,2022-07-12 00:10:05.367000,cal
normal_0082_00,normal,0,A,82,normal_0082,0,3172,3187,2022-07-12 00:10:11.896000,2022-07-12 00:10:13.396000,train
normal_0084_00,normal,0,A,84,normal_0084,0,3193,3208,2022-07-12 00:10:28.656000,2022-07-12 00:10:30.156000,cal
normal_0084_16,normal,0,A,84,normal_0084,16,3209,3224,2022-07-12 00:10:30.256000,2022-07-12 00:10:31.756000,cal
normal_0084_32,normal,0,A,84,normal_0084,32,3225,3240,2022-07-12 00:10:31.856000,2022-07-12 00:10:33.356000,cal
normal_0085_00,normal,0,A,85,normal_0085,0,3243,3258,2022-07-12 00:10:35.872000,2022-07-12 00:10:37.372000,train
normal_0085_16,normal,0,A,85,normal_0085,16,3259,3274,2022-07-12 00:10:37.472000,2022-07-12 00:10:38.972000,train
normal_0086_00,normal,0,A,86,normal_0086,0,3289,3304,2022-07-12 00:10:43.851000,2022-07-12 00:10:45.351000,train
normal_0086_16,normal,0,A,86,normal_0086,16,3305,3320,2022-07-12 00:10:45.451000,2022-07-12 00:10:46.951000,train
normal_0087_00,normal,0,A,87,normal_0087,0,3322,3337,2022-07-12 00:10:51.896000,2022-07-12 00:10:53.396000,cal
normal_0089_00,normal,0,A,89,normal_0089,0,3357,3372,2022-07-12 00:11:09.294000,2022-07-12 00:11:10.794000,train
normal_0089_16,normal,0,A,89,normal_0089,16,3373,3388,2022-07-12 00:11:10.894000,2022-07-12 00:11:12.394000,train
normal_0089_32,normal,0,A,89,normal_0089,32,3389,3404,2022-07-12 00:11:12.494000,2022-07-12 00:11:13.994000,train
normal_0090_00,normal,0,A,90,normal_0090,0,3407,3422,2022-07-12 00:11:16.040000,2022-07-12 00:11:17.540000,test
normal_0090_16,normal,0,A,90,normal_0090,16,3423,3438,2022-07-12 00:11:17.640000,2022-07-12 00:11:19.140000,test
normal_0090_32,normal,0,A,90,normal_0090,32,3439,3454,2022-07-12 00:11:19.240000,2022-07-12 00:11:20.740000,test
normal_0091_00,normal,0,A,91,normal_0091,0,3456,3471,2022-07-12 00:11:24.056000,2022-07-12 00:11:25.556000,train
normal_0091_16,normal,0,A,91,normal_0091,16,3472,3487,2022-07-12 00:11:25.656000,2022-07-12 00:11:27.156000,train
normal_0092_00,normal,0,A,92,normal_0092,0,3492,3507,2022-07-12 00:11:32.266000,2022-07-12 00:11:33.766000,val
normal_0094_00,normal,0,A,94,normal_0094,0,3523,3538,2022-07-12 00:11:49.526000,2022-07-12 00:11:51.026000,val
normal_0094_16,normal,0,A,94,normal_0094,16,3539,3554,2022-07-12 00:11:51.126000,2022-07-12 00:11:52.626000,val
normal_0094_32,normal,0,A,94,normal_0094,32,3555,3570,2022-07-12 00:11:52.726000,2022-07-12 00:11:54.226000,val
normal_0095_00,normal,0,A,95,normal_0095,0,3573,3588,2022-07-12 00:11:56.244000,2022-07-12 00:11:57.744000,train
normal_0095_16,normal,0,A,95,normal_0095,16,3589,3604,2022-07-12 00:11:57.844000,2022-07-12 00:11:59.344000,train
normal_0095_32,normal,0,A,95,normal_0095,32,3605,3620,2022-07-12 00:11:59.444000,2022-07-12 00:12:00.944000,train
normal_0096_00,normal,0,A,96,normal_0096,0,3623,3638,2022-07-12 00:12:04.143000,2022-07-12 00:12:05.643000,val
normal_0096_16,normal,0,A,96,normal_0096,16,3639,3654,2022-07-12 00:12:05.743000,2022-07-12 00:12:07.243000,val
normal_0097_00,normal,0,A,97,normal_0097,0,3661,3676,2022-07-12 00:12:12.164000,2022-07-12 00:12:13.664000,train
normal_0098_00,normal,0,A,98,normal_0098,0,3686,3701,2022-07-12 00:12:20.177000,2022-07-12 00:12:21.677000,train
normal_0100_00,normal,0,A,100,normal_0100,0,3722,3737,2022-07-12 00:12:38.192000,2022-07-12 00:12:39.692000,train
normal_0100_16,normal,0,A,100,normal_0100,16,3738,3753,2022-07-12 00:12:39.792000,2022-07-12 00:12:41.292000,train
normal_0100_32,normal,0,A,100,normal_0100,32,3754,3769,2022-07-12 00:12:41.392000,2022-07-12 00:12:42.892000,train
normal_0101_00,normal,0,A,101,normal_0101,0,3772,3787,2022-07-12 00:12:44.747000,2022-07-12 00:12:46.247000,val
normal_0101_16,normal,0,A,101,normal_0101,16,3788,3803,2022-07-12 00:12:46.347000,2022-07-12 00:12:47.847000,val
normal_0101_32,normal,0,A,101,normal_0101,32,3804,3819,2022-07-12 00:12:47.947000,2022-07-12 00:12:49.447000,val
normal_0102_00,normal,0,A,102,normal_0102,0,3822,3837,2022-07-12 00:12:52.064000,2022-07-12 00:12:53.564000,train
normal_0102_16,normal,0,A,102,normal_0102,16,3838,3853,2022-07-12 00:12:53.664000,2022-07-12 00:12:55.164000,train
normal_0103_00,normal,0,A,103,normal_0103,0,3867,3882,2022-07-12 00:13:00.089000,2022-07-12 00:13:01.589000,cal
normal_0103_16,normal,0,A,103,normal_0103,16,3883,3898,2022-07-12 00:13:01.689000,2022-07-12 00:13:03.189000,cal
normal_0104_00,normal,0,A,104,normal_0104,0,3901,3916,2022-07-12 00:13:07.971000,2022-07-12 00:13:09.471000,train
normal_0104_16,normal,0,A,104,normal_0104,16,3917,3932,2022-07-12 00:13:09.571000,2022-07-12 00:13:11.071000,train
normal_0105_00,normal,0,A,105,normal_0105,0,3935,3950,2022-07-12 00:13:15.873000,2022-07-12 00:13:17.373000,train
normal_0107_00,normal,0,A,107,normal_0107,0,3966,3981,2022-07-12 00:13:33.336000,2022-07-12 00:13:34.836000,cal
normal_0107_16,normal,0,A,107,normal_0107,16,3982,3997,2022-07-12 00:13:34.936000,2022-07-12 00:13:36.436000,cal
normal_0107_32,normal,0,A,107,normal_0107,32,3998,4013,2022-07-12 00:13:36.536000,2022-07-12 00:13:38.036000,cal
normal_0108_00,normal,0,A,108,normal_0108,0,4016,4031,2022-07-12 00:13:39.886000,2022-07-12 00:13:41.386000,train
normal_0108_16,normal,0,A,108,normal_0108,16,4032,4047,2022-07-12 00:13:41.486000,2022-07-12 00:13:42.986000,train
normal_0108_32,normal,0,A,108,normal_0108,32,4048,4063,2022-07-12 00:13:43.086000,2022-07-12 00:13:44.586000,train
normal_0109_00,normal,0,A,109,normal_0109,0,4066,4081,2022-07-12 00:13:47.957000,2022-07-12 00:13:49.457000,train
normal_0109_16,normal,0,A,109,normal_0109,16,4082,4097,2022-07-12 00:13:49.557000,2022-07-12 00:13:51.057000,train
normal_0110_00,normal,0,A,110,normal_0110,0,4103,4118,2022-07-12 00:13:55.976000,2022-07-12 00:13:57.476000,val
normal_0112_00,normal,0,A,112,normal_0112,0,4136,4151,2022-07-12 00:14:13.584000,2022-07-12 00:14:15.084000,val
normal_0112_16,normal,0,A,112,normal_0112,16,4152,4167,2022-07-12 00:14:15.184000,2022-07-12 00:14:16.684000,val
normal_0112_32,normal,0,A,112,normal_0112,32,4168,4183,2022-07-12 00:14:16.784000,2022-07-12 00:14:18.284000,val
normal_0113_00,normal,0,A,113,normal_0113,0,4186,4201,2022-07-12 00:14:20.310000,2022-07-12 00:14:21.810000,train
normal_0113_16,normal,0,A,113,normal_0113,16,4202,4217,2022-07-12 00:14:21.910000,2022-07-12 00:14:23.410000,train
normal_0113_32,normal,0,A,113,normal_0113,32,4218,4233,2022-07-12 00:14:23.510000,2022-07-12 00:14:25.010000,train
normal_0114_00,normal,0,A,114,normal_0114,0,4236,4251,2022-07-12 00:14:27.908000,2022-07-12 00:14:29.408000,train
normal_0114_16,normal,0,A,114,normal_0114,16,4252,4267,2022-07-12 00:14:29.508000,2022-07-12 00:14:31.008000,train
normal_0115_00,normal,0,A,115,normal_0115,0,4276,4291,2022-07-12 00:14:35.936000,2022-07-12 00:14:37.436000,test
normal_0116_00,normal,0,A,116,normal_0116,0,4303,4318,2022-07-12 00:14:43.837000,2022-07-12 00:14:45.337000,train
normal_0117_00,normal,0,A,117,normal_0117,0,4330,4345,2022-07-12 00:14:51.621000,2022-07-12 00:14:53.121000,cal
normal_0119_00,normal,0,A,119,normal_0119,0,4349,4364,2022-07-12 00:15:01.577000,2022-07-12 00:15:03.077000,train
normal_0119_16,normal,0,A,119,normal_0119,16,4365,4380,2022-07-12 00:15:03.177000,2022-07-12 00:15:04.677000,train
normal_0119_32,normal,0,A,119,normal_0119,32,4381,4396,2022-07-12 00:15:04.777000,2022-07-12 00:15:06.277000,train
normal_0120_00,normal,0,A,120,normal_0120,0,4399,4414,2022-07-12 00:15:08.384000,2022-07-12 00:15:09.884000,train
normal_0120_16,normal,0,A,120,normal_0120,16,4415,4430,2022-07-12 00:15:09.984000,2022-07-12 00:15:11.484000,train
normal_0120_32,normal,0,A,120,normal_0120,32,4431,4446,2022-07-12 00:15:11.584000,2022-07-12 00:15:13.084000,train
normal_0121_00,normal,0,A,121,normal_0121,0,4449,4464,2022-07-12 00:15:15.740000,2022-07-12 00:15:17.240000,test
normal_0121_16,normal,0,A,121,normal_0121,16,4465,4480,2022-07-12 00:15:17.340000,2022-07-12 00:15:18.840000,test
normal_0122_00,normal,0,A,122,normal_0122,0,4491,4506,2022-07-12 00:15:23.669000,2022-07-12 00:15:25.169000,cal
normal_0123_00,normal,0,A,123,normal_0123,0,4520,4535,2022-07-12 00:15:31.742000,2022-07-12 00:15:33.242000,train
normal_0125_00,normal,0,A,125,normal_0125,0,4545,4560,2022-07-12 00:15:41.948000,2022-07-12 00:15:43.448000,test
normal_0125_16,normal,0,A,125,normal_0125,16,4561,4576,2022-07-12 00:15:43.548000,2022-07-12 00:15:45.048000,test
normal_0125_32,normal,0,A,125,normal_0125,32,4577,4592,2022-07-12 00:15:45.148000,2022-07-12 00:15:46.648000,test
normal_0126_00,normal,0,A,126,normal_0126,0,4595,4610,2022-07-12 00:15:48.726000,2022-07-12 00:15:50.226000,val
normal_0126_16,normal,0,A,126,normal_0126,16,4611,4626,2022-07-12 00:15:50.326000,2022-07-12 00:15:51.826000,val
normal_0126_32,normal,0,A,126,normal_0126,32,4627,4642,2022-07-12 00:15:51.926000,2022-07-12 00:15:53.426000,val
normal_0127_00,normal,0,A,127,normal_0127,0,4645,4660,2022-07-12 00:15:55.785000,2022-07-12 00:15:57.285000,train
normal_0127_16,normal,0,A,127,normal_0127,16,4661,4676,2022-07-12 00:15:57.385000,2022-07-12 00:15:58.885000,train
normal_0127_32,normal,0,A,127,normal_0127,32,4677,4692,2022-07-12 00:15:58.985000,2022-07-12 00:16:00.485000,train
normal_0128_00,normal,0,A,128,normal_0128,0,4693,4708,2022-07-12 00:16:03.804000,2022-07-12 00:16:05.304000,train
normal_0128_16,normal,0,A,128,normal_0128,16,4709,4724,2022-07-12 00:16:05.404000,2022-07-12 00:16:06.904000,train
normal_0129_00,normal,0,A,129,normal_0129,0,4729,4744,2022-07-12 00:16:11.955000,2022-07-12 00:16:13.455000,test
normal_0131_00,normal,0,A,131,normal_0131,0,4756,4771,2022-07-12 00:16:29.364000,2022-07-12 00:16:30.864000,test
normal_0131_16,normal,0,A,131,normal_0131,16,4772,4787,2022-07-12 00:16:30.964000,2022-07-12 00:16:32.464000,test
normal_0131_32,normal,0,A,131,normal_0131,32,4788,4803,2022-07-12 00:16:32.564000,2022-07-12 00:16:34.064000,test
normal_0132_00,normal,0,A,132,normal_0132,0,4806,4821,2022-07-12 00:16:36.267000,2022-07-12 00:16:37.767000,cal
normal_0132_16,normal,0,A,132,normal_0132,16,4822,4837,2022-07-12 00:16:37.867000,2022-07-12 00:16:39.367000,cal
normal_0132_32,normal,0,A,132,normal_0132,32,4838,4853,2022-07-12 00:16:39.467000,2022-07-12 00:16:40.967000,cal
normal_0133_00,normal,0,A,133,normal_0133,0,4855,4870,2022-07-12 00:16:44.325000,2022-07-12 00:16:45.825000,val
normal_0133_16,normal,0,A,133,normal_0133,16,4871,4886,2022-07-12 00:16:45.925000,2022-07-12 00:16:47.425000,val
normal_0134_00,normal,0,A,134,normal_0134,0,4890,4905,2022-07-12 00:16:52.351000,2022-07-12 00:16:53.851000,test
normal_0136_00,normal,0,A,136,normal_0136,0,4921,4936,2022-07-12 00:17:09.540000,2022-07-12 00:17:11.040000,val
normal_0136_16,normal,0,A,136,normal_0136,16,4937,4952,2022-07-12 00:17:11.140000,2022-07-12 00:17:12.640000,val
normal_0136_32,normal,0,A,136,normal_0136,32,4953,4968,2022-07-12 00:17:12.740000,2022-07-12 00:17:14.240000,val
normal_0137_00,normal,0,A,137,normal_0137,0,4971,4986,2022-07-12 00:17:16.447000,2022-07-12 00:17:17.947000,train
normal_0137_16,normal,0,A,137,normal_0137,16,4987,5002,2022-07-12 00:17:18.047000,2022-07-12 00:17:19.547000,train
normal_0137_32,normal,0,A,137,normal_0137,32,5003,5018,2022-07-12 00:17:19.647000,2022-07-12 00:17:21.147000,train
normal_0138_00,normal,0,A,138,normal_0138,0,5019,5034,2022-07-12 00:17:24.527000,2022-07-12 00:17:26.027000,cal
normal_0138_16,normal,0,A,138,normal_0138,16,5035,5050,2022-07-12 00:17:26.127000,2022-07-12 00:17:27.627000,cal
normal_0138_32,normal,0,A,138,normal_0138,32,5051,5066,2022-07-12 00:17:27.727000,2022-07-12 00:17:29.227000,cal
normal_0139_00,normal,0,A,139,normal_0139,0,5067,5082,2022-07-12 00:17:32.480000,2022-07-12 00:17:33.980000,cal
normal_0139_16,normal,0,A,139,normal_0139,16,5083,5098,2022-07-12 00:17:34.080000,2022-07-12 00:17:35.580000,cal
normal_0140_00,normal,0,A,140,normal_0140,0,5102,5117,2022-07-12 00:17:40.504000,2022-07-12 00:17:42.004000,train
normal_0144_00,normal,0,A,144,normal_0144,0,5141,5156,2022-07-12 00:18:06.304000,2022-07-12 00:18:07.804000,train
normal_0144_16,normal,0,A,144,normal_0144,16,5157,5172,2022-07-12 00:18:07.904000,2022-07-12 00:18:09.404000,train
normal_0144_32,normal,0,A,144,normal_0144,32,5173,5188,2022-07-12 00:18:09.504000,2022-07-12 00:18:11.004000,train
normal_0145_00,normal,0,A,145,normal_0145,0,5191,5206,2022-07-12 00:18:13.063000,2022-07-12 00:18:14.563000,train
normal_0145_16,normal,0,A,145,normal_0145,16,5207,5222,2022-07-12 00:18:14.663000,2022-07-12 00:18:16.163000,train
normal_0145_32,normal,0,A,145,normal_0145,32,5223,5238,2022-07-12 00:18:16.263000,2022-07-12 00:18:17.763000,train
normal_0146_00,normal,0,A,146,normal_0146,0,5241,5256,2022-07-12 00:18:20.724000,2022-07-12 00:18:22.224000,val
normal_0146_16,normal,0,A,146,normal_0146,16,5257,5272,2022-07-12 00:18:22.324000,2022-07-12 00:18:23.824000,val
normal_0147_00,normal,0,A,147,normal_0147,0,5281,5296,2022-07-12 00:18:28.872000,2022-07-12 00:18:30.372000,cal
normal_0148_00,normal,0,A,148,normal_0148,0,5307,5322,2022-07-12 00:18:36.700000,2022-07-12 00:18:38.200000,cal
normal_0152_00,normal,0,A,152,normal_0152,0,5354,5369,2022-07-12 00:19:09.428000,2022-07-12 00:19:10.928000,train
normal_0152_16,normal,0,A,152,normal_0152,16,5370,5385,2022-07-12 00:19:11.028000,2022-07-12 00:19:12.528000,train
normal_0152_32,normal,0,A,152,normal_0152,32,5386,5401,2022-07-12 00:19:12.628000,2022-07-12 00:19:14.128000,train
normal_0153_00,normal,0,A,153,normal_0153,0,5404,5419,2022-07-12 00:19:17.374000,2022-07-12 00:19:18.874000,cal
normal_0153_16,normal,0,A,153,normal_0153,16,5420,5435,2022-07-12 00:19:18.974000,2022-07-12 00:19:20.474000,cal
normal_0153_32,normal,0,A,153,normal_0153,32,5436,5451,2022-07-12 00:19:20.574000,2022-07-12 00:19:22.074000,cal
normal_0154_00,normal,0,A,154,normal_0154,0,5454,5469,2022-07-12 00:19:24.471000,2022-07-12 00:19:25.971000,train
normal_0154_16,normal,0,A,154,normal_0154,16,5470,5485,2022-07-12 00:19:26.071000,2022-07-12 00:19:27.571000,train
normal_0155_00,normal,0,A,155,normal_0155,0,5501,5516,2022-07-12 00:19:32.476000,2022-07-12 00:19:33.976000,train
normal_0155_16,normal,0,A,155,normal_0155,16,5517,5532,2022-07-12 00:19:34.076000,2022-07-12 00:19:35.576000,train
normal_0156_00,normal,0,A,156,normal_0156,0,5535,5550,2022-07-12 00:19:40.568000,2022-07-12 00:19:42.068000,val
normal_0158_00,normal,0,A,158,normal_0158,0,5560,5575,2022-07-12 00:19:57.844000,2022-07-12 00:19:59.344000,test
normal_0158_16,normal,0,A,158,normal_0158,16,5576,5591,2022-07-12 00:19:59.444000,2022-07-12 00:20:00.944000,test
normal_0158_32,normal,0,A,158,normal_0158,32,5592,5607,2022-07-12 00:20:01.044000,2022-07-12 00:20:02.544000,test
normal_0159_00,normal,0,A,159,normal_0159,0,5610,5625,2022-07-12 00:20:04.636000,2022-07-12 00:20:06.136000,val
normal_0159_16,normal,0,A,159,normal_0159,16,5626,5641,2022-07-12 00:20:06.236000,2022-07-12 00:20:07.736000,val
normal_0159_32,normal,0,A,159,normal_0159,32,5642,5657,2022-07-12 00:20:07.836000,2022-07-12 00:20:09.336000,val
normal_0160_00,normal,0,A,160,normal_0160,0,5660,5675,2022-07-12 00:20:12.569000,2022-07-12 00:20:14.069000,train
normal_0160_16,normal,0,A,160,normal_0160,16,5676,5691,2022-07-12 00:20:14.169000,2022-07-12 00:20:15.669000,train
normal_0161_00,normal,0,A,161,normal_0161,0,5698,5713,2022-07-12 00:20:20.537000,2022-07-12 00:20:22.037000,train
normal_0164_00,normal,0,A,164,normal_0164,0,5739,5754,2022-07-12 00:20:45.131000,2022-07-12 00:20:46.631000,train
normal_0164_16,normal,0,A,164,normal_0164,16,5755,5770,2022-07-12 00:20:46.731000,2022-07-12 00:20:48.231000,train
normal_0164_32,normal,0,A,164,normal_0164,32,5771,5786,2022-07-12 00:20:48.331000,2022-07-12 00:20:49.831000,train
normal_0165_00,normal,0,A,165,normal_0165,0,5789,5804,2022-07-12 00:20:52.436000,2022-07-12 00:20:53.936000,train
normal_0165_16,normal,0,A,165,normal_0165,16,5805,5820,2022-07-12 00:20:54.036000,2022-07-12 00:20:55.536000,train
normal_0166_00,normal,0,A,166,normal_0166,0,5832,5847,2022-07-12 00:21:00.416000,2022-07-12 00:21:01.916000,train
normal_0166_16,normal,0,A,166,normal_0166,16,5848,5863,2022-07-12 00:21:02.016000,2022-07-12 00:21:03.516000,train
normal_0167_00,normal,0,A,167,normal_0167,0,5864,5879,2022-07-12 00:21:08.408000,2022-07-12 00:21:09.908000,test
normal_0169_00,normal,0,A,169,normal_0169,0,5890,5905,2022-07-12 00:21:25.804000,2022-07-12 00:21:27.304000,test
normal_0169_16,normal,0,A,169,normal_0169,16,5906,5921,2022-07-12 00:21:27.404000,2022-07-12 00:21:28.904000,test
normal_0169_32,normal,0,A,169,normal_0169,32,5922,5937,2022-07-12 00:21:29.004000,2022-07-12 00:21:30.504000,test
normal_0170_00,normal,0,A,170,normal_0170,0,5940,5955,2022-07-12 00:21:33.358000,2022-07-12 00:21:34.858000,train
normal_0170_16,normal,0,A,170,normal_0170,16,5956,5971,2022-07-12 00:21:34.958000,2022-07-12 00:21:36.458000,train
normal_0171_00,normal,0,A,171,normal_0171,0,5982,5997,2022-07-12 00:21:41.500000,2022-07-12 00:21:43,test
normal_0172_00,normal,0,A,172,normal_0172,0,6009,6024,2022-07-12 00:21:49.428000,2022-07-12 00:21:50.928000,train
normal_0175_00,normal,0,A,175,normal_0175,0,6052,6067,2022-07-12 00:22:07.078000,2022-07-12 00:22:08.578000,test
normal_0175_16,normal,0,A,175,normal_0175,16,6068,6083,2022-07-12 00:22:08.678000,2022-07-12 00:22:10.178000,test
normal_0175_32,normal,0,A,175,normal_0175,32,6084,6099,2022-07-12 00:22:10.278000,2022-07-12 00:22:11.778000,test
normal_0176_00,normal,0,A,176,normal_0176,0,6102,6117,2022-07-12 00:22:13.849000,2022-07-12 00:22:15.349000,cal
normal_0176_16,normal,0,A,176,normal_0176,16,6118,6133,2022-07-12 00:22:15.449000,2022-07-12 00:22:16.949000,cal
normal_0176_32,normal,0,A,176,normal_0176,32,6134,6149,2022-07-12 00:22:17.049000,2022-07-12 00:22:18.549000,cal
normal_0177_00,normal,0,A,177,normal_0177,0,6152,6167,2022-07-12 00:22:21.169000,2022-07-12 00:22:22.669000,train
normal_0177_16,normal,0,A,177,normal_0177,16,6168,6183,2022-07-12 00:22:22.769000,2022-07-12 00:22:24.269000,train
normal_0178_00,normal,0,A,178,normal_0178,0,6198,6213,2022-07-12 00:22:29.076000,2022-07-12 00:22:30.576000,train
normal_0178_16,normal,0,A,178,normal_0178,16,6214,6229,2022-07-12 00:22:30.676000,2022-07-12 00:22:32.176000,train
normal_0179_00,normal,0,A,179,normal_0179,0,6230,6245,2022-07-12 00:22:37.072000,2022-07-12 00:22:38.572000,train
normal_0181_00,normal,0,A,181,normal_0181,0,6257,6272,2022-07-12 00:22:53.936000,2022-07-12 00:22:55.436000,train
normal_0181_16,normal,0,A,181,normal_0181,16,6273,6288,2022-07-12 00:22:55.536000,2022-07-12 00:22:57.036000,train
normal_0181_32,normal,0,A,181,normal_0181,32,6289,6304,2022-07-12 00:22:57.136000,2022-07-12 00:22:58.636000,train
normal_0182_00,normal,0,A,182,normal_0182,0,6307,6322,2022-07-12 00:23:01.103000,2022-07-12 00:23:02.603000,train
normal_0182_16,normal,0,A,182,normal_0182,16,6323,6338,2022-07-12 00:23:02.703000,2022-07-12 00:23:04.203000,train
normal_0183_00,normal,0,A,183,normal_0183,0,6354,6369,2022-07-12 00:23:09.220000,2022-07-12 00:23:10.720000,train
normal_0183_16,normal,0,A,183,normal_0183,16,6370,6385,2022-07-12 00:23:10.820000,2022-07-12 00:23:12.320000,train
normal_0184_00,normal,0,A,184,normal_0184,0,6386,6401,2022-07-12 00:23:17.204000,2022-07-12 00:23:18.704000,train
normal_0184_16,normal,0,A,184,normal_0184,16,6402,6417,2022-07-12 00:23:18.804000,2022-07-12 00:23:20.304000,train
normal_0185_00,normal,0,A,185,normal_0185,0,6419,6434,2022-07-12 00:23:25.144000,2022-07-12 00:23:26.644000,train
normal_0187_00,normal,0,A,187,normal_0187,0,6450,6465,2022-07-12 00:23:42.270000,2022-07-12 00:23:43.770000,train
normal_0187_16,normal,0,A,187,normal_0187,16,6466,6481,2022-07-12 00:23:43.870000,2022-07-12 00:23:45.370000,train
normal_0187_32,normal,0,A,187,normal_0187,32,6482,6497,2022-07-12 00:23:45.470000,2022-07-12 00:23:46.970000,train
normal_0188_00,normal,0,A,188,normal_0188,0,6500,6515,2022-07-12 00:23:48.975000,2022-07-12 00:23:50.475000,train
normal_0188_16,normal,0,A,188,normal_0188,16,6516,6531,2022-07-12 00:23:50.575000,2022-07-12 00:23:52.075000,train
normal_0188_32,normal,0,A,188,normal_0188,32,6532,6547,2022-07-12 00:23:52.175000,2022-07-12 00:23:53.675000,train
normal_0189_00,normal,0,A,189,normal_0189,0,6550,6565,2022-07-12 00:23:56.987000,2022-07-12 00:23:58.487000,val
normal_0189_16,normal,0,A,189,normal_0189,16,6566,6581,2022-07-12 00:23:58.587000,2022-07-12 00:24:00.087000,val
normal_0190_00,normal,0,A,190,normal_0190,0,6586,6601,2022-07-12 00:24:04.940000,2022-07-12 00:24:06.440000,train
normal_0192_00,normal,0,A,192,normal_0192,0,6624,6639,2022-07-12 00:24:22.654000,2022-07-12 00:24:24.154000,val
normal_0192_16,normal,0,A,192,normal_0192,16,6640,6655,2022-07-12 00:24:24.254000,2022-07-12 00:24:25.754000,val
normal_0192_32,normal,0,A,192,normal_0192,32,6656,6671,2022-07-12 00:24:25.854000,2022-07-12 00:24:27.354000,val
normal_0193_00,normal,0,A,193,normal_0193,0,6674,6689,2022-07-12 00:24:29.596000,2022-07-12 00:24:31.096000,train
normal_0193_16,normal,0,A,193,normal_0193,16,6690,6705,2022-07-12 00:24:31.196000,2022-07-12 00:24:32.696000,train
normal_0193_32,normal,0,A,193,normal_0193,32,6706,6721,2022-07-12 00:24:32.796000,2022-07-12 00:24:34.296000,train
normal_0194_00,normal,0,A,194,normal_0194,0,6724,6739,2022-07-12 00:24:37.006000,2022-07-12 00:24:38.506000,cal
normal_0194_16,normal,0,A,194,normal_0194,16,6740,6755,2022-07-12 00:24:38.606000,2022-07-12 00:24:40.106000,cal
normal_0195_00,normal,0,A,195,normal_0195,0,6766,6781,2022-07-12 00:24:45.075000,2022-07-12 00:24:46.575000,train
normal_0196_00,normal,0,A,196,normal_0196,0,6795,6810,2022-07-12 00:24:53.136000,2022-07-12 00:24:54.636000,train
normal_0198_00,normal,0,A,198,normal_0198,0,6819,6834,2022-07-12 00:25:10.148000,2022-07-12 00:25:11.648000,test
normal_0198_16,normal,0,A,198,normal_0198,16,6835,6850,2022-07-12 00:25:11.748000,2022-07-12 00:25:13.248000,test
normal_0198_32,normal,0,A,198,normal_0198,32,6851,6866,2022-07-12 00:25:13.348000,2022-07-12 00:25:14.848000,test
normal_0199_00,normal,0,A,199,normal_0199,0,6869,6884,2022-07-12 00:25:17.084000,2022-07-12 00:25:18.584000,val
normal_0199_16,normal,0,A,199,normal_0199,16,6885,6900,2022-07-12 00:25:18.684000,2022-07-12 00:25:20.184000,val
normal_0199_32,normal,0,A,199,normal_0199,32,6901,6916,2022-07-12 00:25:20.284000,2022-07-12 00:25:21.784000,val
normal_0200_00,normal,0,A,200,normal_0200,0,6918,6933,2022-07-12 00:25:25.093000,2022-07-12 00:25:26.593000,train
normal_0200_16,normal,0,A,200,normal_0200,16,6934,6949,2022-07-12 00:25:26.693000,2022-07-12 00:25:28.193000,train
normal_0201_00,normal,0,A,201,normal_0201,0,6951,6966,2022-07-12 00:25:33.044000,2022-07-12 00:25:34.544000,test
normal_0203_00,normal,0,A,203,normal_0203,0,6981,6996,2022-07-12 00:25:50.128000,2022-07-12 00:25:51.628000,train
normal_0203_16,normal,0,A,203,normal_0203,16,6997,7012,2022-07-12 00:25:51.728000,2022-07-12 00:25:53.228000,train
normal_0203_32,normal,0,A,203,normal_0203,32,7013,7028,2022-07-12 00:25:53.328000,2022-07-12 00:25:54.828000,train
normal_0204_00,normal,0,A,204,normal_0204,0,7031,7046,2022-07-12 00:25:57.187000,2022-07-12 00:25:58.687000,train
normal_0204_16,normal,0,A,204,normal_0204,16,7047,7062,2022-07-12 00:25:58.787000,2022-07-12 00:26:00.287000,train
normal_0204_32,normal,0,A,204,normal_0204,32,7063,7078,2022-07-12 00:26:00.387000,2022-07-12 00:26:01.887000,train
normal_0205_00,normal,0,A,205,normal_0205,0,7079,7094,2022-07-12 00:26:05.260000,2022-07-12 00:26:06.760000,train
normal_0205_16,normal,0,A,205,normal_0205,16,7095,7110,2022-07-12 00:26:06.860000,2022-07-12 00:26:08.360000,train
normal_0206_00,normal,0,A,206,normal_0206,0,7112,7127,2022-07-12 00:26:13.208000,2022-07-12 00:26:14.708000,test
normal_0209_00,normal,0,A,209,normal_0209,0,7157,7172,2022-07-12 00:26:31.913000,2022-07-12 00:26:33.413000,train
normal_0209_16,normal,0,A,209,normal_0209,16,7173,7188,2022-07-12 00:26:33.513000,2022-07-12 00:26:35.013000,train
normal_0209_32,normal,0,A,209,normal_0209,32,7189,7204,2022-07-12 00:26:35.113000,2022-07-12 00:26:36.613000,train
normal_0210_00,normal,0,A,210,normal_0210,0,7207,7222,2022-07-12 00:26:38.648000,2022-07-12 00:26:40.148000,train
normal_0210_16,normal,0,A,210,normal_0210,16,7223,7238,2022-07-12 00:26:40.248000,2022-07-12 00:26:41.748000,train
normal_0210_32,normal,0,A,210,normal_0210,32,7239,7254,2022-07-12 00:26:41.848000,2022-07-12 00:26:43.348000,train
normal_0211_00,normal,0,A,211,normal_0211,0,7257,7272,2022-07-12 00:26:45.464000,2022-07-12 00:26:46.964000,cal
normal_0211_16,normal,0,A,211,normal_0211,16,7273,7288,2022-07-12 00:26:47.064000,2022-07-12 00:26:48.564000,cal
normal_0211_32,normal,0,A,211,normal_0211,32,7289,7304,2022-07-12 00:26:48.664000,2022-07-12 00:26:50.164000,cal
normal_0212_00,normal,0,A,212,normal_0212,0,7307,7322,2022-07-12 00:26:53.334000,2022-07-12 00:26:54.834000,train
normal_0212_16,normal,0,A,212,normal_0212,16,7323,7338,2022-07-12 00:26:54.934000,2022-07-12 00:26:56.434000,train
normal_0213_00,normal,0,A,213,normal_0213,0,7345,7360,2022-07-12 00:27:01.423000,2022-07-12 00:27:02.923000,train
normal_0216_00,normal,0,A,216,normal_0216,0,7390,7405,2022-07-12 00:27:27.011000,2022-07-12 00:27:28.511000,val
normal_0216_16,normal,0,A,216,normal_0216,16,7406,7421,2022-07-12 00:27:28.611000,2022-07-12 00:27:30.111000,val
normal_0216_32,normal,0,A,216,normal_0216,32,7422,7437,2022-07-12 00:27:30.211000,2022-07-12 00:27:31.711000,val
normal_0217_00,normal,0,A,217,normal_0217,0,7440,7455,2022-07-12 00:27:33.464000,2022-07-12 00:27:34.964000,train
normal_0217_16,normal,0,A,217,normal_0217,16,7456,7471,2022-07-12 00:27:35.064000,2022-07-12 00:27:36.564000,train
normal_0217_32,normal,0,A,217,normal_0217,32,7472,7487,2022-07-12 00:27:36.664000,2022-07-12 00:27:38.164000,train
normal_0218_00,normal,0,A,218,normal_0218,0,7490,7505,2022-07-12 00:27:41.443000,2022-07-12 00:27:42.943000,test
normal_0218_16,normal,0,A,218,normal_0218,16,7506,7521,2022-07-12 00:27:43.043000,2022-07-12 00:27:44.543000,test
normal_0219_00,normal,0,A,219,normal_0219,0,7528,7543,2022-07-12 00:27:49.507000,2022-07-12 00:27:51.007000,train
normal_0221_00,normal,0,A,221,normal_0221,0,7566,7581,2022-07-12 00:28:07.313000,2022-07-12 00:28:08.813000,cal
normal_0221_16,normal,0,A,221,normal_0221,16,7582,7597,2022-07-12 00:28:08.913000,2022-07-12 00:28:10.413000,cal
normal_0221_32,normal,0,A,221,normal_0221,32,7598,7613,2022-07-12 00:28:10.513000,2022-07-12 00:28:12.013000,cal
normal_0222_00,normal,0,A,222,normal_0222,0,7616,7631,2022-07-12 00:28:14.008000,2022-07-12 00:28:15.508000,train
normal_0222_16,normal,0,A,222,normal_0222,16,7632,7647,2022-07-12 00:28:15.608000,2022-07-12 00:28:17.108000,train
normal_0222_32,normal,0,A,222,normal_0222,32,7648,7663,2022-07-12 00:28:17.208000,2022-07-12 00:28:18.708000,train
normal_0223_00,normal,0,A,223,normal_0223,0,7666,7681,2022-07-12 00:28:21.540000,2022-07-12 00:28:23.040000,train
normal_0223_16,normal,0,A,223,normal_0223,16,7682,7697,2022-07-12 00:28:23.140000,2022-07-12 00:28:24.640000,train
normal_0224_00,normal,0,A,224,normal_0224,0,7706,7721,2022-07-12 00:28:29.532000,2022-07-12 00:28:31.032000,train
normal_0227_00,normal,0,A,227,normal_0227,0,7752,7767,2022-07-12 00:28:54.024000,2022-07-12 00:28:55.524000,train
normal_0227_16,normal,0,A,227,normal_0227,16,7768,7783,2022-07-12 00:28:55.624000,2022-07-12 00:28:57.124000,train
normal_0227_32,normal,0,A,227,normal_0227,32,7784,7799,2022-07-12 00:28:57.224000,2022-07-12 00:28:58.724000,train
normal_0228_00,normal,0,A,228,normal_0228,0,7802,7817,2022-07-12 00:29:02.224000,2022-07-12 00:29:03.724000,test
normal_0228_16,normal,0,A,228,normal_0228,16,7818,7833,2022-07-12 00:29:03.824000,2022-07-12 00:29:05.324000,test
normal_0228_32,normal,0,A,228,normal_0228,32,7834,7849,2022-07-12 00:29:05.424000,2022-07-12 00:29:06.924000,test
normal_0229_00,normal,0,A,229,normal_0229,0,7852,7867,2022-07-12 00:29:09.592000,2022-07-12 00:29:11.092000,train
normal_0229_16,normal,0,A,229,normal_0229,16,7868,7883,2022-07-12 00:29:11.192000,2022-07-12 00:29:12.692000,train
normal_0230_00,normal,0,A,230,normal_0230,0,7895,7910,2022-07-12 00:29:17.574000,2022-07-12 00:29:19.074000,train
normal_0230_16,normal,0,A,230,normal_0230,16,7911,7926,2022-07-12 00:29:19.174000,2022-07-12 00:29:20.674000,train
normal_0231_00,normal,0,A,231,normal_0231,0,7927,7942,2022-07-12 00:29:25.707000,2022-07-12 00:29:27.207000,train
normal_0233_00,normal,0,A,233,normal_0233,0,7947,7962,2022-07-12 00:29:35.745000,2022-07-12 00:29:37.245000,train
normal_0233_16,normal,0,A,233,normal_0233,16,7963,7978,2022-07-12 00:29:37.345000,2022-07-12 00:29:38.845000,train
normal_0233_32,normal,0,A,233,normal_0233,32,7979,7994,2022-07-12 00:29:38.945000,2022-07-12 00:29:40.445000,train
normal_0234_00,normal,0,A,234,normal_0234,0,7997,8012,2022-07-12 00:29:42.284000,2022-07-12 00:29:43.784000,cal
normal_0234_16,normal,0,A,234,normal_0234,16,8013,8028,2022-07-12 00:29:43.884000,2022-07-12 00:29:45.384000,cal
normal_0234_32,normal,0,A,234,normal_0234,32,8029,8044,2022-07-12 00:29:45.484000,2022-07-12 00:29:46.984000,cal
normal_0235_00,normal,0,A,235,normal_0235,0,8047,8062,2022-07-12 00:29:50.008000,2022-07-12 00:29:51.508000,val
normal_0235_16,normal,0,A,235,normal_0235,16,8063,8078,2022-07-12 00:29:51.608000,2022-07-12 00:29:53.108000,val
normal_0236_00,normal,0,A,236,normal_0236,0,8088,8103,2022-07-12 00:29:58.044000,2022-07-12 00:29:59.544000,val
normal_0239_00,normal,0,A,239,normal_0239,0,8132,8147,2022-07-12 00:30:15.875000,2022-07-12 00:30:17.375000,test
normal_0239_16,normal,0,A,239,normal_0239,16,8148,8163,2022-07-12 00:30:17.475000,2022-07-12 00:30:18.975000,test
normal_0239_32,normal,0,A,239,normal_0239,32,8164,8179,2022-07-12 00:30:19.075000,2022-07-12 00:30:20.575000,test
normal_0240_00,normal,0,A,240,normal_0240,0,8182,8197,2022-07-12 00:30:22.688000,2022-07-12 00:30:24.188000,train
normal_0240_16,normal,0,A,240,normal_0240,16,8198,8213,2022-07-12 00:30:24.288000,2022-07-12 00:30:25.788000,train
normal_0240_32,normal,0,A,240,normal_0240,32,8214,8229,2022-07-12 00:30:25.888000,2022-07-12 00:30:27.388000,train
normal_0241_00,normal,0,A,241,normal_0241,0,8232,8247,2022-07-12 00:30:29.999000,2022-07-12 00:30:31.499000,train
normal_0241_16,normal,0,A,241,normal_0241,16,8248,8263,2022-07-12 00:30:31.599000,2022-07-12 00:30:33.099000,train
normal_0242_00,normal,0,A,242,normal_0242,0,8275,8290,2022-07-12 00:30:38.043000,2022-07-12 00:30:39.543000,train
normal_0243_00,normal,0,A,243,normal_0243,0,8304,8319,2022-07-12 00:30:46.032000,2022-07-12 00:30:47.532000,test
normal_0245_00,normal,0,A,245,normal_0245,0,8326,8341,2022-07-12 00:31:02.945000,2022-07-12 00:31:04.445000,test
normal_0245_16,normal,0,A,245,normal_0245,16,8342,8357,2022-07-12 00:31:04.545000,2022-07-12 00:31:06.045000,test
normal_0245_32,normal,0,A,245,normal_0245,32,8358,8373,2022-07-12 00:31:06.145000,2022-07-12 00:31:07.645000,test
normal_0246_00,normal,0,A,246,normal_0246,0,8376,8391,2022-07-12 00:31:10.998000,2022-07-12 00:31:12.498000,train
normal_0246_16,normal,0,A,246,normal_0246,16,8392,8407,2022-07-12 00:31:12.598000,2022-07-12 00:31:14.098000,train
normal_0246_32,normal,0,A,246,normal_0246,32,8408,8423,2022-07-12 00:31:14.198000,2022-07-12 00:31:15.698000,train
normal_0247_00,normal,0,A,247,normal_0247,0,8426,8441,2022-07-12 00:31:17.932000,2022-07-12 00:31:19.432000,train
normal_0247_16,normal,0,A,247,normal_0247,16,8442,8457,2022-07-12 00:31:19.532000,2022-07-12 00:31:21.032000,train
normal_0247_32,normal,0,A,247,normal_0247,32,8458,8473,2022-07-12 00:31:21.132000,2022-07-12 00:31:22.632000,train
normal_0248_00,normal,0,A,248,normal_0248,0,8476,8491,2022-07-12 00:31:25.907000,2022-07-12 00:31:27.407000,train
normal_0248_16,normal,0,A,248,normal_0248,16,8492,8507,2022-07-12 00:31:27.507000,2022-07-12 00:31:29.007000,train
normal_0249_00,normal,0,A,249,normal_0249,0,8511,8526,2022-07-12 00:31:33.901000,2022-07-12 00:31:35.401000,cal
normal_0251_00,normal,0,A,251,normal_0251,0,8543,8558,2022-07-12 00:31:51.200000,2022-07-12 00:31:52.700000,train
normal_0251_16,normal,0,A,251,normal_0251,16,8559,8574,2022-07-12 00:31:52.800000,2022-07-12 00:31:54.300000,train
normal_0251_32,normal,0,A,251,normal_0251,32,8575,8590,2022-07-12 00:31:54.400000,2022-07-12 00:31:55.900000,train
normal_0252_00,normal,0,A,252,normal_0252,0,8593,8608,2022-07-12 00:31:58.020000,2022-07-12 00:31:59.520000,train
normal_0252_16,normal,0,A,252,normal_0252,16,8609,8624,2022-07-12 00:31:59.620000,2022-07-12 00:32:01.120000,train
normal_0252_32,normal,0,A,252,normal_0252,32,8625,8640,2022-07-12 00:32:01.220000,2022-07-12 00:32:02.720000,train
normal_0253_00,normal,0,A,253,normal_0253,0,8643,8658,2022-07-12 00:32:05.948000,2022-07-12 00:32:07.448000,val
normal_0253_16,normal,0,A,253,normal_0253,16,8659,8674,2022-07-12 00:32:07.548000,2022-07-12 00:32:09.048000,val
normal_0254_00,normal,0,A,254,normal_0254,0,8681,8696,2022-07-12 00:32:13.976000,2022-07-12 00:32:15.476000,train
normal_0257_00,normal,0,A,257,normal_0257,0,8727,8742,2022-07-12 00:32:38.608000,2022-07-12 00:32:40.108000,train
normal_0257_16,normal,0,A,257,normal_0257,16,8743,8758,2022-07-12 00:32:40.208000,2022-07-12 00:32:41.708000,train
normal_0257_32,normal,0,A,257,normal_0257,32,8759,8774,2022-07-12 00:32:41.808000,2022-07-12 00:32:43.308000,train
normal_0258_00,normal,0,A,258,normal_0258,0,8777,8792,2022-07-12 00:32:45.771000,2022-07-12 00:32:47.271000,val
normal_0258_16,normal,0,A,258,normal_0258,16,8793,8808,2022-07-12 00:32:47.371000,2022-07-12 00:32:48.871000,val
normal_0259_00,normal,0,A,259,normal_0259,0,8822,8837,2022-07-12 00:32:53.644000,2022-07-12 00:32:55.144000,cal
normal_0259_16,normal,0,A,259,normal_0259,16,8838,8853,2022-07-12 00:32:55.244000,2022-07-12 00:32:56.744000,cal
normal_0260_00,normal,0,A,260,normal_0260,0,8854,8869,2022-07-12 00:33:01.594000,2022-07-12 00:33:03.094000,val
normal_0261_00,normal,0,A,261,normal_0261,0,8873,8888,2022-07-12 00:33:09.576000,2022-07-12 00:33:11.076000,test
normal_0264_00,normal,0,A,264,normal_0264,0,8911,8926,2022-07-12 00:33:34.840000,2022-07-12 00:33:36.340000,val
normal_0264_16,normal,0,A,264,normal_0264,16,8927,8942,2022-07-12 00:33:36.440000,2022-07-12 00:33:37.940000,val
normal_0264_32,normal,0,A,264,normal_0264,32,8943,8958,2022-07-12 00:33:38.040000,2022-07-12 00:33:39.540000,val
normal_0265_00,normal,0,A,265,normal_0265,0,8961,8976,2022-07-12 00:33:41.534000,2022-07-12 00:33:43.034000,train
normal_0265_16,normal,0,A,265,normal_0265,16,8977,8992,2022-07-12 00:33:43.134000,2022-07-12 00:33:44.634000,train
normal_0265_32,normal,0,A,265,normal_0265,32,8993,9008,2022-07-12 00:33:44.734000,2022-07-12 00:33:46.234000,train
normal_0266_00,normal,0,A,266,normal_0266,0,9011,9026,2022-07-12 00:33:49.428000,2022-07-12 00:33:50.928000,train
normal_0266_16,normal,0,A,266,normal_0266,16,9027,9042,2022-07-12 00:33:51.028000,2022-07-12 00:33:52.528000,train
normal_0267_00,normal,0,A,267,normal_0267,0,9050,9065,2022-07-12 00:33:57.398000,2022-07-12 00:33:58.898000,test
normal_0270_00,normal,0,A,270,normal_0270,0,9095,9110,2022-07-12 00:34:15.359000,2022-07-12 00:34:16.859000,train
normal_0270_16,normal,0,A,270,normal_0270,16,9111,9126,2022-07-12 00:34:16.959000,2022-07-12 00:34:18.459000,train
normal_0270_32,normal,0,A,270,normal_0270,32,9127,9142,2022-07-12 00:34:18.559000,2022-07-12 00:34:20.059000,train
normal_0271_00,normal,0,A,271,normal_0271,0,9145,9160,2022-07-12 00:34:21.987000,2022-07-12 00:34:23.487000,train
normal_0271_16,normal,0,A,271,normal_0271,16,9161,9176,2022-07-12 00:34:23.587000,2022-07-12 00:34:25.087000,train
normal_0271_32,normal,0,A,271,normal_0271,32,9177,9192,2022-07-12 00:34:25.187000,2022-07-12 00:34:26.687000,train
normal_0272_00,normal,0,A,272,normal_0272,0,9195,9210,2022-07-12 00:34:29.244000,2022-07-12 00:34:30.744000,train
normal_0272_16,normal,0,A,272,normal_0272,16,9211,9226,2022-07-12 00:34:30.844000,2022-07-12 00:34:32.344000,train
normal_0273_00,normal,0,A,273,normal_0273,0,9238,9253,2022-07-12 00:34:37.168000,2022-07-12 00:34:38.668000,val
normal_0273_16,normal,0,A,273,normal_0273,16,9254,9269,2022-07-12 00:34:38.768000,2022-07-12 00:34:40.268000,val
normal_0274_00,normal,0,A,274,normal_0274,0,9283,9298,2022-07-12 00:34:45.928000,2022-07-12 00:34:47.428000,train
normal_0274_16,normal,0,A,274,normal_0274,16,9299,9314,2022-07-12 00:34:47.528000,2022-07-12 00:34:49.028000,train
normal_0274_32,normal,0,A,274,normal_0274,32,9315,9330,2022-07-12 00:34:49.128000,2022-07-12 00:34:50.628000,train
normal_0275_00,normal,0,A,275,normal_0275,0,9333,9348,2022-07-12 00:34:53.056000,2022-07-12 00:34:54.556000,val
normal_0275_16,normal,0,A,275,normal_0275,16,9349,9364,2022-07-12 00:34:54.656000,2022-07-12 00:34:56.156000,val
normal_0276_00,normal,0,A,276,normal_0276,0,9380,9395,2022-07-12 00:35:01.171000,2022-07-12 00:35:02.671000,train
normal_0276_16,normal,0,A,276,normal_0276,16,9396,9411,2022-07-12 00:35:02.771000,2022-07-12 00:35:04.271000,train
normal_0277_00,normal,0,A,277,normal_0277,0,9412,9427,2022-07-12 00:35:09.147000,2022-07-12 00:35:10.647000,val
normal_0280_00,normal,0,A,280,normal_0280,0,9449,9464,2022-07-12 00:35:34.214000,2022-07-12 00:35:35.714000,cal
normal_0280_16,normal,0,A,280,normal_0280,16,9465,9480,2022-07-12 00:35:35.814000,2022-07-12 00:35:37.314000,cal
normal_0280_32,normal,0,A,280,normal_0280,32,9481,9496,2022-07-12 00:35:37.414000,2022-07-12 00:35:38.914000,cal
normal_0281_00,normal,0,A,281,normal_0281,0,9499,9514,2022-07-12 00:35:41.235000,2022-07-12 00:35:42.735000,train
normal_0281_16,normal,0,A,281,normal_0281,16,9515,9530,2022-07-12 00:35:42.835000,2022-07-12 00:35:44.335000,train
normal_0281_32,normal,0,A,281,normal_0281,32,9531,9546,2022-07-12 00:35:44.435000,2022-07-12 00:35:45.935000,train
normal_0282_00,normal,0,A,282,normal_0282,0,9547,9562,2022-07-12 00:35:49.315000,2022-07-12 00:35:50.815000,cal
normal_0282_16,normal,0,A,282,normal_0282,16,9563,9578,2022-07-12 00:35:50.915000,2022-07-12 00:35:52.415000,cal
normal_0283_00,normal,0,A,283,normal_0283,0,9580,9595,2022-07-12 00:35:57.296000,2022-07-12 00:35:58.796000,cal
normal_0285_00,normal,0,A,285,normal_0285,0,9612,9627,2022-07-12 00:36:07.998000,2022-07-12 00:36:09.498000,train
normal_0285_16,normal,0,A,285,normal_0285,16,9628,9643,2022-07-12 00:36:09.598000,2022-07-12 00:36:11.098000,train
normal_0285_32,normal,0,A,285,normal_0285,32,9644,9659,2022-07-12 00:36:11.198000,2022-07-12 00:36:12.698000,train
normal_0286_00,normal,0,A,286,normal_0286,0,9662,9677,2022-07-12 00:36:14.644000,2022-07-12 00:36:16.144000,train
normal_0286_16,normal,0,A,286,normal_0286,16,9678,9693,2022-07-12 00:36:16.244000,2022-07-12 00:36:17.744000,train
normal_0286_32,normal,0,A,286,normal_0286,32,9694,9709,2022-07-12 00:36:17.844000,2022-07-12 00:36:19.344000,train
normal_0287_00,normal,0,A,287,normal_0287,0,9712,9727,2022-07-12 00:36:21.560000,2022-07-12 00:36:23.060000,val
normal_0287_16,normal,0,A,287,normal_0287,16,9728,9743,2022-07-12 00:36:23.160000,2022-07-12 00:36:24.660000,val
normal_0287_32,normal,0,A,287,normal_0287,32,9744,9759,2022-07-12 00:36:24.760000,2022-07-12 00:36:26.260000,val
normal_0288_00,normal,0,A,288,normal_0288,0,9762,9777,2022-07-12 00:36:29.468000,2022-07-12 00:36:30.968000,train
normal_0288_16,normal,0,A,288,normal_0288,16,9778,9793,2022-07-12 00:36:31.068000,2022-07-12 00:36:32.568000,train
normal_0289_00,normal,0,A,289,normal_0289,0,9798,9813,2022-07-12 00:36:37.428000,2022-07-12 00:36:38.928000,train
normal_0292_00,normal,0,A,292,normal_0292,0,9836,9851,2022-07-12 00:36:55.156000,2022-07-12 00:36:56.656000,train
normal_0292_16,normal,0,A,292,normal_0292,16,9852,9867,2022-07-12 00:36:56.756000,2022-07-12 00:36:58.256000,train
normal_0292_32,normal,0,A,292,normal_0292,32,9868,9883,2022-07-12 00:36:58.356000,2022-07-12 00:36:59.856000,train
normal_0293_00,normal,0,A,293,normal_0293,0,9886,9901,2022-07-12 00:37:02.032000,2022-07-12 00:37:03.532000,train
normal_0293_16,normal,0,A,293,normal_0293,16,9902,9917,2022-07-12 00:37:03.632000,2022-07-12 00:37:05.132000,train
normal_0293_32,normal,0,A,293,normal_0293,32,9918,9933,2022-07-12 00:37:05.232000,2022-07-12 00:37:06.732000,train
normal_0294_00,normal,0,A,294,normal_0294,0,9936,9951,2022-07-12 00:37:09.360000,2022-07-12 00:37:10.860000,train
normal_0294_16,normal,0,A,294,normal_0294,16,9952,9967,2022-07-12 00:37:10.960000,2022-07-12 00:37:12.460000,train
normal_0295_00,normal,0,A,295,normal_0295,0,9978,9993,2022-07-12 00:37:17.426000,2022-07-12 00:37:18.926000,train
normal_0296_00,normal,0,A,296,normal_0296,0,10007,10022,2022-07-12 00:37:25.356000,2022-07-12 00:37:26.856000,train
normal_0298_00,normal,0,A,298,normal_0298,0,10035,10050,2022-07-12 00:37:42.318000,2022-07-12 00:37:43.818000,train
normal_0298_16,normal,0,A,298,normal_0298,16,10051,10066,2022-07-12 00:37:43.918000,2022-07-12 00:37:45.418000,train
normal_0298_32,normal,0,A,298,normal_0298,32,10067,10082,2022-07-12 00:37:45.518000,2022-07-12 00:37:47.018000,train
normal_0299_00,normal,0,A,299,normal_0299,0,10085,10100,2022-07-12 00:37:49.246000,2022-07-12 00:37:50.746000,train
normal_0299_16,normal,0,A,299,normal_0299,16,10101,10116,2022-07-12 00:37:50.846000,2022-07-12 00:37:52.346000,train
normal_0299_32,normal,0,A,299,normal_0299,32,10117,10132,2022-07-12 00:37:52.446000,2022-07-12 00:37:53.946000,train
normal_0300_00,normal,0,A,300,normal_0300,0,10133,10148,2022-07-12 00:37:57.236000,2022-07-12 00:37:58.736000,test
normal_0300_16,normal,0,A,300,normal_0300,16,10149,10164,2022-07-12 00:37:58.836000,2022-07-12 00:38:00.336000,test
normal_0301_00,normal,0,A,301,normal_0301,0,10169,10184,2022-07-12 00:38:05.247000,2022-07-12 00:38:06.747000,train
normal_0303_00,normal,0,A,303,normal_0303,0,10198,10213,2022-07-12 00:38:22.496000,2022-07-12 00:38:23.996000,train
normal_0303_16,normal,0,A,303,normal_0303,16,10214,10229,2022-07-12 00:38:24.096000,2022-07-12 00:38:25.596000,train
normal_0303_32,normal,0,A,303,normal_0303,32,10230,10245,2022-07-12 00:38:25.696000,2022-07-12 00:38:27.196000,train
normal_0304_00,normal,0,A,304,normal_0304,0,10248,10263,2022-07-12 00:38:29.302000,2022-07-12 00:38:30.802000,test
normal_0304_16,normal,0,A,304,normal_0304,16,10264,10279,2022-07-12 00:38:30.902000,2022-07-12 00:38:32.402000,test
normal_0304_32,normal,0,A,304,normal_0304,32,10280,10295,2022-07-12 00:38:32.502000,2022-07-12 00:38:34.002000,test
normal_0305_00,normal,0,A,305,normal_0305,0,10298,10313,2022-07-12 00:38:37.296000,2022-07-12 00:38:38.796000,train
normal_0305_16,normal,0,A,305,normal_0305,16,10314,10329,2022-07-12 00:38:38.896000,2022-07-12 00:38:40.396000,train
normal_0306_00,normal,0,A,306,normal_0306,0,10336,10351,2022-07-12 00:38:45.418000,2022-07-12 00:38:46.918000,train
normal_0306_16,normal,0,A,306,normal_0306,16,10352,10367,2022-07-12 00:38:47.018000,2022-07-12 00:38:48.518000,train
normal_0307_00,normal,0,A,307,normal_0307,0,10371,10386,2022-07-12 00:38:53.456000,2022-07-12 00:38:54.956000,train
normal_0309_00,normal,0,A,309,normal_0309,0,10403,10418,2022-07-12 00:39:10.908000,2022-07-12 00:39:12.408000,train
normal_0309_16,normal,0,A,309,normal_0309,16,10419,10434,2022-07-12 00:39:12.508000,2022-07-12 00:39:14.008000,train
normal_0309_32,normal,0,A,309,normal_0309,32,10435,10450,2022-07-12 00:39:14.108000,2022-07-12 00:39:15.608000,train
normal_0310_00,normal,0,A,310,normal_0310,0,10453,10468,2022-07-12 00:39:17.687000,2022-07-12 00:39:19.187000,train
normal_0310_16,normal,0,A,310,normal_0310,16,10469,10484,2022-07-12 00:39:19.287000,2022-07-12 00:39:20.787000,train
normal_0310_32,normal,0,A,310,normal_0310,32,10485,10500,2022-07-12 00:39:20.887000,2022-07-12 00:39:22.387000,train
normal_0311_00,normal,0,A,311,normal_0311,0,10503,10518,2022-07-12 00:39:25.531000,2022-07-12 00:39:27.031000,train
normal_0311_16,normal,0,A,311,normal_0311,16,10519,10534,2022-07-12 00:39:27.131000,2022-07-12 00:39:28.631000,train
normal_0312_00,normal,0,A,312,normal_0312,0,10541,10556,2022-07-12 00:39:33.471000,2022-07-12 00:39:34.971000,train
normal_0313_00,normal,0,A,313,normal_0313,0,10565,10580,2022-07-12 00:39:41.284000,2022-07-12 00:39:42.784000,train
normal_0315_00,normal,0,A,315,normal_0315,0,10583,10598,2022-07-12 00:39:51.184000,2022-07-12 00:39:52.684000,train
normal_0315_16,normal,0,A,315,normal_0315,16,10599,10614,2022-07-12 00:39:52.784000,2022-07-12 00:39:54.284000,train
normal_0315_32,normal,0,A,315,normal_0315,32,10615,10630,2022-07-12 00:39:54.384000,2022-07-12 00:39:55.884000,train
normal_0316_00,normal,0,A,316,normal_0316,0,10633,10648,2022-07-12 00:39:57.839000,2022-07-12 00:39:59.339000,train
normal_0316_16,normal,0,A,316,normal_0316,16,10649,10664,2022-07-12 00:39:59.439000,2022-07-12 00:40:00.939000,train
normal_0316_32,normal,0,A,316,normal_0316,32,10665,10680,2022-07-12 00:40:01.039000,2022-07-12 00:40:02.539000,train
normal_0317_00,normal,0,A,317,normal_0317,0,10683,10698,2022-07-12 00:40:05.260000,2022-07-12 00:40:06.760000,val
normal_0317_16,normal,0,A,317,normal_0317,16,10699,10714,2022-07-12 00:40:06.860000,2022-07-12 00:40:08.360000,val
normal_0318_00,normal,0,A,318,normal_0318,0,10725,10740,2022-07-12 00:40:13.200000,2022-07-12 00:40:14.700000,train
normal_0319_00,normal,0,A,319,normal_0319,0,10756,10771,2022-07-12 00:40:21.200000,2022-07-12 00:40:22.700000,train
normal_0322_00,normal,0,A,322,normal_0322,0,10778,10793,2022-07-12 00:40:39.236000,2022-07-12 00:40:40.736000,train
normal_0322_16,normal,0,A,322,normal_0322,16,10794,10809,2022-07-12 00:40:40.836000,2022-07-12 00:40:42.336000,train
normal_0322_32,normal,0,A,322,normal_0322,32,10810,10825,2022-07-12 00:40:42.436000,2022-07-12 00:40:43.936000,train
normal_0323_00,normal,0,A,323,normal_0323,0,10828,10843,2022-07-12 00:40:45.865000,2022-07-12 00:40:47.365000,train
normal_0323_16,normal,0,A,323,normal_0323,16,10844,10859,2022-07-12 00:40:47.465000,2022-07-12 00:40:48.965000,train
normal_0323_32,normal,0,A,323,normal_0323,32,10860,10875,2022-07-12 00:40:49.065000,2022-07-12 00:40:50.565000,train
normal_0324_00,normal,0,A,324,normal_0324,0,10878,10893,2022-07-12 00:40:53.176000,2022-07-12 00:40:54.676000,train
normal_0324_16,normal,0,A,324,normal_0324,16,10894,10909,2022-07-12 00:40:54.776000,2022-07-12 00:40:56.276000,train
normal_0325_00,normal,0,A,325,normal_0325,0,10922,10937,2022-07-12 00:41:01.166000,2022-07-12 00:41:02.666000,train
normal_0326_00,normal,0,A,326,normal_0326,0,10952,10967,2022-07-12 00:41:09.181000,2022-07-12 00:41:10.681000,train
normal_0328_00,normal,0,A,328,normal_0328,0,10974,10989,2022-07-12 00:41:19.199000,2022-07-12 00:41:20.699000,train
normal_0328_16,normal,0,A,328,normal_0328,16,10990,11005,2022-07-12 00:41:20.799000,2022-07-12 00:41:22.299000,train
normal_0328_32,normal,0,A,328,normal_0328,32,11006,11021,2022-07-12 00:41:22.399000,2022-07-12 00:41:23.899000,train
normal_0329_00,normal,0,A,329,normal_0329,0,11024,11039,2022-07-12 00:41:25.865000,2022-07-12 00:41:27.365000,train
normal_0329_16,normal,0,A,329,normal_0329,16,11040,11055,2022-07-12 00:41:27.465000,2022-07-12 00:41:28.965000,train
normal_0329_32,normal,0,A,329,normal_0329,32,11056,11071,2022-07-12 00:41:29.065000,2022-07-12 00:41:30.565000,train
normal_0330_00,normal,0,A,330,normal_0330,0,11074,11089,2022-07-12 00:41:33.240000,2022-07-12 00:41:34.740000,val
normal_0330_16,normal,0,A,330,normal_0330,16,11090,11105,2022-07-12 00:41:34.840000,2022-07-12 00:41:36.340000,val
normal_0331_00,normal,0,A,331,normal_0331,0,11116,11131,2022-07-12 00:41:41.292000,2022-07-12 00:41:42.792000,train
normal_0334_00,normal,0,A,334,normal_0334,0,11162,11177,2022-07-12 00:42:06.134000,2022-07-12 00:42:07.634000,val
normal_0334_16,normal,0,A,334,normal_0334,16,11178,11193,2022-07-12 00:42:07.734000,2022-07-12 00:42:09.234000,val
normal_0334_32,normal,0,A,334,normal_0334,32,11194,11209,2022-07-12 00:42:09.334000,2022-07-12 00:42:10.834000,val
normal_0335_00,normal,0,A,335,normal_0335,0,11212,11227,2022-07-12 00:42:13.314000,2022-07-12 00:42:14.814000,train
normal_0335_16,normal,0,A,335,normal_0335,16,11228,11243,2022-07-12 00:42:14.914000,2022-07-12 00:42:16.414000,train
normal_0336_00,normal,0,A,336,normal_0336,0,11257,11272,2022-07-12 00:42:21.316000,2022-07-12 00:42:22.816000,train
normal_0336_16,normal,0,A,336,normal_0336,16,11273,11288,2022-07-12 00:42:22.916000,2022-07-12 00:42:24.416000,train
normal_0337_00,normal,0,A,337,normal_0337,0,11291,11306,2022-07-12 00:42:29.388000,2022-07-12 00:42:30.888000,val
normal_0337_16,normal,0,A,337,normal_0337,16,11307,11322,2022-07-12 00:42:30.988000,2022-07-12 00:42:32.488000,val
normal_0338_00,normal,0,A,338,normal_0338,0,11323,11338,2022-07-12 00:42:37.291000,2022-07-12 00:42:38.791000,test
normal_0340_00,normal,0,A,340,normal_0340,0,11349,11364,2022-07-12 00:42:47.528000,2022-07-12 00:42:49.028000,train
normal_0340_16,normal,0,A,340,normal_0340,16,11365,11380,2022-07-12 00:42:49.128000,2022-07-12 00:42:50.628000,train
normal_0340_32,normal,0,A,340,normal_0340,32,11381,11396,2022-07-12 00:42:50.728000,2022-07-12 00:42:52.228000,train
normal_0341_00,normal,0,A,341,normal_0341,0,11399,11414,2022-07-12 00:42:54.375000,2022-07-12 00:42:55.875000,train
normal_0341_16,normal,0,A,341,normal_0341,16,11415,11430,2022-07-12 00:42:55.975000,2022-07-12 00:42:57.475000,train
normal_0341_32,normal,0,A,341,normal_0341,32,11431,11446,2022-07-12 00:42:57.575000,2022-07-12 00:42:59.075000,train
normal_0342_00,normal,0,A,342,normal_0342,0,11449,11464,2022-07-12 00:43:01.514000,2022-07-12 00:43:03.014000,train
normal_0342_16,normal,0,A,342,normal_0342,16,11465,11480,2022-07-12 00:43:03.114000,2022-07-12 00:43:04.614000,train
normal_0343_00,normal,0,A,343,normal_0343,0,11494,11509,2022-07-12 00:43:09.436000,2022-07-12 00:43:10.936000,train
normal_0343_16,normal,0,A,343,normal_0343,16,11510,11525,2022-07-12 00:43:11.036000,2022-07-12 00:43:12.536000,train
normal_0344_00,normal,0,A,344,normal_0344,0,11528,11543,2022-07-12 00:43:17.444000,2022-07-12 00:43:18.944000,test
normal_0347_00,normal,0,A,347,normal_0347,0,11566,11581,2022-07-12 00:43:35.064000,2022-07-12 00:43:36.564000,train
normal_0347_16,normal,0,A,347,normal_0347,16,11582,11597,2022-07-12 00:43:36.664000,2022-07-12 00:43:38.164000,train
normal_0347_32,normal,0,A,347,normal_0347,32,11598,11613,2022-07-12 00:43:38.264000,2022-07-12 00:43:39.764000,train
normal_0348_00,normal,0,A,348,normal_0348,0,11616,11631,2022-07-12 00:43:41.601000,2022-07-12 00:43:43.101000,cal
normal_0348_16,normal,0,A,348,normal_0348,16,11632,11647,2022-07-12 00:43:43.201000,2022-07-12 00:43:44.701000,cal
normal_0348_32,normal,0,A,348,normal_0348,32,11648,11663,2022-07-12 00:43:44.801000,2022-07-12 00:43:46.301000,cal
normal_0349_00,normal,0,A,349,normal_0349,0,11666,11681,2022-07-12 00:43:49.346000,2022-07-12 00:43:50.846000,test
normal_0349_16,normal,0,A,349,normal_0349,16,11682,11697,2022-07-12 00:43:50.946000,2022-07-12 00:43:52.446000,test
normal_0350_00,normal,0,A,350,normal_0350,0,11707,11722,2022-07-12 00:43:57.268000,2022-07-12 00:43:58.768000,train
normal_0351_00,normal,0,A,351,normal_0351,0,11735,11750,2022-07-12 00:44:05.295000,2022-07-12 00:44:06.795000,cal
normal_0353_00,normal,0,A,353,normal_0353,0,11758,11773,2022-07-12 00:44:15.484000,2022-07-12 00:44:16.984000,val
normal_0353_16,normal,0,A,353,normal_0353,16,11774,11789,2022-07-12 00:44:17.084000,2022-07-12 00:44:18.584000,val
normal_0353_32,normal,0,A,353,normal_0353,32,11790,11805,2022-07-12 00:44:18.684000,2022-07-12 00:44:20.184000,val
normal_0354_00,normal,0,A,354,normal_0354,0,11808,11823,2022-07-12 00:44:22.158000,2022-07-12 00:44:23.658000,test
normal_0354_16,normal,0,A,354,normal_0354,16,11824,11839,2022-07-12 00:44:23.758000,2022-07-12 00:44:25.258000,test
normal_0354_32,normal,0,A,354,normal_0354,32,11840,11855,2022-07-12 00:44:25.358000,2022-07-12 00:44:26.858000,test
normal_0355_00,normal,0,A,355,normal_0355,0,11858,11873,2022-07-12 00:44:29.332000,2022-07-12 00:44:30.832000,train
normal_0355_16,normal,0,A,355,normal_0355,16,11874,11889,2022-07-12 00:44:30.932000,2022-07-12 00:44:32.432000,train
normal_0356_00,normal,0,A,356,normal_0356,0,11904,11919,2022-07-12 00:44:37.312000,2022-07-12 00:44:38.812000,train
normal_0356_16,normal,0,A,356,normal_0356,16,11920,11935,2022-07-12 00:44:38.912000,2022-07-12 00:44:40.412000,train
normal_0357_00,normal,0,A,357,normal_0357,0,11936,11951,2022-07-12 00:44:45.286000,2022-07-12 00:44:46.786000,train
normal_0359_00,normal,0,A,359,normal_0359,0,11963,11978,2022-07-12 00:45:02.356000,2022-07-12 00:45:03.856000,train
normal_0359_16,normal,0,A,359,normal_0359,16,11979,11994,2022-07-12 00:45:03.956000,2022-07-12 00:45:05.456000,train
normal_0359_32,normal,0,A,359,normal_0359,32,11995,12010,2022-07-12 00:45:05.556000,2022-07-12 00:45:07.056000,train
normal_0360_00,normal,0,A,360,normal_0360,0,12013,12028,2022-07-12 00:45:10.440000,2022-07-12 00:45:11.940000,train
normal_0360_16,normal,0,A,360,normal_0360,16,12029,12044,2022-07-12 00:45:12.040000,2022-07-12 00:45:13.540000,train
normal_0360_32,normal,0,A,360,normal_0360,32,12045,12060,2022-07-12 00:45:13.640000,2022-07-12 00:45:15.140000,train
normal_0361_00,normal,0,A,361,normal_0361,0,12063,12078,2022-07-12 00:45:17.244000,2022-07-12 00:45:18.744000,train
normal_0361_16,normal,0,A,361,normal_0361,16,12079,12094,2022-07-12 00:45:18.844000,2022-07-12 00:45:20.344000,train
normal_0361_32,normal,0,A,361,normal_0361,32,12095,12110,2022-07-12 00:45:20.444000,2022-07-12 00:45:21.944000,train
normal_0362_00,normal,0,A,362,normal_0362,0,12113,12128,2022-07-12 00:45:25.336000,2022-07-12 00:45:26.836000,test
normal_0362_16,normal,0,A,362,normal_0362,16,12129,12144,2022-07-12 00:45:26.936000,2022-07-12 00:45:28.436000,test
normal_0363_00,normal,0,A,363,normal_0363,0,12147,12162,2022-07-12 00:45:33.352000,2022-07-12 00:45:34.852000,test
normal_0365_00,normal,0,A,365,normal_0365,0,12177,12192,2022-07-12 00:45:50.892000,2022-07-12 00:45:52.392000,train
normal_0365_16,normal,0,A,365,normal_0365,16,12193,12208,2022-07-12 00:45:52.492000,2022-07-12 00:45:53.992000,train
normal_0365_32,normal,0,A,365,normal_0365,32,12209,12224,2022-07-12 00:45:54.092000,2022-07-12 00:45:55.592000,train
normal_0366_00,normal,0,A,366,normal_0366,0,12227,12242,2022-07-12 00:45:57.561000,2022-07-12 00:45:59.061000,val
normal_0366_16,normal,0,A,366,normal_0366,16,12243,12258,2022-07-12 00:45:59.161000,2022-07-12 00:46:00.661000,val
normal_0366_32,normal,0,A,366,normal_0366,32,12259,12274,2022-07-12 00:46:00.761000,2022-07-12 00:46:02.261000,val
normal_0367_00,normal,0,A,367,normal_0367,0,12277,12292,2022-07-12 00:46:05.548000,2022-07-12 00:46:07.048000,test
normal_0367_16,normal,0,A,367,normal_0367,16,12293,12308,2022-07-12 00:46:07.148000,2022-07-12 00:46:08.648000,test
normal_0368_00,normal,0,A,368,normal_0368,0,12314,12329,2022-07-12 00:46:13.485000,2022-07-12 00:46:14.985000,train
normal_0371_00,normal,0,A,371,normal_0371,0,12357,12372,2022-07-12 00:46:31.584000,2022-07-12 00:46:33.084000,train
normal_0371_16,normal,0,A,371,normal_0371,16,12373,12388,2022-07-12 00:46:33.184000,2022-07-12 00:46:34.684000,train
normal_0371_32,normal,0,A,371,normal_0371,32,12389,12404,2022-07-12 00:46:34.784000,2022-07-12 00:46:36.284000,train
normal_0372_00,normal,0,A,372,normal_0372,0,12407,12422,2022-07-12 00:46:38.256000,2022-07-12 00:46:39.756000,train
normal_0372_16,normal,0,A,372,normal_0372,16,12423,12438,2022-07-12 00:46:39.856000,2022-07-12 00:46:41.356000,train
normal_0372_32,normal,0,A,372,normal_0372,32,12439,12454,2022-07-12 00:46:41.456000,2022-07-12 00:46:42.956000,train
normal_0373_00,normal,0,A,373,normal_0373,0,12457,12472,2022-07-12 00:46:45.658000,2022-07-12 00:46:47.158000,train
normal_0373_16,normal,0,A,373,normal_0373,16,12473,12488,2022-07-12 00:46:47.258000,2022-07-12 00:46:48.758000,train
normal_0374_00,normal,0,A,374,normal_0374,0,12500,12515,2022-07-12 00:46:53.743000,2022-07-12 00:46:55.243000,train
normal_0375_00,normal,0,A,375,normal_0375,0,12530,12545,2022-07-12 00:47:01.644000,2022-07-12 00:47:03.144000,test
normal_0377_00,normal,0,A,377,normal_0377,0,12557,12572,2022-07-12 00:47:11.896000,2022-07-12 00:47:13.396000,test
normal_0377_16,normal,0,A,377,normal_0377,16,12573,12588,2022-07-12 00:47:13.496000,2022-07-12 00:47:14.996000,test
normal_0377_32,normal,0,A,377,normal_0377,32,12589,12604,2022-07-12 00:47:15.096000,2022-07-12 00:47:16.596000,test
normal_0378_00,normal,0,A,378,normal_0378,0,12607,12622,2022-07-12 00:47:18.491000,2022-07-12 00:47:19.991000,train
normal_0378_16,normal,0,A,378,normal_0378,16,12623,12638,2022-07-12 00:47:20.091000,2022-07-12 00:47:21.591000,train
normal_0378_32,normal,0,A,378,normal_0378,32,12639,12654,2022-07-12 00:47:21.691000,2022-07-12 00:47:23.191000,train
normal_0379_00,normal,0,A,379,normal_0379,0,12657,12672,2022-07-12 00:47:25.788000,2022-07-12 00:47:27.288000,train
normal_0379_16,normal,0,A,379,normal_0379,16,12673,12688,2022-07-12 00:47:27.388000,2022-07-12 00:47:28.888000,train
normal_0380_00,normal,0,A,380,normal_0380,0,12700,12715,2022-07-12 00:47:33.787000,2022-07-12 00:47:35.287000,test
normal_0383_00,normal,0,A,383,normal_0383,0,12743,12758,2022-07-12 00:47:59.731000,2022-07-12 00:48:01.231000,cal
normal_0383_16,normal,0,A,383,normal_0383,16,12759,12774,2022-07-12 00:48:01.331000,2022-07-12 00:48:02.831000,cal
normal_0383_32,normal,0,A,383,normal_0383,32,12775,12790,2022-07-12 00:48:02.931000,2022-07-12 00:48:04.431000,cal
normal_0384_00,normal,0,A,384,normal_0384,0,12793,12808,2022-07-12 00:48:06.559000,2022-07-12 00:48:08.059000,train
normal_0384_16,normal,0,A,384,normal_0384,16,12809,12824,2022-07-12 00:48:08.159000,2022-07-12 00:48:09.659000,train
normal_0384_32,normal,0,A,384,normal_0384,32,12825,12840,2022-07-12 00:48:09.759000,2022-07-12 00:48:11.259000,train
normal_0385_00,normal,0,A,385,normal_0385,0,12843,12858,2022-07-12 00:48:14.176000,2022-07-12 00:48:15.676000,test
normal_0385_16,normal,0,A,385,normal_0385,16,12859,12874,2022-07-12 00:48:15.776000,2022-07-12 00:48:17.276000,test
normal_0386_00,normal,0,A,386,normal_0386,0,12883,12898,2022-07-12 00:48:22.150000,2022-07-12 00:48:23.650000,train
normal_0387_00,normal,0,A,387,normal_0387,0,12911,12926,2022-07-12 00:48:30.056000,2022-07-12 00:48:31.556000,train
normal_0389_00,normal,0,A,389,normal_0389,0,12932,12947,2022-07-12 00:48:40.145000,2022-07-12 00:48:41.645000,train
normal_0389_16,normal,0,A,389,normal_0389,16,12948,12963,2022-07-12 00:48:41.745000,2022-07-12 00:48:43.245000,train
normal_0389_32,normal,0,A,389,normal_0389,32,12964,12979,2022-07-12 00:48:43.345000,2022-07-12 00:48:44.845000,train
normal_0390_00,normal,0,A,390,normal_0390,0,12982,12997,2022-07-12 00:48:46.796000,2022-07-12 00:48:48.296000,train
normal_0390_16,normal,0,A,390,normal_0390,16,12998,13013,2022-07-12 00:48:48.396000,2022-07-12 00:48:49.896000,train
normal_0390_32,normal,0,A,390,normal_0390,32,13014,13029,2022-07-12 00:48:49.996000,2022-07-12 00:48:51.496000,train
normal_0391_00,normal,0,A,391,normal_0391,0,13032,13047,2022-07-12 00:48:54.584000,2022-07-12 00:48:56.084000,train
normal_0391_16,normal,0,A,391,normal_0391,16,13048,13063,2022-07-12 00:48:56.184000,2022-07-12 00:48:57.684000,train
normal_0392_00,normal,0,A,392,normal_0392,0,13071,13086,2022-07-12 00:49:02.714000,2022-07-12 00:49:04.214000,test
normal_0395_00,normal,0,A,395,normal_0395,0,13111,13126,2022-07-12 00:49:27.367000,2022-07-12 00:49:28.867000,val
normal_0395_16,normal,0,A,395,normal_0395,16,13127,13142,2022-07-12 00:49:28.967000,2022-07-12 00:49:30.467000,val
normal_0395_32,normal,0,A,395,normal_0395,32,13143,13158,2022-07-12 00:49:30.567000,2022-07-12 00:49:32.067000,val
normal_0396_00,normal,0,A,396,normal_0396,0,13161,13176,2022-07-12 00:49:34.708000,2022-07-12 00:49:36.208000,train
normal_0396_16,normal,0,A,396,normal_0396,16,13177,13192,2022-07-12 00:49:36.308000,2022-07-12 00:49:37.808000,train
normal_0397_00,normal,0,A,397,normal_0397,0,13205,13220,2022-07-12 00:49:42.699000,2022-07-12 00:49:44.199000,train
normal_0397_16,normal,0,A,397,normal_0397,16,13221,13236,2022-07-12 00:49:44.299000,2022-07-12 00:49:45.799000,train
normal_0398_00,normal,0,A,398,normal_0398,0,13237,13252,2022-07-12 00:49:50.587000,2022-07-12 00:49:52.087000,test
normal_0400_00,normal,0,A,400,normal_0400,0,13266,13281,2022-07-12 00:50:15.827000,2022-07-12 00:50:17.327000,test
normal_0400_16,normal,0,A,400,normal_0400,16,13282,13297,2022-07-12 00:50:17.427000,2022-07-12 00:50:18.927000,test
normal_0400_32,normal,0,A,400,normal_0400,32,13298,13313,2022-07-12 00:50:19.027000,2022-07-12 00:50:20.527000,test
normal_0401_00,normal,0,A,401,normal_0401,0,13316,13331,2022-07-12 00:50:22.836000,2022-07-12 00:50:24.336000,train
normal_0401_16,normal,0,A,401,normal_0401,16,13332,13347,2022-07-12 00:50:24.436000,2022-07-12 00:50:25.936000,train
normal_0402_00,normal,0,A,402,normal_0402,0,13362,13377,2022-07-12 00:50:30.952000,2022-07-12 00:50:32.452000,test
normal_0402_16,normal,0,A,402,normal_0402,16,13378,13393,2022-07-12 00:50:32.552000,2022-07-12 00:50:34.052000,test
normal_0403_00,normal,0,A,403,normal_0403,0,13396,13411,2022-07-12 00:50:38.906000,2022-07-12 00:50:40.406000,test
normal_0405_00,normal,0,A,405,normal_0405,0,13429,13444,2022-07-12 00:50:56.424000,2022-07-12 00:50:57.924000,train
normal_0405_16,normal,0,A,405,normal_0405,16,13445,13460,2022-07-12 00:50:58.024000,2022-07-12 00:50:59.524000,train
normal_0405_32,normal,0,A,405,normal_0405,32,13461,13476,2022-07-12 00:50:59.624000,2022-07-12 00:51:01.124000,train
normal_0406_00,normal,0,A,406,normal_0406,0,13479,13494,2022-07-12 00:51:03.048000,2022-07-12 00:51:04.548000,train
normal_0406_16,normal,0,A,406,normal_0406,16,13495,13510,2022-07-12 00:51:04.648000,2022-07-12 00:51:06.148000,train
normal_0406_32,normal,0,A,406,normal_0406,32,13511,13526,2022-07-12 00:51:06.248000,2022-07-12 00:51:07.748000,train
normal_0407_00,normal,0,A,407,normal_0407,0,13529,13544,2022-07-12 00:51:10.863000,2022-07-12 00:51:12.363000,test
normal_0407_16,normal,0,A,407,normal_0407,16,13545,13560,2022-07-12 00:51:12.463000,2022-07-12 00:51:13.963000,test
normal_0408_00,normal,0,A,408,normal_0408,0,13567,13582,2022-07-12 00:51:18.948000,2022-07-12 00:51:20.448000,train
normal_0410_00,normal,0,A,410,normal_0410,0,13605,13620,2022-07-12 00:51:36.856000,2022-07-12 00:51:38.356000,cal
normal_0410_16,normal,0,A,410,normal_0410,16,13621,13636,2022-07-12 00:51:38.456000,2022-07-12 00:51:39.956000,cal
normal_0410_32,normal,0,A,410,normal_0410,32,13637,13652,2022-07-12 00:51:40.056000,2022-07-12 00:51:41.556000,cal
normal_0411_00,normal,0,A,411,normal_0411,0,13655,13670,2022-07-12 00:51:43.448000,2022-07-12 00:51:44.948000,train
normal_0411_16,normal,0,A,411,normal_0411,16,13671,13686,2022-07-12 00:51:45.048000,2022-07-12 00:51:46.548000,train
normal_0411_32,normal,0,A,411,normal_0411,32,13687,13702,2022-07-12 00:51:46.648000,2022-07-12 00:51:48.148000,train
normal_0412_00,normal,0,A,412,normal_0412,0,13705,13720,2022-07-12 00:51:51.236000,2022-07-12 00:51:52.736000,train
normal_0412_16,normal,0,A,412,normal_0412,16,13721,13736,2022-07-12 00:51:52.836000,2022-07-12 00:51:54.336000,train
normal_0413_00,normal,0,A,413,normal_0413,0,13745,13760,2022-07-12 00:51:59.201000,2022-07-12 00:52:00.701000,test
normal_0417_00,normal,0,A,417,normal_0417,0,13803,13818,2022-07-12 00:52:32.972000,2022-07-12 00:52:34.472000,cal
normal_0417_16,normal,0,A,417,normal_0417,16,13819,13834,2022-07-12 00:52:34.572000,2022-07-12 00:52:36.072000,cal
normal_0417_32,normal,0,A,417,normal_0417,32,13835,13850,2022-07-12 00:52:36.172000,2022-07-12 00:52:37.672000,cal
normal_0418_00,normal,0,A,418,normal_0418,0,13853,13868,2022-07-12 00:52:39.609000,2022-07-12 00:52:41.109000,train
normal_0418_16,normal,0,A,418,normal_0418,16,13869,13884,2022-07-12 00:52:41.209000,2022-07-12 00:52:42.709000,train
normal_0418_32,normal,0,A,418,normal_0418,32,13885,13900,2022-07-12 00:52:42.809000,2022-07-12 00:52:44.309000,train
normal_0419_00,normal,0,A,419,normal_0419,0,13903,13918,2022-07-12 00:52:47.696000,2022-07-12 00:52:49.196000,train
normal_0419_16,normal,0,A,419,normal_0419,16,13919,13934,2022-07-12 00:52:49.296000,2022-07-12 00:52:50.796000,train
normal_0420_00,normal,0,A,420,normal_0420,0,13941,13956,2022-07-12 00:52:55.616000,2022-07-12 00:52:57.116000,train
normal_0422_00,normal,0,A,422,normal_0422,0,13974,13989,2022-07-12 00:53:13.056000,2022-07-12 00:53:14.556000,val
normal_0422_16,normal,0,A,422,normal_0422,16,13990,14005,2022-07-12 00:53:14.656000,2022-07-12 00:53:16.156000,val
normal_0422_32,normal,0,A,422,normal_0422,32,14006,14021,2022-07-12 00:53:16.256000,2022-07-12 00:53:17.756000,val
normal_0423_00,normal,0,A,423,normal_0423,0,14024,14039,2022-07-12 00:53:19.759000,2022-07-12 00:53:21.259000,train
normal_0423_16,normal,0,A,423,normal_0423,16,14040,14055,2022-07-12 00:53:21.359000,2022-07-12 00:53:22.859000,train
normal_0423_32,normal,0,A,423,normal_0423,32,14056,14071,2022-07-12 00:53:22.959000,2022-07-12 00:53:24.459000,train
normal_0424_00,normal,0,A,424,normal_0424,0,14073,14088,2022-07-12 00:53:27.876000,2022-07-12 00:53:29.376000,train
normal_0424_16,normal,0,A,424,normal_0424,16,14089,14104,2022-07-12 00:53:29.476000,2022-07-12 00:53:30.976000,train
normal_0425_00,normal,0,A,425,normal_0425,0,14109,14124,2022-07-12 00:53:35.908000,2022-07-12 00:53:37.408000,test
normal_0427_00,normal,0,A,427,normal_0427,0,14144,14159,2022-07-12 00:53:53.254000,2022-07-12 00:53:54.754000,val
normal_0427_16,normal,0,A,427,normal_0427,16,14160,14175,2022-07-12 00:53:54.854000,2022-07-12 00:53:56.354000,val
normal_0427_32,normal,0,A,427,normal_0427,32,14176,14191,2022-07-12 00:53:56.454000,2022-07-12 00:53:57.954000,val
normal_0428_00,normal,0,A,428,normal_0428,0,14194,14209,2022-07-12 00:54:00.003000,2022-07-12 00:54:01.503000,cal
normal_0428_16,normal,0,A,428,normal_0428,16,14210,14225,2022-07-12 00:54:01.603000,2022-07-12 00:54:03.103000,cal
normal_0428_32,normal,0,A,428,normal_0428,32,14226,14241,2022-07-12 00:54:03.203000,2022-07-12 00:54:04.703000,cal
normal_0429_00,normal,0,A,429,normal_0429,0,14244,14259,2022-07-12 00:54:07.775000,2022-07-12 00:54:09.275000,val
normal_0429_16,normal,0,A,429,normal_0429,16,14260,14275,2022-07-12 00:54:09.375000,2022-07-12 00:54:10.875000,val
normal_0430_00,normal,0,A,430,normal_0430,0,14283,14298,2022-07-12 00:54:15.782000,2022-07-12 00:54:17.282000,train
normal_0431_00,normal,0,A,431,normal_0431,0,14311,14326,2022-07-12 00:54:23.963000,2022-07-12 00:54:25.463000,train
normal_0433_00,normal,0,A,433,normal_0433,0,14347,14362,2022-07-12 00:54:41.336000,2022-07-12 00:54:42.836000,val
normal_0433_16,normal,0,A,433,normal_0433,16,14363,14378,2022-07-12 00:54:42.936000,2022-07-12 00:54:44.436000,val
normal_0433_32,normal,0,A,433,normal_0433,32,14379,14394,2022-07-12 00:54:44.536000,2022-07-12 00:54:46.036000,val
normal_0434_00,normal,0,A,434,normal_0434,0,14397,14412,2022-07-12 00:54:48.044000,2022-07-12 00:54:49.544000,train
normal_0434_16,normal,0,A,434,normal_0434,16,14413,14428,2022-07-12 00:54:49.644000,2022-07-12 00:54:51.144000,train
normal_0434_32,normal,0,A,434,normal_0434,32,14429,14444,2022-07-12 00:54:51.244000,2022-07-12 00:54:52.744000,train
normal_0435_00,normal,0,A,435,normal_0435,0,14446,14461,2022-07-12 00:54:56.093000,2022-07-12 00:54:57.593000,train
normal_0435_16,normal,0,A,435,normal_0435,16,14462,14477,2022-07-12 00:54:57.693000,2022-07-12 00:54:59.193000,train
normal_0436_00,normal,0,A,436,normal_0436,0,14481,14496,2022-07-12 00:55:04.088000,2022-07-12 00:55:05.588000,train
normal_0438_00,normal,0,A,438,normal_0438,0,14513,14528,2022-07-12 00:55:21.168000,2022-07-12 00:55:22.668000,cal
normal_0438_16,normal,0,A,438,normal_0438,16,14529,14544,2022-07-12 00:55:22.768000,2022-07-12 00:55:24.268000,cal
normal_0438_32,normal,0,A,438,normal_0438,32,14545,14560,2022-07-12 00:55:24.368000,2022-07-12 00:55:25.868000,cal
normal_0439_00,normal,0,A,439,normal_0439,0,14563,14578,2022-07-12 00:55:28.258000,2022-07-12 00:55:29.758000,val
normal_0439_16,normal,0,A,439,normal_0439,16,14579,14594,2022-07-12 00:55:29.858000,2022-07-12 00:55:31.358000,val
normal_0439_32,normal,0,A,439,normal_0439,32,14595,14610,2022-07-12 00:55:31.458000,2022-07-12 00:55:32.958000,val
normal_0440_00,normal,0,A,440,normal_0440,0,14612,14627,2022-07-12 00:55:36.468000,2022-07-12 00:55:37.968000,train
normal_0440_16,normal,0,A,440,normal_0440,16,14628,14643,2022-07-12 00:55:38.068000,2022-07-12 00:55:39.568000,train
normal_0441_00,normal,0,A,441,normal_0441,0,14646,14661,2022-07-12 00:55:44.751000,2022-07-12 00:55:46.251000,train
normal_0443_00,normal,0,A,443,normal_0443,0,14667,14682,2022-07-12 00:56:02.752000,2022-07-12 00:56:04.252000,train
normal_0443_16,normal,0,A,443,normal_0443,16,14683,14698,2022-07-12 00:56:04.352000,2022-07-12 00:56:05.852000,train
normal_0443_32,normal,0,A,443,normal_0443,32,14699,14714,2022-07-12 00:56:05.952000,2022-07-12 00:56:07.452000,train
normal_0444_00,normal,0,A,444,normal_0444,0,14717,14732,2022-07-12 00:56:09.664000,2022-07-12 00:56:11.164000,val
normal_0444_16,normal,0,A,444,normal_0444,16,14733,14748,2022-07-12 00:56:11.264000,2022-07-12 00:56:12.764000,val
normal_0444_32,normal,0,A,444,normal_0444,32,14749,14764,2022-07-12 00:56:12.864000,2022-07-12 00:56:14.364000,val
normal_0445_00,normal,0,A,445,normal_0445,0,14767,14782,2022-07-12 00:56:16.827000,2022-07-12 00:56:18.327000,train
normal_0445_16,normal,0,A,445,normal_0445,16,14783,14798,2022-07-12 00:56:18.427000,2022-07-12 00:56:19.927000,train
normal_0446_00,normal,0,A,446,normal_0446,0,14811,14826,2022-07-12 00:56:24.832000,2022-07-12 00:56:26.332000,train
normal_0447_00,normal,0,A,447,normal_0447,0,14842,14857,2022-07-12 00:56:32.839000,2022-07-12 00:56:34.339000,train
normal_0449_00,normal,0,A,449,normal_0449,0,14870,14885,2022-07-12 00:56:49.884000,2022-07-12 00:56:51.384000,val
normal_0449_16,normal,0,A,449,normal_0449,16,14886,14901,2022-07-12 00:56:51.484000,2022-07-12 00:56:52.984000,val
normal_0449_32,normal,0,A,449,normal_0449,32,14902,14917,2022-07-12 00:56:53.084000,2022-07-12 00:56:54.584000,val
normal_0450_00,normal,0,A,450,normal_0450,0,14920,14935,2022-07-12 00:56:56.793000,2022-07-12 00:56:58.293000,test
normal_0450_16,normal,0,A,450,normal_0450,16,14936,14951,2022-07-12 00:56:58.393000,2022-07-12 00:56:59.893000,test
normal_0450_32,normal,0,A,450,normal_0450,32,14952,14967,2022-07-12 00:56:59.993000,2022-07-12 00:57:01.493000,test
normal_0451_00,normal,0,A,451,normal_0451,0,14968,14983,2022-07-12 00:57:04.747000,2022-07-12 00:57:06.247000,val
normal_0451_16,normal,0,A,451,normal_0451,16,14984,14999,2022-07-12 00:57:06.347000,2022-07-12 00:57:07.847000,val
normal_0452_00,normal,0,A,452,normal_0452,0,15005,15020,2022-07-12 00:57:12.712000,2022-07-12 00:57:14.212000,train
normal_0454_00,normal,0,A,454,normal_0454,0,15040,15055,2022-07-12 00:57:30.180000,2022-07-12 00:57:31.680000,train
normal_0454_16,normal,0,A,454,normal_0454,16,15056,15071,2022-07-12 00:57:31.780000,2022-07-12 00:57:33.280000,train
normal_0454_32,normal,0,A,454,normal_0454,32,15072,15087,2022-07-12 00:57:33.380000,2022-07-12 00:57:34.880000,train
normal_0455_00,normal,0,A,455,normal_0455,0,15090,15105,2022-07-12 00:57:36.947000,2022-07-12 00:57:38.447000,train
normal_0455_16,normal,0,A,455,normal_0455,16,15106,15121,2022-07-12 00:57:38.547000,2022-07-12 00:57:40.047000,train
normal_0455_32,normal,0,A,455,normal_0455,32,15122,15137,2022-07-12 00:57:40.147000,2022-07-12 00:57:41.647000,train
normal_0456_00,normal,0,A,456,normal_0456,0,15140,15155,2022-07-12 00:57:44.792000,2022-07-12 00:57:46.292000,train
normal_0456_16,normal,0,A,456,normal_0456,16,15156,15171,2022-07-12 00:57:46.392000,2022-07-12 00:57:47.892000,train
normal_0457_00,normal,0,A,457,normal_0457,0,15179,15194,2022-07-12 00:57:52.787000,2022-07-12 00:57:54.287000,val
normal_0458_00,normal,0,A,458,normal_0458,0,15206,15221,2022-07-12 00:58:00.779000,2022-07-12 00:58:02.279000,train
normal_0460_00,normal,0,A,460,normal_0460,0,15229,15244,2022-07-12 00:58:17.587000,2022-07-12 00:58:19.087000,cal
normal_0460_16,normal,0,A,460,normal_0460,16,15245,15260,2022-07-12 00:58:19.187000,2022-07-12 00:58:20.687000,cal
normal_0460_32,normal,0,A,460,normal_0460,32,15261,15276,2022-07-12 00:58:20.787000,2022-07-12 00:58:22.287000,cal
normal_0461_00,normal,0,A,461,normal_0461,0,15279,15294,2022-07-12 00:58:24.593000,2022-07-12 00:58:26.093000,train
normal_0461_16,normal,0,A,461,normal_0461,16,15295,15310,2022-07-12 00:58:26.193000,2022-07-12 00:58:27.693000,train
normal_0461_32,normal,0,A,461,normal_0461,32,15311,15326,2022-07-12 00:58:27.793000,2022-07-12 00:58:29.293000,train
normal_0462_00,normal,0,A,462,normal_0462,0,15327,15342,2022-07-12 00:58:32.643000,2022-07-12 00:58:34.143000,train
normal_0462_16,normal,0,A,462,normal_0462,16,15343,15358,2022-07-12 00:58:34.243000,2022-07-12 00:58:35.743000,train
normal_0463_00,normal,0,A,463,normal_0463,0,15361,15376,2022-07-12 00:58:40.588000,2022-07-12 00:58:42.088000,train
normal_0463_16,normal,0,A,463,normal_0463,16,15377,15392,2022-07-12 00:58:42.188000,2022-07-12 00:58:43.688000,train
normal_0464_00,normal,0,A,464,normal_0464,0,15395,15410,2022-07-12 00:58:48.559000,2022-07-12 00:58:50.059000,train
normal_0466_00,normal,0,A,466,normal_0466,0,15423,15438,2022-07-12 00:59:05.768000,2022-07-12 00:59:07.268000,test
normal_0466_16,normal,0,A,466,normal_0466,16,15439,15454,2022-07-12 00:59:07.368000,2022-07-12 00:59:08.868000,test
normal_0466_32,normal,0,A,466,normal_0466,32,15455,15470,2022-07-12 00:59:08.968000,2022-07-12 00:59:10.468000,test
normal_0467_00,normal,0,A,467,normal_0467,0,15473,15488,2022-07-12 00:59:12.485000,2022-07-12 00:59:13.985000,train
normal_0467_16,normal,0,A,467,normal_0467,16,15489,15504,2022-07-12 00:59:14.085000,2022-07-12 00:59:15.585000,train
normal_0467_32,normal,0,A,467,normal_0467,32,15505,15520,2022-07-12 00:59:15.685000,2022-07-12 00:59:17.185000,train
normal_0468_00,normal,0,A,468,normal_0468,0,15522,15537,2022-07-12 00:59:20.419000,2022-07-12 00:59:21.919000,val
normal_0468_16,normal,0,A,468,normal_0468,16,15538,15553,2022-07-12 00:59:22.019000,2022-07-12 00:59:23.519000,val
normal_0469_00,normal,0,A,469,normal_0469,0,15558,15573,2022-07-12 00:59:28.347000,2022-07-12 00:59:29.847000,train
normal_0469_16,normal,0,A,469,normal_0469,16,15574,15589,2022-07-12 00:59:29.947000,2022-07-12 00:59:31.447000,train
normal_0470_00,normal,0,A,470,normal_0470,0,15595,15610,2022-07-12 00:59:36.371000,2022-07-12 00:59:37.871000,train
normal_0472_00,normal,0,B,472,normal_0472,0,15630,15645,2022-07-12 00:59:53.992000,2022-07-12 00:59:55.492000,train
normal_0472_16,normal,0,B,472,normal_0472,16,15646,15661,2022-07-12 00:59:55.592000,2022-07-12 00:59:57.092000,train
normal_0472_32,normal,0,B,472,normal_0472,32,15662,15677,2022-07-12 00:59:57.192000,2022-07-12 00:59:58.692000,train
normal_0473_00,normal,0,B,473,normal_0473,0,15680,15695,2022-07-12 01:00:00.660000,2022-07-12 01:00:02.160000,train
normal_0473_16,normal,0,B,473,normal_0473,16,15696,15711,2022-07-12 01:00:02.260000,2022-07-12 01:00:03.760000,train
normal_0473_32,normal,0,B,473,normal_0473,32,15712,15727,2022-07-12 01:00:03.860000,2022-07-12 01:00:05.360000,train
normal_0474_00,normal,0,B,474,normal_0474,0,15730,15745,2022-07-12 01:00:08.365000,2022-07-12 01:00:09.865000,train
normal_0474_16,normal,0,B,474,normal_0474,16,15746,15761,2022-07-12 01:00:09.965000,2022-07-12 01:00:11.465000,train
normal_0475_00,normal,0,B,475,normal_0475,0,15769,15784,2022-07-12 01:00:16.392000,2022-07-12 01:00:17.892000,train
normal_0477_00,normal,0,B,477,normal_0477,0,15810,15825,2022-07-12 01:00:34.124000,2022-07-12 01:00:35.624000,train
normal_0477_16,normal,0,B,477,normal_0477,16,15826,15841,2022-07-12 01:00:35.724000,2022-07-12 01:00:37.224000,train
normal_0477_32,normal,0,B,477,normal_0477,32,15842,15857,2022-07-12 01:00:37.324000,2022-07-12 01:00:38.824000,train
normal_0478_00,normal,0,B,478,normal_0478,0,15860,15875,2022-07-12 01:00:40.804000,2022-07-12 01:00:42.304000,val
normal_0478_16,normal,0,B,478,normal_0478,16,15876,15891,2022-07-12 01:00:42.404000,2022-07-12 01:00:43.904000,val
normal_0478_32,normal,0,B,478,normal_0478,32,15892,15907,2022-07-12 01:00:44.004000,2022-07-12 01:00:45.504000,val
normal_0479_00,normal,0,B,479,normal_0479,0,15910,15925,2022-07-12 01:00:50.060000,2022-07-12 01:00:51.560000,train
normal_0479_16,normal,0,B,479,normal_0479,16,15926,15941,2022-07-12 01:00:51.660000,2022-07-12 01:00:53.160000,train
normal_0479_32,normal,0,B,479,normal_0479,32,15942,15957,2022-07-12 01:00:53.260000,2022-07-12 01:00:54.760000,train
normal_0480_00,normal,0,B,480,normal_0480,0,15960,15975,2022-07-12 01:00:56.832000,2022-07-12 01:00:58.332000,train
normal_0480_16,normal,0,B,480,normal_0480,16,15976,15991,2022-07-12 01:00:58.432000,2022-07-12 01:00:59.932000,train
normal_0480_32,normal,0,B,480,normal_0480,32,15992,16007,2022-07-12 01:01:00.032000,2022-07-12 01:01:01.532000,train
normal_0481_00,normal,0,B,481,normal_0481,0,16010,16025,2022-07-12 01:01:04.524000,2022-07-12 01:01:06.024000,train
normal_0481_16,normal,0,B,481,normal_0481,16,16026,16041,2022-07-12 01:01:06.124000,2022-07-12 01:01:07.624000,train
normal_0482_00,normal,0,B,482,normal_0482,0,16051,16066,2022-07-12 01:01:13.118000,2022-07-12 01:01:14.618000,train
normal_0482_16,normal,0,B,482,normal_0482,16,16067,16082,2022-07-12 01:01:14.718000,2022-07-12 01:01:16.218000,train
normal_0482_32,normal,0,B,482,normal_0482,32,16083,16098,2022-07-12 01:01:16.318000,2022-07-12 01:01:17.818000,train
normal_0483_00,normal,0,B,483,normal_0483,0,16101,16116,2022-07-12 01:01:20.296000,2022-07-12 01:01:21.796000,val
normal_0483_16,normal,0,B,483,normal_0483,16,16117,16132,2022-07-12 01:01:21.896000,2022-07-12 01:01:23.396000,val
normal_0484_00,normal,0,B,484,normal_0484,0,16145,16160,2022-07-12 01:01:28.171000,2022-07-12 01:01:29.671000,cal
normal_0484_16,normal,0,B,484,normal_0484,16,16161,16176,2022-07-12 01:01:29.771000,2022-07-12 01:01:31.271000,cal
normal_0485_00,normal,0,B,485,normal_0485,0,16189,16204,2022-07-12 01:01:36.160000,2022-07-12 01:01:37.660000,train
normal_0485_16,normal,0,B,485,normal_0485,16,16205,16220,2022-07-12 01:01:37.760000,2022-07-12 01:01:39.260000,train
normal_0486_00,normal,0,B,486,normal_0486,0,16233,16248,2022-07-12 01:01:44.306000,2022-07-12 01:01:45.806000,train
normal_0486_16,normal,0,B,486,normal_0486,16,16249,16264,2022-07-12 01:01:45.906000,2022-07-12 01:01:47.406000,train
normal_0487_00,normal,0,B,487,normal_0487,0,16276,16291,2022-07-12 01:01:52.260000,2022-07-12 01:01:53.760000,cal
normal_0487_16,normal,0,B,487,normal_0487,16,16292,16307,2022-07-12 01:01:53.860000,2022-07-12 01:01:55.360000,cal
normal_0488_00,normal,0,B,488,normal_0488,0,16311,16326,2022-07-12 01:02:00.218000,2022-07-12 01:02:01.718000,train
normal_0489_00,normal,0,B,489,normal_0489,0,16334,16349,2022-07-12 01:02:08.325000,2022-07-12 01:02:09.825000,train
normal_0491_00,normal,0,B,491,normal_0491,0,16363,16378,2022-07-12 01:02:33.380000,2022-07-12 01:02:34.880000,val
normal_0491_16,normal,0,B,491,normal_0491,16,16379,16394,2022-07-12 01:02:34.980000,2022-07-12 01:02:36.480000,val
normal_0491_32,normal,0,B,491,normal_0491,32,16395,16410,2022-07-12 01:02:36.580000,2022-07-12 01:02:38.080000,val
normal_0492_00,normal,0,B,492,normal_0492,0,16413,16428,2022-07-12 01:02:40.198000,2022-07-12 01:02:41.698000,cal
normal_0492_16,normal,0,B,492,normal_0492,16,16429,16444,2022-07-12 01:02:41.798000,2022-07-12 01:02:43.298000,cal
normal_0492_32,normal,0,B,492,normal_0492,32,16445,16460,2022-07-12 01:02:43.398000,2022-07-12 01:02:44.898000,cal
normal_0493_00,normal,0,B,493,normal_0493,0,16463,16478,2022-07-12 01:02:48.171000,2022-07-12 01:02:49.671000,train
normal_0493_16,normal,0,B,493,normal_0493,16,16479,16494,2022-07-12 01:02:49.771000,2022-07-12 01:02:51.271000,train
normal_0494_00,normal,0,B,494,normal_0494,0,16502,16517,2022-07-12 01:02:56.132000,2022-07-12 01:02:57.632000,val
normal_0497_00,normal,0,B,497,normal_0497,0,16557,16572,2022-07-12 01:03:22.041000,2022-07-12 01:03:23.541000,cal
normal_0497_16,normal,0,B,497,normal_0497,16,16573,16588,2022-07-12 01:03:23.641000,2022-07-12 01:03:25.141000,cal
normal_0497_32,normal,0,B,497,normal_0497,32,16589,16604,2022-07-12 01:03:25.241000,2022-07-12 01:03:26.741000,cal
normal_0498_00,normal,0,B,498,normal_0498,0,16607,16622,2022-07-12 01:03:29.848000,2022-07-12 01:03:31.348000,train
normal_0498_16,normal,0,B,498,normal_0498,16,16623,16638,2022-07-12 01:03:31.448000,2022-07-12 01:03:32.948000,train
normal_0498_32,normal,0,B,498,normal_0498,32,16639,16654,2022-07-12 01:03:33.048000,2022-07-12 01:03:34.548000,train
normal_0499_00,normal,0,B,499,normal_0499,0,16657,16672,2022-07-12 01:03:36.502000,2022-07-12 01:03:38.002000,train
normal_0499_16,normal,0,B,499,normal_0499,16,16673,16688,2022-07-12 01:03:38.102000,2022-07-12 01:03:39.602000,train
normal_0499_32,normal,0,B,499,normal_0499,32,16689,16704,2022-07-12 01:03:39.702000,2022-07-12 01:03:41.202000,train
normal_0500_00,normal,0,B,500,normal_0500,0,16707,16722,2022-07-12 01:03:44.460000,2022-07-12 01:03:45.960000,test
normal_0500_16,normal,0,B,500,normal_0500,16,16723,16738,2022-07-12 01:03:46.060000,2022-07-12 01:03:47.560000,test
normal_0501_00,normal,0,B,501,normal_0501,0,16744,16759,2022-07-12 01:03:52.400000,2022-07-12 01:03:53.900000,test
normal_0504_00,normal,0,B,504,normal_0504,0,16792,16807,2022-07-12 01:04:17.855000,2022-07-12 01:04:19.355000,test
normal_0504_16,normal,0,B,504,normal_0504,16,16808,16823,2022-07-12 01:04:19.455000,2022-07-12 01:04:20.955000,test
normal_0504_32,normal,0,B,504,normal_0504,32,16824,16839,2022-07-12 01:04:21.055000,2022-07-12 01:04:22.555000,test
normal_0505_00,normal,0,B,505,normal_0505,0,16842,16857,2022-07-12 01:04:24.809000,2022-07-12 01:04:26.309000,train
normal_0505_16,normal,0,B,505,normal_0505,16,16858,16873,2022-07-12 01:04:26.409000,2022-07-12 01:04:27.909000,train
normal_0505_32,normal,0,B,505,normal_0505,32,16874,16889,2022-07-12 01:04:28.009000,2022-07-12 01:04:29.509000,train
normal_0506_00,normal,0,B,506,normal_0506,0,16892,16907,2022-07-12 01:04:32.499000,2022-07-12 01:04:33.999000,train
normal_0506_16,normal,0,B,506,normal_0506,16,16908,16923,2022-07-12 01:04:34.099000,2022-07-12 01:04:35.599000,train
normal_0507_00,normal,0,B,507,normal_0507,0,16930,16945,2022-07-12 01:04:40.439000,2022-07-12 01:04:41.939000,train
normal_0509_00,normal,0,B,509,normal_0509,0,16970,16985,2022-07-12 01:04:58.256000,2022-07-12 01:04:59.756000,train
normal_0509_16,normal,0,B,509,normal_0509,16,16986,17001,2022-07-12 01:04:59.856000,2022-07-12 01:05:01.356000,train
normal_0509_32,normal,0,B,509,normal_0509,32,17002,17017,2022-07-12 01:05:01.456000,2022-07-12 01:05:02.956000,train
normal_0510_00,normal,0,B,510,normal_0510,0,17020,17035,2022-07-12 01:05:04.844000,2022-07-12 01:05:06.344000,train
normal_0510_16,normal,0,B,510,normal_0510,16,17036,17051,2022-07-12 01:05:06.444000,2022-07-12 01:05:07.944000,train
normal_0510_32,normal,0,B,510,normal_0510,32,17052,17067,2022-07-12 01:05:08.044000,2022-07-12 01:05:09.544000,train
normal_0511_00,normal,0,B,511,normal_0511,0,17070,17085,2022-07-12 01:05:12.740000,2022-07-12 01:05:14.240000,cal
normal_0511_16,normal,0,B,511,normal_0511,16,17086,17101,2022-07-12 01:05:14.340000,2022-07-12 01:05:15.840000,cal
normal_0512_00,normal,0,B,512,normal_0512,0,17108,17123,2022-07-12 01:05:20.820000,2022-07-12 01:05:22.320000,train
normal_0514_00,normal,0,B,514,normal_0514,0,17147,17162,2022-07-12 01:05:45.204000,2022-07-12 01:05:46.704000,cal
normal_0514_16,normal,0,B,514,normal_0514,16,17163,17178,2022-07-12 01:05:46.804000,2022-07-12 01:05:48.304000,cal
normal_0514_32,normal,0,B,514,normal_0514,32,17179,17194,2022-07-12 01:05:48.404000,2022-07-12 01:05:49.904000,cal
normal_0515_00,normal,0,B,515,normal_0515,0,17197,17212,2022-07-12 01:05:53.230000,2022-07-12 01:05:54.730000,train
normal_0515_16,normal,0,B,515,normal_0515,16,17213,17228,2022-07-12 01:05:54.830000,2022-07-12 01:05:56.330000,train
normal_0515_32,normal,0,B,515,normal_0515,32,17229,17244,2022-07-12 01:05:56.430000,2022-07-12 01:05:57.930000,train
normal_0516_00,normal,0,B,516,normal_0516,0,17247,17262,2022-07-12 01:06:01.096000,2022-07-12 01:06:02.596000,train
normal_0516_16,normal,0,B,516,normal_0516,16,17263,17278,2022-07-12 01:06:02.696000,2022-07-12 01:06:04.196000,train
normal_0517_00,normal,0,B,517,normal_0517,0,17287,17302,2022-07-12 01:06:09.221000,2022-07-12 01:06:10.721000,test
normal_0519_00,normal,0,B,519,normal_0519,0,17325,17340,2022-07-12 01:06:26.758000,2022-07-12 01:06:28.258000,train
normal_0519_16,normal,0,B,519,normal_0519,16,17341,17356,2022-07-12 01:06:28.358000,2022-07-12 01:06:29.858000,train
normal_0519_32,normal,0,B,519,normal_0519,32,17357,17372,2022-07-12 01:06:29.958000,2022-07-12 01:06:31.458000,train
normal_0520_00,normal,0,B,520,normal_0520,0,17375,17390,2022-07-12 01:06:33.408000,2022-07-12 01:06:34.908000,test
normal_0520_16,normal,0,B,520,normal_0520,16,17391,17406,2022-07-12 01:06:35.008000,2022-07-12 01:06:36.508000,test
normal_0520_32,normal,0,B,520,normal_0520,32,17407,17422,2022-07-12 01:06:36.608000,2022-07-12 01:06:38.108000,test
normal_0521_00,normal,0,B,521,normal_0521,0,17425,17440,2022-07-12 01:06:41.133000,2022-07-12 01:06:42.633000,train
normal_0521_16,normal,0,B,521,normal_0521,16,17441,17456,2022-07-12 01:06:42.733000,2022-07-12 01:06:44.233000,train
normal_0522_00,normal,0,B,522,normal_0522,0,17464,17479,2022-07-12 01:06:49.173000,2022-07-12 01:06:50.673000,train
normal_0524_00,normal,0,B,524,normal_0524,0,17500,17515,2022-07-12 01:07:07.819000,2022-07-12 01:07:09.319000,test
normal_0524_16,normal,0,B,524,normal_0524,16,17516,17531,2022-07-12 01:07:09.419000,2022-07-12 01:07:10.919000,test
normal_0524_32,normal,0,B,524,normal_0524,32,17532,17547,2022-07-12 01:07:11.019000,2022-07-12 01:07:12.519000,test
normal_0525_00,normal,0,B,525,normal_0525,0,17550,17565,2022-07-12 01:07:14.504000,2022-07-12 01:07:16.004000,test
normal_0525_16,normal,0,B,525,normal_0525,16,17566,17581,2022-07-12 01:07:16.104000,2022-07-12 01:07:17.604000,test
normal_0525_32,normal,0,B,525,normal_0525,32,17582,17597,2022-07-12 01:07:17.704000,2022-07-12 01:07:19.204000,test
normal_0526_00,normal,0,B,526,normal_0526,0,17600,17615,2022-07-12 01:07:21.267000,2022-07-12 01:07:22.767000,train
normal_0526_16,normal,0,B,526,normal_0526,16,17616,17631,2022-07-12 01:07:22.867000,2022-07-12 01:07:24.367000,train
normal_0526_32,normal,0,B,526,normal_0526,32,17632,17647,2022-07-12 01:07:24.467000,2022-07-12 01:07:25.967000,train
normal_0527_00,normal,0,B,527,normal_0527,0,17649,17664,2022-07-12 01:07:29.260000,2022-07-12 01:07:30.760000,train
normal_0527_16,normal,0,B,527,normal_0527,16,17665,17680,2022-07-12 01:07:30.860000,2022-07-12 01:07:32.360000,train
normal_0528_00,normal,0,B,528,normal_0528,0,17685,17700,2022-07-12 01:07:37.255000,2022-07-12 01:07:38.755000,train
normal_0531_00,normal,0,B,531,normal_0531,0,17722,17737,2022-07-12 01:07:54.616000,2022-07-12 01:07:56.116000,train
normal_0531_16,normal,0,B,531,normal_0531,16,17738,17753,2022-07-12 01:07:56.216000,2022-07-12 01:07:57.716000,train
normal_0531_32,normal,0,B,531,normal_0531,32,17754,17769,2022-07-12 01:07:57.816000,2022-07-12 01:07:59.316000,train
normal_0532_00,normal,0,B,532,normal_0532,0,17772,17787,2022-07-12 01:08:01.324000,2022-07-12 01:08:02.824000,train
normal_0532_16,normal,0,B,532,normal_0532,16,17788,17803,2022-07-12 01:08:02.924000,2022-07-12 01:08:04.424000,train
normal_0532_32,normal,0,B,532,normal_0532,32,17804,17819,2022-07-12 01:08:04.524000,2022-07-12 01:08:06.024000,train
normal_0533_00,normal,0,B,533,normal_0533,0,17822,17837,2022-07-12 01:08:09.198000,2022-07-12 01:08:10.698000,cal
normal_0533_16,normal,0,B,533,normal_0533,16,17838,17853,2022-07-12 01:08:10.798000,2022-07-12 01:08:12.298000,cal
normal_0534_00,normal,0,B,534,normal_0534,0,17860,17875,2022-07-12 01:08:17.218000,2022-07-12 01:08:18.718000,train
normal_0536_00,normal,0,B,536,normal_0536,0,17895,17910,2022-07-12 01:08:34.704000,2022-07-12 01:08:36.204000,val
normal_0536_16,normal,0,B,536,normal_0536,16,17911,17926,2022-07-12 01:08:36.304000,2022-07-12 01:08:37.804000,val
normal_0536_32,normal,0,B,536,normal_0536,32,17927,17942,2022-07-12 01:08:37.904000,2022-07-12 01:08:39.404000,val
normal_0537_00,normal,0,B,537,normal_0537,0,17945,17960,2022-07-12 01:08:41.601000,2022-07-12 01:08:43.101000,val
normal_0537_16,normal,0,B,537,normal_0537,16,17961,17976,2022-07-12 01:08:43.201000,2022-07-12 01:08:44.701000,val
normal_0537_32,normal,0,B,537,normal_0537,32,17977,17992,2022-07-12 01:08:44.801000,2022-07-12 01:08:46.301000,val
normal_0538_00,normal,0,B,538,normal_0538,0,17995,18010,2022-07-12 01:08:49.676000,2022-07-12 01:08:51.176000,train
normal_0538_16,normal,0,B,538,normal_0538,16,18011,18026,2022-07-12 01:08:51.276000,2022-07-12 01:08:52.776000,train
normal_0539_00,normal,0,B,539,normal_0539,0,18030,18045,2022-07-12 01:08:57.709000,2022-07-12 01:08:59.209000,train
normal_0542_00,normal,0,B,542,normal_0542,0,18071,18086,2022-07-12 01:09:23.128000,2022-07-12 01:09:24.628000,test
normal_0542_16,normal,0,B,542,normal_0542,16,18087,18102,2022-07-12 01:09:24.728000,2022-07-12 01:09:26.228000,test
normal_0542_32,normal,0,B,542,normal_0542,32,18103,18118,2022-07-12 01:09:26.328000,2022-07-12 01:09:27.828000,test
normal_0543_00,normal,0,B,543,normal_0543,0,18121,18136,2022-07-12 01:09:29.681000,2022-07-12 01:09:31.181000,val
normal_0543_16,normal,0,B,543,normal_0543,16,18137,18152,2022-07-12 01:09:31.281000,2022-07-12 01:09:32.781000,val
normal_0543_32,normal,0,B,543,normal_0543,32,18153,18168,2022-07-12 01:09:32.881000,2022-07-12 01:09:34.381000,val
normal_0544_00,normal,0,B,544,normal_0544,0,18171,18186,2022-07-12 01:09:37.774000,2022-07-12 01:09:39.274000,train
normal_0544_16,normal,0,B,544,normal_0544,16,18187,18202,2022-07-12 01:09:39.374000,2022-07-12 01:09:40.874000,train
normal_0545_00,normal,0,B,545,normal_0545,0,18207,18222,2022-07-12 01:09:45.835000,2022-07-12 01:09:47.335000,test
normal_0548_00,normal,0,B,548,normal_0548,0,18244,18259,2022-07-12 01:10:11.168000,2022-07-12 01:10:12.668000,train
normal_0548_16,normal,0,B,548,normal_0548,16,18260,18275,2022-07-12 01:10:12.768000,2022-07-12 01:10:14.268000,train
normal_0548_32,normal,0,B,548,normal_0548,32,18276,18291,2022-07-12 01:10:14.368000,2022-07-12 01:10:15.868000,train
normal_0549_00,normal,0,B,549,normal_0549,0,18294,18309,2022-07-12 01:10:18.055000,2022-07-12 01:10:19.555000,val
normal_0549_16,normal,0,B,549,normal_0549,16,18310,18325,2022-07-12 01:10:19.655000,2022-07-12 01:10:21.155000,val
normal_0549_32,normal,0,B,549,normal_0549,32,18326,18341,2022-07-12 01:10:21.255000,2022-07-12 01:10:22.755000,val
normal_0550_00,normal,0,B,550,normal_0550,0,18343,18358,2022-07-12 01:10:26.247000,2022-07-12 01:10:27.747000,train
normal_0550_16,normal,0,B,550,normal_0550,16,18359,18374,2022-07-12 01:10:27.847000,2022-07-12 01:10:29.347000,train
normal_0551_00,normal,0,B,551,normal_0551,0,18389,18404,2022-07-12 01:10:34.272000,2022-07-12 01:10:35.772000,val
normal_0551_16,normal,0,B,551,normal_0551,16,18405,18420,2022-07-12 01:10:35.872000,2022-07-12 01:10:37.372000,val
normal_0552_00,normal,0,B,552,normal_0552,0,18434,18449,2022-07-12 01:10:42.242000,2022-07-12 01:10:43.742000,test
normal_0553_00,normal,0,B,553,normal_0553,0,18465,18480,2022-07-12 01:10:50.426000,2022-07-12 01:10:51.926000,train
normal_0555_00,normal,0,B,555,normal_0555,0,18485,18500,2022-07-12 01:11:00.537000,2022-07-12 01:11:02.037000,train
normal_0555_16,normal,0,B,555,normal_0555,16,18501,18516,2022-07-12 01:11:02.137000,2022-07-12 01:11:03.637000,train
normal_0555_32,normal,0,B,555,normal_0555,32,18517,18532,2022-07-12 01:11:03.737000,2022-07-12 01:11:05.237000,train
normal_0556_00,normal,0,B,556,normal_0556,0,18535,18550,2022-07-12 01:11:07.348000,2022-07-12 01:11:08.848000,train
normal_0556_16,normal,0,B,556,normal_0556,16,18551,18566,2022-07-12 01:11:08.948000,2022-07-12 01:11:10.448000,train
normal_0556_32,normal,0,B,556,normal_0556,32,18567,18582,2022-07-12 01:11:10.548000,2022-07-12 01:11:12.048000,train
normal_0557_00,normal,0,B,557,normal_0557,0,18585,18600,2022-07-12 01:11:14.704000,2022-07-12 01:11:16.204000,train
normal_0557_16,normal,0,B,557,normal_0557,16,18601,18616,2022-07-12 01:11:16.304000,2022-07-12 01:11:17.804000,train
normal_0558_00,normal,0,B,558,normal_0558,0,18630,18645,2022-07-12 01:11:22.827000,2022-07-12 01:11:24.327000,test
normal_0559_00,normal,0,B,559,normal_0559,0,18660,18675,2022-07-12 01:11:30.788000,2022-07-12 01:11:32.288000,val
normal_0561_00,normal,0,A,561,normal_0561,0,18684,18699,2022-07-12 01:11:47.790000,2022-07-12 01:11:49.290000,train
normal_0561_16,normal,0,A,561,normal_0561,16,18700,18715,2022-07-12 01:11:49.390000,2022-07-12 01:11:50.890000,train
normal_0561_32,normal,0,A,561,normal_0561,32,18716,18731,2022-07-12 01:11:50.990000,2022-07-12 01:11:52.490000,train
normal_0562_00,normal,0,A,562,normal_0562,0,18734,18749,2022-07-12 01:11:55.696000,2022-07-12 01:11:57.196000,train
normal_0562_16,normal,0,A,562,normal_0562,16,18750,18765,2022-07-12 01:11:57.296000,2022-07-12 01:11:58.796000,train
normal_0562_32,normal,0,A,562,normal_0562,32,18766,18781,2022-07-12 01:11:58.896000,2022-07-12 01:12:00.396000,train
normal_0563_00,normal,0,A,563,normal_0563,0,18784,18799,2022-07-12 01:12:03.184000,2022-07-12 01:12:04.684000,train
normal_0563_16,normal,0,A,563,normal_0563,16,18800,18815,2022-07-12 01:12:04.784000,2022-07-12 01:12:06.284000,train
normal_0564_00,normal,0,A,564,normal_0564,0,18828,18843,2022-07-12 01:12:11.247000,2022-07-12 01:12:12.747000,train
normal_0565_00,normal,0,A,565,normal_0565,0,18858,18873,2022-07-12 01:12:19.195000,2022-07-12 01:12:20.695000,test
normal_0567_00,normal,0,A,567,normal_0567,0,18880,18895,2022-07-12 01:12:29.385000,2022-07-12 01:12:30.885000,train
normal_0567_16,normal,0,A,567,normal_0567,16,18896,18911,2022-07-12 01:12:30.985000,2022-07-12 01:12:32.485000,train
normal_0567_32,normal,0,A,567,normal_0567,32,18912,18927,2022-07-12 01:12:32.585000,2022-07-12 01:12:34.085000,train
normal_0568_00,normal,0,A,568,normal_0568,0,18930,18945,2022-07-12 01:12:36.055000,2022-07-12 01:12:37.555000,train
normal_0568_16,normal,0,A,568,normal_0568,16,18946,18961,2022-07-12 01:12:37.655000,2022-07-12 01:12:39.155000,train
normal_0568_32,normal,0,A,568,normal_0568,32,18962,18977,2022-07-12 01:12:39.255000,2022-07-12 01:12:40.755000,train
normal_0569_00,normal,0,A,569,normal_0569,0,18980,18995,2022-07-12 01:12:43.312000,2022-07-12 01:12:44.812000,train
normal_0569_16,normal,0,A,569,normal_0569,16,18996,19011,2022-07-12 01:12:44.912000,2022-07-12 01:12:46.412000,train
normal_0570_00,normal,0,A,570,normal_0570,0,19024,19039,2022-07-12 01:12:51.468000,2022-07-12 01:12:52.968000,train
normal_0570_16,normal,0,A,570,normal_0570,16,19040,19055,2022-07-12 01:12:53.068000,2022-07-12 01:12:54.568000,train
normal_0571_00,normal,0,A,571,normal_0571,0,19066,19081,2022-07-12 01:12:59.519000,2022-07-12 01:13:01.019000,train
normal_0572_00,normal,0,A,572,normal_0572,0,19096,19111,2022-07-12 01:13:07.457000,2022-07-12 01:13:08.957000,cal
normal_0574_00,normal,0,A,574,normal_0574,0,19124,19139,2022-07-12 01:13:24.740000,2022-07-12 01:13:26.240000,train
normal_0574_16,normal,0,A,574,normal_0574,16,19140,19155,2022-07-12 01:13:26.340000,2022-07-12 01:13:27.840000,train
normal_0574_32,normal,0,A,574,normal_0574,32,19156,19171,2022-07-12 01:13:27.940000,2022-07-12 01:13:29.440000,train
normal_0575_00,normal,0,A,575,normal_0575,0,19174,19189,2022-07-12 01:13:32.840000,2022-07-12 01:13:34.340000,train
normal_0575_16,normal,0,A,575,normal_0575,16,19190,19205,2022-07-12 01:13:34.440000,2022-07-12 01:13:35.940000,train
normal_0575_32,normal,0,A,575,normal_0575,32,19206,19221,2022-07-12 01:13:36.040000,2022-07-12 01:13:37.540000,train
normal_0576_00,normal,0,A,576,normal_0576,0,19224,19239,2022-07-12 01:13:39.456000,2022-07-12 01:13:40.956000,train
normal_0576_16,normal,0,A,576,normal_0576,16,19240,19255,2022-07-12 01:13:41.056000,2022-07-12 01:13:42.556000,train
normal_0576_32,normal,0,A,576,normal_0576,32,19256,19271,2022-07-12 01:13:42.656000,2022-07-12 01:13:44.156000,train
normal_0577_00,normal,0,A,577,normal_0577,0,19273,19288,2022-07-12 01:13:47.379000,2022-07-12 01:13:48.879000,train
normal_0577_16,normal,0,A,577,normal_0577,16,19289,19304,2022-07-12 01:13:48.979000,2022-07-12 01:13:50.479000,train
normal_0578_00,normal,0,A,578,normal_0578,0,19308,19323,2022-07-12 01:13:55.330000,2022-07-12 01:13:56.830000,train
normal_0578_16,normal,0,A,578,normal_0578,16,19324,19339,2022-07-12 01:13:56.930000,2022-07-12 01:13:58.430000,train
normal_0579_00,normal,0,A,579,normal_0579,0,19343,19358,2022-07-12 01:14:03.369000,2022-07-12 01:14:04.869000,test
normal_0581_00,normal,0,A,581,normal_0581,0,19377,19392,2022-07-12 01:14:28.769000,2022-07-12 01:14:30.269000,cal
normal_0581_16,normal,0,A,581,normal_0581,16,19393,19408,2022-07-12 01:14:30.369000,2022-07-12 01:14:31.869000,cal
normal_0581_32,normal,0,A,581,normal_0581,32,19409,19424,2022-07-12 01:14:31.969000,2022-07-12 01:14:33.469000,cal
normal_0582_00,normal,0,A,582,normal_0582,0,19427,19442,2022-07-12 01:14:35.252000,2022-07-12 01:14:36.752000,cal
normal_0582_16,normal,0,A,582,normal_0582,16,19443,19458,2022-07-12 01:14:36.852000,2022-07-12 01:14:38.352000,cal
normal_0582_32,normal,0,A,582,normal_0582,32,19459,19474,2022-07-12 01:14:38.452000,2022-07-12 01:14:39.952000,cal
normal_0583_00,normal,0,A,583,normal_0583,0,19477,19492,2022-07-12 01:14:43.335000,2022-07-12 01:14:44.835000,val
normal_0583_16,normal,0,A,583,normal_0583,16,19493,19508,2022-07-12 01:14:44.935000,2022-07-12 01:14:46.435000,val
normal_0584_00,normal,0,A,584,normal_0584,0,19514,19529,2022-07-12 01:14:51.439000,2022-07-12 01:14:52.939000,train
normal_0586_00,normal,0,A,586,normal_0586,0,19550,19565,2022-07-12 01:15:17.019000,2022-07-12 01:15:18.519000,train
normal_0586_16,normal,0,A,586,normal_0586,16,19566,19581,2022-07-12 01:15:18.619000,2022-07-12 01:15:20.119000,train
normal_0586_32,normal,0,A,586,normal_0586,32,19582,19597,2022-07-12 01:15:20.219000,2022-07-12 01:15:21.719000,train
normal_0587_00,normal,0,A,587,normal_0587,0,19600,19615,2022-07-12 01:15:23.633000,2022-07-12 01:15:25.133000,train
normal_0587_16,normal,0,A,587,normal_0587,16,19616,19631,2022-07-12 01:15:25.233000,2022-07-12 01:15:26.733000,train
normal_0587_32,normal,0,A,587,normal_0587,32,19632,19647,2022-07-12 01:15:26.833000,2022-07-12 01:15:28.333000,train
normal_0588_00,normal,0,A,588,normal_0588,0,19650,19665,2022-07-12 01:15:31.236000,2022-07-12 01:15:32.736000,train
normal_0588_16,normal,0,A,588,normal_0588,16,19666,19681,2022-07-12 01:15:32.836000,2022-07-12 01:15:34.336000,train
normal_0589_00,normal,0,A,589,normal_0589,0,19692,19707,2022-07-12 01:15:39.216000,2022-07-12 01:15:40.716000,train
normal_0590_00,normal,0,A,590,normal_0590,0,19721,19736,2022-07-12 01:15:47.224000,2022-07-12 01:15:48.724000,test
normal_0592_00,normal,0,A,592,normal_0592,0,19745,19760,2022-07-12 01:16:04.244000,2022-07-12 01:16:05.744000,val
normal_0592_16,normal,0,A,592,normal_0592,16,19761,19776,2022-07-12 01:16:05.844000,2022-07-12 01:16:07.344000,val
normal_0592_32,normal,0,A,592,normal_0592,32,19777,19792,2022-07-12 01:16:07.444000,2022-07-12 01:16:08.944000,val
normal_0593_00,normal,0,A,593,normal_0593,0,19795,19810,2022-07-12 01:16:11.294000,2022-07-12 01:16:12.794000,train
normal_0593_16,normal,0,A,593,normal_0593,16,19811,19826,2022-07-12 01:16:12.894000,2022-07-12 01:16:14.394000,train
normal_0594_00,normal,0,A,594,normal_0594,0,19841,19856,2022-07-12 01:16:19.392000,2022-07-12 01:16:20.892000,train
normal_0594_16,normal,0,A,594,normal_0594,16,19857,19872,2022-07-12 01:16:20.992000,2022-07-12 01:16:22.492000,train
normal_0595_00,normal,0,A,595,normal_0595,0,19876,19891,2022-07-12 01:16:27.377000,2022-07-12 01:16:28.877000,train
normal_0597_00,normal,0,A,597,normal_0597,0,19906,19921,2022-07-12 01:16:44.524000,2022-07-12 01:16:46.024000,train
normal_0597_16,normal,0,A,597,normal_0597,16,19922,19937,2022-07-12 01:16:46.124000,2022-07-12 01:16:47.624000,train
normal_0597_32,normal,0,A,597,normal_0597,32,19938,19953,2022-07-12 01:16:47.724000,2022-07-12 01:16:49.224000,train
normal_0598_00,normal,0,A,598,normal_0598,0,19956,19971,2022-07-12 01:16:51.528000,2022-07-12 01:16:53.028000,val
normal_0598_16,normal,0,A,598,normal_0598,16,19972,19987,2022-07-12 01:16:53.128000,2022-07-12 01:16:54.628000,val
anomaly_0001_00,anomaly,1,anom,1,anomaly_0001,0,4,19,2022-07-17 10:51:16.724000,2022-07-17 10:51:18.224000,test
anomaly_0001_16,anomaly,1,anom,1,anomaly_0001,16,20,35,2022-07-17 10:51:18.324000,2022-07-17 10:51:19.824000,test
anomaly_0001_32,anomaly,1,anom,1,anomaly_0001,32,36,51,2022-07-17 10:51:19.924000,2022-07-17 10:51:21.424000,test
anomaly_0002_00,anomaly,1,anom,2,anomaly_0002,0,54,69,2022-07-17 10:51:23.615000,2022-07-17 10:51:25.115000,test
anomaly_0002_16,anomaly,1,anom,2,anomaly_0002,16,70,85,2022-07-17 10:51:25.215000,2022-07-17 10:51:26.715000,test
anomaly_0003_00,anomaly,1,anom,3,anomaly_0003,0,101,116,2022-07-17 10:51:31.734000,2022-07-17 10:51:33.234000,test
anomaly_0004_00,anomaly,1,anom,4,anomaly_0004,0,132,147,2022-07-17 10:51:39.999000,2022-07-17 10:51:41.499000,test
anomaly_0006_00,anomaly,1,anom,6,anomaly_0006,0,153,168,2022-07-17 10:51:56.684000,2022-07-17 10:51:58.184000,test
anomaly_0006_16,anomaly,1,anom,6,anomaly_0006,16,169,184,2022-07-17 10:51:58.284000,2022-07-17 10:51:59.784000,test
anomaly_0006_32,anomaly,1,anom,6,anomaly_0006,32,185,200,2022-07-17 10:51:59.884000,2022-07-17 10:52:01.384000,test
anomaly_0007_00,anomaly,1,anom,7,anomaly_0007,0,203,218,2022-07-17 10:52:04.407000,2022-07-17 10:52:05.907000,test
anomaly_0007_16,anomaly,1,anom,7,anomaly_0007,16,219,234,2022-07-17 10:52:06.007000,2022-07-17 10:52:07.507000,test
anomaly_0008_00,anomaly,1,anom,8,anomaly_0008,0,243,258,2022-07-17 10:52:12.567000,2022-07-17 10:52:14.067000,test
anomaly_0011_00,anomaly,1,anom,11,anomaly_0011,0,280,295,2022-07-17 10:52:38.172000,2022-07-17 10:52:39.672000,test
anomaly_0011_16,anomaly,1,anom,11,anomaly_0011,16,296,311,2022-07-17 10:52:39.772000,2022-07-17 10:52:41.272000,test
anomaly_0011_32,anomaly,1,anom,11,anomaly_0011,32,312,327,2022-07-17 10:52:41.372000,2022-07-17 10:52:42.872000,test
anomaly_0012_00,anomaly,1,anom,12,anomaly_0012,0,330,345,2022-07-17 10:52:45.655000,2022-07-17 10:52:47.155000,test
anomaly_0012_16,anomaly,1,anom,12,anomaly_0012,16,346,361,2022-07-17 10:52:47.255000,2022-07-17 10:52:48.755000,test
anomaly_0013_00,anomaly,1,anom,13,anomaly_0013,0,372,387,2022-07-17 10:52:53.769000,2022-07-17 10:52:55.269000,test
anomaly_0015_00,anomaly,1,anom,15,anomaly_0015,0,415,430,2022-07-17 10:53:11.764000,2022-07-17 10:53:13.264000,test
anomaly_0015_16,anomaly,1,anom,15,anomaly_0015,16,431,446,2022-07-17 10:53:13.364000,2022-07-17 10:53:14.864000,test
anomaly_0015_32,anomaly,1,anom,15,anomaly_0015,32,447,462,2022-07-17 10:53:14.964000,2022-07-17 10:53:16.464000,test
anomaly_0016_00,anomaly,1,anom,16,anomaly_0016,0,465,480,2022-07-17 10:53:18.444000,2022-07-17 10:53:19.944000,test
anomaly_0016_16,anomaly,1,anom,16,anomaly_0016,16,481,496,2022-07-17 10:53:20.044000,2022-07-17 10:53:21.544000,test
anomaly_0016_32,anomaly,1,anom,16,anomaly_0016,32,497,512,2022-07-17 10:53:21.644000,2022-07-17 10:53:23.144000,test
anomaly_0017_00,anomaly,1,anom,17,anomaly_0017,0,515,530,2022-07-17 10:53:26.553000,2022-07-17 10:53:28.053000,test
anomaly_0017_16,anomaly,1,anom,17,anomaly_0017,16,531,546,2022-07-17 10:53:28.153000,2022-07-17 10:53:29.653000,test
anomaly_0018_00,anomaly,1,anom,18,anomaly_0018,0,551,566,2022-07-17 10:53:34.639000,2022-07-17 10:53:36.139000,test
