window_id,source,label,state,segment,group_id,offset,start_raw_row,end_raw_row,start_time,end_time,AI0_mean,AI0_std,AI0_rms,AI0_peak,AI0_p2p,AI0_skew,AI0_kurt,AI0_crest,AI1_mean,AI1_std,AI1_rms,AI1_peak,AI1_p2p,AI1_skew,AI1_kurt,AI1_crest,AI2_mean,AI2_std,AI2_rms,AI2_peak,AI2_p2p,AI2_skew,AI2_kurt,AI2_crest,corr_AI0_AI1,corr_AI0_AI2,corr_AI1_AI2,AI2_period8,ratio_AI0_AI2,ratio_AI1_AI2,ratio_AI0_AI1,split
normal_0000_00,normal,0,A,0,normal_0000,0,0,15,2022-07-12 00:00:00.019000,2022-07-12 00:00:01.519000,-0.0069050000000000005,0.06612863080674664,0.06648815561718494,0.116967,0.22870000000000001,0.21983546204630708,-0.47487497740934925,1.7592155913220728,-0.005003250000000004,0.16304436673322234,0.16312111461732964,0.258642,0.481707,0.15535461167722858,-1.5040853648427044,1.5855825936866323,-5.811453375000001,147.2493491124929,147.36398408153403,216.960926,430.345573,0.09333803110018313,-1.4760743035668413,1.4722791824083634,0.16696890290247274,0.30417008896236813,0.0003828123765816738,-0.9958627957925361,0.0004511832116346566,0.0011069266051267823,0.40759993439942677,train
normal_0000_16,normal,0,A,0,normal_0000,16,16,31,2022-07-12 00:00:01.619000,2022-07-12 00:00:03.119000,-0.025430999999999995,0.05768682482486794,0.06304367945619133,0.128888,0.216779,0.6142145554401697,0.04686205260142806,2.0444238203064193,-0.007528437500000002,0.16033723529056218,0.16051388224017418,0.2669,0.5337510000000001,0.08912709582597463,-1.2427903172275834,1.6627845285097653,-4.3958429375,150.88497669382912,150.94899677383924,219.345112,436.306038,0.08323403747722807,-1.5235890719990084,1.4531074514435884,0.41603744061325265,-0.01980294139818895,-0.09821397676153469,-0.9921828993317583,0.00041764888010913456,0.0010633650151426022,0.39276153922848955,train
normal_0001_00,normal,0,A,1,normal_0001,0,41,56,2022-07-12 00:00:07.224000,2022-07-12 00:00:08.724000,0.0118283125,0.06329066123817038,0.06438646423404921,0.1161,0.224261,-0.5451196049730556,-0.17912328882158768,1.8031740270434564,0.004131062500000001,0.13482240373564994,0.1348856783592591,0.244895,0.393675,0.4971092806654309,-1.4061894478042583,1.8155745144991473,-3.5017731875000004,148.0719565203842,148.11335767995823,216.960926,430.345573,0.0725063704947605,-1.556864196462221,1.4648302448777568,0.36640201945042544,0.17128208595256184,0.03124510588880808,-0.9851443752110018,0.00043471071915859746,0.0009106921919272038,0.47734099733375784,cal
normal_0001_16,normal,0,A,1,normal_0001,16,57,72,2022-07-12 00:00:08.824000,2022-07-12 00:00:10.324000,0.012336375,0.07717564986353775,0.07815540339605445,0.136729,0.23402499999999998,-0.6421658554892931,-1.0620643819717204,1.7494503778212542,0.0044142500000000015,0.13396954073104642,0.13404224500787057,0.230715,0.411261,0.404568668446689,-1.3314620624601234,1.7212111001755686,-6.258488250000001,143.00365465659223,143.140539052769,215.768833,423.193015,0.09412651540529371,-1.4841182454672046,1.5073915078694546,0.3205712645971737,0.13420632236705238,0.05277857555760924,-0.9925338533737392,0.0005460046742400651,0.0009364380342207296,0.5830654611273139,cal
normal_0002_00,normal,0,A,2,normal_0002,0,78,93,2022-07-12 00:00:15.267000,2022-07-12 00:00:16.767000,-0.009832874999999998,0.041484468054132924,0.042633865887343594,0.086432,0.139259,-0.3408222994069944,-0.5960253662157688,2.0273085304623626,-0.0007620000000000005,0.05698066510448961,0.05698575997343547,0.093092,0.17888199999999999,-0.0652903438973373,-1.452102674945696,1.633601096895011,4.693866187499999,80.0096339894137,80.147201516373,110.864649,220.537205,-0.060135854835781086,-1.6490144611223814,1.3832628825767777,0.1840265036044293,-0.1521445968446499,-0.2590368128440603,-0.9980198093920151,0.0005319445355635289,0.0007110137209443805,0.7481494658879312,train
normal_0004_00,normal,0,A,4,normal_0004,0,112,127,2022-07-12 00:00:32.752000,2022-07-12 00:00:34.252000,-0.0089505625,0.043148878728144185,0.0440674290668573,0.083278,0.15010099999999998,0.4240717165721605,-0.6447599240215078,1.8897857615803733,-0.006418187500000001,0.04798610708608632,0.04841342380024883,0.10408,0.19046200000000002,0.6911883848342487,0.453537747308995,2.1498169687281043,-3.2037499374999996,81.2721137262449,81.33523518865435,110.864649,219.345112,0.09912839798302576,-1.6351016480056215,1.363058073697742,0.046554155960387436,-0.22992031847922695,0.10959880380105119,-0.9946093255010531,0.0005417999832992967,0.0005952330953240071,0.9102316177570323,train
normal_0004_16,normal,0,A,4,normal_0004,16,128,143,2022-07-12 00:00:34.352000,2022-07-12 00:00:35.852000,-0.0095281875,0.02920895114348243,0.030723756019365535,0.066578,0.117813,-0.1253917950209997,-0.07909467043244911,2.1669876547006535,-0.0072945000000000015,0.044782498495506036,0.045372699960989755,0.093955,0.154053,-0.21929766555081237,-0.7217104234235774,2.07073857365288,-3.7252906250000004,80.76911186765601,80.85497648339677,109.672556,219.345112,0.08792059370128756,-1.6253324810084877,1.3564107092718134,0.2054885738831951,0.06843475215485005,0.020699209285036057,-0.9962195546956661,0.0003799859619732192,0.0005611615009288494,0.677141894702784,train
normal_0004_32,normal,0,A,4,normal_0004,32,144,159,2022-07-12 00:00:35.952000,2022-07-12 00:00:37.452000,0.0134621875,0.039554775631740646,0.041782900420656535,0.078846,0.12415899999999999,0.001199081747144162,-1.2135797827322223,1.8870398944593203,0.013614562500000002,0.05108880961248846,0.05287175786454901,0.100686,0.196355,-0.4485471046650576,0.11228425980886714,1.9043437189651466,-3.7997964375,80.43008575105465,80.51979350997146,110.864649,221.729298,0.07308947027491623,-1.6378891089955299,1.3768620629444444,0.015724016039198055,0.1404902219680491,0.12667946767454533,-0.9972962186084717,0.0005189146494207315,0.0006566305694512423,0.7902687958228896,train
normal_0005_00,normal,0,A,5,normal_0005,0,162,177,2022-07-12 00:00:39.756000,2022-07-12 00:00:41.256000,-0.0326316875,0.057698314985923496,0.06628666971052702,0.141375,0.223159,0.0289299103845091,-0.24750614890331235,2.132781758645934,-0.004197500000000003,0.14331219957447797,0.14337365711010164,0.256468,0.451383,0.4669060645016319,-1.0876677174158194,1.7888083848140195,-1.6391278749999998,152.65591905102576,152.66471878434757,220.537205,436.306038,0.034637415144138824,-1.5942566237622797,1.4445852765204272,0.17581197761342354,0.05285833362995374,-0.03926315644359082,-0.9687910704073571,0.00043419769962805096,0.000939140740911,0.46233506940276464,val
normal_0005_16,normal,0,A,5,normal_0005,16,178,193,2022-07-12 00:00:41.356000,2022-07-12 00:00:42.856000,0.0076945,0.07551363776828661,0.07590464293605498,0.161076,0.273807,0.025117428328963597,-0.5159164454903107,2.122083627159628,0.008240624999999998,0.14543701087492955,0.1456702853454506,0.232126,0.432627,0.1874029662401316,-1.595676904310718,1.5935027480005515,0.22351743749999997,154.54120199725008,154.54136363705257,221.729298,438.690224,-0.0043584646639842,-1.6122170485793323,1.4347569659132902,0.49699546298794683,-0.1159070053707209,0.006745100365442544,-0.9580470576058078,0.0004911606908964547,0.0009425973856912761,0.5210715607239356,val
normal_0005_32,normal,0,A,5,normal_0005,32,194,209,2022-07-12 00:00:42.956000,2022-07-12 00:00:44.456000,0.019537250000000003,0.06877218412946837,0.07149347835642073,0.117876,0.223159,-0.4132869595758072,-0.9745560230694803,1.6487657715063981,0.004632562500000003,0.1531595895169352,0.153229633218619,0.229947,0.45647000000000004,-0.09140698167451865,-1.6999112822154079,1.5006692580926904,2.9057266874999996,155.5412828298575,155.56842196262124,225.305577,449.419061,-0.04102579724060671,-1.590430978416757,1.448273204533338,0.35151568034891933,0.11138589857790814,0.07758409113745053,-0.9738279732400215,0.00045956292063950235,0.0009849661729900159,0.4665773640169069,val
normal_0006_00,normal,0,A,6,normal_0006,0,212,227,2022-07-12 00:00:47.676000,2022-07-12 00:00:49.176000,0.04751881250000001,0.032251885067424255,0.05743014567117604,0.092607,0.112227,-0.19540362475487302,-0.7628029751171761,1.612515498919918,0.016914750000000003,0.05110681370729837,0.053833216278381515,0.133919,0.197637,0.8529113016174337,0.7174933116487403,2.4876648518914437,-2.9802325000000005,80.89121831650405,80.94609926662542,109.672556,218.153019,0.09203028536489376,-1.6498932167386553,1.3548837682561274,0.2201777599459467,-0.24281690050564067,-0.04608881668562732,-0.9978472794735469,0.0007094862654469484,0.0006650501601202824,1.0668161711571187,val
normal_0006_16,normal,0,A,6,normal_0006,16,228,243,2022-07-12 00:00:49.276000,2022-07-12 00:00:50.776000,0.026273375,0.07668225146250841,0.08105836121739694,0.16201,0.29573,-0.34558458636772027,-0.3257303012908679,1.9986833877074361,0.0172384375,0.02931152518841512,0.03400484136578937,0.061837,0.11058000000000001,-0.8351656357602479,0.6790772285667765,1.8184763556112695,-1.4901162500000003,82.41892114411448,82.43239053308035,110.864649,218.153019,0.07988698791600882,-1.7092764933451035,1.3449160977020278,0.4876886731075102,0.24174870854830255,0.06588765922169147,-0.9870455477917197,0.0009833314391733913,0.00041251795739373996,2.3837300208359697,val
normal_0006_32,normal,0,A,6,normal_0006,32,244,259,2022-07-12 00:00:50.876000,2022-07-12 00:00:52.376000,-0.056371375,0.055459660500758345,0.07907911141540476,0.153169,0.232981,0.5807611332901589,0.8242403235379809,1.9369084611408822,-0.024249562500000002,0.04273694547017947,0.049137437759436534,0.101502,0.14718399999999998,-0.24849652334777342,-0.7467397622081315,2.0656754732903666,-0.07450581250000043,82.8691883395913,82.86922183282978,110.864649,220.537205,0.025582393483847887,-1.7656087531733526,1.3378265965094347,0.2454988245126145,0.3734648376984277,0.5120242926438581,-0.9526895074908657,0.0009542639555000199,0.000592951601000434,1.609345440487851,val
normal_0007_00,normal,0,A,7,normal_0007,0,262,277,2022-07-12 00:00:55.468000,2022-07-12 00:00:56.968000,-0.0012165000000000014,0.06684780852896377,0.06685887657876852,0.162646,0.25466500000000003,-0.89452116058437,0.6503901334189481,2.4326762327270295,-0.0058843750000000025,0.1776831162121471,0.1777805266501368,0.277589,0.540109,0.0674803923992912,-1.5602564071748208,1.5614139817814876,9.9092730625,172.42839155992655,172.71289444789738,252.72371600000002,501.87115300000005,-0.07288536564173966,-1.497421728395824,1.4632591087531084,0.5883202264674453,0.16116648767798775,0.11889731563086192,-0.9985298052664917,0.00038710993057289046,0.0010293413657297497,0.37607536572519806,test
normal_0007_16,normal,0,A,7,normal_0007,16,278,293,2022-07-12 00:00:57.068000,2022-07-12 00:00:58.568000,-0.009067750000000001,0.09641320135198032,0.09683867762934395,0.216983,0.399272,0.07417350256881908,0.4679925215689167,2.2406646322713732,-0.0137073125,0.17577050623708132,0.17630417260749248,0.283731,0.531571,0.35253915214504944,-1.3482440449815758,1.6093266302418878,10.877848625000002,172.17846743919372,172.5217442539285,256.299995,506.63952500000005,-0.055005926992779675,-1.5183929942002505,1.4856098059312532,0.25609972654279595,-0.0756369635204444,0.03223301423564276,-0.9989962793870751,0.0005613128828955648,0.00102192435724506,0.5492704806535507,test
normal_0008_00,normal,0,A,8,normal_0008,0,303,318,2022-07-12 00:01:03.576000,2022-07-12 00:01:05.076000,-0.0202213125,0.06074645990170821,0.0640236977205511,0.13739,0.214066,-0.40949549933734564,-0.7902566486362317,2.1459241638881306,-0.011693624999999996,0.10291722554914884,0.10357941967579756,0.180572,0.284468,0.9973652592594134,-0.75462342513595,1.7433192864488753,-4.023313875000001,128.52293688371097,128.58589487090376,191.926973,374.317202,0.11947103624732168,-1.4719492401217638,1.4925974049695632,0.2912573769470101,0.01110409942618583,-0.07763558754099567,-0.992681305205879,0.0004979060711505636,0.0008055270741770556,0.6181121493144541,train
normal_0010_00,normal,0,A,10,normal_0010,0,342,357,2022-07-12 00:01:21.222000,2022-07-12 00:01:22.722000,-0.0067816874999999995,0.066468098944831,0.0668131683329529,0.164773,0.282526,-0.4426081551593052,0.8313821351648891,2.4661755176596287,0.002312,0.12068867626355838,0.12071081940841095,0.216096,0.350282,0.591908233916486,-1.1927162417198307,1.790195784098395,-8.791685874999999,151.30360397761714,151.55881471277175,233.65022800000003,464.91627000000005,0.0717412350553667,-1.456516369783512,1.5416472373632948,0.4443773426113215,0.004848965970907707,0.04508586125039079,-0.9988898388944101,0.00044083987103999566,0.0007964618860155202,0.5534977615129788,train
normal_0010_16,normal,0,A,10,normal_0010,16,358,373,2022-07-12 00:01:22.822000,2022-07-12 00:01:24.322000,0.0096365,0.06272072605207947,0.06345669081152909,0.11332,0.222774,-0.28806423699224115,-0.6527005929901293,1.7857848959784006,0.012608000000000001,0.11627822436402269,0.11695976712207493,0.208353,0.330936,0.4904283370179448,-1.5245516791926337,1.78140744571195,-6.854534749999999,150.64448865568093,150.80035347760474,225.305577,447.034875,0.10694809604770047,-1.4414863337754946,1.4940653108844335,0.41838303968400337,-0.12789784853992722,0.06899372730322886,-0.9967059737375759,0.00042079935058609127,0.0007755934546893787,0.5425514463045841,train
normal_0010_32,normal,0,A,10,normal_0010,32,374,389,2022-07-12 00:01:24.422000,2022-07-12 00:01:25.922000,-0.0067576875,0.08335073213064684,0.08362422428377138,0.184255,0.366143,0.04846985922637869,1.1157147384184167,2.203368719747367,0.0010923124999999978,0.13238674174540607,0.1323912479605903,0.222806,0.380618,0.5207605495127432,-1.3375460316436776,1.682936020561752,-4.619360375000001,148.28318935062177,148.35512372097725,222.921391,436.306038,0.10434957237893647,-1.4788539967902385,1.5026201010708953,0.493557375767585,-0.014934692318418942,0.01717822583416905,-0.9936882604055234,0.0005636760105505342,0.0008923941731165859,0.6316446560626447,train
normal_0011_00,normal,0,A,11,normal_0011,0,392,407,2022-07-12 00:01:27.857000,2022-07-12 00:01:29.357000,-0.0223164375,0.03745760085077652,0.04360155093786802,0.106267,0.144879,-0.7707877224514452,0.4857622832913817,2.4372298166968855,-0.01088825,0.05008322628448072,0.051253132032345106,0.111375,0.21721000000000001,0.2583194842994861,0.6805614150635728,2.1730379312178005,5.4389243125,80.36020927637709,80.5440570906397,110.864649,219.345112,-0.06817520760277736,-1.6508448378883427,1.3764472886589165,0.3133623891370171,0.28804580391406376,0.014007276454444082,-0.9975852374436457,0.0005413379026686143,0.0006363366073634427,0.8507099802281687,val
normal_0011_16,normal,0,A,11,normal_0011,16,408,423,2022-07-12 00:01:29.457000,2022-07-12 00:01:30.957000,0.038104874999999996,0.039765946415989836,0.05507551173729573,0.105426,0.140622,0.024908611138399053,-0.5810110703874187,1.9142082692371645,0.012635875000000001,0.04836914437541122,0.04999239406774794,0.102645,0.19423200000000002,-0.04502287477526158,-0.1145246964928388,2.053212331877907,5.3644185,80.34919059273969,80.52806600652687,112.056742,221.729298,-0.07501560268355562,-1.6450037307822833,1.3915240680301164,-0.08124243102156387,-0.08677128320946813,-0.24404120171461313,-0.9972591415807945,0.0006839293983892748,0.0006208070868570967,1.1016778204832385,val
normal_0011_32,normal,0,A,11,normal_0011,32,424,439,2022-07-12 00:01:31.057000,2022-07-12 00:01:32.557000,-0.011012937499999998,0.029438045191275755,0.031430610828657154,0.061661,0.114305,0.08310900041565872,0.17933237141210912,1.9618136070005998,0.0011099999999999999,0.04734313717161126,0.04735614782950573,0.080256,0.158094,0.04802351532767815,-1.3610407393480703,1.6947324408425737,5.2899126875,80.50265984542739,80.67627543726819,110.864649,220.537205,-0.08537410850196993,-1.6463531286087183,1.37419146334049,-0.19061950535568148,-0.44154279318714257,0.04371042005510835,-0.9971730141131169,0.0003895892647287218,0.0005869897633825282,0.6637070849135662,val
normal_0012_00,normal,0,A,12,normal_0012,0,442,457,2022-07-12 00:01:35.646000,2022-07-12 00:01:37.146000,-0.013710125,0.06522336993160024,0.06664874727067269,0.162992,0.249386,-0.4004766025097231,0.14031225850196538,2.4455373382797405,-0.0105968125,0.13724160692152487,0.1376501039068351,0.250263,0.48779300000000003,0.26826013290653195,-0.9409169028443647,1.8181097790480711,0.0745058124999991,135.11827839206,135.1182989337504,195.503252,386.238132,-0.02306376726565677,-1.5833553781599108,1.446904331558058,0.15970446728430007,0.05420988226186959,-0.15613322699421472,-0.9686700768012451,0.0004932621842978582,0.0010187376912902527,0.4841895892485643,cal
normal_0012_16,normal,0,A,12,normal_0012,16,458,473,2022-07-12 00:01:37.246000,2022-07-12 00:01:38.746000,0.0339758125,0.06732950783109397,0.0754163010218116,0.136689,0.23833900000000002,-0.5229356081599457,-0.5542717071036747,1.812459616130833,0.036168874999999996,0.12110405135351325,0.12638978903772252,0.246006,0.363736,0.5469869479934367,-1.339369375728111,1.9464072364783884,2.6822092500000005,138.48464134858406,138.5106138023608,202.65581,400.543248,-0.05555274073118747,-1.5551547096379676,1.463106721115013,0.3962644638614879,-0.08566528028571539,-0.07726558175883769,-0.9810887214227604,0.0005444803033608836,0.0009124917258547901,0.596696153985214,cal
normal_0013_00,normal,0,A,13,normal_0013,0,482,497,2022-07-12 00:01:43.757000,2022-07-12 00:01:45.257000,-0.0012241875000000013,0.07543704701373419,0.07544697937749066,0.180397,0.337113,0.20195129165473763,1.5419539279586338,2.3910433722919966,-0.004486562499999998,0.16463999433611537,0.16470111407656748,0.277204,0.493005,0.23578384325226387,-1.3919710964355385,1.6830730110977352,0.07450581250000177,172.17567861525865,172.17569473575801,250.33953000000002,493.52650200000005,-0.00265899365073127,-1.6194394974950022,1.4539771736318639,0.2749844406178561,-0.17470730638263055,-0.003914222386327433,-0.9495629512810367,0.0004381976183878966,0.000956587480766888,0.4580842078725485,val
normal_0015_00,normal,0,A,15,normal_0015,0,521,536,2022-07-12 00:02:01.294000,2022-07-12 00:02:02.794000,0.0211644375,0.07491293697517201,0.07784524096524784,0.157612,0.22956300000000002,0.8218502315794264,-0.7273420046625279,2.024683821973936,0.009742375,0.19358151301288914,0.19382651018630037,0.314745,0.61764,-0.14413316818952807,-1.2649984138764203,1.6238490787327096,-5.215406875000001,181.29951152287177,181.37451129445864,259.876274,518.560455,0.09386047341494963,-1.5342255920393963,1.432815846864475,0.4840422034054876,0.019098853224407623,0.02587107786573176,-0.9918252556364475,0.0004291961445391151,0.001068653521395992,0.4016232913156475,train
normal_0015_16,normal,0,A,15,normal_0015,16,537,552,2022-07-12 00:02:02.894000,2022-07-12 00:02:04.394000,-0.02296625,0.09204588204565428,0.09486776607797298,0.170747,0.29691100000000004,-0.2328187680719552,-1.083244388535082,1.7998421071669481,-0.0034756250000000004,0.18662936142119857,0.18666172214362803,0.29549,0.53844,0.39024950510634193,-1.3777279366995752,1.5830240748161175,-2.7567150625000005,181.98448494220622,182.0053632111315,258.684181,514.984176,0.06075288460644758,-1.5900682762213532,1.421299770710157,0.47729566752377184,0.07166830398051709,0.012199180548630662,-0.9797349015099525,0.0005212361020808141,0.0010255836358354726,0.5082336377726998,train
normal_0015_32,normal,0,A,15,normal_0015,32,553,568,2022-07-12 00:02:04.494000,2022-07-12 00:02:05.994000,-0.007737249999999999,0.060247141907832445,0.060741938935343506,0.141909,0.24177900000000002,-0.5614648094018151,0.039054319198758236,2.3362606213649917,-0.022981999999999995,0.1790752748060854,0.18054397351026424,0.285377,0.534409,0.06109117819968265,-1.4583862567475971,1.5806509320222522,-0.8940697500000008,181.02624995215078,181.0284577972658,261.068367,518.560455,0.012512692118556532,-1.6255524628322888,1.4421399274824025,0.4358119853524025,0.07287118477916406,-0.02956977234032367,-0.9594724052528686,0.0003355380677405348,0.000997323712012483,0.3364384739870047,train
normal_0016_00,normal,0,A,16,normal_0016,0,571,586,2022-07-12 00:02:07.924000,2022-07-12 00:02:09.424000,-0.008287687499999996,0.08671481749801958,0.08710996118592006,0.159153,0.289701,-0.1692597887855368,-1.0821987444277332,1.8270355976891945,0.006605937499999999,0.12327520233681871,0.12345207135336976,0.248462,0.387827,0.7809398494250934,-0.7385728425022093,2.012619126404135,7.748604500000001,110.09287039320631,110.36521636418216,166.89302,325.441389,-0.039451390495068,-1.4968996665651555,1.5121885816749356,0.23048722610447903,0.03878039959828935,-0.09414338172307328,-0.9994345165917586,0.0007892881838647005,0.001118577713344064,0.7056176557505959,val
normal_0016_16,normal,0,A,16,normal_0016,16,587,602,2022-07-12 00:02:09.524000,2022-07-12 00:02:11.024000,0.0029997500000000024,0.0893320841834696,0.0893824354368631,0.195443,0.353938,0.045464754704211935,0.17583675803971932,2.186592914421701,-0.006754937500000001,0.12295073723877623,0.12313615621817785,0.231909,0.401758,0.7259637335733617,-0.9195021559864398,1.8833542244821564,6.85453475,110.31812767528507,110.53087324553016,169.277206,336.170226,-0.07821034125098891,-1.4261737159475931,1.5314925235773031,0.2535786919633271,0.0015933592024734962,0.06733983971288118,-0.9985990351873082,0.0008086648807913738,0.0011140430958565457,0.7258829427685847,val
normal_0016_32,normal,0,A,16,normal_0016,32,603,618,2022-07-12 00:02:11.124000,2022-07-12 00:02:12.624000,0.006588125000000002,0.09947767966852852,0.09969559741157079,0.1809,0.32730400000000004,-0.0077314099970430565,-0.9775467053370099,1.814523456368842,-0.00872175,0.10888984598695371,0.109238580557077,0.247089,0.37690599999999996,1.0433240411408313,0.1406829381584469,2.2619206395756524,5.289912687499999,111.50369240003673,111.62910281411108,165.700927,327.825575,-0.10020980106265466,-1.459280873043233,1.4843882358880134,0.303594597300772,-0.027287302293277027,0.07731426612125214,-0.9955558383560744,0.0008930968259915838,0.000978585134191978,0.9126409085797301,val
normal_0017_00,normal,0,A,17,normal_0017,0,621,636,2022-07-12 00:02:15.921000,2022-07-12 00:02:17.421000,-0.0275736875,0.03864651659386449,0.04747485110232048,0.090303,0.146219,0.502141600235167,-0.025680262808393195,1.902122869335048,-0.0175995625,0.05523892703290039,0.057974853686210366,0.111436,0.17171799999999998,-0.20904919054601678,-1.3001927201317192,1.9221437039435885,-3.9488080625000004,80.45934402150972,80.55618614039594,112.056742,221.729298,0.08532522007647049,-1.638796770570184,1.3910383220564075,-0.300266375768031,-0.3600428780463347,0.41823295935322763,-0.9981003568612918,0.0005893383658901101,0.0007196822052271679,0.8188869498365398,test
normal_0017_16,normal,0,A,17,normal_0017,16,637,652,2022-07-12 00:02:17.521000,2022-07-12 00:02:19.021000,0.001182125,0.05503575423403748,0.05504844833076587,0.124012,0.192154,0.42128102168549464,-0.5476947495948266,2.252779211048012,-0.003448437500000002,0.05420843410273989,0.0543180085152475,0.101415,0.185672,0.4773002038991726,-0.4917026064844592,1.8670603501881333,-3.4272673750000004,81.41750288001933,81.48960631195672,110.864649,220.537205,0.09835066057319909,-1.637260290737455,1.3604759430986866,0.06992671439870103,-0.16397027143595716,0.10841615442530735,-0.9979073677922543,0.0006755272337435355,0.0006665636388928975,1.013447470470375,test
normal_0018_00,normal,0,A,18,normal_0018,0,657,672,2022-07-12 00:02:23.876000,2022-07-12 00:02:25.376000,0.0005614374999999977,0.08939702363611494,0.0893987866084462,0.178554,0.326611,-0.22823152068537786,-0.33925629979869365,1.9972754303930407,0.0007743750000000008,0.09565820054095925,0.09566133486093009,0.172077,0.281675,0.6273476548116149,-1.1033392312951555,1.7988145393346326,-4.9918894375,101.20530712067595,101.3283432685375,150.203718,296.831157,0.07775584438310698,-1.4824672579894436,1.4823465296569034,0.033546112765094074,0.16005407220607618,0.008663503358977134,-0.9973117974317526,0.0008822683143207432,0.0009440728208435338,0.9345341745273761,test
normal_0018_16,normal,0,A,18,normal_0018,16,673,688,2022-07-12 00:02:25.476000,2022-07-12 00:02:26.976000,-0.0009833749999999981,0.08495532927359163,0.0849610204645342,0.123159,0.242392,0.36559467357002445,-1.5193165873623011,1.4495941706751394,0.0038418750000000002,0.08320332289328579,0.08329197406713326,0.144284,0.24528699999999998,0.5610463130920974,-1.3852914012822124,1.7322677438729837,-5.66244175,99.45540880575487,99.61647246962707,149.011625,295.639064,0.07215863958910296,-1.4939861427023104,1.4958532590624853,0.08346160860401679,-0.08683483853237828,0.0058870925833595725,-0.9974632881581471,0.0008528812389982862,0.0008361265160491291,1.0200385021017233,test
normal_0019_00,normal,0,A,19,normal_0019,0,693,708,2022-07-12 00:02:31.936000,2022-07-12 00:02:33.436000,0.0291919375,0.0754001288829044,0.08085387220512386,0.130009,0.253564,-0.4999126128748798,-0.8862975526832471,1.6079502002102146,-0.0010913125000000011,0.0372237323285138,0.03723972625352528,0.093897,0.152304,-0.6767798956035211,1.046570293231702,2.521420253219807,-2.0116569375000006,83.84969673687593,83.87382432261124,112.056742,221.729298,0.09320441752135449,-1.6687271653851026,1.3360156509495302,0.5996933792463282,0.15997995439480686,0.07983899811053048,-0.988589836401665,0.0009639941049322912,0.0004439969985187137,2.17117257132012,test
normal_0020_00,normal,0,A,20,normal_0020,0,716,731,2022-07-12 00:02:40,2022-07-12 00:02:41.500000,0.0137845,0.06795101317217427,0.069335075044129,0.125539,0.247206,-0.11812428789054422,-0.6893506747190301,1.8106131697427235,-0.003615875000000001,0.05765097604212243,0.057764258764611526,0.140751,0.232867,0.817330245251365,1.1308035316147391,2.4366451333437547,-4.2468313125,81.28877791052508,81.39963753226118,113.248835,225.305577,0.06729239650013752,-1.5896988430291783,1.3912695244510886,0.050531655048774396,0.39788887589546645,-0.19258120288214084,-0.9975126785848194,0.0008517860416350058,0.0007096377885186254,1.2003109972668113,cal
normal_0022_00,normal,0,A,22,normal_0022,0,749,764,2022-07-12 00:02:57.334000,2022-07-12 00:02:58.834000,0.0034201875000000014,0.08525497038019159,0.08532354690859083,0.153516,0.271173,0.2586713378657937,-1.226081577120818,1.7992219681685926,0.003842687499999997,0.08215842640192084,0.08224824178097974,0.148396,0.239157,0.6562985310675573,-1.190368763329151,1.8042452554203683,-5.662441749999999,99.98180358611647,100.14202062523461,149.011625,295.639064,0.0874330130651069,-1.464417563070284,1.488002978865905,0.44024960092194887,-0.05611311780323546,0.05123227198181283,-0.9962138982852656,0.0008520254172611563,0.000821315979720247,1.0373905272747395,val
normal_0022_16,normal,0,A,22,normal_0022,16,765,780,2022-07-12 00:02:58.934000,2022-07-12 00:03:00.434000,-0.011475312500000001,0.06788845283415172,0.06885146930304029,0.14596,0.242278,-0.36113588409955644,-0.700246046734259,2.1199257107728102,0.0008135000000000009,0.08071890015588047,0.080722999353499,0.168196,0.26113600000000003,0.7697723734619032,-0.5849604398541821,2.0836193073481164,-5.811453375,97.63696063007733,97.80975959181715,143.05116,284.910227,0.08402652733433742,-1.4839707046176225,1.4625448482542613,0.5644615582466991,-0.16684769500997557,0.00986366197167186,-0.9964526586196597,0.0007039325072505388,0.000825306183047324,0.8529349733590624,val
normal_0022_32,normal,0,A,22,normal_0022,32,781,796,2022-07-12 00:03:00.534000,2022-07-12 00:03:02.034000,0.0013241875000000007,0.08660467664712075,0.0866147994841961,0.179299,0.32737099999999997,0.3232568511385784,-0.6783631849691494,2.0700734870686297,-0.0004375000000000004,0.06512612694226488,0.06512759643000808,0.13643,0.218551,0.9939373778829739,0.045057616554846636,2.0948109170068916,-5.811453375000001,95.16407842143762,95.34135939943027,140.666974,276.565576,0.06808044903500185,-1.5035621638019885,1.4754034858122715,0.4731466605702257,0.059878749534206764,0.07357810830013436,-0.997973932613242,0.000908470364066507,0.0006830990961347386,1.3299247052250744,val
normal_0023_00,normal,0,A,23,normal_0023,0,799,814,2022-07-12 00:03:04,2022-07-12 00:03:05.500000,0.009216812500000001,0.05378114791125552,0.054565204144330845,0.084485,0.155586,-0.17394402281801696,-1.6678644125376392,1.5483310531841514,-0.002625500000000001,0.030957368252566304,0.031068503333359976,0.067438,0.125692,-0.2525743490181461,0.45535080155550434,2.1706227453701663,-3.4272673750000004,80.46834707928816,80.5413002336846,110.864649,219.345112,0.07009144121404122,-1.6421797563034306,1.3764944032233706,0.0404858597983744,0.07803625627594654,0.17090301085149703,-0.9975225885010315,0.0006774810437131505,0.0003857462350771222,1.7562868593589818,train
normal_0023_16,normal,0,A,23,normal_0023,16,815,830,2022-07-12 00:03:05.600000,2022-07-12 00:03:07.100000,0.016331687500000004,0.06589932266127509,0.06789289170312678,0.161971,0.259684,0.3545529452798836,0.6522786906240499,2.3856842143098835,0.011933625,0.0344481712211893,0.03645665791217017,0.096299,0.13885,0.674815562167488,0.9273114668851452,2.641465386980876,-3.7997964374999995,80.76729054968247,80.85662419185743,110.864649,221.729298,0.06952587640969964,-1.6363933223672462,1.3711263623489798,0.3157725802634224,-0.030754248452338238,-0.18773284382765643,-0.9984939100756605,0.0008396701245160795,0.0004508802868849117,1.8622906100359349,train
normal_0023_32,normal,0,A,23,normal_0023,32,831,846,2022-07-12 00:03:07.200000,2022-07-12 00:03:08.700000,-0.010406562500000001,0.05839477982231026,0.0593148114180809,0.118194,0.225431,0.16522751280329587,-0.31904265054547976,1.9926557494536852,-0.008526312500000001,0.040394235986893526,0.04128428642731396,0.110455,0.193255,-0.10581680151431866,2.5031518982423187,2.675473153556125,-3.1292441250000005,81.64082983905533,81.70077885554969,110.864649,221.729298,0.07101400499410176,-1.623763944786376,1.3569595119284386,0.18703353333710593,0.13207475720343115,0.09176802480949774,-0.9987787906815999,0.0007260005626501053,0.0005053108061589751,1.4367406233970372,train
normal_0024_00,normal,0,A,24,normal_0024,0,849,864,2022-07-12 00:03:12.129000,2022-07-12 00:03:13.629000,-0.006722687499999999,0.06926291829842894,0.06958840692556124,0.149772,0.278155,0.2884773578838978,0.5478135786622853,2.152255046738046,-0.005502374999999999,0.1884936967065726,0.18857399032939298,0.303483,0.573124,0.16816253754506216,-1.5192103764885483,1.6093576822015,-3.725290625000003,169.15431862466022,169.1953347454172,243.18697200000003,482.79766500000005,0.06536196476833747,-1.5666927572838194,1.4373148784859564,0.44855682492381166,-0.04156024308019174,-0.02220917906264377,-0.9858757248287521,0.0004112903410148317,0.0011145342193573731,0.36902441743958003,train
normal_0024_16,normal,0,A,24,normal_0024,16,865,880,2022-07-12 00:03:13.729000,2022-07-12 00:03:15.229000,0.011724187500000002,0.07071046532888427,0.07167584306837625,0.129814,0.21158000000000002,0.34900222809879317,-1.2263636473391262,1.811126237833882,-0.00962275,0.17782823479993976,0.1780884005476634,0.276735,0.551065,0.21231218363895485,-1.3880450622259002,1.5539192847427192,-1.7136336874999998,172.85809337998862,172.86658724976263,247.95534400000003,493.52650200000005,0.028537348263123888,-1.6088600813124714,1.4343740334373987,0.4178992466378554,-0.159036316573026,-0.025731436657057568,-0.9673642379269887,0.0004146309834000305,0.001030207186831057,0.40247339438142127,train
normal_0025_00,normal,0,A,25,normal_0025,0,885,900,2022-07-12 00:03:20.215000,2022-07-12 00:03:21.715000,0.013283812500000002,0.06419080518483425,0.06555088973318744,0.132991,0.21569,0.21326776057721217,-1.1668116840252067,2.0288206695792357,0.004007375,0.03498403848699254,0.03521281021517596,0.101198,0.145469,1.338464900389182,2.397307135797856,2.8738972942405447,2.3096801874999984,86.40564064854821,86.43650477925735,115.63302100000001,228.88185600000003,-0.0951717142672234,-1.6804207421552069,1.3377799263783872,0.23876362372222,-0.0066102813160263075,0.1315494456816603,-0.9769956979895604,0.0007583704350446856,0.0004073835505623797,1.8615637131096237,val
normal_0027_00,normal,0,A,27,normal_0027,0,923,938,2022-07-12 00:03:44.676000,2022-07-12 00:03:46.176000,0.018404999999999998,0.07027400479996142,0.07264419987600525,0.158623,0.28029,-0.021197396035526124,0.12146456980401998,2.183560425618976,0.0180764375,0.03629707695870418,0.040549172475372416,0.08691,0.13642100000000001,-0.11255147544949871,-0.5704331787251187,2.1433236412601238,-1.1920930000000003,84.83042174627835,84.8387973710855,112.056742,222.921391,0.05481628355377728,-1.7275134559515168,1.3208195480407745,0.5709075274483801,0.29141094706590104,0.06692091901872133,-0.9825277513856571,0.0008562615469224416,0.00047795553133562287,1.7915088136539847,test
normal_0027_16,normal,0,A,27,normal_0027,16,939,954,2022-07-12 00:03:46.276000,2022-07-12 00:03:47.776000,-0.015318312500000002,0.05735627975723185,0.05936660277830879,0.109509,0.217779,0.46007133054442445,-0.3978016432652187,1.8446229845581141,-0.005583625000000001,0.028036224362142183,0.028586828166570002,0.052156,0.086591,-0.1726970265316537,-1.1216464896178493,1.8244766329477662,0.14901162499999954,85.30014256127346,85.30027271608199,113.248835,224.113484,0.017859637163194185,-1.7585915060807216,1.3276491550846912,0.2499054798048905,-0.14518478466989734,0.04926867844629421,-0.9562966137052163,0.0006959720161259951,0.00033513173236526377,2.076711779019026,test
normal_0027_32,normal,0,A,27,normal_0027,32,955,970,2022-07-12 00:03:47.876000,2022-07-12 00:03:49.376000,-0.0026226250000000017,0.07645416088895604,0.07649912992397365,0.141809,0.26737,0.1838700223349687,-0.7416844431686558,1.8537335018180283,-0.0130150625,0.04537947795461726,0.0472089914244363,0.127565,0.20347400000000002,-0.43452919451093674,1.9877337707296814,2.70213355869259,1.0430813750000008,85.68142522395591,85.68777419890904,113.248835,225.305577,-0.023541121777135042,-1.7507377639215445,1.3216451945304686,0.6105746963007072,-0.14285149931005922,0.03321539959606247,-0.9646902443884839,0.0008927659825355531,0.0005509419735287902,1.6204355910975086,test
normal_0028_00,normal,0,A,28,normal_0028,0,973,988,2022-07-12 00:03:52.544000,2022-07-12 00:03:54.044000,0.0077706250000000015,0.057135293628232754,0.057661290229017594,0.095285,0.180267,-0.031500865521007164,-1.120285944768314,1.6524951075764962,-0.00045218749999999946,0.046687014950919106,0.046689204732598515,0.075833,0.141859,-0.12410946239721232,-1.2252685144467907,1.6242084317845151,-4.395842937500001,89.28243250618019,89.39058221844058,127.55395100000001,252.72371600000002,0.07825088025992474,-1.531232336736139,1.4269282941719852,0.294659719935526,0.11614663635598343,-0.24451994642934624,-0.9969742694547574,0.0006450488272703354,0.0005223056341495323,1.2350026212538665,test
normal_0028_16,normal,0,A,28,normal_0028,16,989,1004,2022-07-12 00:03:54.144000,2022-07-12 00:03:55.644000,0.0096744375,0.06238541378897068,0.06313109055419922,0.103403,0.191666,-0.011715841951815359,-1.3472995426894097,1.6379092946481988,0.005941937499999999,0.04573982578326675,0.0461241616068791,0.080161,0.155789,-0.22775752722518847,-0.6212543887932771,1.7379394488125404,-4.619360375000001,88.09385288429498,88.21488200000002,125.16976500000001,249.14743700000002,0.06666237408517998,-1.5449445558821373,1.4189189189189189,0.6514563183047212,0.11441803244751382,-0.018379779896937842,-0.9975422315352557,0.0007156512497993162,0.0005228614555861345,1.3687206087835675,test
normal_0028_32,normal,0,A,28,normal_0028,32,1005,1020,2022-07-12 00:03:55.744000,2022-07-12 00:03:57.244000,-0.012292625,0.07624508882288338,0.07722967175250715,0.139046,0.257208,-0.012820772885468134,-1.2262939486773328,1.8004219990160202,-0.00022787499999999978,0.04532569516272613,0.045326267980057657,0.090626,0.156107,-0.4489117214338089,-0.7199418487647149,1.9994145566953143,-4.842877812499999,86.89968440998592,87.0345254256146,122.78557900000001,244.37906500000003,0.07154327326704912,-1.5605274361058965,1.4107686392216914,0.40737373077634115,0.01420312299504104,0.16419914036300554,-0.9972620667522764,0.0008873452388559605,0.0005207849156228979,1.703861252960119,test
normal_0029_00,normal,0,A,29,normal_0029,0,1023,1038,2022-07-12 00:04:00.140000,2022-07-12 00:04:01.640000,-0.023089812499999997,0.07975263256722215,0.08302783775751058,0.181385,0.256969,-0.506277286516319,-1.2379565889359618,2.1846287329527883,-0.010652374999999999,0.07380551965035795,0.0745702878095559,0.134046,0.250702,0.521698887548119,-0.8183497872515884,1.7975792227373235,5.4389243125,95.29660406694113,95.45168748832283,140.666974,278.949762,-0.08828550729176718,-1.4670443089957566,1.4736981367375892,0.20954752914739236,-0.111616867615072,0.017618523369671076,-0.9980772028318933,0.0008698414867486534,0.0007812359296285727,1.1134171557652333,train
normal_0029_16,normal,0,A,29,normal_0029,16,1039,1054,2022-07-12 00:04:01.740000,2022-07-12 00:04:03.240000,0.04270381250000001,0.08388130977474866,0.09412592486431408,0.174676,0.247695,0.02983726973806638,-1.5694080687013428,1.8557692819677656,0.022372875,0.06822322655891742,0.07179800956764053,0.125872,0.209536,0.34396079519829836,-1.1521030404853987,1.753140522390341,4.0978196875,97.83061454238054,97.91639938197841,145.435346,286.10232,-0.05740876619060476,-1.5262812133055432,1.4853012050887107,0.22800935456354954,0.09750122273660303,0.22348703306321774,-0.9943649870434838,0.0009612886652124795,0.0007332582695116443,1.3109823716719966,train
normal_0030_00,normal,0,A,30,normal_0030,0,1065,1080,2022-07-12 00:04:08.213000,2022-07-12 00:04:09.713000,0.0036879375000000007,0.06636844411547248,0.06647083012353991,0.153022,0.235728,-0.8581916471869689,0.0631630684945601,2.302092507579636,0.008722937500000002,0.18619731229950284,0.18640152560048295,0.287675,0.568253,-0.06116165693956694,-1.3355189785571657,1.54330818416464,-7.972121937500001,174.91843388469195,175.10000925431078,256.299995,507.83161800000005,0.08490497447471515,-1.4783616769739545,1.4637349026507271,0.4367506180258794,0.03259982717453316,0.07656496884840167,-0.9974154795308224,0.00037961637127613954,0.0010645432081603041,0.356600247285571,train
normal_0033_00,normal,0,A,33,normal_0033,0,1107,1122,2022-07-12 00:04:25.827000,2022-07-12 00:04:27.327000,-0.013744375000000003,0.056973427027293834,0.05860784274629975,0.096655,0.179564,0.5975675334749772,-0.8509819728511592,1.6491820116703133,-0.0024584999999999993,0.13148873690168295,0.13151171869552158,0.226374,0.413259,0.19337751481248833,-1.471567685908702,1.7213218886151533,-0.7450581250000003,138.78791084266845,138.78991068403394,201.463717,400.543248,0.017265322212204733,-1.5906844723003482,1.4515732160001735,0.16252711831244257,0.3087060157606821,0.013201102497705768,-0.9675444255847081,0.0004222774008387762,0.0009475596464278897,0.44564730297525607,train
normal_0033_16,normal,0,A,33,normal_0033,16,1123,1138,2022-07-12 00:04:27.427000,2022-07-12 00:04:28.927000,-0.018590125,0.08837050271857898,0.0903046980962231,0.220326,0.373579,1.2552260816388325,2.1486761073598277,2.4398066174279687,-0.008834874999999999,0.12054955146218659,0.12087286450647226,0.209796,0.385568,0.02090217456571412,-1.2300326064199765,1.735674924695495,0.7450581249999995,142.03168710892825,142.03364127775546,203.847903,405.31162,-0.02405726288669889,-1.594058992732451,1.4352085968236425,0.5431934046030205,-0.1829330877790256,-0.19187745613398194,-0.9626792409923778,0.0006357979509912496,0.0008510157411940034,0.7471048068972308,train
normal_0033_32,normal,0,A,33,normal_0033,32,1139,1154,2022-07-12 00:04:29.027000,2022-07-12 00:04:30.527000,0.029318312500000006,0.09084271898501191,0.09545660291691455,0.218614,0.402643,-0.926684904777345,2.458905156121851,2.2901925411098243,0.0035586874999999976,0.1753059159229655,0.17534203265136541,0.285081,0.536646,-0.09594369380000144,-1.5122311224392002,1.6258565940479874,2.1606685625000006,144.78546057714578,144.80158177027354,209.808368,418.424643,-0.05570950088479219,-1.5684157342791232,1.448936989741308,0.14688608687345578,-0.09411994679890796,-0.035415363800149396,-0.9798721175317531,0.0006592234818840281,0.001210912412058758,0.5444022832033207,train
normal_0034_00,normal,0,A,34,normal_0034,0,1157,1172,2022-07-12 00:04:32.537000,2022-07-12 00:04:34.037000,-0.007407687500000002,0.05857277771362601,0.05903934385803673,0.167495,0.259513,-1.0264149670606988,2.2605947791191543,2.837006461364996,0.004283875000000003,0.13153073134484342,0.1316004744411091,0.25968,0.442732,0.5205986910580028,-1.0968255857669151,1.9732451657399324,-8.791685875,156.090726311167,156.33812260889,238.41860000000003,472.06882800000005,0.07078157625524195,-1.48453002596412,1.5250189526482303,0.33401612014153315,-0.09143030333394496,0.04971894389979441,-0.9980289585749891,0.0003776388181770294,0.0008417682919880847,0.44862561558968167,train
normal_0034_16,normal,0,A,34,normal_0034,16,1173,1188,2022-07-12 00:04:34.137000,2022-07-12 00:04:35.637000,-0.0082335,0.09102020002106676,0.09139183406697231,0.163612,0.271604,-0.34844435197001405,-1.5931772141361074,1.7902255893026993,0.003897062500000003,0.13902558678687024,0.13908019584959785,0.244796,0.40065700000000004,0.646727965178693,-1.2099351113875587,1.760106811071246,-9.462238187500002,153.05370927107464,153.34592225798386,230.07394900000003,447.03487500000006,0.04556631950219779,-1.5324645907204422,1.5003590940809732,0.45392994805317094,-0.04954230233478938,0.09923203425189514,-0.9991362447999664,0.0005959847690844876,0.0009069702917539219,0.6571160869359429,train
normal_0034_32,normal,0,A,34,normal_0034,32,1189,1204,2022-07-12 00:04:35.737000,2022-07-12 00:04:37.237000,0.0139955625,0.07168868246886041,0.07304206297615436,0.152327,0.28113,-0.07300262345539156,-0.18676311467522044,2.0854695745618432,-0.002171875000000002,0.1381672209339443,0.13818428992336645,0.242763,0.40157600000000004,0.58890932018238,-1.0965238090980938,1.7568060749498389,-8.791685874999999,152.7675871335569,153.02035622469833,233.65022800000003,467.30045600000005,0.06794098745926308,-1.4942779060250593,1.5269225204057366,0.1310691512998593,0.07025335249455014,-0.05831141127034045,-0.998778060821175,0.00047733559624510245,0.0009030451459703421,0.5285844216926661,train
normal_0035_00,normal,0,A,35,normal_0035,0,1207,1222,2022-07-12 00:04:40.416000,2022-07-12 00:04:41.916000,-0.0228108125,0.026316978669242097,0.03482695124738167,0.069667,0.120447,1.0758746567918764,2.875496812996859,2.000376073838437,-0.016100312500000002,0.04077356243897317,0.0438372382405929,0.07716,0.13803300000000002,0.14991988687149246,-0.9299652406472605,1.7601473791875537,5.215406874999999,80.40209411929465,80.57106929686185,109.672556,216.960926,-0.06428308619308068,-1.6553689542961836,1.361190275332136,0.44718147110114925,-0.2586970249832579,-0.3182026906981182,-0.997772919764575,0.0004322513223581872,0.0005440816241258487,0.7944604323894706,val
normal_0035_16,normal,0,A,35,normal_0035,16,1223,1238,2022-07-12 00:04:42.016000,2022-07-12 00:04:43.516000,0.029411437500000002,0.035685732474563185,0.04624396347700422,0.093207,0.11855099999999999,0.47621208641055446,-0.45985532195789025,2.0155495548375546,0.012468812499999999,0.03558519534023023,0.03770646380347142,0.080492,0.133628,-0.16310886648908857,-0.5135078435336569,2.134700310788347,5.140901062499999,80.50790030695883,80.67187165034437,110.864649,220.537205,-0.07703365885597409,-1.6451145498286162,1.3742664789100223,-0.28790664554777734,0.201357487106702,0.14944110244542652,-0.9971443774221284,0.0005732352867358671,0.00046740534255734545,1.2264200567316739,val
normal_0036_00,normal,0,A,36,normal_0036,0,1245,1260,2022-07-12 00:04:48.455000,2022-07-12 00:04:49.955000,-0.0017596250000000008,0.08687454335554447,0.08689236193921189,0.17698,0.309342,-0.42707463361783005,-0.7784408534328806,2.0367728077619938,0.0010418124999999993,0.13522146754455205,0.13522548080220495,0.251531,0.40193999999999996,0.5874149893333422,-1.183773181243911,1.8600858248595602,-3.7997964375000004,148.01361165272235,148.06237769078726,220.537205,435.113945,0.07912487350813777,-1.531891464088989,1.4894884739766157,0.531344492188754,-0.057905653009108604,0.0226411739355106,-0.9891651307870633,0.0005868632078884851,0.0009133007514211961,0.6425738804827015,train
normal_0036_16,normal,0,A,36,normal_0036,16,1261,1276,2022-07-12 00:04:50.055000,2022-07-12 00:04:51.555000,0.005432875,0.058934895885072835,0.05918477915604654,0.119068,0.23046,0.14173776241729452,-0.35576526862359836,2.0118010356356217,0.009202749999999996,0.11806225061037715,0.1184203767379162,0.189985,0.334842,0.20032579993567023,-1.4793880894670126,1.6043269345483344,-5.140901062500001,146.0975014447134,146.1879228668444,215.768833,430.345573,0.09941869320548806,-1.4799339427784486,1.475968936206403,-0.12246938820790386,0.016848817704707822,0.06765666897538482,-0.9947551515073321,0.0004048540946159768,0.0008100558131999705,0.49978543208853493,train
normal_0037_00,normal,0,A,37,normal_0037,0,1282,1297,2022-07-12 00:04:56.641000,2022-07-12 00:04:58.141000,-0.031924,0.05008733051131793,0.05939598011439831,0.120549,0.205687,0.4737616402179938,0.48832211056593167,2.029581796071372,-0.0098635,0.04309253697277523,0.04420696070756278,0.085625,0.159173,0.24154151222576628,-0.471276179028679,1.9369121656298702,4.917383625,80.3147777017188,80.4651737026145,110.864649,216.960926,-0.05514611590795592,-1.6695281587185093,1.3777966777246606,0.02397981914604233,0.06758814752699836,-0.16628843740156732,-0.9982047571637517,0.0007381576075870497,0.000549392472213434,1.343588863919275,train
normal_0041_00,normal,0,A,41,normal_0041,0,1331,1346,2022-07-12 00:05:22.496000,2022-07-12 00:05:23.996000,-0.0017267499999999991,0.06922630023562215,0.06924783252835427,0.109713,0.21818700000000002,0.06760988647244444,-1.4838335638608557,1.5843528381206275,0.004457187499999999,0.05973667438560958,0.05990272770970033,0.134332,0.23038,0.31332912323519574,-0.2846905461398306,2.242502222119127,4.470348749999999,91.58046445447728,91.6895058752331,127.55395100000001,253.91580900000002,-0.09137666709725274,-1.557661130786215,1.3911510350330563,0.3742125234188513,0.051832052341274484,-0.08580714300258889,-0.9925243327221304,0.0007552427278055524,0.000653321523961676,1.1560046624911982,test
normal_0041_16,normal,0,A,41,normal_0041,16,1347,1362,2022-07-12 00:05:24.096000,2022-07-12 00:05:25.596000,0.005449937500000001,0.04931881246348693,0.04961901935309181,0.097529,0.189475,-0.10134635549594112,-0.31157295109358873,1.9655567818859538,-0.0006299999999999986,0.044628270340950925,0.04463271685238308,0.069584,0.139009,0.1019664185292174,-0.9814963113880779,1.5590357232820948,5.960465,89.27674333204028,89.4754940919089,127.55395100000001,249.14743700000002,-0.09370968457481882,-1.5514913120244143,1.425574145128241,0.543032620076815,-0.34299884179925333,-0.0719082387756486,-0.9952782905942821,0.0005545542928449586,0.0004988261568752726,1.1117185520478237,test
normal_0041_32,normal,0,A,41,normal_0041,32,1363,1378,2022-07-12 00:05:25.696000,2022-07-12 00:05:27.196000,-0.0017549999999999961,0.05669221733624467,0.0567193752742394,0.10012,0.19119999999999998,0.3900994891458431,-0.8791685148362305,1.7651816423562081,-0.004138124999999998,0.06480138705872256,0.06493338003869813,0.164861,0.243562,0.9693684752641042,1.0357626563869822,2.538925278520052,6.332994062499999,86.68708860463043,86.91811171753967,122.78557900000001,241.99487900000003,-0.07761052503055622,-1.5816514180193366,1.4126581511459877,0.5450023740125423,0.08320874461778414,0.1435698602617999,-0.9969695008523883,0.000652561061825204,0.0007470638599434146,0.8735010443078205,test
normal_0042_00,normal,0,A,42,normal_0042,0,1381,1396,2022-07-12 00:05:29.007000,2022-07-12 00:05:30.507000,0.0388185625,0.07473947826949351,0.08421918075214517,0.151804,0.238543,0.05779163730111832,-1.176797627062058,1.8024872558040568,0.0351470625,0.044384121185775366,0.05661507057146975,0.130322,0.18795299999999998,-0.052723505584970805,0.4326504596271876,2.301895920724572,0.9685755625000003,83.61049449151265,83.61610447596527,110.864649,220.537205,-0.019353308176088373,-1.7763710726983135,1.3258767517908836,0.4195487599841515,-0.1259874487511876,-0.27880259625438264,-0.9459934224757253,0.0010072124416696936,0.0006770833313305485,1.487575302866196,val
normal_0042_16,normal,0,A,42,normal_0042,16,1397,1412,2022-07-12 00:05:30.607000,2022-07-12 00:05:32.107000,-0.021620625,0.05451413017956331,0.05864504936160426,0.135808,0.202803,-0.18206230788690653,-0.4210733144506382,2.3157623956049633,-0.0125046875,0.046409321629278785,0.04806446029617414,0.116418,0.164872,-0.6626473788990965,-0.09334216302064524,2.422122276680733,-0.07450581250000088,83.18156048588139,83.18159385334259,110.864649,220.537205,0.02482166733187542,-1.7667289669932011,1.3328026533786475,0.5876677814320829,-0.22955665021660368,-0.007027769968451141,-0.9549880019514649,0.0007050243526831345,0.0005778256711564887,1.2201333168048143,val
normal_0042_32,normal,0,A,42,normal_0042,32,1413,1428,2022-07-12 00:05:32.207000,2022-07-12 00:05:33.707000,-0.016474,0.05235944150891031,0.05488992431334734,0.107573,0.196173,0.027595876952995507,-0.06319751104567395,1.9597950142161509,-0.0165529375,0.048308924282254445,0.05106615224576353,0.10796,0.18289,-0.05186814741508972,-0.5128576404197451,2.114120513337803,-1.3411046250000003,82.89319951783555,82.90404747609665,110.864649,219.345112,0.06348175924806386,-1.7295906434913846,1.3372646134311488,0.6070410502074478,0.3972623249546677,0.019446640461201217,-0.9841229778079083,0.0006620898012147538,0.0006159669376876588,1.0748787973916918,val
normal_0043_00,normal,0,A,43,normal_0043,0,1431,1446,2022-07-12 00:05:36.499000,2022-07-12 00:05:37.999000,0.008397812500000002,0.05842323412951686,0.05902370321267126,0.12454,0.21621200000000002,-0.7814357960844429,0.39553566438154153,2.1099997665558816,0.0019378125000000038,0.18648468131733326,0.1864947492111038,0.283382,0.541858,0.01905707365659358,-1.6814059207202894,1.5195173118746854,4.0978196875,171.06273323357976,171.11180797225578,244.37906500000003,486.37394400000005,-0.07047675111703597,-1.5768177763685167,1.428183524538668,0.5909352849706597,-0.07186105689046743,0.01816092518086148,-0.9852146491334316,0.00034494231527400736,0.0010898999398179594,0.31648989294523805,train
normal_0043_16,normal,0,A,43,normal_0043,16,1447,1462,2022-07-12 00:05:38.099000,2022-07-12 00:05:39.599000,0.007386625000000001,0.06754001783560895,0.06794274235063669,0.157214,0.24447,0.5293667697233221,-0.12744187516963823,2.3139189641279874,-0.0068067499999999986,0.172287343143475,0.17242175168174112,0.281736,0.532979,0.22723508621738067,-1.3604788033117379,1.633993375267599,6.482005687499997,171.3672397691446,171.48978763713095,249.14743700000002,495.91068800000005,-0.09280068774057233,-1.5153236745323275,1.4528412474752792,0.13333277669193075,0.07771588317242205,0.09129944937784885,-0.993380728365319,0.00039619118599879666,0.0010054345162907438,0.39404971639568137,train
normal_0044_00,normal,0,A,44,normal_0044,0,1474,1489,2022-07-12 00:05:44.604000,2022-07-12 00:05:46.104000,-0.013322125,0.07823537284524422,0.07936153084933531,0.131395,0.216893,-0.41158489786322483,-1.5266324857163154,1.6556510263070423,0.0005133124999999999,0.10926322022856018,0.10926442597862078,0.193803,0.315268,0.6196502219655412,-1.2022733922472222,1.7737062933723777,6.780028937500001,126.72873658391268,126.90997387340391,187.158601,371.933016,-0.10665034702791251,-1.448121030470679,1.4747351629486245,0.4759428031720689,-0.01969548845784929,-0.03913369948778619,-0.9971998033608529,0.0006253372247046599,0.0008609601171899614,0.726325426949697,test
normal_0045_00,normal,0,A,45,normal_0045,0,1503,1518,2022-07-12 00:05:52.492000,2022-07-12 00:05:53.992000,-0.0336589375,0.04968955888246135,0.060016467203280965,0.1126,0.180006,0.41240855561251766,-0.4076719007371996,1.87615175046232,0.0014058124999999986,0.0402688672956832,0.04029339874051952,0.090743,0.160285,0.6834605103185916,0.4227937596335458,2.252056238401844,4.842877812499999,79.3922625006052,79.53983159695404,109.672556,216.960926,-0.07093174476825247,-1.6576116838372923,1.3788381719958265,-0.31794671258909113,0.0739799317541025,-0.02619724076668298,-0.9974884360944569,0.0007545460682818353,0.000506581393643063,1.489486344643538,test
normal_0047_00,normal,0,A,47,normal_0047,0,1525,1540,2022-07-12 00:06:02.560000,2022-07-12 00:06:04.060000,0.006039562500000001,0.07334832323745441,0.07359655451811246,0.127751,0.232458,-0.07905619523595062,-1.2821350421950792,1.7358285430136524,0.0014075000000000016,0.1378401235548815,0.13784730943284676,0.225646,0.404403,0.3038116313777717,-1.5708974493824592,1.6369271255883668,9.313226562500002,147.8010358263574,148.0941672732206,227.689763,450.611154,-0.08034488128226264,-1.4455422604281576,1.5374661081684102,0.3926927364981909,0.030722372778000696,-0.049742730926193,-0.9984272690484272,0.000496957819968246,0.0009308084982072974,0.53389910054041,test
normal_0047_16,normal,0,A,47,normal_0047,16,1541,1556,2022-07-12 00:06:04.160000,2022-07-12 00:06:05.660000,0.0006537500000000016,0.06478076690509692,0.06478406555531228,0.163309,0.29951,0.3570990846323958,1.8560389859605815,2.5208204918934527,0.002008562499999998,0.1302191712018476,0.1302346607927878,0.222864,0.41441700000000004,0.20792384778630943,-1.1278753822960064,1.711249514095113,7.450581249999999,146.95689338904927,147.14564103473555,221.729298,439.882317,-0.10439223614443986,-1.448741575514135,1.506869632296196,0.1512735219341503,-0.177754262167045,-0.04056035915757324,-0.9959829223202011,0.00044027172738347854,0.0008850731824400039,0.4974410434284321,test
normal_0047_32,normal,0,A,47,normal_0047,32,1557,1572,2022-07-12 00:06:05.760000,2022-07-12 00:06:07.260000,-0.005987812499999998,0.08953609608156558,0.08973609307331416,0.157012,0.30203100000000005,-0.20789029115913388,-1.1472395319625488,1.7497084464299286,0.007531250000000003,0.1370015157783391,0.1372083636376624,0.243107,0.444503,0.33187956661496937,-1.174008751043288,1.7718089011103797,5.438924312499999,144.8809730681021,144.98302747162245,213.384647,426.769294,-0.10354410327568032,-1.4883845079195985,1.4717905310796866,0.466961540880087,0.028866916274086087,-0.07025705319631748,-0.9931044440589891,0.0006189420557580661,0.0009463753518632945,0.6540132882153435,test
normal_0048_00,normal,0,A,48,normal_0048,0,1575,1590,2022-07-12 00:06:09.177000,2022-07-12 00:06:10.677000,0.0011351875000000008,0.03479673979739113,0.03481525170363558,0.079874,0.150862,0.4653268978019406,1.1355867476578752,2.2942244014182775,-0.0004538749999999994,0.049293503241901716,0.049295592747983064,0.146494,0.2073,1.5577509461857026,3.844217496748536,2.971746394224945,0.37252906249999995,82.9572957227276,82.95813216032823,109.672556,218.153019,0.0008815911157909928,-1.7663709040162476,1.3220229668146626,0.3097214126987437,0.6044246667408287,-0.04593978375235176,-0.9458930672175514,0.00041967256008549253,0.0005942225489444774,0.7062548549040432,train
normal_0048_16,normal,0,A,48,normal_0048,16,1591,1606,2022-07-12 00:06:10.777000,2022-07-12 00:06:12.277000,0.030161875,0.0372075656803744,0.04789719874246301,0.131691,0.161557,0.9167329107899006,2.2369820056811216,2.7494509795465354,0.0123740625,0.0542785295714023,0.055671143289746615,0.1192,0.20649299999999998,0.011911660256283476,-0.25439263105602006,2.1411451778457367,-0.7450581249999995,82.40531482651384,82.40868293612324,108.480463,216.960926,0.05134566747060048,-1.7498375133977901,1.316371760049673,-0.4435910738425428,-0.20226878826680614,0.04830224975991895,-0.9690064452490601,0.0005812154379361841,0.0006755494846689702,0.8603595312059023,train
normal_0048_32,normal,0,A,48,normal_0048,32,1607,1622,2022-07-12 00:06:12.377000,2022-07-12 00:06:13.877000,-0.027028687499999995,0.023654926933196044,0.03591803886889567,0.069115,0.09612899999999999,0.8900938112859746,0.8601212240560985,1.9242420292565654,-0.0084353125,0.05548459409682876,0.05612214072059707,0.121244,0.21434999999999998,0.7633701069530654,0.5617427279977623,2.160359502386247,-2.3841860000000006,81.48742642547704,81.52229761439585,109.672556,218.153019,0.08955469102518461,-1.6873188326470656,1.345307470586221,-0.3446979832760439,-0.21470174769661166,-0.026170652870809635,-0.9883307787991176,0.00044059159174818176,0.0006884268766081315,0.6399976623791471,train
normal_0049_00,normal,0,A,49,normal_0049,0,1625,1640,2022-07-12 00:06:16.934000,2022-07-12 00:06:18.434000,0.0419750625,0.08232744708591172,0.09241057523661726,0.241496,0.28642,1.1355440235289334,0.3515400877088175,2.6132939804957336,0.0233534375,0.09929100200481962,0.10200042216671214,0.173816,0.284354,0.23270744900073162,-1.42770370140999,1.7040713784096955,1.7881394999999984,127.22556344503724,127.23812886386946,184.774415,364.780458,-0.01901646491549275,-1.5861905534120013,1.4521937460876049,-0.1145636353337859,-0.29830000808698043,0.012897198427383806,-0.9619324836524731,0.0007262805266138912,0.0008016498126582886,0.9059822819711375,train
normal_0049_16,normal,0,A,49,normal_0049,16,1641,1656,2022-07-12 00:06:18.534000,2022-07-12 00:06:20.034000,-0.05751287499999999,0.05174988556252444,0.07736783211710148,0.182821,0.207231,-0.7824930930833879,0.7039513947542502,2.3630105044598895,-0.0436895,0.11275743025960638,0.12092564032908819,0.177624,0.347864,0.5661768439674844,-1.0625718555036379,1.4688696253053726,-0.1490116249999991,128.02509607913217,128.02518279828936,183.582322,365.972551,0.028332351574232178,-1.5898794481626488,1.4339547734858065,0.08963533664921801,-0.06482014243249219,-0.13840183991850763,-0.9605088347245113,0.0006043172946606818,0.0009445457345654652,0.6397967536624319,train
normal_0050_00,normal,0,A,50,normal_0050,0,1665,1680,2022-07-12 00:06:25.547000,2022-07-12 00:06:27.047000,-0.0034451249999999994,0.05733547579474138,0.0574388864000252,0.112742,0.205062,-0.2142113769257001,-0.3469896687180811,1.9628166050230134,-0.007691562500000001,0.15755390805569086,0.15774154201513468,0.275897,0.507513,0.2680883393979834,-1.2203001865214111,1.749044649085076,-9.238720749999999,160.11838215547317,160.38469461012366,245.57115800000003,489.95022300000005,0.06927741101262926,-1.4735008012036575,1.5311383582888296,0.11187012868802922,0.1182184690044071,-0.0008821127650280238,-0.9987990602625333,0.0003581319685126588,0.0009835199200184646,0.36413290795974446,val
normal_0051_00,normal,0,A,51,normal_0051,0,1687,1702,2022-07-12 00:06:29.384000,2022-07-12 00:06:30.884000,-0.0331801875,0.04046205631239401,0.05232688451993392,0.111327,0.157459,0.22323654285837413,-0.05835677317451404,2.12752968232974,-0.018368312499999997,0.0551734431403809,0.05815069846581811,0.117192,0.222819,0.2305953509898303,0.2691368996620995,2.0153154320044377,5.960465,82.1917650652131,82.40760515602555,113.248835,226.49767,-0.09642187628510998,-1.5982420522432839,1.3742522281236245,0.09961245951059867,0.3269777086157407,-0.029445140412832898,-0.9983968928189502,0.0006349764007928804,0.0007056472318995207,0.8998496303650159,train
normal_0051_16,normal,0,A,51,normal_0051,16,1703,1718,2022-07-12 00:06:30.984000,2022-07-12 00:06:32.484000,-0.01855875,0.044950597336826346,0.04863109501646041,0.107399,0.18073299999999998,-0.013627554281245154,-0.04781069247215486,2.2084429717991774,-0.0025311875000000005,0.04285900585673148,0.04293368483123129,0.088404,0.146797,0.43882783438006645,-0.8012804685439754,2.059082521043994,4.1723254999999995,82.36016886874286,82.46578512429133,112.056742,222.921391,-0.12176160668476405,-1.6251557697455024,1.3588270799957773,0.05583990813828956,0.5099910388113226,0.03597644814071058,-0.9940755494264009,0.0005897123873029799,0.0005206242172620102,1.1327025669384112,train
normal_0051_32,normal,0,A,51,normal_0051,32,1719,1734,2022-07-12 00:06:32.584000,2022-07-12 00:06:34.084000,0.037869875000000004,0.045831941680823156,0.059453295205144016,0.105509,0.150817,-0.3969350062195286,-1.2442893961253745,1.7746535265360894,0.024391125,0.04398302911475488,0.05029347700124739,0.118366,0.168506,0.3144019752712606,-0.22511249678839462,2.3535060023204255,1.8626453125000002,82.58413948034222,82.60514234155642,110.864649,219.345112,-0.05547252321857701,-1.7410669315675926,1.342103479969757,0.17131117911607702,-0.11695283238375145,-0.20476353181282814,-0.9748039530415545,0.0007197287423017328,0.0006088419628077573,1.1821273602473228,train
normal_0052_00,normal,0,A,52,normal_0052,0,1737,1752,2022-07-12 00:06:36.231000,2022-07-12 00:06:37.731000,-0.0515788125,0.06473776004989162,0.08277289094375949,0.197073,0.283457,0.1650576143399993,1.150041958377777,2.3808882081200036,-0.019659000000000003,0.1068665513531947,0.10865972611379526,0.238687,0.426667,0.03393649517647972,0.09140010675119958,2.1966464350373207,-2.160668562499999,121.74548420447366,121.764655844045,178.81395,350.475342,0.08639181403378562,-1.5104354018434727,1.4685209657967022,-0.0869534091442914,0.14820169748001433,0.233840236886932,-0.9900373043015465,0.0006797776445882146,0.0008923749290021039,0.7617623741944144,test
normal_0052_16,normal,0,A,52,normal_0052,16,1753,1768,2022-07-12 00:06:37.831000,2022-07-12 00:06:39.331000,0.0590395,0.10704155700532855,0.12224384437007452,0.229969,0.380948,-0.3137476475982553,-0.8671913142028576,1.8812317396023974,-0.00017825000000000306,0.1619515851386997,0.16195168323299391,0.290651,0.5253950000000001,-0.3761566704553391,-0.9784707852386476,1.7946772407536582,-3.8743022499999995,122.7425316885631,122.80366160356242,178.81395,356.435807,0.10471037562108278,-1.4510287846495755,1.456096240658127,-0.25960544562978194,0.4771715610056786,-0.4027273885163552,-0.9946599143272528,0.000995441363668006,0.0013187854589858242,0.75481675725597,test
normal_0052_32,normal,0,A,52,normal_0052,32,1769,1784,2022-07-12 00:06:39.431000,2022-07-12 00:06:40.931000,-0.0046381875,0.0743997602980167,0.07454419572097817,0.153777,0.284002,0.12626931724033214,0.23616277836123079,2.062897030582948,0.006101499999999996,0.12974169369799748,0.1298850853095728,0.250287,0.403109,0.5489211298708546,-1.085515770662129,1.9269879940676555,-5.513430125000002,123.02035528034465,123.14384160422105,184.774415,365.972551,0.095554417711336,-1.4323803938371829,1.5004762933566498,0.18453058375495696,-0.7785663276115755,0.011336646344383161,-0.9969377151572776,0.0006053424576485114,0.0010547428407099546,0.5739242157273627,test
normal_0053_00,normal,0,A,53,normal_0053,0,1787,1802,2022-07-12 00:06:43.040000,2022-07-12 00:06:44.540000,-0.005290437499999998,0.07456705808864994,0.07475449739605972,0.204233,0.303643,-0.9093266030033034,1.6744858900886461,2.7320496707769326,-0.016918999999999997,0.15718572791724764,0.15809366091616386,0.300246,0.5312760000000001,0.5555798870534745,-0.8777398054701608,1.8991653318675357,8.717180062499997,166.31391336294578,166.54220788238482,252.72371600000002,498.29487400000005,-0.08495762535364615,-1.4767225131212165,1.517475474916714,0.2507887069047355,-0.06344817664441203,0.07823308043874748,-0.9967951486562242,0.0004488621734188412,0.0009492708360622463,0.47284942965361265,cal
normal_0053_16,normal,0,A,53,normal_0053,16,1803,1818,2022-07-12 00:06:44.640000,2022-07-12 00:06:46.140000,0.0245571875,0.09095182724608859,0.09420875934493829,0.140793,0.264952,-0.46541799986530286,-1.1906337603676276,1.4944788677717007,0.002499125000000003,0.16729427476974332,0.1673129403139518,0.285634,0.47386300000000003,0.6171240598761261,-1.345567448513562,1.7071841512319756,9.909273062500002,163.71744894343453,164.01706246965063,249.14743700000002,495.91068800000005,-0.06832999048381422,-1.4850869116804453,1.519033649600338,0.5356654117385397,0.045923840730459936,0.06094824643290164,-0.9983438014595418,0.0005743838959582054,0.0010200947254796191,0.5630691754514726,cal
normal_0053_32,normal,0,A,53,normal_0053,32,1819,1834,2022-07-12 00:06:46.240000,2022-07-12 00:06:47.740000,-0.015733562499999996,0.05249381600599345,0.05480096447885292,0.153075,0.200952,-1.169495163867728,1.3398005495005938,2.7932902542083893,0.007452812500000003,0.16208477240136515,0.16225602564639163,0.286997,0.47896099999999997,0.3327821571115992,-1.3617914897508516,1.7687910131945381,11.101366062500002,161.80149595382687,162.18188684729836,245.57115800000003,476.83720000000005,-0.0405487550112969,-1.5239857648897452,1.5141712972621688,0.31005753346445825,0.06655913551720691,-0.014945968256835643,-0.9993904331066118,0.0003378981805190769,0.0010004571336573675,0.3377437864667162,cal
normal_0054_00,normal,0,A,54,normal_0054,0,1837,1852,2022-07-12 00:06:49.646000,2022-07-12 00:06:51.146000,0.013547187500000002,0.04368615781231332,0.045738459457687244,0.089256,0.164327,-0.13077925664680198,-0.4022115868697105,1.9514430756587011,0.010028375000000003,0.04373823511939382,0.04487317145578191,0.085444,0.157117,-0.23062040316797444,-0.8031050710730021,1.9041221564692983,5.215406875000001,82.52917071491261,82.69379957265834,112.056742,222.921391,-0.10398415360114728,-1.6424985850920573,1.355080339506496,0.27991158249542336,0.12084806956536479,-0.09339097248833281,-0.9916313711599287,0.0005531062751264617,0.0005426425159767198,1.0192829696193413,test
normal_0054_16,normal,0,A,54,normal_0054,16,1853,1868,2022-07-12 00:06:51.246000,2022-07-12 00:06:52.746000,-0.0030783125000000003,0.030335209766702516,0.030490998006583846,0.055906,0.10381399999999999,-0.024264782361989118,-0.8773206615338229,1.8335247664877468,-0.0042959375,0.038820142283788626,0.03905711876134106,0.094232,0.14879599999999998,1.212593389609824,1.5053189232371045,2.412671568934863,3.427267375,80.31809524896461,80.39118475356294,110.864649,219.345112,-0.06856302837091373,-1.6508668039721324,1.3790647487016476,-0.2038559891463999,0.13629940396661408,-0.03219848762776259,-0.9980072649024575,0.00037928285420911755,0.0004858383276856739,0.7806770948184738,test
normal_0054_32,normal,0,A,54,normal_0054,32,1869,1884,2022-07-12 00:06:52.846000,2022-07-12 00:06:54.346000,-0.010430875000000001,0.023148387767496358,0.025389978525000762,0.048005,0.08362900000000001,0.6572682432805197,-0.3909587650647093,1.890706601139142,-0.005406499999999998,0.05318170373939707,0.05345581217112878,0.09379,0.185274,0.18000304583932933,-0.5151634180664129,1.754533252618983,2.9802325,81.79856037828988,81.8528329730547,112.056742,222.921391,-0.0567752353435549,-1.6312899214706351,1.3690026102931365,-0.05975151542460806,-0.2149890369255317,0.03667929774927495,-0.9986882362052878,0.0003101905896569144,0.0006530722301172643,0.47497133602085206,test
normal_0055_00,normal,0,A,55,normal_0055,0,1887,1902,2022-07-12 00:06:57.798000,2022-07-12 00:06:59.298000,0.002266937499999998,0.06564611516444514,0.0656852452367539,0.15354,0.273069,-0.3444975651450377,0.9401945461077248,2.3375112545684362,0.0011756250000000022,0.1400958059083475,0.1401007384964476,0.243682,0.424567,0.48057425457693,-1.3439716673863433,1.7393341578008799,-3.3527615625000005,140.83118162555635,140.87108549360093,211.000461,419.616736,0.10480685723036876,-1.5130461670586055,1.4978266140327618,0.4224217153271527,-0.004241662855361546,0.010296819465429027,-0.9891865901240705,0.00046627911616211443,0.0009945315463818988,0.4688429621548313,train
normal_0055_16,normal,0,A,55,normal_0055,16,1903,1918,2022-07-12 00:06:59.398000,2022-07-12 00:07:00.898000,0.003796812499999998,0.06742104354188938,0.06752786756175186,0.11755,0.231425,-0.05595793607815396,-0.7543329821920959,1.740762802742211,-0.005361875000000002,0.12870032395058054,0.12881196795523311,0.256647,0.425168,0.9162834599309898,-0.4011939346824813,1.9924157985785471,-0.6705523125000008,137.59186307211192,137.5934970267803,201.463717,401.735341,0.06183687104827436,-1.5841114902884528,1.4641950481190866,0.3283187421637008,-0.05725984997618952,-0.07288629594278391,-0.9703327519452201,0.0004907780456267397,0.0009361777317874404,0.5242359746046289,train
normal_0055_32,normal,0,A,55,normal_0055,32,1919,1934,2022-07-12 00:07:00.998000,2022-07-12 00:07:02.498000,-0.0126305625,0.07685218002598296,0.0778831733034325,0.148124,0.264724,-0.035540430162865976,-1.196953366972821,1.901874226707604,-0.011672125000000002,0.11570545575937366,0.1162926953617466,0.200755,0.35971699999999995,0.7335311111284485,-0.8704337791073771,1.726290713062589,0.5960465000000008,136.76897068013193,136.77026947525164,203.847903,399.351155,-0.0025935971307374612,-1.6071420934767584,1.4904401649723003,0.48528715171563935,0.021404981577808697,0.01743239511880548,-0.9505572419503553,0.0005694451988889686,0.0008502775918182247,0.6697168129190292,train
normal_0056_00,normal,0,A,56,normal_0056,0,1937,1952,2022-07-12 00:07:04.844000,2022-07-12 00:07:06.344000,-0.030516875000000002,0.04703940246601114,0.056071249710747485,0.104752,0.154473,-0.04814209906258021,-1.1900128440310513,1.8681944943331914,-0.012463875,0.051008447174064955,0.05250914075782426,0.098378,0.160115,-0.15439558131225467,-1.1686919087615586,1.8735404651492213,4.768371999999999,82.42161519800169,82.55943327917076,113.248835,225.305577,-0.06099333119570919,-1.6370416775920296,1.3717249562149307,0.17282408612371897,0.1437662277428872,0.14196968370173255,-0.999263148056269,0.0006791622408688932,0.0006360162451729425,1.0678378831097601,train
normal_0056_16,normal,0,A,56,normal_0056,16,1953,1968,2022-07-12 00:07:06.444000,2022-07-12 00:07:07.944000,-0.00011781250000000073,0.056176132910492727,0.05617625644845427,0.1018,0.186364,-0.4406455697001583,-0.6259159967997885,1.8121535046289312,-0.005951375,0.03383413101786974,0.0343535629320308,0.059698,0.102815,0.08365858134675884,-1.3102235668924742,1.7377527949026328,4.2468313125,83.62616167152905,83.73392676872108,113.248835,224.113484,-0.07740790017695408,-1.619888278779832,1.35248446323079,0.012450439497621058,0.07094705961920043,-0.3147742712006485,-0.998898644176878,0.0006708900276899349,0.0004102705349877801,1.6352381428267018,train
normal_0056_32,normal,0,A,56,normal_0056,32,1969,1984,2022-07-12 00:07:08.044000,2022-07-12 00:07:09.544000,0.0256115625,0.03812076782406269,0.04592542948288562,0.132736,0.165474,1.0827587408404855,2.7989273875710285,2.8902505974269626,0.0184930625,0.04525969678349153,0.048892059821227615,0.086419,0.16007,-0.27521406450615943,-0.8229272663281657,1.7675467205920254,2.8312208750000014,85.16258806883964,85.20963688589399,114.44092800000001,226.49767000000003,-0.07065634995542855,-1.670159163219117,1.3430514690873552,0.15703286162052854,-0.14502886111041843,0.18465296522308172,-0.9903820274112933,0.0005389699001344803,0.0005737855670796954,0.9393228604155891,train
normal_0057_00,normal,0,A,57,normal_0057,0,1987,2002,2022-07-12 00:07:12.647000,2022-07-12 00:07:14.147000,0.0037554375,0.07167749027498867,0.0717758031855966,0.161774,0.260546,0.6585428598863883,-0.09790131715070727,2.253879341227121,-0.004378499999999997,0.06133426823359026,0.06149035470705955,0.135784,0.21698399999999998,0.8999994184909822,-0.12260837460772,2.208216242154983,6.258488250000001,95.86301302457262,96.06709083408725,143.05116,278.949762,-0.07014287500881368,-1.5015948164765338,1.4890755903814827,0.2792688060570438,0.0037131380419312327,0.10303782378609289,-0.9971281045847359,0.0007471424663994152,0.0006400772020176661,1.1672692982100528,train
normal_0057_16,normal,0,A,57,normal_0057,16,2003,2018,2022-07-12 00:07:14.247000,2022-07-12 00:07:15.747000,0.004096062499999999,0.06731726529972525,0.06744176699521966,0.121638,0.2172,-0.35765093419511595,-1.1950057860622452,1.803600430703748,-0.0007483125000000007,0.07017527353234787,0.0701792632259523,0.136522,0.227917,0.8530517133193377,-0.47036727165935144,1.9453324774933536,6.258488250000001,94.15978437354012,94.36754563114884,139.474881,277.757669,-0.06383086450753853,-1.5044859624193763,1.4779962758082175,0.6877634500190183,0.11811098688978115,0.16086965756011762,-0.9976872508163344,0.000714671199130546,0.0007436800730227695,0.9609928046420367,train
normal_0057_32,normal,0,A,57,normal_0057,32,2019,2034,2022-07-12 00:07:15.847000,2022-07-12 00:07:17.347000,-0.0079928125,0.06315015791668571,0.06365396685645365,0.121138,0.21195399999999998,-0.340349835265696,-0.7911086532898182,1.9030707115737004,-0.0020675625000000004,0.06462549285495697,0.06465855814536464,0.125384,0.23227599999999998,0.38207151893536373,-0.39828487485085784,1.9391709867410452,6.109476625,93.23210949882184,93.43207129370369,134.706509,264.644646,-0.0487811018047953,-1.5312221730668036,1.44175877870191,0.6069055890169106,-0.06152793468151263,-0.08047308072792286,-0.9991320221819769,0.0006812860506576744,0.0006920381540307556,0.984463135001364,train
normal_0058_00,normal,0,A,58,normal_0058,0,2037,2052,2022-07-12 00:07:19.348000,2022-07-12 00:07:20.848000,-0.016680999999999998,0.06352111295073473,0.0656748624018353,0.141949,0.231437,0.12130870536939616,-0.5571949958823819,2.1613901393729176,-0.0155520625,0.04928682574541187,0.051682277814184045,0.143599,0.216677,-0.6995424242041818,1.8731686135317336,2.7784959578656516,4.321337125,82.42255809605862,82.53576217401802,112.056742,224.113484,-0.08500984917381854,-1.5933621454425941,1.3576750132111228,0.6175069645850731,-0.019075087652512132,-0.20466473791791456,-0.9970378982239112,0.0007957140113805059,0.0006261804150450247,1.2707424126691844,train
normal_0058_16,normal,0,A,58,normal_0058,16,2053,2068,2022-07-12 00:07:20.948000,2022-07-12 00:07:22.448000,-0.00019087500000000007,0.08234306212264865,0.0823432833508599,0.150781,0.282764,0.03174143542007573,-1.0241116754794315,1.8311268856930443,0.0006165625000000017,0.05389717102150255,0.0539006975227362,0.143843,0.21091,1.2459773430683263,1.6673191319453586,2.66866676334429,4.917383624999999,81.92102972558706,82.06848221464764,113.248835,226.49767,-0.07898266042983751,-1.598851765544966,1.3799309057989044,0.3736425447815708,-0.04588326671525781,-0.039455848764098696,-0.9969088274424702,0.0010033484369248297,0.0006567770728567947,1.5276849305359388,train
normal_0058_32,normal,0,A,58,normal_0058,32,2069,2084,2022-07-12 00:07:22.548000,2022-07-12 00:07:24.048000,0.0192614375,0.045049053835747685,0.0489940835822296,0.093677,0.156357,-0.22182870356734075,-0.8457549640495317,1.912006372009724,0.0134605,0.04366416232163397,0.04569183878440437,0.077801,0.15425699999999998,-0.5773780645793306,-0.6577245034345056,1.7027329621620564,5.662441750000001,82.01597674133072,82.21121387868351,114.44092800000001,226.49767000000003,-0.07246703198571582,-1.5928984668933175,1.39203549735778,0.6278878281375893,-0.11581651431284218,0.17028786714815625,-0.9973579971503503,0.0005959537789398003,0.000555785964331221,1.0722720924716287,train
normal_0059_00,normal,0,A,59,normal_0059,0,2087,2102,2022-07-12 00:07:25.971000,2022-07-12 00:07:27.471000,-0.014426437500000002,0.06618361606070715,0.06773767883395843,0.16471,0.254586,-0.5713862609406882,0.16504781106956123,2.4315861251127955,0.004160812499999998,0.16710404846876795,0.16715584158297458,0.253223,0.484614,0.028013760643628937,-1.646154246028176,1.5148917178243062,7.748604500000003,166.32901592375447,166.50940637051707,243.18697200000003,481.60557200000005,-0.09134928795400248,-1.4794779429488298,1.4604999038844682,0.3621760292099407,-0.04883849152679659,-0.021977167171621494,-0.9965814225180639,0.000406809923297837,0.0010038822744405146,0.40523668327998025,val
normal_0059_16,normal,0,A,59,normal_0059,16,2103,2118,2022-07-12 00:07:27.571000,2022-07-12 00:07:29.071000,0.0079899375,0.06543603266689993,0.06592202570034919,0.128175,0.24237000000000003,-0.23286840567426037,-0.4657862211031456,1.9443425568052752,0.005933500000000001,0.1633880633384826,0.16349576650100148,0.273977,0.49119900000000005,0.20359217465748702,-1.3687806258145805,1.6757436957752776,8.7171800625,165.16927041881655,165.3991448554865,244.37906500000003,482.79766500000005,-0.0806862170862567,-1.4701365492318128,1.477511054930304,0.5231185082515835,-0.03195692961058517,-0.07617197769417801,-0.9981447521949336,0.0003985632801061152,0.0009884922116365955,0.40320325786506156,val
normal_0059_32,normal,0,A,59,normal_0059,32,2119,2134,2022-07-12 00:07:29.171000,2022-07-12 00:07:30.671000,0.011203624999999998,0.07599829653508278,0.07681967384319592,0.173754,0.284763,0.6076458716401687,-0.0699999174637096,2.261842459194322,0.012847750000000005,0.1727594370086986,0.17323650814890318,0.287567,0.528358,0.21658104044729976,-1.4284084669891814,1.659967653889823,9.83476725,165.20840305526954,165.50087337211872,246.76325100000003,493.52650200000005,-0.06069531349085552,-1.486808471449885,1.491008754045471,0.6267384122308289,-0.07634562559459855,-0.061898656512119,-0.9989483473139362,0.0004641647640763292,0.0010467407489711028,0.4434381335899854,val
normal_0060_00,normal,0,A,60,normal_0060,0,2137,2152,2022-07-12 00:07:32.847000,2022-07-12 00:07:34.347000,-0.014400874999999999,0.07488059654783324,0.0762527962774153,0.140944,0.26842600000000005,0.22461829383480075,-0.8505325660974163,1.8483781170100524,0.0040724375,0.11537598783161553,0.11544783807119344,0.21408,0.358184,0.5090296565852597,-1.2168863868368995,1.8543439494118796,2.5331976249999997,111.508396902584,111.53716721340697,163.316741,325.441389,-0.0630306786892019,-1.5653191290427169,1.464236048666377,0.10982237200882941,0.05045162282916523,-0.10039765894749443,-0.9759920526557826,0.0006836536930467207,0.0010350615938658732,0.6604956623821083,test
normal_0060_16,normal,0,A,60,normal_0060,16,2153,2168,2022-07-12 00:07:34.447000,2022-07-12 00:07:35.947000,-0.0037285624999999975,0.08588647481047929,0.08596737016849766,0.174924,0.28888400000000003,-0.41573306625277817,-0.9442837522409966,2.0347720263763525,0.0016656249999999978,0.10651522072682558,0.10652824298337507,0.173367,0.313588,0.3143773473644163,-1.5793293984256687,1.6274275736159083,0.5215406875000008,110.51879411926797,110.52002469356337,160.932555,317.096738,-0.01606258182164581,-1.6094573210174976,1.456139332634194,0.009370596541717987,0.056652777074089646,-0.029557008073374816,-0.9435248118183256,0.0007778442902709951,0.000963881823938637,0.8069913457777937,test
normal_0060_32,normal,0,A,60,normal_0060,32,2169,2184,2022-07-12 00:07:36.047000,2022-07-12 00:07:37.547000,0.011537875000000003,0.08751220993229673,0.0882695272829191,0.143226,0.283809,-0.1875726834155925,-1.148483065756231,1.6225984709415728,0.005461562499999998,0.10869609718842758,0.10883322199097802,0.188308,0.352065,0.300066303389452,-1.2185242140308792,1.7302437303161917,-1.4156104375000016,108.0795348150258,108.08880514994665,156.164183,309.94418,0.0428263155652661,-1.5926273971790974,1.444776661036826,0.01579691408796079,-0.008479495877000002,-0.004546637145644601,-0.9616801813710963,0.0008166389401794833,0.0010068870854849277,0.8110531478176435,test
normal_0061_00,normal,0,A,61,normal_0061,0,2187,2202,2022-07-12 00:07:39.560000,2022-07-12 00:07:41.060000,-0.010635125,0.05719437741692251,0.05817475992107746,0.089794,0.171242,0.2922709799343557,-1.3188920305441378,1.543521625560959,-0.01864725,0.02873152084927806,0.034252302446331984,0.067855,0.104461,0.1035752257092263,-0.39534159345444086,1.981034708727047,-3.9488080624999995,79.77756624262715,79.8752349649829,109.672556,219.345112,0.07720280834124547,-1.6475701552234936,1.3730483052485565,-0.15470745084446025,-0.2654530676174515,0.015597764717713061,-0.9971122696515249,0.0007283203604544153,0.00042882255634488095,1.6984189606590165,train
normal_0061_16,normal,0,A,61,normal_0061,16,2203,2218,2022-07-12 00:07:41.160000,2022-07-12 00:07:42.660000,0.002390624999999997,0.05995485983833483,0.060002502498854166,0.10538,0.196195,0.19288781048791837,-1.0372831263540736,1.7562600826859245,-0.00017399999999999924,0.03168753125245007,0.03168800897618845,0.058109,0.109445,0.10182549748212298,-0.6456169416924813,1.8337851407346313,-4.023313875,80.02340485264402,80.12448052091781,109.672556,218.153019,0.07584340827345577,-1.640010739469141,1.368777123882484,0.4257404993373414,0.10408835165870294,-0.05174430715033675,-0.9973764227483001,0.0007488660407999715,0.000395484735378918,1.8935396838577734,train
normal_0061_32,normal,0,A,61,normal_0061,32,2219,2234,2022-07-12 00:07:42.760000,2022-07-12 00:07:44.260000,0.0110125625,0.05376627708537289,0.0548825025343916,0.095446,0.176543,-0.2303893223831573,-1.0738525362276468,1.7390970818101756,0.017744375,0.03599845177378293,0.040134167167763676,0.06323,0.12428399999999999,-0.9260548714482078,0.09078923292900498,1.5754656060432024,-3.8743022500000004,80.43260486517288,80.52586009054103,110.864649,219.345112,0.07582438405952797,-1.6402410723123555,1.3767583342214151,0.35508460340068276,0.010694799680430416,0.2271712264005933,-0.9985086031786465,0.0006815512739967415,0.0004984009748252045,1.3674758044680193,train
normal_0062_00,normal,0,A,62,normal_0062,0,2237,2252,2022-07-12 00:07:46.324000,2022-07-12 00:07:47.824000,0.011278687499999999,0.10379490199349795,0.10440589289672543,0.234284,0.390961,0.39431294426379576,0.1575977337295953,2.24397295497243,-0.002399562499999997,0.20438289686669256,0.20439698244302068,0.31177,0.601712,0.08965617785183906,-1.4944698106706271,1.5253160603137155,-9.983778875000002,174.04449357983015,174.33061000892653,259.876274,518.560455,0.06019223821291358,-1.4927753358632065,1.4907093710432904,0.4917665867396424,0.12271592552840026,-0.032305729819450436,-0.9989359832191815,0.0005988959305045704,0.0011724675456166568,0.5107995805458158,train
normal_0062_16,normal,0,A,62,normal_0062,16,2253,2268,2022-07-12 00:07:47.924000,2022-07-12 00:07:49.424000,-0.0191736875,0.058849533164799565,0.061894247277614584,0.152529,0.23256,1.5313025477266156,3.166994769724659,2.4643485737189903,-0.003631937499999998,0.20383604330609342,0.2038683975526553,0.326666,0.6459440000000001,-0.0162220719891849,-1.4340717609035856,1.602337605639091,-8.7171800625,176.9564180651718,177.17099966613583,259.876274,516.176269,0.08868132753152602,-1.4670730459593448,1.4668104514266753,0.6136659722213743,-0.16060874716755327,0.025981271173023873,-0.9977094164010946,0.0003493475083069419,0.0011506871775675957,0.30359902770917935,train
normal_0062_32,normal,0,A,62,normal_0062,32,2269,2284,2022-07-12 00:07:49.524000,2022-07-12 00:07:51.024000,0.0106385625,0.08161790801194364,0.08230833445230501,0.205832,0.361828,0.1275632600386621,1.7379901349363802,2.5007431066324504,0.008860187500000003,0.2096127949494671,0.20979996837240586,0.315154,0.606537,-0.21333117616656266,-1.4601928328366245,1.5021641921346014,-6.929040562500001,179.09348530866737,179.2274758041373,262.26046,516.176269,0.10118473839291245,-1.4844064717432552,1.463282673726893,0.16853652630459495,-0.0022635226187847596,0.03790238286057823,-0.9951135522482683,0.0004592394892748079,0.0011705792732453514,0.392318145187722,train
normal_0063_00,normal,0,A,63,normal_0063,0,2287,2302,2022-07-12 00:07:52.879000,2022-07-12 00:07:54.379000,0.001511000000000002,0.07307320363854318,0.07308882411832879,0.199759,0.307651,-1.2076227808648992,2.2471478746508353,2.733099107964792,0.0043885,0.12127982159401043,0.12135919436995699,0.216157,0.391892,0.17492165269166607,-1.2628230464544459,1.7811341046073277,-5.885959187500002,145.44479251113592,145.56384229665105,219.345112,429.15348,0.10019618260993528,-1.4952193549113229,1.5068653625739477,0.08535500784384421,-0.03253792444911699,0.09881415791664885,-0.995832819058331,0.0005021083736535191,0.0008337179924299722,0.6022520543068326,val
normal_0063_16,normal,0,A,63,normal_0063,16,2303,2318,2022-07-12 00:07:54.479000,2022-07-12 00:07:55.979000,0.004054000000000001,0.0818897845742984,0.081990070945359,0.16319,0.292971,-0.3366896340587746,-0.816655407848538,1.9903629563725518,-0.0010044374999999967,0.13078804895181018,0.13079190587843156,0.227567,0.399329,0.5492964077464509,-1.1540799385675848,1.7399165374309855,-7.972121937500001,143.1385030420787,143.36033545340754,215.768833,425.577201,0.08773866396408306,-1.4838747666516823,1.505080413753115,0.33862810462675014,-0.07784240154467234,-0.0007742293860796566,-0.9965894274457884,0.0005719160093065349,0.0009123297979512559,0.626874196799052,val
normal_0063_32,normal,0,A,63,normal_0063,32,2319,2334,2022-07-12 00:07:56.079000,2022-07-12 00:07:57.579000,-0.008322437500000002,0.05900033942907527,0.05958441926114159,0.145661,0.22241100000000003,-0.8364382910625675,0.4241640763123642,2.444615585856585,-0.009433374999999999,0.12086763632320843,0.1212352014649623,0.192833,0.361363,0.1754627453086473,-1.4593432247470082,1.5905693863653114,-9.387732374999999,137.13207187556029,137.45302708936043,212.192554,418.424643,0.06286193621634131,-1.5057038664416393,1.5437459508407203,0.27665549113681076,0.004777315386063445,-0.11605327422196195,-0.9981404270504521,0.0004334893201180996,0.0008820118700343016,0.4914778755769366,val
normal_0064_00,normal,0,A,64,normal_0064,0,2337,2352,2022-07-12 00:07:59.767000,2022-07-12 00:08:01.267000,0.051828625,0.07074842748859776,0.08770146156991912,0.179329,0.279733,-0.030980115773979317,0.02132742926407616,2.0447663789164077,0.019269124999999998,0.06258446352218236,0.06548369455540058,0.142421,0.241552,-0.9588610360881245,1.069107254034252,2.1749078296049533,-3.2782557500000005,81.53155776696725,81.5974379050637,110.864649,220.537205,0.08733955450482678,-1.6431805357484666,1.3586780644876113,-0.40605333834283225,0.05224042705890562,0.2467068182601064,-0.9965952743499706,0.0010748065603721196,0.000802521454553377,1.3392870112990012,train
normal_0064_16,normal,0,A,64,normal_0064,16,2353,2368,2022-07-12 00:08:01.367000,2022-07-12 00:08:02.867000,0.02255075,0.07483301447013543,0.0781569982807042,0.143623,0.266495,-0.3783314812888406,-0.38152937864201153,1.8376217505714825,0.0185204375,0.0503804180535066,0.05367674662679828,0.113913,0.187272,0.17195763939619257,-0.6881857041468908,2.122203880797958,-4.0978196874999995,80.84395656982491,80.94774512026261,110.864649,221.729298,0.07611600337191407,-1.6551982406591519,1.3695829184035995,0.23323813281966685,-0.21028805962893224,0.28260921538576494,-0.9973544024511357,0.0009655240941497228,0.0006631036670268171,1.4560680963790769,train
normal_0064_32,normal,0,A,64,normal_0064,32,2369,2384,2022-07-12 00:08:02.967000,2022-07-12 00:08:04.467000,-0.062059562500000005,0.06520175924003964,0.09001476937529475,0.146555,0.210581,0.48785271948121167,-0.7894214920551201,1.6281217073275438,-0.02745525,0.04700748750930536,0.05443798889103087,0.110178,0.154507,-0.30124254510991466,-0.990138343073586,2.0239175297335934,-4.2468313125,80.39335984019797,80.50545250225221,109.672556,216.960926,0.07495826266272383,-1.654349485029916,1.3622997274244475,0.36891632416754294,0.31952826851788896,-0.07320676074213414,-0.9972138746408599,0.0011181201592870558,0.0006762025080165585,1.6535285599083818,train
normal_0065_00,normal,0,A,65,normal_0065,0,2387,2402,2022-07-12 00:08:06.337000,2022-07-12 00:08:07.837000,-0.033453,0.08407482485188417,0.09048579658087229,0.183596,0.286715,-0.17457522272028947,-1.0569556613788964,2.02900352251317,-0.0006246250000000002,0.16061243775851974,0.16061365234351965,0.246047,0.457468,0.2273578745785342,-1.5629773000238192,1.531918341995959,8.1211335625,137.3426292400224,137.58252293406392,207.424182,413.656271,-0.05637020341991007,-1.4771024599536513,1.5076346731874333,0.44220208069963696,0.07878360370157798,-0.06121281129040419,-0.9990583605691186,0.0006576838006106152,0.0011673986558633858,0.563375499284094,train
normal_0065_16,normal,0,A,65,normal_0065,16,2403,2418,2022-07-12 00:08:07.937000,2022-07-12 00:08:09.437000,0.0210661875,0.05305666487494614,0.05708584713777575,0.125553,0.180926,0.3895847654370624,-0.9941378577481741,2.199371758414654,-0.0074330624999999996,0.1532942320055898,0.15347433656580017,0.251871,0.468345,0.2758959647841986,-1.3105885535036281,1.6411277978843943,9.23872075,140.99523738061652,141.29759702526042,211.000461,410.079992,-0.03771403688882767,-1.5139482018584562,1.4933053742044777,0.49687235709096944,0.03211490423093061,0.05759735327165742,-0.9995035606468617,0.0004040114505809342,0.001086177966199686,0.37195695655150085,train
normal_0065_32,normal,0,A,65,normal_0065,32,2419,2434,2022-07-12 00:08:09.537000,2022-07-12 00:08:11.037000,0.006825562500000001,0.05530427122742053,0.055723879256899374,0.094434,0.179893,-0.3169193762388203,-0.7452567650445996,1.6946774212297466,-0.003740312499999999,0.1272021538259665,0.12725713290642102,0.253211,0.44093800000000005,0.6067593193094964,-0.638623292757682,1.9897587995024186,8.791685875,145.60189631969934,145.86708316963478,216.960926,432.729759,-0.05891150705505097,-1.4928304946871676,1.4873878416262516,-0.08838967810772726,0.0681616915653704,0.10169401268586548,-0.9989651443837543,0.0003820181911233242,0.0008724184383561609,0.43788413257649084,train
normal_0066_00,normal,0,A,66,normal_0066,0,2437,2452,2022-07-12 00:08:13.092000,2022-07-12 00:08:14.592000,-0.0031796875000000007,0.08852810714309803,0.08858519157814979,0.198869,0.316461,-0.9601091633627314,0.43015143032678704,2.2449463218077246,0.0027418749999999987,0.1266793973244441,0.12670906670400503,0.212064,0.37444299999999997,0.326072112495854,-1.3469099143895735,1.673629247821593,3.2782557499999996,160.5488064568036,160.58227241967464,238.41860000000003,468.49254900000005,-0.0489157882283997,-1.5851312784216915,1.484713078271203,0.3879486942321892,-0.04067300254569254,-0.035767394814334046,-0.9748770103869883,0.0005516498816671141,0.0007890601172516509,0.699122753268214,train
normal_0066_16,normal,0,A,66,normal_0066,16,2453,2468,2022-07-12 00:08:14.692000,2022-07-12 00:08:16.192000,0.0031747499999999988,0.07981183591148934,0.07987495345303808,0.167454,0.322342,-0.12812018801745156,-0.01384030863283714,2.0964519259276115,0.004306562499999998,0.13429679230903505,0.13436582491490348,0.241219,0.40826399999999996,0.5432726823269619,-1.2371910444553995,1.7952407180380034,5.215406875,158.42444765585535,158.51027122535197,236.03441400000003,469.68464200000005,-0.08359365096662903,-1.5297906813269821,1.4890796172093668,0.46881668028063217,0.09523852706736206,-0.034183524805198984,-0.9903737552913531,0.0005039102692561854,0.0008476789792623429,0.5944588477287618,train
normal_0066_32,normal,0,A,66,normal_0066,32,2469,2484,2022-07-12 00:08:16.292000,2022-07-12 00:08:17.792000,-0.0026950624999999995,0.05752951802169556,0.05759261068650647,0.124039,0.239167,-0.06693478676567062,0.4321134246743279,2.1537311561578756,0.005617875,0.12453538732317965,0.12466203598229093,0.189936,0.37038899999999997,0.06473295008094582,-1.4103624298377875,1.5236073958152077,7.227063812500001,156.11951222479377,156.28669984569217,230.07394900000003,460.14789800000005,-0.09111268056931994,-1.48243818239806,1.4721275017462192,0.08237568447365422,0.016740223697441207,-0.051557364502709944,-0.9954381247714719,0.00036850615403210803,0.0007976496791177658,0.4619899733924439,train
normal_0067_00,normal,0,A,67,normal_0067,0,2487,2502,2022-07-12 00:08:26.424000,2022-07-12 00:08:27.924000,0.0481729375,0.09849236183041603,0.10964204141802769,0.241951,0.341926,0.42436216432395724,-0.11851057544511345,2.2067356359913384,0.031613812500000005,0.12486685582562469,0.128806695573493,0.322817,0.510557,0.5087979131368605,0.9412147193694316,2.506212884064019,7.9721219375000025,123.86637824146287,124.1226586358974,187.158601,374.317202,-0.061652051012958065,-1.4607327512490147,1.5078520155535249,-0.450746992291796,-0.14975025909334788,0.28510633290383325,-0.998805289539762,0.0008833362306527184,0.0010377371624896933,0.8512138358170165,train
normal_0067_16,normal,0,A,67,normal_0067,16,2503,2518,2022-07-12 00:08:28.024000,2022-07-12 00:08:29.524000,0.018169875,0.08247221636093198,0.08445004931318868,0.197742,0.317563,0.05511279962667595,0.053827743015335994,2.3415261637877856,0.0224801875,0.11591445732479769,0.1180742149960672,0.232626,0.375702,0.22734523655702024,-0.8739915732709513,1.9701676611421748,9.164214937499999,123.13931115086737,123.47984769236973,183.582322,357.6279,-0.050423635853296435,-1.479817242620197,1.486739135420429,-0.23377898451262982,0.09841598546778087,0.031198786328787014,-0.9992094142848792,0.0006839176666591172,0.0009562225513124231,0.7152285477062162,train
normal_0067_32,normal,0,A,67,normal_0067,32,2519,2534,2022-07-12 00:08:29.624000,2022-07-12 00:08:31.124000,-0.0534955,0.04815061282839503,0.07197395387221686,0.117425,0.140281,0.21477344297676512,-1.5455693815046725,1.6314929732563712,-0.042180687499999994,0.11044083184205397,0.11822177352728852,0.179565,0.349624,0.6187432289751289,-1.0068490247954396,1.5188826443933523,8.046627749999999,122.23931404851557,122.50386980499303,184.774415,369.54883,-0.07115315095085464,-1.4478603163197754,1.5083149233908442,0.35332057425457547,-0.32484382640102233,-0.14704682544993528,-0.9989961742245941,0.0005875239205650248,0.0009650452162489158,0.6088045520278333,train
normal_0068_00,normal,0,A,68,normal_0068,0,2537,2552,2022-07-12 00:08:33.206000,2022-07-12 00:08:34.706000,-0.022015999999999997,0.09111449673899318,0.09373662983060571,0.185524,0.34582,0.2586534862703117,-0.49815931223516596,1.9792049312554336,-0.006720875000000003,0.17380281118838203,0.1739327092232798,0.258583,0.5106360000000001,0.2926974521906457,-1.5250960502997155,1.4866841386806289,2.9802325000000005,171.2682340529939,171.29416155078127,249.14743700000002,494.71859500000005,-0.060517973268921756,-1.5792148784316071,1.4545004613373156,0.7120321407241094,-0.040078272676035136,-0.009184602253031733,-0.9753025217882023,0.000547226064110871,0.001015403605403774,0.5389246809826593,test
normal_0068_16,normal,0,A,68,normal_0068,16,2553,2568,2022-07-12 00:08:34.806000,2022-07-12 00:08:36.306000,0.006187624999999997,0.07432984005420955,0.07458694138805398,0.163566,0.29376599999999997,-0.1580565510109167,0.2984347693143645,2.192957600299147,0.001623000000000003,0.16227906210406506,0.16228717794815153,0.246696,0.463906,0.26352574664936046,-1.574773441275419,1.5201200927827823,0.5960465000000035,169.85965791304494,169.86070368913116,247.95534400000003,489.95022300000005,-0.006876485960941804,-1.612310056903128,1.4597569574054807,0.24982238090636788,0.18648169353485763,0.022930477553275246,-0.953200506553735,0.0004391065135615976,0.0009554133146955506,0.4595984866523679,test
normal_0068_32,normal,0,A,68,normal_0068,32,2569,2584,2022-07-12 00:08:36.406000,2022-07-12 00:08:37.906000,0.026041500000000002,0.08279934142476617,0.08679798766460545,0.173432,0.31596199999999997,-0.25964490943381446,-0.3228103393683899,1.9981108395065044,0.019463249999999998,0.14139349482627375,0.14272679664222132,0.246605,0.420899,0.3630739632383064,-1.282158335396057,1.7278114958200463,-1.6391278749999998,168.7779497961004,168.78590900180495,246.76325100000003,492.33440900000005,0.033967639384592685,-1.5985468351324899,1.4619896439184459,0.18986984500759546,-0.11713203411172092,0.03381689143075206,-0.9653186023118892,0.0005142490162711228,0.0008456084840630566,0.6081407956081664,test
normal_0069_00,normal,0,A,69,normal_0069,0,2587,2602,2022-07-12 00:08:39.956000,2022-07-12 00:08:41.456000,-0.013097500000000002,0.028223481566773435,0.031114456736378995,0.061322,0.086773,-0.3540282711393033,-1.240205361936809,1.9708523442834975,-0.0036553749999999998,0.034477219915610584,0.034670455138345095,0.062673,0.11091100000000001,0.09597260014559095,-1.3798825176420069,1.8076774518798988,0.29802324999999996,83.59804495668043,83.5985761746975,112.056742,220.537205,0.014447257510200442,-1.7568867554020706,1.3404144798570845,0.32138048211908954,-0.24409870208802723,0.2996945291138074,-0.9486712272107032,0.0003721888357447445,0.00041472542625479173,0.897434331687408,train
normal_0069_16,normal,0,A,69,normal_0069,16,2603,2618,2022-07-12 00:08:41.556000,2022-07-12 00:08:43.056000,-0.015710250000000002,0.03686158007075253,0.04006978962229525,0.088309,0.135309,-0.1254263918711754,-0.434389321200193,2.203879801526683,-0.016772000000000002,0.04530442711259022,0.048309327256752396,0.104702,0.159604,0.005087478159786402,-0.703753746996953,2.1673247371782716,-1.1175871874999999,83.13777084182627,83.1452821371705,110.864649,220.537205,0.056800822509811895,-1.7341476481376468,1.333384723105503,-0.10701416267060275,0.09388686269607883,-0.08230871573865088,-0.9785149280078722,0.00048192499432727113,0.0005810230720854753,0.8294420952983677,train
normal_0069_32,normal,0,A,69,normal_0069,32,2619,2634,2022-07-12 00:08:43.156000,2022-07-12 00:08:44.656000,0.022986,0.03753646905510693,0.04401525536816753,0.096171,0.14158700000000002,0.022096480009740876,-0.43866639961936515,2.1849469961169934,0.0139719375,0.0403818070600313,0.042730614071617316,0.087599,0.1485,-0.10258174027856998,-0.6143497157525619,2.0500290459945747,-2.1606685625000006,82.32480971920212,82.35315891901058,110.864649,221.729298,0.08346387628021039,-1.6766203597320188,1.3462100355983766,-0.13217293478287354,0.5234273884670866,-0.04587100097534228,-0.9916890921833871,0.0005344695448957083,0.00051887037039636,1.0300637218645425,train
normal_0070_00,normal,0,A,70,normal_0070,0,2637,2652,2022-07-12 00:08:46.662000,2022-07-12 00:08:48.162000,-0.0036551249999999987,0.05697460170426271,0.05709172600408049,0.108729,0.214872,0.14205649991581845,-0.131165961132091,1.9044616025836891,0.005197374999999997,0.08308494383376193,0.08324734589613053,0.133574,0.234002,0.38717846498882935,-1.4017178189509563,1.6045436471531849,-5.5879359375,110.57804704173597,110.7191470144436,166.89302,330.209761,0.07277664001758223,-1.4464958024316792,1.507354640098775,0.3413519298001801,-0.02177331145445274,0.024507328594352614,-0.9987799028365261,0.0005156445614292234,0.0007518784974496841,0.6858083628914132,val
normal_0070_16,normal,0,A,70,normal_0070,16,2653,2668,2022-07-12 00:08:48.262000,2022-07-12 00:08:49.762000,0.007031875,0.055307907913194246,0.05575313393657795,0.105144,0.171775,0.2336709429961782,-1.262101818645673,1.8858850180441282,0.004746062500000002,0.1006880887806924,0.10079988259696784,0.184959,0.29172200000000004,0.5592458786958183,-1.2407153659246957,1.8349128514318702,-4.47034875,114.30619495431824,114.39357596858854,170.469299,336.170226,0.06515733577904499,-1.461830960319194,1.4901999308668292,0.5534948801240761,0.15533111791695928,-0.013417961519009309,-0.9972541014394926,0.00048737993776754794,0.0008811673360455713,0.553107131676908,val
normal_0070_32,normal,0,A,70,normal_0070,32,2669,2684,2022-07-12 00:08:49.862000,2022-07-12 00:08:51.362000,-0.0062543749999999995,0.062322118483202855,0.06263516311845128,0.152987,0.26521300000000003,0.8081512681908966,1.326131752342766,2.442509804128419,0.013122000000000002,0.107242547724772,0.10804235709433592,0.232564,0.355528,0.48768046352950556,-0.8929298487767627,2.1525261596888288,-3.7997964375,119.97589808901785,120.03605531353,174.045578,348.091156,0.06864724816863188,-1.4892682510017916,1.4499441650710614,0.11631398813290354,0.1419009297891712,-0.033615341772357116,-0.9943973022124474,0.0005218029112573753,0.0009000825361357722,0.5797278475122689,val
normal_0071_00,normal,0,A,71,normal_0071,0,2687,2702,2022-07-12 00:08:53.480000,2022-07-12 00:08:54.980000,-0.0056941249999999995,0.06933840129202846,0.0695718114846092,0.130148,0.258764,-0.04591091960400495,-0.510657642893241,1.8707001761595872,-0.009400937499999998,0.1423070878481061,0.14261726710916703,0.239161,0.41033,0.7036010012895195,-1.0635107331180407,1.676942805368253,6.631017312500001,166.56272221074562,166.6946634444327,247.95534400000003,491.14231600000005,-0.08671552333436171,-1.4987597749062787,1.4874821957492081,0.31844416860545355,0.09946572829809591,0.11320273035336578,-0.9939494484330748,0.00041736076036891733,0.0008555598851351842,0.48782179672083564,train
normal_0071_16,normal,0,A,71,normal_0071,16,2703,2718,2022-07-12 00:08:55.080000,2022-07-12 00:08:56.580000,-0.013955062499999999,0.07554935278302252,0.07682739404218068,0.17546,0.287091,-0.4430589415435679,-0.02492684055813843,2.283820793188259,-0.020936624999999993,0.14455260086291902,0.14606093482730076,0.242964,0.461907,0.600283549522388,-1.0478924075063607,1.6634427287986024,8.121133562499999,164.9042215984985,165.1040735758711,251.53162300000002,497.10278100000005,-0.08481434426795485,-1.4722694078403107,1.5234731497064635,0.3223399960436311,-0.04260466588398715,0.09658481310690122,-0.9965119506544988,0.000465327065397183,0.0008846597886040689,0.5259954972424331,train
normal_0071_32,normal,0,A,71,normal_0071,32,2719,2734,2022-07-12 00:08:56.680000,2022-07-12 00:08:58.180000,0.009534625000000001,0.05880471674839847,0.05957267650315873,0.128582,0.23105,-1.0116831838993083,0.6817956019176381,2.158405623980688,0.005980000000000002,0.1435122283160916,0.14363676436153106,0.237413,0.383752,0.4016102488297432,-1.6011245422956433,1.6528707051798794,9.909273062500002,161.04329255673602,161.34787191079297,245.57115800000003,487.56603700000005,-0.07131225030681299,-1.4709018184902822,1.5219981217711565,0.390454669655849,0.14024827684736868,0.06515709735260221,-0.9981257095701668,0.0003692188548733735,0.0008902302996654697,0.4147453249031384,train
normal_0072_00,normal,0,A,72,normal_0072,0,2737,2752,2022-07-12 00:09:00.084000,2022-07-12 00:09:01.584000,-0.0011536250000000019,0.035736760201987745,0.035755375545154046,0.076443,0.13524,0.644896723343501,-0.0316274803241936,2.137944262491752,-0.0001791874999999988,0.05323688778729786,0.053237189345771256,0.118512,0.210308,0.3590357172333361,0.17933044576612245,2.2261130134101204,2.6077034374999997,81.20268838914161,81.24454885616625,110.864649,219.345112,-0.06881056405627396,-1.6531532317457474,1.3645795386995452,-0.33272624632485365,-0.04201102583417262,0.09306007839154104,-0.9953661811500952,0.00044009568701593334,0.0006552709085753105,0.671624027950194,train
normal_0072_16,normal,0,A,72,normal_0072,16,2753,2768,2022-07-12 00:09:01.684000,2022-07-12 00:09:03.184000,0.003980187500000001,0.03805861088212947,0.03826616984769314,0.061522,0.11142099999999999,-0.5929288889801386,-1.1560280812021941,1.607738643424979,0.002733625,0.0571679004882493,0.057233220701573315,0.120363,0.213567,0.4182403426615072,-0.3542156043347804,2.103026852666554,4.2468313125,80.96800695131321,81.07930516392413,110.864649,220.537205,-0.08598740395204006,-1.6227415770741593,1.3673606202699518,0.44012768205179154,0.3219287777514208,-0.24042421640089987,-0.9952473281482721,0.00047195976544603515,0.0007058918497865837,0.6686006724524804,train
normal_0072_32,normal,0,A,72,normal_0072,32,2769,2784,2022-07-12 00:09:03.284000,2022-07-12 00:09:04.784000,-0.0024556874999999995,0.020247665466414735,0.020396037799962522,0.046243,0.09192700000000001,0.2309356061058165,1.5088499744893484,2.267254084030231,-0.0026980625000000017,0.04567433394898708,0.045753954178163664,0.075268,0.14648,-0.03643968029777494,-1.2847090921883157,1.6450600030526341,3.6507848125000004,80.94771083198648,81.02999517886005,109.672556,219.345112,-0.07609978873833934,-1.6176168414110061,1.3534809641530439,0.05500325606126339,-0.5560256561802154,0.10263991642047587,-0.9973592638825721,0.0002517097249597721,0.0005646545341286215,0.44577650536041863,train
normal_0073_00,normal,0,A,73,normal_0073,0,2787,2802,2022-07-12 00:09:06.833000,2022-07-12 00:09:08.333000,0.057809187500000005,0.06911590358974802,0.09010499591275446,0.156297,0.209865,-0.17237911941689418,-1.3897936721844382,1.73460970079103,0.0110663125,0.07215033146815643,0.07299406553489468,0.144136,0.23177699999999998,0.5248629419685137,-0.7113826759565569,1.974626278777362,3.203749937499999,100.26409159585121,100.31526343086217,149.011625,294.446971,-0.09624832562724853,-1.4973454618905482,1.4854332222603357,-0.08379494003461682,0.2885036838528176,0.2639659547104809,-0.9947822754018538,0.0008982182055959542,0.0007276466515507143,1.2344153631185255,train
normal_0073_16,normal,0,A,73,normal_0073,16,2803,2818,2022-07-12 00:09:08.433000,2022-07-12 00:09:09.933000,-0.0281696875,0.054034556756207816,0.06093656224047678,0.130974,0.186284,-0.13089873119714351,-0.9740611734983675,2.1493499991537304,0.004267062499999998,0.08507345322827557,0.08518039837053182,0.141752,0.267188,0.23367397336493514,-1.215911935111023,1.6641387304081818,5.06639525,101.1932668186183,101.32001584214886,150.203718,298.02325,-0.0960692661758545,-1.4555987933533925,1.4824683627567659,0.12736457901142373,0.15917566226805194,0.16859405348685463,-0.9963222798444052,0.0006014266947550884,0.0008407065243972948,0.7153824519040732,train
normal_0073_32,normal,0,A,73,normal_0073,32,2819,2834,2022-07-12 00:09:10.033000,2022-07-12 00:09:11.533000,-0.013868812500000001,0.08384492571424548,0.08498420752226557,0.205741,0.341098,0.8578701795658413,1.42103452727528,2.420932147259202,-0.0235009375,0.10577896099678136,0.10835812222873512,0.170168,0.303904,0.10703296252453703,-1.575712627334401,1.5704221935554523,6.109476625000002,101.59041707636099,101.77395809528291,154.97209,305.175808,-0.08295969135772154,-1.4445863733586142,1.5227086859971772,0.4782990331976753,-0.3522874156002662,0.0368938633409384,-0.9968933404955361,0.0008350290104930534,0.0010646939969386666,0.7842901461772369,train
normal_0074_00,normal,0,A,74,normal_0074,0,2837,2852,2022-07-12 00:09:13.436000,2022-07-12 00:09:14.936000,0.0088134375,0.06518456556479527,0.06577768822661298,0.172657,0.273274,0.7471030696742844,1.2698000075372597,2.624856614072137,0.0037962499999999993,0.17158421069568872,0.1716262010129135,0.281671,0.534875,0.038543022231747964,-1.373572649882057,1.6411888064737068,-9.313226562499999,175.82220976382823,176.06869578445816,261.068367,516.176269,0.07300468942367822,-1.4801326006405606,1.4827642462894015,0.3997361900283547,0.17098894878572518,0.023870709270901406,-0.9985559493276934,0.00037359104600364327,0.0009747684007554465,0.38326134260621275,cal
normal_0074_16,normal,0,A,74,normal_0074,16,2853,2868,2022-07-12 00:09:15.036000,2022-07-12 00:09:16.536000,-0.009026812499999998,0.09496210360863613,0.09539016964911794,0.180725,0.320355,-0.3587297358642116,-0.7329376351615324,1.8945872584646477,0.0005821249999999993,0.17231287861723912,0.17231386191155662,0.280717,0.5496110000000001,0.24286927877887185,-1.179555797342293,1.6291028294872953,-7.301569625000001,176.4926170835949,176.64358693143993,259.876274,518.560455,0.09417164808353132,-1.4816964082148012,1.4711899736324134,0.4421011037673394,0.00031477776442358864,0.06505987612457627,-0.9955301157805446,0.0005400149040572947,0.0009754889204012609,0.5535838416649194,cal
normal_0074_32,normal,0,A,74,normal_0074,32,2869,2884,2022-07-12 00:09:16.636000,2022-07-12 00:09:18.136000,0.0012854375000000001,0.0684276245249029,0.06843969716244733,0.146688,0.261375,-0.5709188618643878,-0.20833878912462955,2.1433174908974806,0.014601875,0.1608342417983788,0.16149572157916445,0.246783,0.489826,0.00961451843652225,-1.404143808135908,1.5281085937563252,-6.332994062499999,178.58219539284937,178.69445241843826,258.684181,512.59999,0.09020022158514938,-1.5178268563022013,1.4476340899170979,0.44476233538679105,-0.14124400589562455,0.11615489526631181,-0.9937686978943171,0.0003829984436348708,0.0009037534148010339,0.4237864414810426,cal
normal_0075_00,normal,0,A,75,normal_0075,0,2887,2902,2022-07-12 00:09:20.084000,2022-07-12 00:09:21.584000,0.006216812499999998,0.09145737313034058,0.09166842344865815,0.164631,0.30829799999999996,-0.01408404659610183,-1.0492669848631602,1.7959401264515789,0.0006423124999999988,0.10590537219832073,0.10590731998220189,0.197544,0.331186,0.5525310685166765,-1.0254195820176777,1.8652535068699498,7.003546375000001,107.82749303744612,108.0546987250775,163.316741,324.249296,-0.08418781394732026,-1.4471553617604853,1.5114265545779288,0.25020909757412774,-0.10931234870484285,-0.008221594794356779,-0.9964853379749925,0.0008483520340183374,0.0009801269285999385,0.8655532352632789,train
normal_0075_16,normal,0,A,75,normal_0075,16,2903,2918,2022-07-12 00:09:21.684000,2022-07-12 00:09:23.184000,0.0005933750000000002,0.10693405210214554,0.10693569840270835,0.173968,0.32728,0.11033717444553479,-1.1736734630038506,1.6268468116685901,0.0018848124999999993,0.10200460991189243,0.10202202194348776,0.166856,0.290132,0.37163768205293995,-1.4103158006424186,1.6354900326561377,7.227063812500001,104.78767751394297,105.03660223996229,156.164183,311.136273,-0.06623001963655313,-1.4574207669200105,1.4867596596778117,0.033745893062652826,-0.08345791251619634,0.014603447751160235,-0.9974387299666421,0.0010180803274501156,0.0009712997161733436,1.0481629001819075,train
normal_0075_32,normal,0,A,75,normal_0075,32,2919,2934,2022-07-12 00:09:23.284000,2022-07-12 00:09:24.784000,-0.007903125000000002,0.08517218164024787,0.08553806117819716,0.152642,0.25672,-0.2600217343453207,-1.4883507881953981,1.7844921652129635,0.004395312500000001,0.09921685350516234,0.09931416208898658,0.181877,0.31504200000000004,0.4474469843452436,-1.1157855634766904,1.831329955107875,7.152558000000001,102.01715008217019,102.26758038025245,156.164183,302.791622,-0.055206728629108956,-1.476437483421816,1.5270155255394584,0.09438689168649236,0.23365372757796854,-0.017041419808075397,-0.9987365519346019,0.0008364142464322378,0.0009711206789064096,0.8612876490017015,train
normal_0076_00,normal,0,A,76,normal_0076,0,2937,2952,2022-07-12 00:09:28.152000,2022-07-12 00:09:29.652000,0.044314687500000005,0.06336686163693799,0.0773249680370933,0.125867,0.215053,-0.7821041137599873,-0.025418421345645648,1.6277665959023842,0.0007795625000000025,0.15615768336643282,0.15615962920057955,0.238966,0.45463,0.1807682133139943,-1.4384539163684509,1.5302674655628161,10.5053195625,171.38239906933737,171.70407231592344,257.492088,511.40789700000005,-0.0694602521807886,-1.465535100227899,1.4996271464443351,0.2309883934012442,0.22722376213249348,0.10183812144505335,-0.9983666796900635,0.00045033857959303833,0.0009094695722373829,0.495166186247619,cal
normal_0076_16,normal,0,A,76,normal_0076,16,2953,2968,2022-07-12 00:09:29.752000,2022-07-12 00:09:31.252000,-0.006047000000000002,0.0910452011839449,0.09124579369825768,0.174062,0.313282,0.3030020048745015,-0.5537532482438889,1.907616701495399,0.0024385000000000006,0.16955016602579603,0.1695677005848254,0.280088,0.513066,0.31801440797282804,-1.2433183869697437,1.6517768362370837,11.622906749999999,168.44009389279867,168.8406266037118,253.91580900000002,493.52650200000005,-0.045890410136618445,-1.5003664955356293,1.5038786227438576,0.5199448931779515,-0.025045343315937725,0.04822462948692859,-0.9993045323954378,0.0005404255808196091,0.0010043062738852547,0.5381083389322274,cal
normal_0076_32,normal,0,A,76,normal_0076,32,2969,2984,2022-07-12 00:09:31.352000,2022-07-12 00:09:32.852000,-0.0371491875,0.07156159594819238,0.08062954884260794,0.196815,0.32450999999999997,0.12708371194842288,1.4854252696430628,2.4409785596616773,-0.0174794375,0.17081857175047185,0.17171055643200128,0.282233,0.556594,0.18403456457446088,-1.2491386045833188,1.6436554971608077,11.2503776875,167.86513397258207,168.24171361985208,256.299995,509.02371100000005,-0.05878244815252969,-1.4778562963465849,1.5234033788975703,0.4957870617251478,0.00467108783666745,-0.01752634898286192,-0.9990435367711593,0.0004792482619666676,0.0010206182089894018,0.46956663887195466,cal
normal_0078_00,normal,0,A,78,normal_0078,0,2999,3014,2022-07-12 00:09:41.691000,2022-07-12 00:09:43.191000,-0.018407312500000002,0.05570910344001098,0.058671401547623694,0.1361,0.208366,-0.5145948896987368,-0.28405636742703644,2.3196991448981725,-0.0052664375,0.09182798771818478,0.09197888177354897,0.16177,0.27313699999999996,0.41585767272941654,-1.1353200606642755,1.758773284483671,2.1606685625,105.1183547932237,105.14055831633686,151.395811,302.791622,-0.04874394100555283,-1.5782911474035406,1.4399372936987338,-0.06153254608452268,-0.3701386551646424,0.0970511964811417,-0.9675309155203051,0.0005580282479678184,0.0008748182741888407,0.6378790480631419,val
normal_0078_16,normal,0,A,78,normal_0078,16,3015,3030,2022-07-12 00:09:43.291000,2022-07-12 00:09:44.791000,0.0224325,0.041329637029618345,0.04702505665334174,0.097675,0.152781,0.07095489274838777,-0.07178452120463552,2.0770841536680833,0.0007124999999999992,0.09216312788067688,0.09216588195747925,0.151563,0.262487,0.390563657409671,-1.4662618405640122,1.6444588472546013,2.7567150625000014,105.5336633691426,105.56966222380048,156.164183,307.559994,-0.07272487105586858,-1.5306937547356985,1.4792524643011797,-0.00892531437575062,0.2104376229102263,-0.014355907150904445,-0.9850653727406659,0.00044544100703525815,0.0008730337865635477,0.5102219569171677,val
normal_0078_32,normal,0,A,78,normal_0078,32,3031,3046,2022-07-12 00:09:44.891000,2022-07-12 00:09:46.391000,-0.008337,0.044044307356342884,0.044826404936153426,0.083188,0.157197,0.4802117530173775,-0.26915100991546703,1.8557812101703286,-0.0004554375000000001,0.0964683296242663,0.09646940470331773,0.183125,0.30966000000000005,0.5623012691482026,-0.9732240530440199,1.89827023980487,3.8743022499999995,106.63944873226325,106.70980387876907,158.548369,315.904645,-0.09205028782431607,-1.4766812345487468,1.4857900889793005,-0.005737885648922583,-0.15432851382488025,0.14322682010932905,-0.9929494093743648,0.00042007766209635087,0.0009040350670395267,0.4646696543221415,val
normal_0079_00,normal,0,A,79,normal_0079,0,3049,3064,2022-07-12 00:09:48.366000,2022-07-12 00:09:49.866000,0.015289750000000005,0.08948036749372737,0.09077726930170901,0.173829,0.34137,-0.5782780276571838,-0.13959450496416625,1.9148956708783422,-0.011035749999999997,0.1468594769679931,0.1472735337845025,0.227737,0.442505,0.19971945239982125,-1.339469214168043,1.5463538773588157,-9.834767249999997,169.52651194927452,169.81154525104938,251.53162300000002,497.10278100000005,0.0845159874106483,-1.4853292190029002,1.4812398216395457,0.2026764338497075,-0.018544332568993713,-0.10033808679512897,-0.9964960118027557,0.0005345765458261622,0.0008672763301622003,0.616385490108077,train
normal_0079_16,normal,0,A,79,normal_0079,16,3065,3080,2022-07-12 00:09:49.966000,2022-07-12 00:09:51.466000,0.001214625000000004,0.10278578169600783,0.10279295808930689,0.224613,0.439541,0.1659506655837832,0.6653466778183112,2.18510104364207,-0.00030681249999999936,0.16351795360571983,0.16351824144514426,0.289794,0.54003,0.3582212876685677,-0.9003894499423235,1.772242640569356,-8.7171800625,164.6899878689107,164.92053035478634,246.76325100000003,487.56603700000005,0.07393827637058306,-1.4925390828954952,1.4962555023874167,0.588339828225195,-0.1431000846479637,-0.09787708094602281,-0.9981246782829065,0.0006232878215233293,0.0009914971840884492,0.6286329719598349,train
normal_0079_32,normal,0,A,79,normal_0079,32,3081,3096,2022-07-12 00:09:51.566000,2022-07-12 00:09:53.066000,-0.028294125,0.06173963116778699,0.06791420739617006,0.132538,0.19869399999999998,-0.1092666530032699,-1.3750031749212857,1.9515504204717304,-0.008190937500000002,0.1595578346397744,0.15976793812296164,0.263712,0.517709,0.08787943500110526,-1.4394255239614022,1.650593999636149,-8.791685875000002,167.18911750935288,167.4201145444623,246.76325100000003,491.14231600000005,0.052988274223701344,-1.5147647672018392,1.4739163909391921,0.43888867813482046,-0.023145765104358486,-0.011115989764653882,-0.9991371555571392,0.0004056514211626218,0.000954293565965346,0.4250803270922949,train
normal_0080_00,normal,0,A,80,normal_0080,0,3099,3114,2022-07-12 00:09:55.827000,2022-07-12 00:09:57.327000,0.0001718125000000001,0.056609486642278814,0.05660974737125666,0.114034,0.200907,0.37537072523279624,-0.56504684439291,2.0143880744096068,1.5125000000001249e-05,0.04355989571967976,0.043559898345554016,0.082613,0.156119,0.33594484260899626,-0.682325807757131,1.8965379428722193,-0.5960464999999986,89.84597820955352,89.84795530150771,120.40139300000001,239.61069300000003,0.0522032565014775,-1.6842541890925398,1.3400571286899345,0.41998323940702326,-0.052878030549601863,0.12087918642462432,-0.9623435104412655,0.000630061609986429,0.0004848179148805076,1.299584010095253,train
normal_0080_16,normal,0,A,80,normal_0080,16,3115,3130,2022-07-12 00:09:57.427000,2022-07-12 00:09:58.927000,0.0014853124999999997,0.05916734173904421,0.05918598213840419,0.115828,0.216086,0.12874993028627119,-0.7111020642866328,1.9570174526991981,-0.0032800625000000013,0.05459468702569504,0.05469313175744739,0.104377,0.169379,0.9107982233893869,-0.3781810685535558,1.9084114704363646,0.9685755624999999,88.5096126339132,88.51491211782138,119.20930000000001,234.84232100000003,-0.0009139776146799714,-1.716449769751677,1.3467708112427612,0.20366403113527645,-0.10308328254260245,0.05697777400412878,-0.9428088117016117,0.0006686554923041925,0.000617897374000054,1.082146518887996,train
normal_0081_00,normal,0,A,81,normal_0081,0,3141,3156,2022-07-12 00:10:03.867000,2022-07-12 00:10:05.367000,0.028705812500000004,0.06426047093783506,0.07038062088698493,0.159828,0.229926,0.20595794395528852,-0.4685133010012059,2.2709092074741277,0.0160996875,0.11193855205855059,0.11309040354761539,0.194249,0.32019600000000004,0.36013005091702455,-1.5239921619600088,1.7176435303656312,-3.3527615624999996,113.42924535206323,113.47878529149638,168.085113,334.978133,0.09779423743687415,-1.46214089340994,1.4812029628994945,0.16833044766167038,-0.12844620747499166,-0.012349108564392555,-0.995828446104017,0.0006202095017689528,0.0009965774947019099,0.6223394618744286,cal
normal_0082_00,normal,0,A,82,normal_0082,0,3172,3187,2022-07-12 00:10:11.896000,2022-07-12 00:10:13.396000,-0.01899475,0.08876219392673605,0.09077184364245335,0.173773,0.289781,-0.46605179730976776,-0.7783148006473279,1.9143931975699964,0.0011888124999999972,0.17710290853209423,0.17710689847006947,0.282336,0.554199,0.22077531203828027,-1.327113673991252,1.5941558597601093,1.713633687499999,179.76952594329745,179.77769327225454,258.684181,511.40789700000005,-0.02332087444985867,-1.626160417506914,1.4389114483088281,0.4227109139619793,-0.029676599873357298,-0.03258075034796297,-0.955934101945226,0.0005049116049397123,0.0009851439032642364,0.5125257368661645,train
normal_0084_00,normal,0,A,84,normal_0084,0,3193,3208,2022-07-12 00:10:28.656000,2022-07-12 00:10:30.156000,-0.007032562499999999,0.06842624082723012,0.06878668017183633,0.124139,0.22356900000000002,-0.08409195392629357,-1.2297939409867096,1.8046953231336036,-0.007489062500000003,0.19522547503734905,0.19536906653994,0.271084,0.539485,0.005427908577855604,-1.6571461810857726,1.3875482173355285,-4.544854562500001,172.75748393553818,172.81725596343674,250.33953000000002,495.91068800000005,0.08457642865524817,-1.5375916736286845,1.448579475494998,0.5225647903296132,0.04767287773921752,-0.009092837363666836,-0.9895557737134631,0.00039803131804378177,0.0011304951316972339,0.3520858311403869,cal
normal_0084_16,normal,0,A,84,normal_0084,16,3209,3224,2022-07-12 00:10:30.256000,2022-07-12 00:10:31.756000,-0.007595375000000001,0.08088466469831827,0.08124049916605634,0.157218,0.283968,0.32789472399481445,-0.36281127107138333,1.9352170606269286,-0.014379749999999997,0.1885788372291215,0.18912629394335945,0.281695,0.5370999999999999,-0.022000968864252995,-1.526554691100983,1.4894544493340705,-6.332994062500001,171.53857839815092,171.65544177990466,249.14743700000002,495.91068800000005,0.09946537571908355,-1.482282673046936,1.4514391994601314,0.3632360493160237,-0.03744524180338944,-0.05990784177662988,-0.9958210219203987,0.0004732765726717963,0.0011017786094183707,0.429556871612927,cal
normal_0084_32,normal,0,A,84,normal_0084,32,3225,3240,2022-07-12 00:10:31.856000,2022-07-12 00:10:33.356000,0.001973375000000003,0.08230321443591603,0.08232686873296591,0.165658,0.298103,-0.45969293912735126,-0.26301614751059477,2.0121984784496734,-0.0077359375,0.174548802940062,0.17472014576691636,0.272571,0.519798,0.29347041161208126,-1.3139066244367341,1.5600433413306591,-8.270145187499999,170.1159256315171,170.31683256475318,250.33953000000002,499.48696700000005,0.0885784020986731,-1.4675958186532276,1.4698460876133475,0.3851303602168598,-0.03966427848899955,-0.11501352620301698,-0.9974542376244022,0.00048337482263631135,0.0010258536583604505,0.4711927658462078,cal
normal_0085_00,normal,0,A,85,normal_0085,0,3243,3258,2022-07-12 00:10:35.872000,2022-07-12 00:10:37.372000,-0.003842562499999997,0.06932265381800594,0.06942906897645611,0.127752,0.220537,-0.31482566784836946,-1.2925634042761591,1.840036196413949,0.0014559999999999972,0.0962730949856968,0.09628410436891958,0.157489,0.27484,0.3397172112226655,-1.4881310776205696,1.6356697819670147,-0.5960464999999995,112.15577511675316,112.1573589358713,163.316741,324.249296,0.02037794964240332,-1.6181798012911166,1.4561393255825534,-0.036789604857552824,0.014241915321377582,-0.05573336642079241,-0.9471197935688548,0.0006190326665605051,0.0008584733563846877,0.7210854733657132,train
normal_0085_16,normal,0,A,85,normal_0085,16,3259,3274,2022-07-12 00:10:37.472000,2022-07-12 00:10:38.972000,0.006757062500000002,0.08646777920883937,0.08673139417153111,0.144646,0.283605,-0.1576050804313062,-1.17366468219162,1.667746741323327,0.003537125000000002,0.09937784139955132,0.0994407693780574,0.163404,0.281765,0.38736853480343214,-1.325428573804405,1.6432294422297251,-2.533197624999999,109.5046882196692,109.53398482797138,158.548369,314.712552,0.0666236290407746,-1.5755735072730899,1.4474810648860095,0.05033042487563295,-0.0042745615997923925,0.02698957141242566,-0.9737793779524554,0.0007918217739247515,0.0009078531154895361,0.8721915036859043,train
normal_0086_00,normal,0,A,86,normal_0086,0,3289,3304,2022-07-12 00:10:43.851000,2022-07-12 00:10:45.351000,-0.013758375,0.05659030300642836,0.05823877812076761,0.120541,0.21781299999999998,-0.07733269908851799,-0.19082855593659254,2.06977213275386,-0.0080436875,0.03306399218885771,0.03402834830053466,0.061894,0.115939,0.3399113144408582,-0.488310762400741,1.8188952179917446,2.3096801875,83.20718275502597,83.23923284483598,110.864649,220.537205,-0.06490897622557197,-1.7396109144885452,1.3318797544261347,0.5402672601410247,-0.16798966530837503,0.1386947884485578,-0.9823821757916693,0.0006996553924196893,0.0004088018009964843,1.7114782535552144,train
normal_0086_16,normal,0,A,86,normal_0086,16,3305,3320,2022-07-12 00:10:45.451000,2022-07-12 00:10:46.951000,0.0334711875,0.06763428255904948,0.07546334587027997,0.137349,0.220356,-0.11421669767702662,-0.9871981944507207,1.820075672712687,0.01086725,0.04583680608487572,0.04710742950559922,0.105203,0.160615,0.7106203603916427,0.3150949525967035,2.2332570701505907,3.4272673750000004,82.56898049721332,82.64007927155522,112.056742,221.729298,-0.08880107512101494,-1.6808946898762676,1.3559612114090749,0.4971851332457125,-0.09960569898046882,0.04071039571257795,-0.9922470200586228,0.0009131567459211588,0.0005700312720030707,1.601941491231449,train
normal_0087_00,normal,0,A,87,normal_0087,0,3322,3337,2022-07-12 00:10:51.896000,2022-07-12 00:10:53.396000,-0.0708803125,0.07771652499607046,0.1051849654540158,0.178369,0.289066,0.9102723707796128,0.020840657699398246,1.695765162160731,-0.0338715625,0.19511017179883547,0.19802843706286857,0.334462,0.640301,0.27178845926250966,-1.1836708117244328,1.6889594492624183,-10.5053195625,179.71381146423474,180.02059818285449,267.028832,526.905106,0.05225808599877437,-1.5105589779085868,1.4833237679210889,0.29312434369736323,0.17226939008932385,0.05980560491660976,-0.9990890235842524,0.0005842940558789556,0.0011000321022248951,0.5311609131198792,cal
normal_0089_00,normal,0,A,89,normal_0089,0,3357,3372,2022-07-12 00:11:09.294000,2022-07-12 00:11:10.794000,-0.0005882500000000002,0.09792083828627847,0.0979226051979317,0.189929,0.347137,-0.24810468849465472,-0.6170287233857903,1.9395827921050004,0.0015278124999999936,0.1920499412311869,0.19205601822889462,0.313065,0.596671,-2.222414514129286e-06,-1.2625805525037208,1.6300712827800348,7.003546375000003,170.96088864953492,171.10428138905658,249.14743700000002,494.71859500000005,-0.09261335679151526,-1.509277477953419,1.4561145692987605,0.5923999758922902,-0.09326620895081798,-0.0721848352600895,-0.9966129521590489,0.0005722978081143128,0.0011224501027662659,0.5098648097620475,train
normal_0089_16,normal,0,A,89,normal_0089,16,3373,3388,2022-07-12 00:11:10.894000,2022-07-12 00:11:12.394000,-0.015946375,0.05308779569834648,0.05543104660521935,0.113091,0.179348,-0.3035029527684802,-1.1802440293724232,2.0402104402869314,0.013667937500000001,0.18063004051426104,0.1811464160608415,0.314021,0.575372,-0.23644630619041357,-1.2159189125630967,1.7335203578884497,5.811453374999999,173.10193747696792,173.1994623219423,250.33953000000002,495.91068800000005,-0.08110225590973227,-1.5495780148401708,1.4453828357427008,0.42891873987423934,0.14363348748998975,-0.08696713559841117,-0.9916988352794086,0.00032004167831759433,0.0010458832471669424,0.3060013430605316,train
normal_0089_32,normal,0,A,89,normal_0089,32,3389,3404,2022-07-12 00:11:12.494000,2022-07-12 00:11:13.994000,0.010868875,0.10554588621476146,0.10610403640118975,0.199783,0.38038,0.18700567020284675,-0.8444762101300802,1.8828972655159029,0.008349625,0.18737178539466495,0.18755773031156298,0.282252,0.515518,0.20039471389266197,-1.6063001651815139,1.5048806547783176,3.5762790000000004,175.09011778057504,175.12663736822415,247.95534400000003,494.71859500000005,-0.052924944020094275,-1.6056252261697093,1.415863101845809,0.4889671785932325,0.04043302799960532,-0.019646837148352678,-0.9770472343297757,0.0006058703461432521,0.0010709834502058131,0.5657140136262804,train
normal_0090_00,normal,0,A,90,normal_0090,0,3407,3422,2022-07-12 00:11:16.040000,2022-07-12 00:11:17.540000,-0.0057455,0.06995824955911203,0.07019378499286814,0.131142,0.253451,0.40627274291021725,-0.2518984170567853,1.8682850627491359,0.003832187499999996,0.11462863860703548,0.11469267827519548,0.208394,0.349499,0.5871505731892778,-1.099852085515871,1.8169773618850893,-7.599592874999999,130.94510477742713,131.165446200732,195.503252,391.006504,0.07427370111240045,-1.453902322950105,1.490508801386664,0.46960752108149345,0.06725122299798542,0.05616710557372708,-0.9976108513356265,0.0005351545473755757,0.000874412290716207,0.6120162685925254,test
normal_0090_16,normal,0,A,90,normal_0090,16,3423,3438,2022-07-12 00:11:17.640000,2022-07-12 00:11:19.140000,-0.0025615624999999987,0.07891330207019025,0.07895486587958021,0.185331,0.284956,-0.6496441652382923,-0.030055904186111704,2.347303081771575,0.006977874999999998,0.1306283920506349,0.1308146304862342,0.248119,0.392766,0.7071511021539011,-1.1121898203281548,1.8967220950573254,-7.972121937499999,126.91222649337605,127.1623684967072,193.119066,380.277667,0.05579134231176497,-1.4776640769776344,1.5186809453380126,0.4257225203469294,-0.07598782775011557,0.09194995178759392,-0.9987243855852421,0.0006208980440752384,0.0010287212485321205,0.603562962232185,test
normal_0090_32,normal,0,A,90,normal_0090,32,3439,3454,2022-07-12 00:11:19.240000,2022-07-12 00:11:20.740000,0.002755250000000001,0.0835362129539489,0.08358163839773662,0.151123,0.299056,0.25282479059530144,-0.7387368361340605,1.8080885095941406,-0.0008139375000000004,0.13448081376048998,0.13448327689321635,0.250492,0.40552699999999997,0.5884010317905501,-1.0255038373110767,1.8626256422863487,-7.823110312500002,122.60458364383798,122.85391725720596,185.966508,369.54883,0.056758807344848734,-1.4671642205724733,1.5137206216278967,0.28607415440324124,0.09526303731387559,0.011037157980548178,-0.999384130838064,0.0006803335234541263,0.00109466006372156,0.6215020954917903,test
normal_0091_00,normal,0,A,91,normal_0091,0,3456,3471,2022-07-12 00:11:24.056000,2022-07-12 00:11:25.556000,-0.020423749999999997,0.042554113858856234,0.04720150601808167,0.104048,0.155608,-0.2894001534353708,-0.7535246244341232,2.2043364455392993,-0.018016812500000003,0.06233703459342884,0.06488845363053815,0.157258,0.24418600000000001,1.5869091320599897,2.7700879343070497,2.423512831657163,5.2899126875,79.57273096325528,79.74837107547701,108.480463,213.384647,-0.06946823283251218,-1.6706180204721706,1.3602843736749155,-0.5350231959453423,0.026036015740008266,-0.2972331347963425,-0.9972900627389458,0.0005918805034075029,0.0008136649408064417,0.7274253488430713,train
normal_0091_16,normal,0,A,91,normal_0091,16,3472,3487,2022-07-12 00:11:25.656000,2022-07-12 00:11:27.156000,-0.0234955625,0.04957395918217642,0.05485999349423494,0.093161,0.173978,0.4812566805983073,-0.6637556689752744,1.6981591514368295,-0.012870187499999998,0.047013755508652395,0.04874356299361486,0.102138,0.183469,0.6793160478847123,0.7941056790047298,2.095415142577483,4.768371999999999,79.96025445754242,80.10230748514874,109.672556,219.345112,-0.0744765370533212,-1.658760403848269,1.3691560136433485,-0.2094962255597048,-0.08461307633551986,-0.006019159269286426,-0.9973006551077348,0.0006848740718787182,0.0006085163402146948,1.1254818098016615,train
normal_0092_00,normal,0,A,92,normal_0092,0,3492,3507,2022-07-12 00:11:32.266000,2022-07-12 00:11:33.766000,-0.0176325,0.0851162916345925,0.08692346149271209,0.179414,0.313612,-0.16766422992710173,-0.5104220447561705,2.064045735397256,0.004508812499999999,0.17697534418324307,0.17703277052268457,0.267778,0.512384,0.1198149199032842,-1.6265029669116973,1.512590009236101,-9.0152033125,170.52918945936977,170.76732225,251.53162300000002,498.29487400000005,0.0729596981422623,-1.4921259292016336,1.4729493891797558,0.5110473618616657,-0.022625428895363623,0.08978427519829796,-0.9986025203812254,0.0005090169497736683,0.0010366899720047847,0.49100209659529626,val
normal_0094_00,normal,0,A,94,normal_0094,0,3523,3538,2022-07-12 00:11:49.526000,2022-07-12 00:11:51.026000,-0.00924525,0.05002627672596173,0.050873401799221174,0.089664,0.164429,0.46359554609768966,-0.9437254966136535,1.7624927138521465,0.008810062500000004,0.1390897772881192,0.13936851634179256,0.269585,0.448942,0.2895635484088103,-1.1787205385300674,1.9343321366703774,-1.9371511249999998,147.28734454834512,147.30008288722723,213.384647,420.808829,0.0421342576735721,-1.5801630217565856,1.4486390151142483,0.41243375704508967,-0.04164161799111038,0.014832464787830709,-0.9740439603751498,0.00034537252662763125,0.0009461536857959064,0.36502793553787527,val
normal_0094_16,normal,0,A,94,normal_0094,16,3539,3554,2022-07-12 00:11:51.126000,2022-07-12 00:11:52.626000,0.0164955625,0.08383729669944692,0.0854446949790477,0.198996,0.336828,0.2723063342900208,0.09566588225754291,2.3289450567855234,0.008795875,0.12310059739795894,0.12341444201044706,0.209765,0.408638,-0.023961815161146115,-1.2758719264818221,1.699679523586416,-0.6705523124999995,151.4990096439112,151.5004936080728,218.153019,432.729759,0.001490264043546001,-1.6055773807984886,1.4399492292372016,-0.04678142319961538,0.03190321500129822,0.001549120879352837,-0.9611972223843259,0.0005639895484439183,0.0008146141248207184,0.692339515433816,val
normal_0094_32,normal,0,A,94,normal_0094,32,3555,3570,2022-07-12 00:11:52.726000,2022-07-12 00:11:54.226000,-0.014192187500000002,0.12611093527387837,0.12690699815883874,0.200536,0.39600199999999997,0.001627028086727567,-1.2593688182004548,1.5801807852156906,0.005043687500000002,0.19059549659183933,0.19066221991964613,0.326904,0.621501,-0.01501964750611965,-1.2151807258466034,1.714571455938006,1.4156104374999998,154.96132568545687,154.96779152812687,224.113484,447.034875,-0.03429679835221873,-1.5948891532523335,1.4461939593384674,0.6472551974786954,0.026821094323060176,-0.001611458579983787,-0.9698942446305076,0.000818924996655224,0.0012303344975077655,0.6656116676514268,val
normal_0095_00,normal,0,A,95,normal_0095,0,3573,3588,2022-07-12 00:11:56.244000,2022-07-12 00:11:57.744000,-0.0015523125000000016,0.07416665258618488,0.07418289580447436,0.140719,0.25169,-0.2877266711279147,-0.9823581486973954,1.896919747793298,0.006755812500000001,0.13702837068797957,0.13719480812311194,0.233085,0.41438299999999995,0.17846499696543494,-1.3790335014417419,1.6989345529084516,-3.0547383124999996,148.51785784090896,148.54926968454035,224.113484,441.07441,0.08960103889582484,-1.524450368704101,1.5086811566016314,0.3206194208326411,-0.0783879723672911,0.043168551208010664,-0.987141089674054,0.0004993824335993665,0.0009235643393902859,0.5407121218312156,train
normal_0095_16,normal,0,A,95,normal_0095,16,3589,3604,2022-07-12 00:11:57.844000,2022-07-12 00:11:59.344000,0.003115375,0.08910806700916239,0.0891625098766292,0.158735,0.31212399999999996,-0.17207346638708299,-0.6039865456048004,1.7802886013374413,0.00847375,0.14665745087596982,0.14690205014396499,0.246369,0.441109,0.26763192826752513,-1.499186114443509,1.6770970844760624,-0.14901162499999998,146.87973909434604,146.87981468155368,216.960926,432.729759,0.04217994623094557,-1.5908712844707604,1.4771323511701546,0.3899386524912032,0.015530735419581982,0.04356375281617442,-0.959331521674465,0.0006070439976380697,0.001000151385419838,0.6069521139374797,train
normal_0095_32,normal,0,A,95,normal_0095,32,3605,3620,2022-07-12 00:11:59.444000,2022-07-12 00:12:00.944000,-0.0013791250000000019,0.07363227413461013,0.07364518843753473,0.174688,0.283355,-1.0605609507743234,0.7212920982240214,2.3720219026687532,-0.004329874999999997,0.13343825877061785,0.13350848932277679,0.20091,0.374737,0.23616031504896323,-1.6518148884952395,1.5048481262810933,2.3841859999999993,143.30301628949942,143.32284821531817,211.000461,418.424643,-0.011700644523088976,-1.5987427393589855,1.47220393417669,0.21986694079795552,0.005057580045048956,0.038640648348645494,-0.9492792760900559,0.0005138412287683216,0.0009315227194076064,0.5516142742015936,train
normal_0096_00,normal,0,A,96,normal_0096,0,3623,3638,2022-07-12 00:12:04.143000,2022-07-12 00:12:05.643000,0.0016610624999999998,0.019768507200433567,0.019838170418728134,0.046058,0.085865,-0.6544701544688067,1.1171082058782869,2.3216858726306313,0.0003125000000000003,0.04462929765439962,0.044630391723297705,0.107026,0.171116,0.6849736347481707,0.54445766834219,2.3980519970236087,0.37252906249999973,83.07177580346865,83.07261108839764,109.672556,218.153019,0.010211624828342656,-1.7670906373650022,1.320201141665059,0.12108074924869439,0.005032266030885731,-0.13405026363758457,-0.9474427112594802,0.0002388051869179641,0.0005372455631111253,0.44449913282684284,val
normal_0096_16,normal,0,A,96,normal_0096,16,3639,3654,2022-07-12 00:12:05.743000,2022-07-12 00:12:07.243000,-0.01695475,0.03638057928259939,0.04013739025522212,0.067391,0.101566,0.05873213886266258,-1.7550873959503224,1.6790080165023191,-0.005078250000000001,0.04519192832174237,0.04547635658779186,0.08407,0.15885500000000002,0.07586926155462524,-0.6915914948613011,1.848652933260019,-0.5960464999999995,82.83223705181729,82.8343815479938,109.672556,219.345112,0.04805366633226685,-1.7518477973190913,1.3239980060267162,0.10115072474826241,-0.1385799046893786,-0.02587533246353042,-0.964467371647409,0.0004845498874397551,0.000549003393735041,0.8825990749223085,val
normal_0097_00,normal,0,A,97,normal_0097,0,3661,3676,2022-07-12 00:12:12.164000,2022-07-12 00:12:13.664000,-0.0113315625,0.06697703323245285,0.0679288398937631,0.158395,0.310353,0.2653297548995645,1.8438171642078816,2.3317783764262856,-0.013536125,0.1642709210682444,0.16482767421954664,0.292293,0.522636,0.3746977980312473,-1.1451243775217312,1.773324785318954,8.046627749999999,142.9433964224267,143.16969930444813,212.192554,420.808829,-0.07033360150178984,-1.4599852056113707,1.482105187276924,0.4111037897334241,-0.2809066055749207,0.04630986945233991,-0.9982185624848602,0.0004744638022135779,0.0011512748508959508,0.4121203567022578,train
normal_0098_00,normal,0,A,98,normal_0098,0,3686,3701,2022-07-12 00:12:20.177000,2022-07-12 00:12:21.677000,-0.002227187500000001,0.05125561800697894,0.05130398367999799,0.132525,0.221956,-0.8426655108966123,1.5009849737320167,2.5831327412430127,0.007522062500000001,0.0503737483361482,0.050932268216598214,0.106382,0.168971,0.6327356101408351,-0.5423604107985454,2.0886955112148606,-2.9802324999999996,80.05461466209695,80.11006874576307,108.480463,216.960926,0.0844392042038848,-1.6469399548569248,1.3541426776735528,0.08269238096003918,0.46128922638955716,-0.3000124751837452,-0.9966879635370369,0.000640418670002844,0.0006357786107790847,1.0072982310903373,train
normal_0100_00,normal,0,A,100,normal_0100,0,3722,3737,2022-07-12 00:12:38.192000,2022-07-12 00:12:39.692000,0.018151125,0.06770264972277212,0.07009359541534448,0.136387,0.227587,0.029607325254939327,-0.8934829736794629,1.945784050480352,0.0170960625,0.061482173077312366,0.06381483337996346,0.151614,0.240848,0.2915975349981927,-0.20824817137327356,2.3758426053902957,6.034970812500001,88.58509251654718,88.79042453369028,131.13023,255.10790200000002,-0.056327342671382466,-1.5416902092548137,1.4768510308253395,0.28317481519538085,0.2843737718750176,-0.17656058975487973,-0.9986972823257276,0.0007894274161145433,0.0007187130111732917,1.0983903224818639,train
normal_0100_16,normal,0,A,100,normal_0100,16,3738,3753,2022-07-12 00:12:39.792000,2022-07-12 00:12:41.292000,-0.009802125000000004,0.08119012519610605,0.0817796923684297,0.181551,0.34174499999999997,0.19325525440011299,1.0574522226196796,2.2200010142137203,0.0011971250000000011,0.056787052648331504,0.05679966951268291,0.106064,0.192233,0.5792853983763842,-0.6759902347419615,1.8673348086350532,5.960464999999999,88.53347348858871,88.73388907836096,131.13023,258.684181,-0.06366001757420628,-1.5381746342100944,1.47779198412231,-0.1944313218322395,0.05377192071048409,0.13551952892200503,-0.99928595184694,0.0009216286270988303,0.0006401124767846372,1.4397916936852768,train
normal_0100_32,normal,0,A,100,normal_0100,32,3754,3769,2022-07-12 00:12:41.392000,2022-07-12 00:12:42.892000,-0.008147374999999997,0.05654732836292423,0.05713125295645983,0.113997,0.214281,0.2713150526284835,-0.008054820032482812,1.9953527027821008,-0.008915625,0.05944564190383829,0.06011050416108652,0.119014,0.204291,0.02966252281970351,-0.7783617786155239,1.9799201763648753,4.842877812500001,90.3953879380646,90.52502209875455,129.938137,259.876274,-0.07646236958168853,-1.5139869794613166,1.4353836540161167,0.120256458533373,-0.06046149416239398,0.016170088589866644,-0.9983090339053938,0.000631110069149001,0.0006640208725440734,0.9504370950434424,train
normal_0101_00,normal,0,A,101,normal_0101,0,3772,3787,2022-07-12 00:12:44.747000,2022-07-12 00:12:46.247000,0.018648375000000002,0.07804258858859933,0.08023968795895209,0.1406,0.256629,0.18081542805545872,-1.0379335624546087,1.7522500844211435,0.005367687500000002,0.18291542130610486,0.18299416225849258,0.305678,0.566426,0.2558448779106509,-1.311104557833648,1.6704248716317387,-7.748604499999999,170.1109819067854,170.2873660521769,247.95534400000003,494.71859500000005,0.08754000824928772,-1.4991823241682842,1.45609947319301,0.4602355977942069,0.15919432209444112,0.012635367234035239,-0.9972553517233899,0.00047120165059318754,0.0010746197237111663,0.43848222789537783,val
normal_0101_16,normal,0,A,101,normal_0101,16,3788,3803,2022-07-12 00:12:46.347000,2022-07-12 00:12:47.847000,0.000967749999999999,0.07873209685819056,0.0787380442718131,0.129891,0.234183,-0.6070596947280994,-0.9238970752877664,1.6496599731586017,-0.0029193124999999983,0.18802937644412068,0.18805203745622515,0.281586,0.529743,0.07495939168586818,-1.630723911045216,1.4973834041311451,-5.960465000000001,173.22304982739345,173.3255668807111,247.95534400000003,494.71859500000005,0.09533266315017287,-1.5274000105285117,1.4305756990291676,0.610643572816755,0.09778304007368915,0.042526635905392074,-0.9944077040511445,0.00045427830232341583,0.0010849642141118703,0.4187034894005963,val
normal_0101_32,normal,0,A,101,normal_0101,32,3804,3819,2022-07-12 00:12:47.947000,2022-07-12 00:12:49.447000,-0.007882,0.04899426289628205,0.04962422514004627,0.078461,0.15388200000000002,0.21954569372711139,-1.328093906246018,1.5811027734654286,0.012565812499999999,0.17812716490937686,0.1785698365414425,0.29273,0.5529379999999999,-0.23215229267661758,-1.2500597376029583,1.639302614985948,-3.7997964375000013,175.5107570656159,175.55188491927987,252.72371600000002,499.48696700000005,0.07875949377856352,-1.578823183946681,1.439595570940206,0.6908508470907634,-0.025615738333840003,0.04071553975357069,-0.9860843517553756,0.00028267554724840395,0.001017191223116461,0.2778981383484073,val
normal_0102_00,normal,0,A,102,normal_0102,0,3822,3837,2022-07-12 00:12:52.064000,2022-07-12 00:12:53.564000,0.008849062500000001,0.07610742389418126,0.07662014016521701,0.136637,0.257651,-0.32038593491322664,-1.0071126810463922,1.7833039681912335,0.002544062500000001,0.09241237885388295,0.09244739054963909,0.147989,0.25706,0.44252148365906646,-1.6397897792250102,1.600791532569415,5.7369475625,103.60860367691546,103.76731336608371,153.779997,303.983715,-0.10282301073336368,-1.434189105268597,1.4819695336765162,-0.050530989309413986,-0.11255380808860553,0.023446065480999978,-0.997664207519533,0.0007383841566265341,0.0008909105146000191,0.8287972187173447,train
normal_0102_16,normal,0,A,102,normal_0102,16,3838,3853,2022-07-12 00:12:53.664000,2022-07-12 00:12:55.164000,0.0029261874999999965,0.08901075158879596,0.0890588371341525,0.138146,0.25571,0.06512177984137209,-1.5791342811323044,1.5511767775712786,-0.0018588750000000012,0.09204832733737955,0.09206709500073845,0.15991,0.253098,0.8295757939444146,-0.8517455495348196,1.7368854746499538,3.5017731875,102.9146983804473,102.97425677418184,150.203718,299.215343,-0.09157027567375632,-1.5069079399277723,1.4586530916109486,0.24125079214423512,0.00570768826267783,0.06328198129961908,-0.9908346872574519,0.0008648650635998737,0.000894078752154897,0.9673253743200888,train
normal_0103_00,normal,0,A,103,normal_0103,0,3867,3882,2022-07-12 00:13:00.089000,2022-07-12 00:13:01.589000,0.0221050625,0.05861696859961792,0.06264649069131886,0.115738,0.19890999999999998,-0.3255180440287076,-0.8007840748289654,1.8474777872280435,-0.0007905625000000013,0.08274658900444837,0.08275036544292418,0.159711,0.27121799999999996,0.6817590779370655,-0.6074876951578787,1.9300337726019865,3.2782557500000005,91.4688655361126,91.52759323409447,128.746044,257.492088,-0.08176578428439527,-1.5659356643525448,1.4066363972962144,0.3455920361778639,-0.249926689525526,0.12039651404193985,-0.9941874569327988,0.0006844546925984583,0.0009041029324487827,0.7570539459977169,cal
normal_0103_16,normal,0,A,103,normal_0103,16,3883,3898,2022-07-12 00:13:01.689000,2022-07-12 00:13:03.189000,-0.028592812500000002,0.08514341944567615,0.0898162056733778,0.148078,0.275271,0.3086110044207185,-1.2008043727786295,1.6486779739782687,0.010053250000000001,0.05882423728202942,0.05967712063575956,0.113481,0.191984,0.41146953851614343,-1.2029239071805202,1.9015830320070808,4.3213371249999994,91.4740846055975,91.57610009702265,133.514416,263.452553,-0.08219886306292946,-1.5299623062914125,1.457961366104745,-0.05528657930747492,0.18283170964617232,-0.079240760392299,-0.9966128630817391,0.0009807821645409632,0.0006516669804952723,1.505035844835288,cal
normal_0104_00,normal,0,A,104,normal_0104,0,3901,3916,2022-07-12 00:13:07.971000,2022-07-12 00:13:09.471000,0.0051149375,0.035553300877817155,0.03591935117645501,0.0634,0.10992299999999999,-0.02213066483264241,-1.4770479892493968,1.7650652899754615,0.0076525625,0.05399901613683432,0.05453856852322492,0.103343,0.200578,-0.549648829077638,-0.49880220659412,1.8948608809927239,3.9488080625000004,79.45740132529177,79.55546310897162,108.480463,214.57674,-0.05790664551142834,-1.6675766926304847,1.363582823361963,0.1497815837588314,-0.3395190103412366,-0.06900686995253273,-0.9982095379665088,0.0004515007489461062,0.0006855414624200019,0.6586045829413175,train
normal_0104_16,normal,0,A,104,normal_0104,16,3917,3932,2022-07-12 00:13:09.571000,2022-07-12 00:13:11.071000,-0.014719937499999999,0.031603696200897036,0.03486359381306666,0.093979,0.11987899999999999,-0.9035288820071204,0.6951076519160404,2.6956199783619907,-0.0196531875,0.04977625722573307,0.05351563848364794,0.117955,0.212647,1.1269527545222908,2.2921265917052462,2.2041220723927633,4.2468313125,80.86153279096949,80.97297735357064,110.864649,220.537205,-0.059974566527293,-1.658762403217488,1.3691561385461546,-0.016666780895187062,-0.3598426934969575,0.29443484858724084,-0.998003486534809,0.00043055837827024514,0.0006609073821007037,0.6514655304676868,train
normal_0105_00,normal,0,A,105,normal_0105,0,3935,3950,2022-07-12 00:13:15.873000,2022-07-12 00:13:17.373000,0.015043937499999998,0.04864061429565414,0.050913941259369225,0.089346,0.138987,0.22053363815260804,-1.77361092894153,1.7548435220296066,0.011278499999999999,0.07630367475996815,0.0771327125422476,0.131021,0.210376,0.5000867450335831,-1.4913660558083477,1.6986437489571804,1.8626453124999993,103.1384099683624,103.15522797397219,151.395811,301.599529,-0.06170701014542426,-1.5497628872486229,1.4676503942020247,-0.1292986026383065,0.26608217859723765,0.09291183836918109,-0.9840421796290462,0.000493566271524461,0.0007477344004485114,0.6600823383656101,train
normal_0107_00,normal,0,A,107,normal_0107,0,3966,3981,2022-07-12 00:13:33.336000,2022-07-12 00:13:34.836000,0.0580328125,0.07072250259042269,0.09148486049239239,0.176041,0.273659,-0.2841514976725823,-0.021541512263063556,1.9242637421373021,0.0203835,0.07472472505051457,0.0774549650191968,0.151768,0.215213,0.5687191604001036,-1.2512573069476112,1.9594353952956418,6.556511499999999,98.24556911313147,98.46410357796755,150.203718,292.062785,-0.03584719740988382,-1.5111476643256248,1.5254667695325446,0.06959222268832822,-0.3831421446746879,0.06265731989184797,-0.9995239463926073,0.0009291189090037393,0.0007866314951810339,1.1811361669289808,cal
normal_0107_16,normal,0,A,107,normal_0107,16,3982,3997,2022-07-12 00:13:34.936000,2022-07-12 00:13:36.436000,-0.018840875,0.045609531854475055,0.04934782636297165,0.092509,0.17687199999999997,0.4521326658589088,0.12940017243452973,1.874631707576375,0.006925625,0.08482122431463941,0.08510349214853054,0.169944,0.286692,0.17856706508873119,-0.9771894219019592,1.9969098295449255,5.885959187500001,101.77960319932639,101.94965494286505,151.395811,300.407436,-0.0743878577582407,-1.456968292156291,1.485005624441257,0.2643288659922621,-0.16727096356572319,-0.3349117675818188,-0.9983726771178707,0.0004840411317784971,0.0008347599822306854,0.5798566559036759,cal
normal_0107_32,normal,0,A,107,normal_0107,32,3998,4013,2022-07-12 00:13:36.536000,2022-07-12 00:13:38.036000,-0.0389603125,0.06223790753704565,0.07342658295663432,0.134971,0.19378900000000002,0.09122713051497913,-1.3087250646541593,1.8381762376129334,-0.0209324375,0.08530285033409549,0.08783361096307325,0.137082,0.262192,0.317127041317493,-1.4546985752948147,1.5607009491802815,4.6938661875,104.5755632544995,104.68085216400361,156.164183,309.94418,-0.0930995732820408,-1.4789578215057182,1.491812301597788,0.3222035788819755,-0.05051833799257152,0.11558620124583849,-0.994246461165017,0.0007014327972951234,0.0008390609089183209,0.8359736341422204,cal
normal_0108_00,normal,0,A,108,normal_0108,0,4016,4031,2022-07-12 00:13:39.886000,2022-07-12 00:13:41.386000,0.0030430000000000006,0.09651066691563166,0.09655862818774923,0.196125,0.355028,-0.289142860471572,-0.25114763742310453,2.031149403020238,0.005029875000000003,0.2033909467094329,0.20345313181633504,0.340984,0.627222,0.15387322070863446,-1.2441555218776355,1.6759830480654354,8.642674249999999,175.21866338432304,175.43168418612504,255.10790200000002,507.83161800000005,-0.08772784610701506,-1.5065854983698461,1.4541723359922951,0.6159783542720152,-0.08381370873308278,-0.07221778764653851,-0.9966474342094425,0.0005504058667378745,0.001159728544819079,0.47459887850198546,train
normal_0108_16,normal,0,A,108,normal_0108,16,4032,4047,2022-07-12 00:13:41.486000,2022-07-12 00:13:42.986000,-0.025943874999999998,0.06734001449720943,0.07216482662973701,0.159284,0.23244700000000001,-0.5892409989151987,-0.5920286431035087,2.2072248689413985,0.00773975,0.19147845167390898,0.1916348120397231,0.328484,0.635375,-0.05666067823561665,-1.1130635215501934,1.714114447702279,6.854534750000001,178.5398068155538,178.67133867628075,257.492088,507.83161800000005,-0.08563597063161026,-1.541394177012831,1.4411493746432817,0.5420152185702568,0.07777715177714226,-0.07238591266652854,-0.9932873692351778,0.0004038970501054244,0.001072554856640604,0.37657472492408267,train
normal_0108_32,normal,0,A,108,normal_0108,32,4048,4063,2022-07-12 00:13:43.086000,2022-07-12 00:13:44.586000,0.0133958125,0.11312145916625344,0.11391186205324492,0.218655,0.422455,0.08780857505615221,-0.5111763195131731,1.919510365810681,0.010143125,0.20473607204852637,0.20498717565405158,0.341688,0.598249,0.37652057015144286,-1.3424612546532724,1.666875007715862,4.619360375,181.1593471613284,181.2182318482134,256.299995,510.21580400000005,-0.06190458783795079,-1.5959450571742184,1.4143168288645172,0.514462009742552,0.14723247822926236,-0.008188961954856236,-0.9824981929431127,0.0006285894133911227,0.001131161989405938,0.5557023832822073,train
normal_0109_00,normal,0,A,109,normal_0109,0,4066,4081,2022-07-12 00:13:47.957000,2022-07-12 00:13:49.457000,-0.003432250000000003,0.08600166750163918,0.08607012927331409,0.142083,0.265518,0.03621470457851218,-1.5813000614213089,1.6507817659808326,-0.001448874999999998,0.09630224023865891,0.09631313884278718,0.200733,0.315337,0.8736518918191792,-0.45977866443661375,2.084170471566276,7.003546375000001,101.14179826178415,101.38398797371417,153.779997,299.215343,-0.04781709741829645,-1.4830953891138852,1.5168075361157676,0.19102891580306036,0.009937138173063678,0.012082592122422499,-0.99890032842582,0.0008489519005272262,0.0009499837278817469,0.8936488864079817,train
normal_0109_16,normal,0,A,109,normal_0109,16,4082,4097,2022-07-12 00:13:49.557000,2022-07-12 00:13:51.057000,0.0037624374999999984,0.07307277332903203,0.07316957112036056,0.132336,0.25826400000000005,-0.246584237059261,-1.0784917329701742,1.8086206871749106,0.00010218749999999985,0.10026711803553719,0.10026717010785484,0.196055,0.332083,0.765206653581223,-0.7220919902185887,1.9553259535410108,7.301569625000002,100.12416979001078,100.39005077759265,152.587904,300.407436,-0.05771404062912804,-1.4793959915648065,1.519950461406262,0.2519817329012446,-0.15676853786355055,-0.03752525663111722,-0.9993329530573819,0.0007288528151306825,0.0009987759676503198,0.7297460479003638,train
normal_0110_00,normal,0,A,110,normal_0110,0,4103,4118,2022-07-12 00:13:55.976000,2022-07-12 00:13:57.476000,0.019931499999999998,0.06270913381737145,0.06580045711372376,0.127468,0.25094099999999997,-0.3643618167130066,0.5261958593044334,1.9371901897230812,-0.005055437499999999,0.04764022059663551,0.04790770362700033,0.104843,0.192461,-0.1839873231638685,-0.008173727873394654,2.188437183637236,3.7252906250000004,81.75172132590153,81.83655497385368,110.864649,220.537205,-0.0936097920875587,-1.6685508631580712,1.3547081623294215,0.27696887528685116,0.14763248933505435,0.4785127305428179,-0.996355727107976,0.000804047251680458,0.0005854071403947364,1.3734838477342346,val
normal_0112_00,normal,0,A,112,normal_0112,0,4136,4151,2022-07-12 00:14:13.584000,2022-07-12 00:14:15.084000,0.0316516875,0.05308241551318896,0.06180268730656055,0.143729,0.21462199999999998,-0.20591352707635013,0.41188522784235015,2.3256108474225314,0.011117499999999999,0.033743321855961364,0.035527603016879704,0.071098,0.125851,-0.22034890169191035,-0.09583073596799752,2.0012045272578693,-4.023313875,80.7240135744724,80.82421309303527,109.672556,218.153019,0.06447460372772387,-1.6469142981331564,1.3569269876312675,0.17065230688205996,-0.14339959933663327,-0.10605668585433103,-0.9977878048023023,0.0007646556018481815,0.0004395663336181762,1.7395681683674846,val
normal_0112_16,normal,0,A,112,normal_0112,16,4152,4167,2022-07-12 00:14:15.184000,2022-07-12 00:14:16.684000,0.020357812500000003,0.04622199490261475,0.05050656732111677,0.085657,0.16091,-0.7009226979274832,-0.5021658151055304,1.6959576653744761,0.009802749999999999,0.037208229618089866,0.038477867130013846,0.07511,0.134423,-0.6653201958510316,-0.0458512045486561,1.9520312741402455,-3.576279,81.14336334659157,81.22213483209377,110.864649,221.729298,0.07240028945672052,-1.6337850616572098,1.3649561074599261,0.15859592024009503,-0.12317739232623785,-0.11369600396281576,-0.9972613902290103,0.0006218325512562102,0.0004737362199301595,1.3126134863572048,val
normal_0112_32,normal,0,A,112,normal_0112,32,4168,4183,2022-07-12 00:14:16.784000,2022-07-12 00:14:18.284000,-0.045725,0.05181742235845971,0.06910731426466377,0.137809,0.19389099999999998,0.10182834105222748,-0.009635208612073232,1.9941304544440248,-0.015188000000000002,0.05148019970702328,0.05367388849221752,0.112031,0.179689,-0.5912639136797759,-0.4404318873180739,2.087253283619353,-3.6507848124999995,81.51518156187844,81.59689365909212,110.864649,220.537205,0.06502702656027956,-1.6307764548459276,1.3586871267818987,0.08898591464814072,0.36995038897194304,0.4137981522732521,-0.9980195668448198,0.0008469356021491552,0.0006577932821372396,1.287540668395658,val
normal_0113_00,normal,0,A,113,normal_0113,0,4186,4201,2022-07-12 00:14:20.310000,2022-07-12 00:14:21.810000,-0.0024621875,0.05848253540077023,0.05853434303199703,0.102412,0.20093,0.19886506793701172,-1.0352782838109504,1.7496053546550923,0.011048562500000001,0.17935285034707726,0.1796928369772638,0.281075,0.5413920000000001,0.05591548694637741,-1.499782663715035,1.5641970193590071,1.1175871875000025,171.20519765805196,171.2088452921002,244.37906500000003,483.98975800000005,-0.01617608384618128,-1.6162306035578629,1.4273740622633357,0.4004635314678108,-0.03934163458714162,0.02185991082897627,-0.9610170556590595,0.0003418885451398923,0.001049553465947913,0.3257466686855374,train
normal_0113_16,normal,0,A,113,normal_0113,16,4202,4217,2022-07-12 00:14:21.910000,2022-07-12 00:14:23.410000,-0.004031750000000001,0.07963235721387067,0.07973435472555102,0.142625,0.27204700000000004,0.01275006699458398,-0.655856436526876,1.7887521695123918,-0.004164062499999999,0.18674371368886447,0.1867901336227706,0.298161,0.554243,0.10637959889031985,-1.590278971023714,1.5962352733370109,2.9802325000000005,172.39814288094414,172.42390047366544,247.95534400000003,489.95022300000005,-0.054456324935113105,-1.5860313047494679,1.4380566923659786,0.47148097922015625,0.055039168665284306,-0.00016663691614581279,-0.9812115502600787,0.00046243214836523756,0.0010833192678604284,0.42686598686511684,train
normal_0113_32,normal,0,A,113,normal_0113,32,4218,4233,2022-07-12 00:14:23.510000,2022-07-12 00:14:25.010000,-0.0012624375000000023,0.07811026153935278,0.07812046278784772,0.155012,0.295821,-0.3368408761285674,-0.022924489105431434,1.9842688390232297,-0.006804999999999994,0.18399015941688296,0.18411596016437576,0.299524,0.5664370000000001,0.3460822989303218,-1.2841973387325638,1.6268225727557233,5.587935937499999,173.0079352713042,173.0981533549142,250.33953000000002,500.67906000000005,-0.08338025622745546,-1.5329355081946137,1.446228773375259,0.6121544516752114,-0.004333311435797117,0.055056532951907516,-0.9931484630806274,0.0004513073148023269,0.0010636506317133901,0.42430033071605,train
normal_0114_00,normal,0,A,114,normal_0114,0,4236,4251,2022-07-12 00:14:27.908000,2022-07-12 00:14:29.408000,-0.008703125,0.07476816627572443,0.07527299032853683,0.15699,0.24073499999999998,-0.7421030150560346,-0.5830601216740017,2.085608653446618,-0.002115249999999998,0.12610647433889943,0.12612421318981537,0.22088,0.352315,0.7223770017525492,-1.1021286129367387,1.7512894186905914,-7.8231103125,137.0790124767299,137.30206377384505,209.808368,410.079992,0.04249913128377842,-1.5038509812593932,1.528078764683265,0.5653038703715403,-0.09600908469023078,-0.0022158081399909946,-0.9992581675303923,0.000548229125328528,0.0009185893476266962,0.5968163322870599,train
normal_0114_16,normal,0,A,114,normal_0114,16,4252,4267,2022-07-12 00:14:29.508000,2022-07-12 00:14:31.008000,0.0021145000000000005,0.05618738497429828,0.05622715838898495,0.10677,0.198217,-0.2801851980943895,-0.6834478233494772,1.8989044273117053,-0.015288562500000002,0.12083371859862252,0.12179707588315698,0.21056,0.36335,0.5629309608103182,-1.1742677025886632,1.7287771358484463,-8.046627749999999,138.2882473698728,138.52215555202065,214.57674,423.193015,0.04660244663205194,-1.495573011510007,1.549042744425225,0.1801308416529231,0.16234130147344028,-0.1341294749791765,-0.9992036881288903,0.0004059073305993234,0.0008792606164536421,0.46164620933038725,train
normal_0115_00,normal,0,A,115,normal_0115,0,4276,4291,2022-07-12 00:14:35.936000,2022-07-12 00:14:37.436000,-0.0034549374999999997,0.03868295642862104,0.03883693745891274,0.095402,0.173977,0.6189821370582569,1.6283692916431711,2.4564758768873025,7.006250000000328e-05,0.05040650570297046,0.05040655439461718,0.098172,0.17761,0.20179736221568037,-0.8119336727148374,1.947603861820073,4.544854562499999,80.75079372371897,80.87859043037835,109.672556,219.345112,-0.07703621508833569,-1.6358296683244655,1.3560146809730564,-0.030190080470879316,-0.07555392341935062,-0.020297127605742933,-0.997041900893631,0.0004801881097611887,0.0006232373008281838,0.7704739577093582,test
normal_0116_00,normal,0,A,116,normal_0116,0,4303,4318,2022-07-12 00:14:43.837000,2022-07-12 00:14:45.337000,0.0033260000000000026,0.06323240426889523,0.0633198170056184,0.14141,0.24081400000000003,0.29483164874459183,-0.1327632942603807,2.2332660877313124,0.004819437499999997,0.11608630838139825,0.11618630715982628,0.205036,0.35899000000000003,0.6466856899384702,-0.989791414063288,1.7647174181889762,3.9488080625000004,133.40841518089587,133.46684354622596,199.079531,394.582783,-0.08088349516771816,-1.5288868581631923,1.4916029008436782,0.4047758080846231,-0.18904055967121958,-0.030000625387884096,-0.9910814217325586,0.0004744235745987932,0.0008705256232390436,0.544985192777626,train
normal_0117_00,normal,0,A,117,normal_0117,0,4330,4345,2022-07-12 00:14:51.621000,2022-07-12 00:14:53.121000,0.001271187499999998,0.06510217626279742,0.06511458570714014,0.141392,0.26118199999999997,0.13978791941426014,0.0006987819092083569,2.171433611448067,-0.0012060000000000013,0.049583715223599376,0.04959837952368,0.111624,0.209116,0.5959401045207685,0.9407004224988382,2.250557398688939,-3.7997964375000004,81.03078300470938,81.11982647492988,109.672556,218.153019,0.09401064035820349,-1.6351188289062717,1.3519821326774455,0.5980912445212272,0.3011190568119989,0.037478406841941564,-0.9960773445261201,0.0008026963140418432,0.0006114211738237434,1.3128369582327213,cal
normal_0119_00,normal,0,A,119,normal_0119,0,4349,4364,2022-07-12 00:15:01.577000,2022-07-12 00:15:03.077000,-0.014562374999999997,0.08089733102664373,0.08219757254855523,0.207027,0.312181,-0.8506636998703047,0.638404257663149,2.518651020718481,-0.010905687499999997,0.15128576745629393,0.15167833548232096,0.252414,0.43391,0.5374393122669735,-1.2794864969552577,1.6641400975119511,8.04662775,160.4087822370978,160.6104779799118,239.61069300000003,476.83720000000005,-0.08935556819448028,-1.4794366950922133,1.4918746025397491,0.5303092270959016,0.06518082405419764,0.11225841724680195,-0.9956441501999371,0.0005117821301723292,0.000944386302749762,0.5419203229464228,train
normal_0119_16,normal,0,A,119,normal_0119,16,4365,4380,2022-07-12 00:15:03.177000,2022-07-12 00:15:04.677000,0.008096562499999998,0.058519370369956074,0.059076823144211976,0.116405,0.21615499999999999,-0.14601958213706553,-0.4098623758628639,1.970400468485664,-0.003849562499999997,0.15826030732505575,0.15830711925261765,0.241561,0.462499,0.26854031698619757,-1.5595620960482428,1.525901053221305,9.387732375,157.10765632994497,157.38788135251303,236.03441400000003,467.30045600000005,-0.07907626764735569,-1.4713144604086146,1.499698782216508,0.3790657078382414,-0.05371794866851936,0.05126858279773387,-0.9973619077733183,0.00037535814470933334,0.0010058405888191972,0.37317856217155015,train
normal_0119_32,normal,0,A,119,normal_0119,32,4381,4396,2022-07-12 00:15:04.777000,2022-07-12 00:15:06.277000,0.007368562500000001,0.07890595880379438,0.07924926528405485,0.166121,0.306447,-0.36723961888467993,0.21956420193294246,2.0961834712860608,0.010128437499999999,0.16299277767242049,0.16330716707959422,0.255627,0.47499800000000003,0.2565184039967059,-1.6656362332171455,1.5653140310456186,10.281802124999999,153.31601817605545,153.66039465099072,236.03441400000003,464.91627000000005,-0.050175022842228606,-1.4925122807684792,1.5360784054740042,0.5730301339363791,-0.006456231303897542,-0.04368459449035134,-0.9989875204123719,0.0005157429503162081,0.0010627798233273722,0.48527732555319864,train
normal_0120_00,normal,0,A,120,normal_0120,0,4399,4414,2022-07-12 00:15:08.384000,2022-07-12 00:15:09.884000,0.0180306875,0.04774460788890033,0.05103580384580515,0.114058,0.198807,0.1015828384026001,0.7295664278242708,2.2348624182466934,0.00890325,0.05750422483772388,0.058189378195251405,0.128826,0.225987,-0.04629105321341586,0.03784053659402309,2.2139092046615643,-0.22351743749999953,82.35177707967124,82.35208041224418,109.672556,218.153019,0.044994469315265295,-1.758193290977535,1.3317520996554422,0.1522118735661467,0.40046992736634723,0.029185845915318545,-0.9597532399784516,0.0006197269527415255,0.0007065926920602696,0.8770639149048335,train
normal_0120_16,normal,0,A,120,normal_0120,16,4415,4430,2022-07-12 00:15:09.984000,2022-07-12 00:15:11.484000,-0.0014415625000000001,0.04378025238901774,0.04380397929055647,0.088808,0.165042,0.2680912333337647,-0.46396097418050086,2.0273957169719004,-0.0078754375,0.05442910528725503,0.05499590910410974,0.116984,0.221343,0.16656451056800667,0.38804920154392075,2.127140034698654,0.8940697499999997,82.25171746974154,82.25657656041888,108.480463,216.960926,-0.008324158218765233,-1.76481648505348,1.3188059549295639,0.06841535766574634,-0.01169071098905964,-0.005296532093742039,-0.9446931938847507,0.0005325285967667483,0.0006685898125569849,0.7964952303567445,train
normal_0120_32,normal,0,A,120,normal_0120,32,4431,4446,2022-07-12 00:15:11.584000,2022-07-12 00:15:13.084000,-0.009820249999999999,0.03236578301520759,0.03382279143196197,0.083477,0.10957,-1.0427750590308758,0.324219371131897,2.468069501830521,-0.004965500000000002,0.045282455882493834,0.04555389117298324,0.120163,0.19851200000000002,1.0542449625262909,2.3518179201846348,2.637820763624807,1.7136336874999993,82.1311943988065,82.14906958565922,109.672556,216.960926,-0.04401010369327865,-1.7453545886165027,1.3350431910326293,0.4966953225779038,-0.1557803736536973,0.14971120966966855,-0.9699186527263632,0.0004117245831578648,0.000554527171187044,0.7424786458642053,train
normal_0121_00,normal,0,A,121,normal_0121,0,4449,4464,2022-07-12 00:15:15.740000,2022-07-12 00:15:17.240000,0.014697187500000004,0.05227441422820866,0.054301212724141804,0.115498,0.186443,0.5907071711925685,-0.3190097637037619,2.1269874871256915,0.015416249999999998,0.09195858267890224,0.09324184517894848,0.180132,0.30045299999999997,0.42343793076988523,-1.143832846299267,1.9318794008665647,-2.1606685625,112.26359698096,112.28438758678959,166.89302,332.593947,0.06857751570787929,-1.5248535873157316,1.4863421673026536,0.4270761377306755,0.16660624076990146,0.10977385568990387,-0.9847768103006859,0.0004836043005726863,0.0008304079238698943,0.5823695640077441,test
normal_0121_16,normal,0,A,121,normal_0121,16,4465,4480,2022-07-12 00:15:17.340000,2022-07-12 00:15:18.840000,-0.017154375,0.05052858227018026,0.053361130121793714,0.124022,0.18587599999999999,-0.2666020266286839,-0.33600082309733104,2.3242011501054587,-0.0009282499999999985,0.10306959352756515,0.10307377337616005,0.168665,0.293686,0.45196690532114175,-1.4829050508159891,1.6363522404915716,-0.8195639375000008,113.38969572905187,113.39265753378662,166.89302,329.017668,0.03331360883520817,-1.567367034326775,1.4718150507255936,0.4964745680435188,0.270065732773166,0.0645913078570321,-0.9692038730010092,0.00047058717277081335,0.0009089986566850509,0.5176984248656178,test
normal_0122_00,normal,0,A,122,normal_0122,0,4491,4506,2022-07-12 00:15:23.669000,2022-07-12 00:15:25.169000,0.011531125,0.09338880755601485,0.09409801390305748,0.240379,0.333548,1.3147586712985742,1.3481858233516455,2.554559761990784,0.013053437499999997,0.19086998514203612,0.19131582124510116,0.323059,0.6097159999999999,0.14981469416712712,-1.3285654481010432,1.6886162257648216,-2.086162749999997,175.6586047838084,175.67099222584724,250.33953000000002,500.67906000000005,0.05129953497480881,-1.6014620294012494,1.4250476235607352,0.7079349132762374,0.38216128926859805,0.08400983391671274,-0.9780964459640026,0.0005356491285828374,0.0010890575548132644,0.491846483425463,cal
normal_0123_00,normal,0,A,123,normal_0123,0,4520,4535,2022-07-12 00:15:31.742000,2022-07-12 00:15:33.242000,0.004138062500000001,0.04293223870017255,0.043131203102423424,0.087154,0.165349,-0.02920893134934452,-0.18017726366538334,2.0206716653146883,-0.0022039375,0.04400920511874298,0.04406435606800013,0.081888,0.156164,0.4306592884014647,-0.22370981490061848,1.8583727826098357,5.215406874999999,80.17531675756751,80.34476887793059,112.056742,221.729298,-0.0866994338723688,-1.6129720321545946,1.394698666322011,-0.043219996851453474,0.23471171314685235,0.33776119810658306,-0.9979032928855992,0.0005368265252956732,0.0005484408839976625,0.978822952407686,train
normal_0125_00,normal,0,A,125,normal_0125,0,4545,4560,2022-07-12 00:15:41.948000,2022-07-12 00:15:43.448000,-0.0399928125,0.07825260330431406,0.08788000327470692,0.219898,0.323398,-0.1977698532890578,0.8408233525642057,2.502252979128981,-0.022213,0.16789274093748066,0.16935580836953895,0.268068,0.48142399999999996,0.04779158565912302,-1.486843683233863,1.582868651396168,-10.281802125,180.91453463470873,181.20646869532797,263.452553,526.905106,0.07370927188963373,-1.5067383023895857,1.4538805093263902,0.5285707759425666,0.10740044636920797,-0.11276393682320049,-0.9979846627873853,0.00048497166744341906,0.0009346013395045286,0.5189075244644127,test
normal_0125_16,normal,0,A,125,normal_0125,16,4561,4576,2022-07-12 00:15:43.548000,2022-07-12 00:15:45.048000,-0.0009800625,0.08454861572970071,0.08455429583594497,0.182614,0.31389500000000004,-0.704088763044816,-0.06835462653985935,2.1597246857133516,-0.008117875,0.16606379298400473,0.16626209199558992,0.291478,0.537078,0.3980031394146353,-0.8866500099410808,1.7531236164629243,-11.026860250000002,174.76592614218694,175.11345061790476,261.068367,513.792083,0.05835756878360673,-1.5254066503771166,1.4908527362049862,0.39207017102347647,-0.014772810393119328,-0.07132934797178495,-0.9986410911578394,0.0004828543754782225,0.0009494535765751747,0.5085602786604403,test
normal_0125_32,normal,0,A,125,normal_0125,32,4577,4592,2022-07-12 00:15:45.148000,2022-07-12 00:15:46.648000,0.04952425,0.09813730216099024,0.10992534472768326,0.232598,0.428631,-0.5775600580793303,1.4478994325585655,2.1159633438149523,0.010097124999999993,0.17614452779070194,0.17643368897088504,0.285597,0.5300389999999999,0.3151966377243165,-1.6096983100342863,1.618721467911545,-10.2072963125,169.63203205515245,169.93885723156853,252.72371600000002,503.06324600000005,0.059499700241210894,-1.519166091364027,1.4871449656485807,0.6171005532624821,0.08851333949941514,0.0027054438203389726,-0.999054130074481,0.0006468523239384422,0.0010382186384275038,0.6230405619746637,test
normal_0126_00,normal,0,A,126,normal_0126,0,4595,4610,2022-07-12 00:15:48.726000,2022-07-12 00:15:50.226000,-0.007295999999999999,0.04057987622732479,0.04123054657198956,0.100107,0.18685200000000002,0.7506794194956292,2.2032077226238567,2.4279813954251295,-0.0011634999999999996,0.05045865934852015,0.05047207183680892,0.101646,0.19436799999999999,0.08034511536539371,-0.3149398895955793,2.013905835461866,1.3411046249999994,82.28019305220091,82.29112181956597,110.864649,219.345112,-0.02075413171406104,-1.7329305550901737,1.3472249077255893,0.040904097187217665,0.04124155015578429,0.009998525475553414,-0.9781402198456706,0.0005010327439987137,0.0006133355667149067,0.8168982384020229,val
normal_0126_16,normal,0,A,126,normal_0126,16,4611,4626,2022-07-12 00:15:50.326000,2022-07-12 00:15:51.826000,0.016751750000000003,0.049434970434020696,0.05219614382188592,0.117943,0.215564,-0.9488333954045517,2.255352543790334,2.259611369040376,0.0027363749999999992,0.04714247659074961,0.047221825962683824,0.087886,0.16248800000000002,0.3701824945231836,-0.29829063668336353,1.8611309115714902,0.07450581249999999,82.99449231561783,82.99452575828869,109.672556,219.345112,0.00822978898979643,-1.7427218207732993,1.3214432518044357,0.20715263070905532,-0.04841851925123683,0.30505569909220887,-0.9539789795892607,0.0006289106823009116,0.0005689751887999404,1.1053393797845292,val
normal_0126_32,normal,0,A,126,normal_0126,32,4627,4642,2022-07-12 00:15:51.926000,2022-07-12 00:15:53.426000,-0.0068276875,0.02240784353948063,0.023424960377501174,0.044885,0.08704500000000001,0.25049230142023887,0.08107963648523597,1.9161185025145409,-0.0006504375000000008,0.0466877935505748,0.04669232416107063,0.084979,0.143278,0.49615885647113406,-1.0230453495502898,1.81997794127478,0.5960465000000004,83.90294028617224,83.90505741667272,112.056742,221.729298,0.027880840622738934,-1.7218395781764784,1.3355183280970293,0.3269391882477112,-0.10384645820810598,-0.12894712929137223,-0.9707788009637455,0.0002791841290468674,0.0005564899852126485,0.5016876070827838,val
normal_0127_00,normal,0,A,127,normal_0127,0,4645,4660,2022-07-12 00:15:55.785000,2022-07-12 00:15:57.285000,0.01687325,0.10113445931500054,0.10253236282511001,0.18949,0.35232600000000003,-0.12088200601348091,-1.04227696621038,1.8480994173831151,0.0166905625,0.16401110960121298,0.16485817829027316,0.264705,0.515938,-0.23798880863377792,-1.2577856302615222,1.6056528268432162,5.8859591875,110.39858384133609,110.55537901761916,165.700927,327.825575,-0.0925956901350367,-1.4504066194116643,1.4988047481035935,0.3443172952683774,0.07783895258687906,0.055223193524235645,-0.9944463605096611,0.0009274298884070532,0.0014911818832804126,0.6219428352809813,train
normal_0127_16,normal,0,A,127,normal_0127,16,4661,4676,2022-07-12 00:15:57.385000,2022-07-12 00:15:58.885000,-0.018748749999999998,0.0715732977989173,0.07398819219561321,0.176653,0.252088,-0.5720366431450443,-0.5461432790641991,2.3875836773110644,-0.009001812499999998,0.11434134691091558,0.11469514480433554,0.179181,0.339928,-0.021201865710354185,-1.580789767671233,1.5622370092968998,7.152558000000001,107.16412170122392,107.40255148709502,164.508834,321.86511,-0.07538004347318163,-1.451620012741174,1.5317032204748562,0.39307507582628876,-0.17530965297838802,0.03589553156759729,-0.9967261748378358,0.0006888867272813652,0.0010678996282329173,0.6450856513746379,train
normal_0127_32,normal,0,A,127,normal_0127,32,4677,4692,2022-07-12 00:15:58.985000,2022-07-12 00:16:00.485000,-0.007961062499999998,0.07137651376631947,0.0718191146809991,0.140095,0.25471,-0.2183826834858703,-0.3891245588950589,1.9506645357891663,-0.0229804375,0.0994467745869422,0.10206743595994512,0.191776,0.338816,0.8587522620821529,-0.1588030593827363,1.8789146430136612,5.811453375000001,105.71542543143605,105.87504032811187,159.740462,317.096738,-0.06249572901841065,-1.4692056803297642,1.5087641195220007,0.05141168478218857,0.1390198386370655,0.03262306199871573,-0.9986566751403619,0.0006783384871299995,0.000964036808332098,0.7036437626314377,train
normal_0128_00,normal,0,A,128,normal_0128,0,4693,4708,2022-07-12 00:16:03.804000,2022-07-12 00:16:05.304000,0.0017518125,0.08687046622861731,0.08688812778402179,0.142805,0.27445299999999995,0.2501671753770429,-1.2417442511087193,1.6435502023357094,-0.015115625000000004,0.14242487334068224,0.14322474180549252,0.255299,0.469219,0.3660795798400013,-1.0529135149577324,1.782506267993213,4.991889437500002,167.07823380494932,167.15278990055037,243.18697200000003,483.98975800000005,-0.061945331100227936,-1.5778016787473814,1.454878331044831,0.45063290669419415,-0.022423842309916717,0.03683550421963595,-0.9834157075883593,0.000519812608785752,0.0008568492448777305,0.606655852115418,train
normal_0128_16,normal,0,A,128,normal_0128,16,4709,4724,2022-07-12 00:16:05.404000,2022-07-12 00:16:06.904000,0.010270312499999996,0.06922869531733097,0.06998636705950309,0.167695,0.28065300000000004,-1.0592519815097703,1.2425977590665642,2.3961095145490847,-0.0027994374999999972,0.15200741506295373,0.15203319073293667,0.237157,0.46409900000000004,0.26538120020459977,-1.3112777881236073,1.559902800544342,6.332994062499997,164.3363645420082,164.45834586508363,246.76325100000003,483.98975800000005,-0.08362029215859322,-1.5203608155808008,1.5004604947348597,0.4049321729676974,0.22187374196011425,0.1019150481902679,-0.9934600880374983,0.00042555679793178554,0.0009244480110341122,0.46033610636010386,train
normal_0129_00,normal,0,A,129,normal_0129,0,4729,4744,2022-07-12 00:16:11.955000,2022-07-12 00:16:13.455000,0.0047976875,0.06810422052699702,0.06827300095160238,0.136479,0.229518,0.44768650262753407,-1.1278467394590705,1.9990186178683977,-0.0021596874999999962,0.07244520607476276,0.07247739049739925,0.137366,0.27373899999999995,0.3727797550991272,-0.0684727715967477,1.8952945057387127,2.160668562500002,86.48655125768795,86.51353672741429,114.44092800000001,226.49767000000003,-0.03639787185623355,-1.736574570286068,1.3228094969759354,0.6051047679711268,-0.18681572632904941,0.0009231858328576385,-0.948113497467282,0.0007891597492623155,0.0008377578034494191,0.9419903294400791,test
normal_0131_00,normal,0,A,131,normal_0131,0,4756,4771,2022-07-12 00:16:29.364000,2022-07-12 00:16:30.864000,0.0227844375,0.023575236960550233,0.03278600905779019,0.065454,0.097934,-0.1599940509988285,0.6969052597739207,1.9964003512787314,0.015776375,0.0410554624073871,0.04398232601426396,0.093288,0.14016699999999999,0.3829365981288407,-0.73413031360302,2.121033798206708,3.5017731875,80.20920121678404,80.28560503160726,108.480463,216.960926,-0.08609557774377793,-1.6503126666980987,1.351181982838553,-0.6325715124317112,0.3801301454364977,-0.3614038549803762,-0.9961299941732042,0.00040836721657491173,0.0005478233115008446,0.7454359973403253,test
normal_0131_16,normal,0,A,131,normal_0131,16,4772,4787,2022-07-12 00:16:30.964000,2022-07-12 00:16:32.464000,0.003527875,0.03532447445977611,0.03550020278639264,0.075887,0.129688,0.31980933642304066,-0.554257787235116,2.1376497609497536,-0.0018311250000000012,0.04241318696301158,0.04245269658249049,0.070903,0.1349,0.012773177550082868,-1.3503327323052854,1.670164811844809,2.0116569374999997,81.7635014968982,81.78824451391205,110.864649,221.729298,-0.06452401588116279,-1.6319738203100935,1.3555083576973228,-0.11080666869733877,-0.2574212059312783,0.15102203701118116,-0.9975139214092267,0.00043405018651982574,0.0005190562144327398,0.8362296307234959,test
normal_0131_32,normal,0,A,131,normal_0131,32,4788,4803,2022-07-12 00:16:32.564000,2022-07-12 00:16:34.064000,-0.02151525,0.02377604418185456,0.03206565545096498,0.076882,0.10114600000000001,-0.48880157687162185,0.7697549165629498,2.3976431767492947,-0.008711250000000002,0.04140902862073077,0.04231540532566125,0.098828,0.173512,0.7128555239529001,1.53714817418469,2.33550876422937,4.768372,82.71742545252948,82.85475149335225,113.248835,225.305577,-0.08614916315713592,-1.6010508420419178,1.366835733121309,0.1639797392719546,-0.17239178995553803,0.0949355606796393,-0.996099173574317,0.00038701045954543385,0.0005107179076996734,0.7577773438346216,test
normal_0132_00,normal,0,A,132,normal_0132,0,4806,4821,2022-07-12 00:16:36.267000,2022-07-12 00:16:37.767000,-0.001969125000000002,0.05866645355724492,0.05869949085171011,0.125046,0.23320799999999997,0.06792423606011581,0.4987429522859719,2.1302740140608387,0.008306625000000002,0.0888169051271174,0.08920449907515875,0.144455,0.256436,0.3043176110507218,-1.4960849063405408,1.619368994811464,-1.8626453124999998,113.29350516909942,113.3088159017688,165.700927,329.017668,0.02818119484588198,-1.5351934989396234,1.462383360740895,0.5418620623596255,-0.07181679871051169,0.016905027834472633,-0.9850201975731097,0.0005180487536168294,0.0007872688313369466,0.6580328510365064,cal
normal_0132_16,normal,0,A,132,normal_0132,16,4822,4837,2022-07-12 00:16:37.867000,2022-07-12 00:16:39.367000,-0.005768187499999999,0.04542848910130452,0.04579322667232022,0.097162,0.151884,-0.8382044217495269,-0.1687777348579398,2.1217548327672158,-0.00637825,0.09871343119448081,0.09891927805665587,0.156296,0.279472,0.4474560480936062,-1.341033167592748,1.5800357935334068,-1.4901162499999994,120.3929093660296,120.40213067905206,176.429764,348.091156,0.0048891121307562645,-1.5703036273646855,1.465337556777106,0.1353859827407885,0.044672120950859706,0.03988639189560202,-0.9731401328481362,0.0003803356835468981,0.0008215741490517174,0.46293531020406575,cal
normal_0132_32,normal,0,A,132,normal_0132,32,4838,4853,2022-07-12 00:16:39.467000,2022-07-12 00:16:40.967000,-0.0023046874999999994,0.05136546440912263,0.051417142262454654,0.107618,0.182538,-0.30798451949454925,-0.35732724990898435,2.0930373658394434,0.012973374999999999,0.09670652678844574,0.09757284859209041,0.199291,0.32515700000000003,0.2646041261283318,-0.8462098661035071,2.0424841836190404,0.4470348749999986,126.41588073817714,126.41667114343936,181.198136,361.204179,-0.023421796490784127,-1.5861494386571324,1.433340510876153,0.29416614302432087,-0.000852051149851945,-0.17085210444524734,-0.9613463798383416,0.0004067275446931672,0.000771835294423936,0.526961577983721,cal
normal_0133_00,normal,0,A,133,normal_0133,0,4855,4870,2022-07-12 00:16:44.325000,2022-07-12 00:16:45.825000,-0.013820125,0.09361623881162057,0.09463084076689797,0.174894,0.342846,0.45576295197522443,0.046941741613881316,1.8481712577278318,-0.004904687500000001,0.1848560023142063,0.18492105761935956,0.291525,0.540143,0.29671539945623626,-1.522683501761049,1.57648352087664,5.364418499999999,182.27526877202322,182.3541899484529,263.452553,525.713013,-0.07276846432872207,-1.5532472769271004,1.4447299131128912,0.6636012023477172,0.20146047091123134,0.04443847909086391,-0.9877026848451774,0.000518939766580893,0.0010140762747027213,0.5117364240998749,val
normal_0133_16,normal,0,A,133,normal_0133,16,4871,4886,2022-07-12 00:16:45.925000,2022-07-12 00:16:47.425000,0.05116025,0.06867119829530063,0.08563354865574005,0.159221,0.219174,-0.12791173929768881,-1.1298961481518017,1.8593296961228682,0.017628062500000003,0.1796810978210663,0.18054374955031677,0.296861,0.551201,0.1844772165282774,-1.34551066997178,1.6442607442207027,2.6077034375000006,182.93735176817057,182.95593674207277,264.644646,523.328827,-0.036393763126795424,-1.6066905791507766,1.4464938974518777,0.3395712616011383,-0.13646363632645406,-0.0008958639820436561,-0.9671937336609663,0.00046805558857849106,0.0009868154746180407,0.47430912933307806,val
normal_0134_00,normal,0,A,134,normal_0134,0,4890,4905,2022-07-12 00:16:52.351000,2022-07-12 00:16:53.851000,-0.0001510625000000019,0.04857485018951262,0.048575085082915706,0.093706,0.16020600000000002,0.5163147057599724,-0.6834356560732173,1.9290959519689497,0.0007803124999999998,0.03648244600612525,0.03649078999127725,0.07505,0.13524,0.4662197861028081,-0.30183067573235123,2.056683344425811,1.6391278749999998,83.20761639740404,83.223759628655,109.672556,219.345112,-0.020223373824826914,-1.7558619140064926,1.3178034312479958,-0.24230830964817165,-0.008396676891365593,-0.058985922897254836,-0.9446176137098002,0.0005836684776037285,0.0004384660120391029,1.331160139161884,test
normal_0136_00,normal,0,A,136,normal_0136,0,4921,4936,2022-07-12 00:17:09.540000,2022-07-12 00:17:11.040000,0.006037437499999999,0.0793129478639591,0.07954240598848832,0.131892,0.255846,0.12218958583468102,-1.2448299305336263,1.6581344046732498,-0.0049481874999999995,0.10408073385311206,0.10419829038394776,0.196533,0.327383,0.8277863664776757,-0.5786558702760116,1.8861441898501325,-3.6507848124999995,120.24894224091994,120.30434879840081,181.198136,354.051621,0.09313132958526157,-1.4821326665190615,1.5061644721060046,0.1901147443786328,-0.016574103935922808,-0.07739743469397148,-0.992626252682528,0.0006611764810080221,0.0008661223922882234,0.7633753461346828,val
normal_0136_16,normal,0,A,136,normal_0136,16,4937,4952,2022-07-12 00:17:11.140000,2022-07-12 00:17:12.640000,-0.009065812499999997,0.07507826484427663,0.07562363921626954,0.167153,0.267029,-0.349364281304959,-0.5099614747264609,2.210327375570667,-0.0070016249999999974,0.10758504166813515,0.10781263350542458,0.186259,0.339781,0.6291312505923968,-0.9291143367067827,1.7276175708167671,-2.6077034374999997,120.50920756753389,120.53741836364722,178.81395,356.435807,0.0849479442989158,-1.5325061773484598,1.483472538465519,0.35115786236633145,0.02788660802849204,-0.08842307288805622,-0.9859141470551314,0.0006273872482329255,0.0008944329069680798,0.7014357850044034,val
normal_0136_32,normal,0,A,136,normal_0136,32,4953,4968,2022-07-12 00:17:12.740000,2022-07-12 00:17:14.240000,-0.002885437499999999,0.08505926119107252,0.08510818799585325,0.147762,0.269516,-0.12313820181087208,-1.248362548141323,1.7361666777255258,-0.0029251249999999976,0.11152952593196734,0.11156787849051805,0.19181,0.37179700000000004,0.40739564143981744,-1.061896092435286,1.7192224374536402,-0.14901162499999998,119.69622548519963,119.6963182385663,171.661392,343.322784,0.04910849713288873,-1.5936403814171205,1.434140953758179,0.31121699119624635,0.000705229573103229,0.00557576915896075,-0.9620453903302583,0.000711034301207364,0.0009320911464306906,0.7628377374145949,val
normal_0137_00,normal,0,A,137,normal_0137,0,4971,4986,2022-07-12 00:17:16.447000,2022-07-12 00:17:17.947000,0.029356875000000004,0.08461269945232439,0.08956078951402226,0.16757,0.245616,0.14315539387405057,-1.3077400380157058,1.8710196829357346,0.0334714375,0.048235134081612056,0.05871086175647144,0.145085,0.19264199999999998,0.295000894609679,0.2798426448091167,2.4711781714566285,0.29802324999999996,83.64371737511222,83.64424830306739,109.672556,218.153019,0.005965788692282537,-1.7764340626486717,1.311178691003648,0.09096111474938237,-0.05001019452650986,-0.27842064799235333,-0.9396503151381355,0.001070734585234331,0.0007019115234767243,1.5254552025741706,train
normal_0137_16,normal,0,A,137,normal_0137,16,4987,5002,2022-07-12 00:17:18.047000,2022-07-12 00:17:19.547000,-0.022622062499999998,0.055738724777380705,0.06015449402631943,0.101934,0.192926,0.19779083223694685,-0.8407699024619109,1.694536736613573,-0.0126250625,0.038642706283768403,0.04065280989135314,0.063433,0.12481800000000001,0.6578134332657664,-0.3978420887788028,1.5603595463518554,-0.5960464999999995,83.11269489289653,83.11483215281055,109.672556,219.345112,0.04785046602164369,-1.7480132110242401,1.319530499662946,0.08156377904382615,0.014745678548731595,-0.048521242942110715,-0.9712434744894605,0.0007237516153040236,0.0004891161882708374,1.4797130674874777,train
normal_0137_32,normal,0,A,137,normal_0137,32,5003,5018,2022-07-12 00:17:19.647000,2022-07-12 00:17:21.147000,-0.025185,0.07621628070579803,0.08026958122243444,0.15786,0.313793,0.36946775941492827,0.6584771460365744,1.9666229422893753,-0.016144437499999997,0.055615000813594294,0.05791088997492182,0.102075,0.186943,0.161756060545907,-0.773266828257448,1.7626218496072734,-2.0116569375000006,82.52900255855944,82.55351613919846,110.864649,220.537205,0.07936908668119638,-1.68683115698791,1.3429427865078991,0.026640973909369398,0.2839714254796066,-0.03497393688382424,-0.990330191507595,0.0009723338868702704,0.0007014951353165233,1.3860878542394186,train
normal_0138_00,normal,0,A,138,normal_0138,0,5019,5034,2022-07-12 00:17:24.527000,2022-07-12 00:17:26.027000,0.0022865000000000008,0.03922281291385155,0.039289402325881725,0.098846,0.144402,1.0515974606765903,0.843242338189798,2.515843819158471,0.0036030000000000003,0.05302074251295431,0.05314302160796844,0.109012,0.186614,0.2865349145633325,-0.5844124564615591,2.051294726976051,5.811453375000001,86.57447174351458,86.76930418067442,121.59348600000001,240.80278600000003,-0.06710619397908993,-1.5833110789562939,1.4013421814102982,0.13714165521131444,-0.16381915364839636,-0.1115715849519177,-0.9975244614631231,0.0004528030125039588,0.0006124633833332577,0.7393144224225019,cal
normal_0138_16,normal,0,A,138,normal_0138,16,5035,5050,2022-07-12 00:17:26.127000,2022-07-12 00:17:27.627000,-0.0009164374999999997,0.08388112905100344,0.08388613513902342,0.131852,0.249579,-0.033682361351496284,-1.5536483407529313,1.5717972914294283,0.0019774999999999984,0.0651940556991203,0.06522404008300926,0.162122,0.24841999999999997,0.8879287273069395,0.5114722628327137,2.4856172631083684,5.885959187500001,85.37569656327992,85.57835052875326,119.20930000000001,236.03441400000003,-0.06845739862958614,-1.5934080921568388,1.3929843151153887,0.338821505349954,-0.056284639805886195,0.07504537955702448,-0.9977792193428321,0.0009802261275278813,0.0007621558452577886,1.2861229545465644,cal
normal_0138_32,normal,0,A,138,normal_0138,32,5051,5066,2022-07-12 00:17:27.727000,2022-07-12 00:17:29.227000,-0.000835,0.044404810858453166,0.04441266094679534,0.08292,0.138442,-0.36486866989499267,-1.2964488053577106,1.8670351704288775,-0.0016378124999999995,0.04740035720622096,0.0474286442254309,0.116039,0.170571,0.9510486604632298,0.6359195969392286,2.4466016664625787,5.7369475625,84.27285889748877,84.46790700669058,116.82511400000001,232.45813500000003,-0.08120007083193112,-1.5972724073948714,1.3830710164364137,0.33151637592221433,0.16405212219490534,0.0312749989121823,-0.9991076385469048,0.0005257933163097966,0.0005614989870848126,0.9364100887155781,cal
normal_0139_00,normal,0,A,139,normal_0139,0,5067,5082,2022-07-12 00:17:32.480000,2022-07-12 00:17:33.980000,0.0008332500000000007,0.06238411489163327,0.062389679405932194,0.109698,0.21404299999999998,-0.03830133130902543,-1.042538844111833,1.758271577038583,0.000731,0.047327662223059355,0.04733330722123693,0.106441,0.17385299999999998,0.7295594061062406,0.08285989969309338,2.2487547616838266,3.3527615624999996,86.24590883699761,86.31105260170727,119.20930000000001,237.22650700000003,-0.08906405489611792,-1.615512709094912,1.3811591494556978,0.4683285458745656,-0.05433818290862933,-0.12111286843950429,-0.992652610521448,0.000722846930089439,0.0005484037767406472,1.3180925455794046,cal
normal_0139_16,normal,0,A,139,normal_0139,16,5083,5098,2022-07-12 00:17:34.080000,2022-07-12 00:17:35.580000,-0.010898124999999998,0.06483116998392344,0.0657407767675436,0.106304,0.20939999999999998,0.35820152511464975,-1.0343662139215373,1.6170177054020234,-0.018552625,0.04030274594068468,0.044367907599412434,0.0903,0.130551,-0.42510439928913923,-0.9394841109820664,2.0352548696976607,3.5017731875000013,86.72268545107512,86.7933556633387,121.59348600000001,241.99487900000003,-0.08564365697755585,-1.5798841918401023,1.4009538526387544,0.29706497282667166,0.054607760239895435,0.07632013162228114,-0.9949451125517716,0.0007574402010972407,0.0005111901396174884,1.4817191146605753,cal
normal_0140_00,normal,0,A,140,normal_0140,0,5102,5117,2022-07-12 00:17:40.504000,2022-07-12 00:17:42.004000,0.063817625,0.06669326003322507,0.0923075305405794,0.155109,0.265928,-0.9544768586140715,1.378015104009629,1.6803504447756012,0.037658062500000006,0.18122134055915876,0.18509269014553897,0.3148,0.6139840000000001,-0.07795115298361244,-1.0098380087271057,1.700769488802998,-10.728836999999999,183.11534103284052,183.4293762322329,272.989297,544.786501,0.06544382771410905,-1.4876498100011706,1.4882528775237112,0.32513559172328677,-0.24572940149696926,0.16006722055784178,-0.9986865112868566,0.0005032319928063888,0.0010090678709565048,0.4987097570843975,train
normal_0144_00,normal,0,A,144,normal_0144,0,5141,5156,2022-07-12 00:18:06.304000,2022-07-12 00:18:07.804000,-0.026358812500000002,0.062140675995295894,0.06750000451527763,0.110783,0.19926100000000002,0.33807821477154076,-1.194375359136296,1.6412295198428604,0.004883312500000004,0.1412189079805351,0.14130331458316006,0.238118,0.41892399999999996,0.2800160645817831,-1.3750914250300033,1.6851550913893276,-2.6822092500000014,142.33753907527378,142.3628086139982,203.847903,406.503713,0.04083245028044678,-1.5781371425072899,1.431890147325712,0.04633956219345639,-0.07823666104074989,0.16527974091177208,-0.9824932357161287,0.0004741407195631887,0.000992557789206654,0.4776958326448345,train
normal_0144_16,normal,0,A,144,normal_0144,16,5157,5172,2022-07-12 00:18:07.904000,2022-07-12 00:18:09.404000,-0.0168370625,0.06173205934669273,0.06398698168231175,0.14591,0.260319,-0.17489634546743507,0.7693905374053434,2.280307590134927,0.0044420000000000015,0.13762856946597243,0.1377002341946084,0.243364,0.45869499999999996,0.18512413834995725,-1.1571703844080696,1.7673463042630675,-0.7450581249999995,147.17212182516914,147.17400773958715,212.192554,423.193015,0.006539306715716865,-1.6069026444305141,1.441780089154452,0.665522092043046,-0.15743559890064074,-0.007231865587453513,-0.9650888586459206,0.0004347709399579013,0.000935628758838029,0.46468317252010266,train
normal_0144_32,normal,0,A,144,normal_0144,32,5173,5188,2022-07-12 00:18:09.504000,2022-07-12 00:18:11.004000,0.039608625,0.06989436886909685,0.08033720168141283,0.154963,0.292699,-0.6733077277312244,1.3071700795250827,1.9289071159650923,0.013043312500000003,0.14852205256110906,0.14909368899432832,0.237857,0.409399,0.3833610592156037,-1.6001198511052177,1.5953525706178506,1.3411046249999998,150.187677697779,150.19366529207264,216.960926,429.15348,-0.03250796007954913,-1.6005282748992724,1.4445411234760739,0.20488127490991218,-0.20400622620890535,-0.06250493490124728,-0.9670712533059261,0.0005348907460590024,0.0009926762803504044,0.5388370374581646,train
normal_0145_00,normal,0,A,145,normal_0145,0,5191,5206,2022-07-12 00:18:13.063000,2022-07-12 00:18:14.563000,0.003320499999999999,0.07319572547372559,0.0732710034589059,0.13672,0.251952,0.09321473197973465,-0.9696023515535219,1.8659496055172702,-0.012497375,0.16427056375568136,0.16474526548128782,0.264697,0.49372000000000005,0.4159256476027939,-1.281414521708751,1.6067047464260207,4.619360375,153.49492130139237,153.56441435304845,225.305577,448.226968,-0.08832236249259723,-1.5452291068444362,1.4671730944254886,0.3155676860464011,0.02098035622115406,0.06843962502282053,-0.9896392636876178,0.00047713530356358486,0.001072808867701174,0.44475331806866525,train
normal_0145_16,normal,0,A,145,normal_0145,16,5207,5222,2022-07-12 00:18:14.663000,2022-07-12 00:18:16.163000,0.018955375,0.08678015000122076,0.08882623866642672,0.173266,0.289531,0.32140546783879287,-0.8684466114567231,1.9506173243547307,0.008723124999999997,0.15665277789624216,0.15689546115925407,0.283259,0.49505899999999997,0.6072057246688927,-0.7742704795735422,1.8053995820343252,2.8312208749999987,152.47137140995554,152.4976554287824,222.921391,438.690224,-0.04781960111851015,-1.6063302418441976,1.46180208720721,0.5322401905338888,-0.05973396168629821,0.026110766660045682,-0.9743040917286097,0.0005824760939220424,0.0010288385137339079,0.5661491926542424,train
normal_0145_32,normal,0,A,145,normal_0145,32,5223,5238,2022-07-12 00:18:16.263000,2022-07-12 00:18:17.763000,-0.005072437499999999,0.09525677349995167,0.09539173192584617,0.20501,0.362646,0.19554831684912602,0.06566059690486359,2.149138042271492,0.005772187499999998,0.15432935170205744,0.15443725892838328,0.278151,0.464542,0.3734912616557076,-1.4080384261258212,1.8010614920910122,0.07450581250000177,151.32508362318637,151.3251019648771,221.729298,436.306038,0.001118230680742092,-1.630599399245127,1.4652512710777086,0.41865591542886066,0.020146061336786557,-0.02735215170138545,-0.9497594301497784,0.0006303761285288069,0.0010205660324896298,0.617673044625079,train
normal_0146_00,normal,0,A,146,normal_0146,0,5241,5256,2022-07-12 00:18:20.724000,2022-07-12 00:18:22.224000,0.0019368749999999985,0.04696043208898716,0.04700035815555026,0.080074,0.157561,-0.4142519400786122,-0.6289343211636718,1.703689144984613,0.009543812499999998,0.06041696930418095,0.0611661224611917,0.158651,0.259785,0.6882426728563423,1.1105752572339576,2.5937723958333287,2.3096801875,83.4225249946001,83.45449238383281,110.864649,219.345112,-0.05836836461528743,-1.744753195266712,1.3284443513250248,0.21491039701487344,0.21164127056004295,-0.01815681538353158,-0.9749454150531351,0.0005631854776538714,0.0007329278594119287,0.7684050625470129,val
normal_0146_16,normal,0,A,146,normal_0146,16,5257,5272,2022-07-12 00:18:22.324000,2022-07-12 00:18:23.824000,-0.019937937500000003,0.031084681750962063,0.036929375723297846,0.086648,0.134309,0.34955844231915745,1.2150198184422667,2.346316402671705,-0.013079687499999998,0.05211574709806858,0.05373201392733665,0.096583,0.185864,0.7153393419629039,0.1424779593011425,1.797494509150764,3.1292441250000005,82.74091040568851,82.80006294415494,110.864649,220.537205,-0.0859373370016474,-1.6860058564596538,1.3389440183731913,-0.43283866374916163,0.07874154719863663,0.04748555667788721,-0.9920208717899451,0.00044600661412787945,0.0006489368729535455,0.6872881365146393,val
normal_0147_00,normal,0,A,147,normal_0147,0,5281,5296,2022-07-12 00:18:28.872000,2022-07-12 00:18:30.372000,-0.0457080625,0.08975085409166642,0.1007196246403227,0.207149,0.34477599999999997,0.1171711927389464,-0.23823265109924874,2.0566895551859385,-0.0402340625,0.11037918646956768,0.1174833800626178,0.189975,0.362896,0.4335032096803546,-1.133575056700483,1.617037234532618,7.301569624999999,126.7820994702382,126.99217954295491,188.350694,375.509295,-0.06035599729546287,-1.4740096235252962,1.4831676618030691,0.04467499513952032,0.10129764641791598,0.06936070206351358,-0.9985498831412912,0.0007931167494156948,0.0009251229523380156,0.8573095580552744,cal
normal_0148_00,normal,0,A,148,normal_0148,0,5307,5322,2022-07-12 00:18:36.700000,2022-07-12 00:18:38.200000,0.0041148750000000005,0.0406260121487376,0.0408338714717941,0.077076,0.144766,-0.11284791361577416,-0.6328490878347361,1.8875506343609882,0.0058615625000000005,0.05665397248093989,0.05695639132540351,0.149352,0.229018,0.7519563238794961,1.0155942615285927,2.622216691129912,-0.22351743750000042,83.63810924278104,83.63840791019544,110.864649,220.537205,0.029784551233777424,-1.764686023048714,1.3255231868956427,-0.015088928286623872,-0.18752159748903607,-0.12175922501219918,-0.9585411060389247,0.00048821913869568636,0.0006809836861858843,0.7169322093898443,cal
normal_0152_00,normal,0,A,152,normal_0152,0,5354,5369,2022-07-12 00:19:09.428000,2022-07-12 00:19:10.928000,0.026329125,0.06243502669062755,0.06775954088632094,0.128996,0.212147,-0.02547008287816833,-1.010444196032778,1.9037319071629257,0.020228,0.04793840628087254,0.05203136343350998,0.144591,0.197309,0.9767349920187024,1.4669056327736865,2.7789200677927735,-0.5215406874999995,82.25870232233254,82.26035565473101,108.480463,216.960926,0.04545094148666968,-1.7528038046812076,1.3187453681251011,0.23083669184360672,-0.3081167252035789,0.016043189408729612,-0.9694853525026343,0.0008237204950915369,0.0006325205260709022,1.3022826313769336,train
normal_0152_16,normal,0,A,152,normal_0152,16,5370,5385,2022-07-12 00:19:11.028000,2022-07-12 00:19:12.528000,-0.02253025,0.053440881598851825,0.05799603427067234,0.126089,0.19026900000000002,-0.29965850302607766,-0.816647139307249,2.1740969289646963,-0.008355375000000002,0.05136638315069862,0.05204149891552894,0.088003,0.175964,0.17367587109262367,-0.7215318396425934,1.6910158591481366,-1.9371511250000006,81.66040986721195,81.68338321936804,109.672556,216.960926,0.0883005240908757,-1.6956626486546507,1.342654425875879,-0.09892280296337722,0.11891130483709796,0.16576435746089946,-0.9889207055528368,0.0007100101879340477,0.0006371124317386174,1.1144189825279338,train
normal_0152_32,normal,0,A,152,normal_0152,32,5386,5401,2022-07-12 00:19:12.628000,2022-07-12 00:19:14.128000,-0.0019702500000000015,0.05958448014741338,0.05961704588035204,0.116632,0.215031,-0.32061888386819604,-0.5743794796864319,1.956353225452896,-0.013144937499999999,0.04273798682593266,0.04471381106338958,0.096927,0.192744,0.5209472247978515,1.7771061501200442,2.1677194963898105,-2.7567150625000005,80.7678403858514,80.81487188958592,108.480463,215.768833,0.09449322873803179,-1.6515332155531988,1.3423329204581609,0.12366241087544573,0.23098932815456247,-0.21749117031557214,-0.9937877030181745,0.0007376989468201397,0.0005532869138799136,1.3333027192836358,train
normal_0153_00,normal,0,A,153,normal_0153,0,5404,5419,2022-07-12 00:19:17.374000,2022-07-12 00:19:18.874000,0.0012995000000000038,0.07840695117223345,0.07841771925002028,0.153191,0.277928,-0.27927861968964307,-0.7897538189014073,1.9535253188323298,0.0019999375,0.07677392498227242,0.07679996944782921,0.126713,0.20903699999999997,0.596643465920115,-1.3872297670618392,1.6499095105249628,-3.1292441250000014,100.34657911769723,100.3953590033828,145.435346,287.294413,0.08730785607848925,-1.5320860920113433,1.448626185948492,0.1374033278350237,0.043253870860701815,0.055858632582787136,-0.9903518931867914,0.0007810890864723938,0.0007649752957728002,1.0210644589291147,cal
normal_0153_16,normal,0,A,153,normal_0153,16,5420,5435,2022-07-12 00:19:18.974000,2022-07-12 00:19:20.474000,-0.005315062499999999,0.0902205996013859,0.09037702408141408,0.169469,0.332128,0.09797183761027389,-0.80302717052039,1.8751336606009257,-0.0007966250000000005,0.06602357975552654,0.0660283855256586,0.120684,0.196831,0.7109999805165234,-1.0774556682370124,1.8277593649946546,-4.246831312500001,97.7933846301554,97.88555385560396,143.05116,284.910227,0.09370027284778068,-1.497871600308416,1.4614123776734427,0.21593777294397942,0.011390673169002568,0.09384059420266722,-0.9945627699432935,0.0009232927691734155,0.0006745467837170384,1.368760168250572,cal
normal_0153_32,normal,0,A,153,normal_0153,32,5436,5451,2022-07-12 00:19:20.574000,2022-07-12 00:19:22.074000,0.0013569374999999944,0.08637954195328078,0.08639019937144202,0.152485,0.274148,0.29476380204822566,-1.242354570979945,1.7650729030544052,0.0027364375000000006,0.061300420661249085,0.061361467252971556,0.124283,0.191109,0.8485268896578121,-0.5747941088289981,2.0254241882389366,-5.3644185,94.71327051473206,94.86506521075056,138.282788,274.18139,0.0875355014808562,-1.4956269395265065,1.457678732342548,0.45023052197575286,-0.16024926242094817,0.07017291378718722,-0.9964251813190865,0.0009106639960613432,0.000646828915540742,1.4078900528125555,cal
normal_0154_00,normal,0,A,154,normal_0154,0,5454,5469,2022-07-12 00:19:24.471000,2022-07-12 00:19:25.971000,0.0216471875,0.02804325352294815,0.03542632911850309,0.099691,0.11522400000000001,1.2104860017690018,2.359910148272025,2.8140369742099987,0.0158645,0.04091891742519589,0.04388667409932086,0.10323,0.152032,0.46215265164149855,-0.2763860743395643,2.352194649482392,-3.4272673749999987,83.30149680206642,83.3719708962456,115.63302100000001,230.07394900000003,0.062070598463500805,-1.6096687958078515,1.386953190106331,-0.1034802619700161,0.10851558193414271,-0.21698171779028558,-0.9980495621427303,0.0004249189354368304,0.0005263960252773292,0.8072229177888718,train
normal_0154_16,normal,0,A,154,normal_0154,16,5470,5485,2022-07-12 00:19:26.071000,2022-07-12 00:19:27.571000,-0.0032760624999999995,0.05500489221590743,0.05510236613057102,0.10234,0.18510300000000002,-0.16162166912541612,-1.0724084496899482,1.8572705164328933,-0.002641937500000001,0.05148454702805099,0.051552288178484375,0.107997,0.190416,-0.30789823216997164,0.024265507925306906,2.094902162753527,-3.2782557500000005,84.07795251735683,84.14183894040657,119.20930000000001,234.84232100000003,0.05675277092948544,-1.6014440509710268,1.4167660405476752,0.14824649340777393,0.2656453510069968,0.03145613286633472,-0.9981427575462342,0.0006548747546342225,0.0006126831648521049,1.0688636349136542,train
normal_0155_00,normal,0,A,155,normal_0155,0,5501,5516,2022-07-12 00:19:32.476000,2022-07-12 00:19:33.976000,0.009911625,0.07068116690098131,0.0713727375447026,0.144539,0.24798900000000001,0.2978702876005327,-0.8878767290338008,2.0251289914369823,0.003437562499999998,0.1968750608136315,0.19690506952923406,0.293154,0.5613170000000001,-0.063884103140858,-1.54292658089516,1.4888087985793383,0.9685755624999999,180.18812933485785,180.19073253587638,256.299995,509.02371100000005,-0.0037465662766567585,-1.6241915845403938,1.422381669650908,0.6457787222496467,0.20253708406335336,0.0011743014888416555,-0.9540470397086013,0.0003960954958129832,0.0010927591378209743,0.3624728287359104,train
normal_0155_16,normal,0,A,155,normal_0155,16,5517,5532,2022-07-12 00:19:34.076000,2022-07-12 00:19:35.576000,0.02392225,0.0945902015171894,0.09756833640133974,0.252725,0.38952,0.8269737849290325,0.8473066422704392,2.5902358215931387,-0.004711937499999997,0.1869840743540973,0.18704343457353026,0.314734,0.623714,0.22701401476738328,-0.8855239694299364,1.682678682187437,-1.639127874999999,180.0789921059241,180.08645184487386,257.492088,512.59999,0.03800234345867862,-1.6076540231140444,1.4298248722330498,0.5121950216925151,-0.11057750657549326,-0.06197224692222597,-0.9666510845440618,0.000541786099963727,0.0010386313498732772,0.5216346493198285,train
normal_0156_00,normal,0,A,156,normal_0156,0,5535,5550,2022-07-12 00:19:40.568000,2022-07-12 00:19:42.068000,0.007998500000000002,0.07588221496586009,0.0763025985820601,0.169182,0.281788,0.12351874515078641,-0.3470800042455422,2.21725082951208,0.0045296250000000015,0.11220919279624275,0.11230058081161023,0.178873,0.31503000000000003,0.4324634683656176,-1.558026668517792,1.5928056534281714,2.9802325000000005,117.13640725366415,117.17431326895121,172.853485,343.322784,-0.054199834870514454,-1.5620339477019554,1.475182402846671,0.3186185303202263,-0.09409821793549411,-0.07260100947088274,-0.9744580790243798,0.0006511887840718305,0.000958406135940782,0.6794497235064302,val
normal_0158_00,normal,0,A,158,normal_0158,0,5560,5575,2022-07-12 00:19:57.844000,2022-07-12 00:19:59.344000,0.003266,0.0829905949407823,0.08305483492624015,0.175953,0.328064,-0.2573909125785233,-0.0698626805075464,2.1185160401108667,0.0021600625,0.11010882174493829,0.11013000724626554,0.203573,0.335988,0.5503895331499177,-1.1697371800654592,1.8484789485647026,7.599592875000001,112.84017836103706,113.09579861522889,171.661392,343.322784,-0.08040656417469219,-1.4618379272830009,1.5178405749980264,0.132345492544822,-0.10471151760104463,-0.0012802080143673174,-0.9989947893393848,0.0007343759533349846,0.0009737762904964006,0.7541526329015701,test
normal_0158_16,normal,0,A,158,normal_0158,16,5576,5591,2022-07-12 00:19:59.444000,2022-07-12 00:20:00.944000,-0.010022375,0.10090636016926473,0.10140286743110374,0.189089,0.323091,-0.10794013830466644,-1.550739504616562,1.8647303058611526,-0.004287875000000003,0.11410844203863435,0.11418897677315443,0.214507,0.355528,0.8715288001702297,-0.7108292653216486,1.8785263346928434,5.513430125,112.26095152670456,112.39625949925721,168.085113,330.209761,-0.11040473422499589,-1.4622870497931617,1.4954689217314285,0.42589627726663337,0.02957450394374532,0.03388573265388379,-0.9953691053937491,0.0009021907658036776,0.0010159499727293777,0.8880267631485015,test
normal_0158_32,normal,0,A,158,normal_0158,32,5592,5607,2022-07-12 00:20:01.044000,2022-07-12 00:20:02.544000,-0.001679125,0.0742138814170528,0.07423287449472774,0.132095,0.240224,0.3818259883510567,-1.0118496128178451,1.7794676671099652,-0.011247499999999999,0.09713361273910284,0.0977826415065578,0.178653,0.326634,0.710104565941744,-0.5384567524898998,1.8270420725750043,4.023313875,111.12461383883492,111.19742288095958,164.508834,323.057203,-0.09467519655880972,-1.522569240589824,1.4794302757907618,0.11021420591724457,0.044607573913132775,0.1061533216132307,-0.9901310102694847,0.0006675772924539485,0.0008793606809686342,0.7591620900295407,test
normal_0159_00,normal,0,A,159,normal_0159,0,5610,5625,2022-07-12 00:20:04.636000,2022-07-12 00:20:06.136000,0.035783375,0.05805268155076365,0.06819504206043867,0.148831,0.215644,-0.19037795131554905,-0.5069035321202442,2.182431383620187,0.022731750000000002,0.03008746813355188,0.03770925876691293,0.100987,0.127463,0.781160369775796,1.6470607598288343,2.6780425630802527,-1.0430813750000003,84.6741432058216,84.6805677023652,110.864649,221.729298,0.061237875058880745,-1.7287109869544972,1.3092100349358364,0.3160611235721477,-0.10239820613469913,0.12819026492941923,-0.9793999542225743,0.0008053210306776666,0.0004453118323374169,1.8084429206620931,val
normal_0159_16,normal,0,A,159,normal_0159,16,5626,5641,2022-07-12 00:20:06.236000,2022-07-12 00:20:07.736000,-0.02330675,0.05615218976529321,0.060796981923447485,0.09858,0.165463,0.23338682645388828,-1.5019740703681184,1.6214620673790519,-0.008349937500000001,0.039747374244201265,0.04061496295163274,0.071321,0.125896,0.7730508593434549,-0.6878583239064224,1.756027700552977,-2.235174375,84.54712653967115,84.5766670577756,113.248835,225.305577,0.0885883464254011,-1.663726880281068,1.3390080141445868,0.41794167888535744,-0.002511654700319547,-0.37391897082727976,-0.9911359976609964,0.0007188387062109713,0.00048021474910909,1.4969109290053757,val
normal_0159_32,normal,0,A,159,normal_0159,32,5642,5657,2022-07-12 00:20:07.836000,2022-07-12 00:20:09.336000,-0.015747124999999997,0.046571020957075604,0.049161284958288066,0.086138,0.16840300000000002,0.7551750126355731,-0.038993483789415695,1.7521511098232199,-0.022264625,0.0434217185099735,0.04879712250481579,0.080404,0.136546,0.40637358469870855,-1.1733749294413183,1.6477201087433984,-2.6822092499999997,84.1687517491372,84.211477943738,113.248835,224.113484,0.09443287008000721,-1.6375113170864322,1.344814718436149,0.6408411321962788,-0.14379716518630842,-0.23968280981871795,-0.9941714291218965,0.0005837836617845955,0.0005794592815176256,1.0074627854016667,val
normal_0160_00,normal,0,A,160,normal_0160,0,5660,5675,2022-07-12 00:20:12.569000,2022-07-12 00:20:14.069000,0.0005464999999999984,0.09822914903492241,0.09823066925545708,0.166638,0.312851,0.16952901482510724,-1.2309631474855474,1.6963948353710585,0.013649375000000004,0.19279184069511182,0.19327441443838345,0.32151,0.578938,0.1865412884035628,-1.2827968214577357,1.6634897119426975,3.9488080625000004,173.39714869220415,173.44210636319204,247.95534400000003,489.95022300000005,-0.06034891144320501,-1.5917533857575068,1.4296144644413822,0.6087311845078179,0.031340994446109896,-0.04588730453241008,-0.9814166699525958,0.0005663599878668427,0.0011143454060322704,0.5082445575680342,train
normal_0160_16,normal,0,A,160,normal_0160,16,5676,5691,2022-07-12 00:20:14.169000,2022-07-12 00:20:15.669000,0.0057803125,0.07300966699581532,0.07323812864510876,0.13738,0.2558,-0.17724331850421765,-0.28814107318781534,1.875798884290239,0.004942187500000002,0.20436754729690412,0.2044272966250777,0.305838,0.606526,0.011118140058266411,-1.5933223156363538,1.4960722224924339,6.407499874999999,172.5608018939982,172.67972204328976,249.14743700000002,495.91068800000005,-0.08364613213197485,-1.5371712381720335,1.4428297315508782,0.6744657172158464,-0.07075370584259025,0.0160137782896754,-0.9924653223802826,0.00042412697784368914,0.0011838523609264844,0.3582600262010432,train
normal_0161_00,normal,0,A,161,normal_0161,0,5698,5713,2022-07-12 00:20:20.537000,2022-07-12 00:20:22.037000,-0.0009251875000000007,0.09091403382056779,0.09091874128823771,0.161463,0.315836,-0.04764545627752661,-0.9596949751349069,1.775904480332799,-0.0022434375000000024,0.11865887789898442,0.11868008390653631,0.230545,0.36876600000000004,0.6251253159733621,-1.1806900217020158,1.942575303380812,-6.929040562500001,108.98708113284502,109.20712182350616,163.316741,323.057203,0.054572595363411774,-1.4847101374868235,1.4954770190166031,0.3887208401317416,0.13267481948209675,-0.007894761459009358,-0.9991710886981422,0.0008325349095379969,0.0010867430797996836,0.7660825497885442,train
normal_0164_00,normal,0,A,164,normal_0164,0,5739,5754,2022-07-12 00:20:45.131000,2022-07-12 00:20:46.631000,0.0280391875,0.06251283000734605,0.06851313707010868,0.168931,0.24989699999999998,0.5857591975775852,0.3679605832677284,2.4656731135684957,0.0030801875000000005,0.04510181687196586,0.04520687381568758,0.108241,0.170265,0.7384790213409578,-0.0700435900597971,2.3943482675070196,-0.4470348749999995,83.276970093885,83.27816993784916,110.864649,220.537205,0.04281826890443167,-1.7533303939230669,1.3312570278950504,-0.1592782410376605,-0.26658758691109397,-0.26268355334967597,-0.9661446269592011,0.0008227022414306213,0.0005428418257680934,1.5155468911529428,train
normal_0164_16,normal,0,A,164,normal_0164,16,5755,5770,2022-07-12 00:20:46.731000,2022-07-12 00:20:48.231000,0.027613500000000003,0.06194491650551319,0.06782092643959532,0.123223,0.237283,-0.5468487589648167,-0.03423979549390399,1.8168875960393804,0.028384562500000002,0.06407993553949703,0.07008510203361695,0.116995,0.225817,-0.76195823822882,-0.01255297200737937,1.6693276688658067,0.5215406874999997,83.4794656621107,83.48109481745095,109.672556,219.345112,-0.003293542534889737,-1.775185827252094,1.313741227757281,-0.1424100511581427,0.10680559148547392,0.4505877991313547,-0.9456088382498534,0.0008124106013211747,0.0008395326173772977,0.9676939102844482,train
normal_0164_32,normal,0,A,164,normal_0164,32,5771,5786,2022-07-12 00:20:48.331000,2022-07-12 00:20:49.831000,-0.0463650625,0.0731689202543238,0.08662222527626787,0.158826,0.24143799999999999,0.3192756672393325,-0.9738883938397658,1.8335479086741264,-0.020123,0.0393500770218433,0.04419687421781092,0.134174,0.175363,-1.2707213903886363,3.4415719043575166,3.035825550439699,2.0861627499999993,82.98596399465752,83.01218160693094,110.864649,219.345112,-0.05045018440189363,-1.7515613802861651,1.3355226528674145,0.32074618248152864,0.4253585246488421,0.1177501350897208,-0.9703643420023339,0.0010434881194477067,0.0005324143199498902,1.9599174559127517,train
normal_0165_00,normal,0,A,165,normal_0165,0,5789,5804,2022-07-12 00:20:52.436000,2022-07-12 00:20:53.936000,-0.036497625,0.09345454613866773,0.10032860421945976,0.202176,0.325998,0.11946510593864729,-0.8286350280500581,2.0151381709423393,-0.0017331250000000046,0.1639287837606147,0.16393794517286106,0.283203,0.495604,0.1608875472692946,-1.2800563884426452,1.7275012182285332,1.3411046249999998,154.12376896197412,154.12960364790138,221.729298,438.690224,-0.024214968673477475,-1.6037042564328152,1.4385899447748243,0.29372813966983125,0.2474044100291577,-0.11473077644140697,-0.9624581531964477,0.0006509366263515064,0.0010636369736430789,0.611991349005078,train
normal_0165_16,normal,0,A,165,normal_0165,16,5805,5820,2022-07-12 00:20:54.036000,2022-07-12 00:20:55.536000,0.019837312500000003,0.06511588491750568,0.06807053280100356,0.172221,0.23608,0.5356141502559851,-0.11410038236733833,2.5300374907225787,0.0021014374999999974,0.1650499575635998,0.16506333490909633,0.289799,0.5248729999999999,0.31389124818871017,-1.3151420550208266,1.7556836602119912,3.4272673750000004,154.0246175650179,154.06274363943334,222.921391,439.882317,-0.06010793191273843,-1.5714492566746947,1.4469519738121934,0.64649523488099,-0.3085512118100742,-0.05564870825017703,-0.9807966144003648,0.0004418364310083627,0.001071403319256787,0.4123903884438743,train
normal_0166_00,normal,0,A,166,normal_0166,0,5832,5847,2022-07-12 00:21:00.416000,2022-07-12 00:21:01.916000,-0.007374375000000001,0.10554460844050431,0.10580191764566463,0.208258,0.359388,-0.09118759328916518,-0.9767258928096783,1.9683764210915855,-0.008047750000000003,0.11841639220062608,0.11868954554582724,0.224153,0.350328,0.9128357651307725,-0.7592366260116616,1.888565660683672,3.2782557500000014,134.28022830216747,134.32023925546224,197.887438,393.39069,-0.054610151049505645,-1.5513431233314932,1.4732510833578847,0.5340736605664168,0.019250349040644307,0.07065764091985505,-0.9776830649407521,0.0007876841065212896,0.0008836311355885307,0.8914173287891934,train
normal_0166_16,normal,0,A,166,normal_0166,16,5848,5863,2022-07-12 00:21:02.016000,2022-07-12 00:21:03.516000,0.001955937500000001,0.05990601087585948,0.05993793315224091,0.100708,0.192438,-0.20245674556985438,-1.2454711804209035,1.6802047502072535,-9.624999999999911e-05,0.11158543587902724,0.1115854773900932,0.199062,0.327088,0.5988149248003145,-1.2214728146414666,1.7839418233978281,1.0430813749999985,135.8102610245414,135.8142666228734,199.079531,398.159062,-0.008038564414890108,-1.5974371376483192,1.4658219342508432,0.14081469950373476,0.08030370810579021,0.039003313023534956,-0.9528709054299898,0.00044132280534765533,0.0008216035042912078,0.5371481536320634,train
normal_0167_00,normal,0,A,167,normal_0167,0,5864,5879,2022-07-12 00:21:08.408000,2022-07-12 00:21:09.908000,0.06994918750000001,0.05800315650917063,0.09086943929032192,0.13731,0.171786,-0.5900147376718501,-1.1796837406195384,1.5110690796858943,0.019022749999999998,0.08643796140838526,0.08850641891975972,0.243994,0.340098,0.9178048626883031,1.2510882195705406,2.75679439952492,0.8195639375000008,83.94180096994654,83.94580177189191,110.864649,220.537205,-0.016584412727345326,-1.7640673298289733,1.320669368329525,-0.33240709837208704,-0.3598331300885677,0.4404089745760897,-0.9549300372599433,0.0010824774720389686,0.0010543281147073977,1.026698858674923,test
normal_0169_00,normal,0,A,169,normal_0169,0,5890,5905,2022-07-12 00:21:25.804000,2022-07-12 00:21:27.304000,-0.052157562500000004,0.07029885244348653,0.08753479297292306,0.185227,0.28533,0.22042252375196272,0.03924327451702059,2.1160385911610695,-0.027249937499999995,0.07040622521257331,0.07549566638183612,0.134926,0.258185,0.7024727617711704,-0.043181508538616686,1.7872019212014334,-3.9488080625000004,80.6699105116161,80.76650015363185,110.864649,220.537205,0.08255202724127698,-1.6506862898058772,1.3726563462464791,0.3743898459883352,0.07360065526769928,-0.12971514244070906,-0.9972353648035045,0.0010838007441998445,0.000934739851773078,1.1594677836234517,test
normal_0169_16,normal,0,A,169,normal_0169,16,5906,5921,2022-07-12 00:21:27.404000,2022-07-12 00:21:28.904000,0.005244375000000002,0.06305550886210795,0.06327322235353594,0.142814,0.242381,0.2583570961800126,-0.16866914591958349,2.2571001552921386,0.007204625,0.04522282807094637,0.04579313049055502,0.086134,0.162306,0.06194640831713501,-0.6961123000534135,1.8809371422590428,-3.7997964375000004,80.91890354804632,81.00806999542985,110.864649,219.345112,0.08454850457665664,-1.6520275847893777,1.3685630210206778,0.4301207549016115,-0.1609981533544751,-0.05684886980243054,-0.9988112841855046,0.0007810730752763961,0.0005652909703087419,1.381718648096929,test
normal_0169_32,normal,0,A,169,normal_0169,32,5922,5937,2022-07-12 00:21:29.004000,2022-07-12 00:21:30.504000,0.0484301875,0.06700691529817906,0.08267653693196456,0.167451,0.228825,0.20844307538436002,-1.0417457310849128,2.0253751089961263,0.01928725,0.04760119216928815,0.051360213283240946,0.100008,0.153724,-0.0036571114004640606,-1.1766182000174064,1.9471881755723361,-2.6822092499999997,82.23335831379993,82.27708955734028,110.864649,220.537205,0.09326003501295797,-1.6562006565422696,1.347454675371527,0.3499992103123685,0.10304477121665775,-0.05440969867360917,-0.9974357977739917,0.0010048549040416153,0.000624234687439292,1.6097389719941497,test
normal_0170_00,normal,0,A,170,normal_0170,0,5940,5955,2022-07-12 00:21:33.358000,2022-07-12 00:21:34.858000,-0.013578062500000002,0.06319865580697578,0.06464080659353269,0.15099,0.258582,-0.17274953369663917,0.6368519397544143,2.3358310014514356,0.017281937499999997,0.19055505588886534,0.1913371231323459,0.303659,0.591164,-0.03568287269252729,-1.425670107625491,1.5870365093237147,-4.3958429375,164.45036286602084,164.50910394837453,236.03441400000003,472.06882800000005,0.08092682380118296,-1.5534704626612192,1.4347802543138963,0.36895264020642377,-0.07303198842549694,0.08093936894631691,-0.9900465952799887,0.00039293148550500866,0.0011630792371976593,0.3378372452523043,train
normal_0170_16,normal,0,A,170,normal_0170,16,5956,5971,2022-07-12 00:21:34.958000,2022-07-12 00:21:36.458000,-0.0009657500000000013,0.10911133606751179,0.10911560993505924,0.230349,0.412362,-0.1992850969223669,-0.3324496621780457,2.111054505740228,0.006575749999999997,0.19531653162638973,0.19542719364158356,0.366785,0.6464890000000001,0.4708925564716477,-1.0289212095300617,1.8768370622600725,-2.309680187499997,167.22449115472705,167.2404408763799,237.22650700000003,472.06882800000005,0.04766239549660126,-1.6089586806146194,1.418475733242967,0.49615571760587285,-0.08259290713411818,0.027128477661828757,-0.9763709652000157,0.0006524475142690809,0.0011685402921536104,0.558344045686799,train
normal_0171_00,normal,0,A,171,normal_0171,0,5982,5997,2022-07-12 00:21:41.500000,2022-07-12 00:21:43,0.0020190625,0.08635699414311267,0.08638059417955228,0.160971,0.312147,-0.07937426608756289,-0.4976865161146713,1.8635088300666554,0.00602775,0.11933836538887022,0.11949049846640528,0.226632,0.377882,0.6763665177888204,-1.028472977405542,1.8966528963281337,6.332994062500001,131.47029331561498,131.62273678316183,201.463717,401.735341,-0.08537203700950448,-1.440940959424058,1.5306148612598425,0.35029828341343283,0.028823511245762778,-0.06833527952337452,-0.9967870013073471,0.0006562741080354343,0.0009078256643702564,0.7229076394207039,test
normal_0172_00,normal,0,A,172,normal_0172,0,6009,6024,2022-07-12 00:21:49.428000,2022-07-12 00:21:50.928000,-0.02911975,0.05028237792395562,0.05810574300144521,0.137788,0.213555,-0.09123606298975304,0.4690646387903601,2.3713318663969742,0.005232375000000002,0.19190360562170106,0.1919749244009488,0.28843,0.56537,-0.10099674231152694,-1.6061443048250834,1.5024358045720607,10.281802124999999,162.55679468903665,162.8816347981296,243.18697200000003,485.18185100000005,-0.058728611299143224,-1.4831437312727231,1.4930288015674593,0.5247542072446171,0.025062995377109452,-0.05721964539831661,-0.9988990744291723,0.0003567360007987374,0.0011786161444098749,0.30267360793479775,train
normal_0175_00,normal,0,A,175,normal_0175,0,6052,6067,2022-07-12 00:22:07.078000,2022-07-12 00:22:08.578000,0.0306750625,0.06750937056482303,0.07415169973397441,0.162924,0.251656,-0.12016151900893447,-0.3516674263747035,2.197171482036202,0.0187779375,0.13841231293515252,0.1396802753033244,0.242833,0.398715,0.46229295799698417,-1.355385671910887,1.7384917052366415,3.0547383124999987,135.38850118230172,135.42295846180576,196.695345,389.814411,-0.06344690978167167,-1.560063148540242,1.4524519862374392,0.45202337214730876,-0.23493649849018963,0.031365528378414644,-0.9802187094964545,0.0005475563418213752,0.0010314371867951723,0.5308673652951311,test
normal_0175_16,normal,0,A,175,normal_0175,16,6068,6083,2022-07-12 00:22:08.678000,2022-07-12 00:22:10.178000,-0.011630937499999997,0.06052952173058692,0.06163685348930865,0.103446,0.19896599999999998,0.015043635036285257,-1.1598401029317313,1.6783140952830022,-0.017001062499999997,0.15148784367048596,0.15243884972690688,0.238281,0.42110400000000003,0.5913390688785036,-1.2137283658844753,1.563125151015497,1.7881394999999998,136.3631425814621,136.3748660771611,197.887438,392.198597,-0.019164432882417322,-1.6037265128667069,1.4510550491615881,0.3562280660667226,-0.029280704424614296,-0.13196260771912535,-0.9623376066597398,0.00045196637226711865,0.0011177928463787217,0.40433822217715915,test
normal_0175_32,normal,0,A,175,normal_0175,32,6084,6099,2022-07-12 00:22:10.278000,2022-07-12 00:22:11.778000,-0.030075,0.0760388223664399,0.08177046001995464,0.138982,0.261704,0.49333135979992715,-0.7956233279176641,1.699660243639132,-0.0245191875,0.13821194046744784,0.1403699791388369,0.256574,0.414542,-0.37278778242630994,-1.2133337062236105,1.8278409783492826,0.6705523125000017,139.5066975618093,139.50830908948012,200.271624,395.774876,0.025398710527982857,-1.612038189017,1.435553375330114,0.34135237313163097,0.0989613595197246,0.05908988705718292,-0.9614008048125859,0.0005861332601164807,0.0010061764783401116,0.5825352438007935,test
normal_0176_00,normal,0,A,176,normal_0176,0,6102,6117,2022-07-12 00:22:13.849000,2022-07-12 00:22:15.349000,-0.006840187499999997,0.0919658951909747,0.09221992216062916,0.200021,0.373954,-0.35343889463160083,0.5081917127786411,2.168956504339728,0.003315187499999997,0.14466948475716068,0.1447074645208826,0.259007,0.45589,0.3811730988498553,-1.2456114885772107,1.7898662025318186,-3.3527615624999987,158.6073009683235,158.64273362039415,233.65022800000003,458.95580500000005,0.07868635074594212,-1.5675945966291929,1.4728076267210979,0.4466100631070871,-0.06981748913435165,0.06469045923761083,-0.9885452533987357,0.0005813056801031694,0.0009121594239994859,0.6372851771397113,cal
normal_0176_16,normal,0,A,176,normal_0176,16,6118,6133,2022-07-12 00:22:15.449000,2022-07-12 00:22:16.949000,0.008267500000000002,0.08413980068760563,0.08454500349518,0.131595,0.252917,-0.45951887501431926,-0.9699669979693044,1.5565083039768561,0.0037409999999999987,0.1370546557148826,0.13710570277754677,0.248823,0.43515899999999996,0.24214415991889165,-1.1960223313090663,1.8148260426753648,-0.5960464999999999,159.13046248898925,159.13157877489238,232.45813500000003,463.72417700000005,0.034789049142484985,-1.6262610233401833,1.460791986038393,0.5186559864413037,0.015996111929243037,0.010626203520433468,-0.9657572836429104,0.000531289918356038,0.0008615870202073253,0.6166410425126794,cal
normal_0176_32,normal,0,A,176,normal_0176,32,6134,6149,2022-07-12 00:22:17.049000,2022-07-12 00:22:18.549000,-0.0015736875,0.06813397413342952,0.06815214540689457,0.12694,0.24501499999999998,-0.26779492008082406,-0.5614140941612553,1.8625972703004328,0.0033044999999999993,0.14944513035726523,0.14948166010501088,0.255011,0.48370599999999997,0.14164189235050412,-1.3606082031807667,1.7059684768074876,1.4901162499999985,158.26549874910114,158.27251353516897,228.88185600000003,452.99534000000006,-0.014936314439458503,-1.6331931678857523,1.4461251097092187,0.4441012630468769,0.06070870838420335,0.04120596858076569,-0.9576719391215047,0.0004306000068151493,0.0009444574851703185,0.4559231236729488,cal
normal_0177_00,normal,0,A,177,normal_0177,0,6152,6167,2022-07-12 00:22:21.169000,2022-07-12 00:22:22.669000,-0.038792625000000004,0.05235731615647783,0.0651625376232387,0.122189,0.21092100000000003,0.5826029707766828,0.7323597994453825,1.8751418292897197,-0.015130749999999998,0.06771872323765045,0.06938850821641866,0.130211,0.22839399999999999,-0.008306736468685454,-0.9140386321186016,1.8765499265941785,-3.7252906250000004,80.476073038378,80.56224998049065,109.672556,219.345112,0.06703137418027338,-1.6648972438143295,1.3613392876509636,0.22675247806510274,0.5547758916496468,0.09512939605165309,-0.9976571993649029,0.0008088470423680916,0.0008613030077141853,0.9390969671807988,train
normal_0177_16,normal,0,A,177,normal_0177,16,6168,6183,2022-07-12 00:22:22.769000,2022-07-12 00:22:24.269000,0.034071437499999996,0.05616128726708545,0.06568830216113444,0.171271,0.24598,0.44634612810128504,1.325705780328458,2.6073287688250724,0.022236375000000003,0.06659857531403637,0.07021272396795328,0.13633,0.220356,0.15215505304697854,-1.0043086283313618,1.9416708581513544,-3.6507848125,81.08584333309436,81.1679876477562,110.864649,220.537205,0.06800958588141183,-1.6542276218274796,1.3658666700118038,-0.2834090786328758,-0.1272724097627011,-0.3161324125455643,-0.9976056869467484,0.0008092882928944995,0.0008650297488297312,0.9355612266391504,train
normal_0178_00,normal,0,A,178,normal_0178,0,6198,6213,2022-07-12 00:22:29.076000,2022-07-12 00:22:30.576000,0.031248812499999997,0.15437740943351247,0.15750832621186253,0.351699,0.588644,0.2719185479851191,-0.17882237831190828,2.232891482364773,0.0453555,0.17276243029699775,0.17861684887595292,0.339932,0.5833200000000001,-0.08364148156459969,-1.116778545553161,1.9031351305277946,7.599592875000003,121.50497813523114,121.7424064305809,185.966508,370.740923,-0.0660538242690216,-1.4414523346408896,1.5275409239264588,0.116141269768618,0.2316973207851101,-0.061479960627102745,-0.99869055185384,0.0012937835782117204,0.001467170348549029,0.8818223320088354,train
normal_0178_16,normal,0,A,178,normal_0178,16,6214,6229,2022-07-12 00:22:30.676000,2022-07-12 00:22:32.176000,0.005609687500000002,0.1372727793158201,0.13738735216510106,0.315948,0.559785,0.27791668019074156,0.35715393998200007,2.2996876715428587,-0.009821374999999997,0.18617596024926092,0.18643483467856806,0.282961,0.533445,0.30575893964985557,-1.4687706720492792,1.5177474772236237,8.195639374999999,122.82020485337398,123.09334354460358,182.390229,356.435807,-0.04738428507925629,-1.4812677978342517,1.4817229246349122,0.5184854260956463,-0.09526051009726631,0.10012486181559808,-0.9992795961324652,0.0011161233272968816,0.0015145809619755135,0.736918893950105,train
normal_0179_00,normal,0,A,179,normal_0179,0,6230,6245,2022-07-12 00:22:37.072000,2022-07-12 00:22:38.572000,-0.00799925,0.08548706734318065,0.08586050712347325,0.187729,0.341927,-0.20977138206869916,-0.08669066985660567,2.1864417796884537,-0.0009661250000000017,0.15200006310602102,0.15200313346030075,0.277211,0.46937799999999996,0.4234349254934653,-1.1741996125757388,1.8237189832168839,-7.674098687499999,161.53298312465586,161.71517067924037,241.99487900000003,482.79766500000005,0.08684991686411223,-1.461915204897118,1.4964265750922854,0.4501017846621113,0.22446475752337725,0.031550798018818035,-0.9967287575984192,0.0005309366261856551,0.0009399435613978153,0.5648601128732506,train
normal_0181_00,normal,0,A,181,normal_0181,0,6257,6272,2022-07-12 00:22:53.936000,2022-07-12 00:22:55.436000,0.0196085625,0.10505968686416352,0.10687391415734945,0.197317,0.37103600000000003,0.12186875625967637,-0.7932007126715428,1.8462596935440396,0.0029593749999999976,0.20235866622623153,0.20238030461793954,0.34979,0.610749,0.43024781883492247,-1.1831376804945823,1.7283796496914337,10.5053195625,172.4111348477474,172.73089231112766,255.10790200000002,507.83161800000005,-0.06825539197485403,-1.4948055628238548,1.4769095359068292,0.6702891620113242,0.10609686469277353,0.0629384767118549,-0.9985132044251273,0.0006187307477393517,0.0011716508952747523,0.5280845602002116,train
normal_0181_16,normal,0,A,181,normal_0181,16,6273,6288,2022-07-12 00:22:55.536000,2022-07-12 00:22:57.036000,-0.013558500000000001,0.07085686225677088,0.07214241367687249,0.14898,0.261295,-0.31239746596995704,-0.24619461650165642,2.0650820010997246,-0.006014750000000001,0.20836565718752095,0.20845245096364304,0.336254,0.658467,0.07248461607673393,-1.4251540068708959,1.6130968882618093,11.175871874999999,172.7799269733734,173.140992480379,253.91580900000002,498.29487400000005,-0.051562251681509415,-1.5207632261242634,1.4665262417782128,0.6717148456704369,0.06339451686691996,0.023740077705248594,-0.9990734106948728,0.0004166685927080379,0.001203946263547413,0.3460857060848621,train
normal_0181_32,normal,0,A,181,normal_0181,32,6289,6304,2022-07-12 00:22:57.136000,2022-07-12 00:22:58.636000,-0.0073014375000000015,0.09257070657271173,0.09285820752597748,0.185583,0.330596,0.15707747139330394,-0.5710396423180253,1.9985632389908277,0.003211312499999999,0.19857338169953656,0.19859934654364425,0.330239,0.610987,0.26070822120669673,-1.2957956493247988,1.6628403151740814,11.101366062500004,173.60498631925665,173.95956887553763,257.492088,511.40789700000005,-0.06064806036348189,-1.5122904068086471,1.4801835257721705,0.467435135852891,-0.019143740623677626,-0.04063481486425532,-0.9989997174269554,0.0005337918927151084,0.0011416408296903494,0.467565523965966,train
normal_0182_00,normal,0,A,182,normal_0182,0,6307,6322,2022-07-12 00:23:01.103000,2022-07-12 00:23:02.603000,0.007783812500000001,0.07210817764842864,0.07252707784553643,0.113765,0.214452,0.0525657045726529,-1.5531073468271106,1.5685865662792797,-0.0012185625,0.07048662772910258,0.07049716010725184,0.136634,0.22195700000000002,0.9020144569770333,-0.528956819572858,1.9381489948265997,5.513430125,96.45450086540522,96.61194878966946,141.859067,277.757669,-0.09897806575991631,-1.4893670787965143,1.4683387383980473,0.469652406140579,0.01625915368095928,0.04559485151197421,-0.9947572574555112,0.0007507050499874775,0.0007296940077332337,1.0287943193058606,train
normal_0182_16,normal,0,A,182,normal_0182,16,6323,6338,2022-07-12 00:23:02.703000,2022-07-12 00:23:04.203000,-0.0005175624999999989,0.06264857554143663,0.06265071339029189,0.132953,0.2537,0.0016503838257641696,0.019922641597086788,2.1221306638880484,-0.0019039999999999986,0.0607091563131131,0.06073900621717481,0.147181,0.227168,0.9233131027314246,0.5825178580984618,2.423171025777872,6.407499875000001,94.37589832906654,94.5931616982244,138.282788,275.373483,-0.08445002921165165,-1.4949933414706615,1.4618687600395082,0.4427579237338818,0.014612543884168732,0.055161582713497505,-0.9965387261539341,0.0006623175741832498,0.0006421077922201953,1.0314741266309444,train
normal_0183_00,normal,0,A,183,normal_0183,0,6354,6369,2022-07-12 00:23:09.220000,2022-07-12 00:23:10.720000,-0.0153495625,0.0350922955450494,0.038302457826652585,0.080253,0.132118,0.14736585690007303,-0.4737238771301091,2.0952441319354795,-0.0116933125,0.04961218116390211,0.050971581072814486,0.092762,0.175113,0.6513032957678119,-0.2943065700608818,1.8198768421071068,4.842877812499999,82.31860597666314,82.46093836143223,112.056742,222.921391,-0.06068706136440765,-1.6465141955600595,1.3589069470547042,-0.010192790298091024,0.08037259692269037,-0.24559706813409468,-0.9980445470957002,0.0004644921412217037,0.0006181300150794111,0.7514473167300095,train
normal_0183_16,normal,0,A,183,normal_0183,16,6370,6385,2022-07-12 00:23:10.820000,2022-07-12 00:23:12.320000,-0.003224249999999999,0.05411402841974066,0.054209997785233305,0.108999,0.17569200000000001,-0.3687347870544256,-1.043573811883237,2.010680768367253,-0.0079951875,0.038706465970201206,0.03952358196143791,0.067455,0.133219,0.5201100450845008,-0.47265806983793457,1.7067025975989225,4.917383624999999,82.4301008922331,82.5766443664257,113.248835,224.113484,-0.06208781816700798,-1.639840862869804,1.3714390536078154,0.34519975328488384,-0.05521659912279368,0.19575823005489418,-0.9979496192581697,0.0006564809965476654,0.00047862906351650624,1.371586154264169,train
normal_0184_00,normal,0,A,184,normal_0184,0,6386,6401,2022-07-12 00:23:17.204000,2022-07-12 00:23:18.704000,-0.0079035625,0.036421207079407644,0.037268896218059636,0.064929,0.124625,0.33845171243935523,-0.5714257655542734,1.7421766295438856,-0.003417937499999999,0.046565196655427035,0.04669046836681444,0.09523,0.167813,0.5976880430462828,-0.17182481578859177,2.039602585517976,5.215406875,81.11257245772892,81.28007061747745,112.056742,220.537205,-0.06863547937410851,-1.6392379694586918,1.3786496634256704,0.30935538905227505,-0.056886331225782155,-0.0646037893860209,-0.9974142219745347,0.00045852440745844776,0.0005744393184222296,0.7982120874278646,train
normal_0184_16,normal,0,A,184,normal_0184,16,6402,6417,2022-07-12 00:23:18.804000,2022-07-12 00:23:20.304000,-0.004189562499999999,0.03977510906485479,0.03999514639381259,0.080336,0.14388,-0.015660404063471633,-0.49787214611320296,2.0086437291408017,-0.0094096875,0.05606115679964911,0.056845364987503595,0.119551,0.20076,-0.22186411555670224,-0.684994423106593,2.1030914310477393,5.7369475625,80.91121987346659,81.11435180501248,110.864649,221.729298,-0.08502424295544252,-1.6347717118672416,1.3667698321315944,-0.11344155763620475,0.04492989876088813,0.016385646255296364,-0.9968486460074566,0.0004930711459046768,0.0007008052671634717,0.7035779681000339,train
normal_0185_00,normal,0,A,185,normal_0185,0,6419,6434,2022-07-12 00:23:25.144000,2022-07-12 00:23:26.644000,0.002069124999999998,0.06508549097425151,0.0651183723201448,0.104126,0.203848,-0.02421421001792351,-1.2100654858393984,1.5990264542866643,-0.014930375,0.10493239574058803,0.10598926253871192,0.182115,0.320741,0.6627671051109979,-0.9330238022825852,1.718240089966506,4.023313875000001,115.13257630366536,115.20285231215455,169.277206,337.362319,-0.08760584055887702,-1.4763058533733553,1.4693838095373295,0.7034080735470162,-0.1936008708226004,-0.10435299013744587,-0.9927814012137018,0.000565249653226463,0.000920022902310809,0.6143865025606788,train
normal_0187_00,normal,0,A,187,normal_0187,0,6450,6465,2022-07-12 00:23:42.270000,2022-07-12 00:23:43.770000,-0.011295875,0.06775948407038217,0.06869457382865113,0.151637,0.273739,-0.17053575978264615,0.2747264394903466,2.2074087012787498,-0.025062187500000003,0.04179217348412671,0.048730883501251036,0.091834,0.17355700000000002,0.7048246629393217,1.2326070794841026,1.8845133394234974,-3.8743022500000004,81.55660937873266,81.64858082832512,112.056742,221.729298,0.07680433190527604,-1.6245961600523917,1.3724273081440483,-0.05894243280237789,-0.18812144959942986,-0.055451327695038924,-0.9972801112306576,0.0008413443703704883,0.0005968368709765199,1.4096722425910373,train
normal_0187_16,normal,0,A,187,normal_0187,16,6466,6481,2022-07-12 00:23:43.870000,2022-07-12 00:23:45.370000,0.0076128750000000025,0.04793737787582228,0.04853810939226001,0.096244,0.179756,-0.40294187944244175,-0.4417967828392051,1.9828543222029011,0.0034784375000000006,0.04148834863243045,0.04163391165489378,0.082075,0.14937499999999998,0.09623249277152918,-0.832592855409513,1.9713497179973154,-3.8743022499999995,81.924959815478,82.01651820634696,112.056742,222.921391,0.06824121495651916,-1.6286306210603498,1.3662704105296724,0.4649169951254259,-0.07411317530924039,-0.11362270177144197,-0.9987394834347815,0.0005918089484138066,0.0005076283724962112,1.1658311088949695,train
normal_0187_32,normal,0,A,187,normal_0187,32,6482,6497,2022-07-12 00:23:45.470000,2022-07-12 00:23:46.970000,0.0032228125,0.055469995943999706,0.055563539937962016,0.115778,0.20156600000000002,0.2952440499305818,-0.3401390283874455,2.0837045323114554,0.01469975,0.035663321311082345,0.03857402153004014,0.095971,0.142665,0.5410562853372589,0.01866796935407411,2.4879697836343313,-3.2782557500000005,83.24029985717196,83.30482867802027,113.248835,225.305577,0.08233593616007415,-1.6108845862098926,1.3594510281956844,0.040903263432642334,0.25318721781660125,-0.007548674388112039,-0.9986622071007303,0.0006669906273106866,0.00046304664618100074,1.440439387287919,train
normal_0188_00,normal,0,A,188,normal_0188,0,6500,6515,2022-07-12 00:23:48.975000,2022-07-12 00:23:50.475000,0.018837125,0.08434796625725113,0.08642578718183595,0.195573,0.360796,-0.04772614292420505,0.8933871464356402,2.2629009972280985,0.0163079375,0.19847153874185233,0.19914040402706454,0.380496,0.663848,0.13245566599008682,-1.0877089810735003,1.910692116243211,-3.576279000000003,170.37444703184408,170.41197719905864,245.57115800000003,483.98975800000005,0.08297633909908332,-1.5639737883489135,1.441044004278806,0.7130550899924811,0.024471787017519342,0.025864156798933828,-0.9906975004000653,0.0005071579392619908,0.001168582204726421,0.4339942343899739,train
normal_0188_16,normal,0,A,188,normal_0188,16,6516,6531,2022-07-12 00:23:50.575000,2022-07-12 00:23:52.075000,-0.007934062500000004,0.06757329505569189,0.06803748637653731,0.185046,0.302394,-0.8121087773839529,1.835502519710511,2.7197653801597967,-0.00788025,0.19478112831955127,0.19494046857823033,0.270642,0.525611,0.2270273784520674,-1.637156127276127,1.388331535129097,-5.587935937500001,170.2736578227857,170.36532386724923,244.37906500000003,487.56603700000005,0.09721675094620662,-1.5097036945859152,1.4344413490530692,0.3498052793591577,-0.04758609231155042,-0.002566619142309256,-0.995646965076024,0.00039936229293675374,0.001144249687396071,0.34901673763666785,train
normal_0188_32,normal,0,A,188,normal_0188,32,6532,6547,2022-07-12 00:23:52.175000,2022-07-12 00:23:53.675000,-0.0140250625,0.09371168191017379,0.09475537823555188,0.191381,0.362737,0.3095928154104699,-0.043929865945683044,2.019737597630047,-0.023615062500000002,0.1911541085895974,0.19260728025586804,0.351193,0.655878,0.43501484982830657,-0.7770344165759528,1.8233630604900275,-7.674098687499997,169.45444164065975,169.62812143749412,247.95534400000003,494.71859500000005,0.08990582204618211,-1.4883643480805588,1.4617584743539622,0.5255994237098316,-0.1085484487886782,-0.10601762544677988,-0.9975444929222413,0.0005586065413715501,0.0011354678612463527,0.4919615609008893,train
normal_0189_00,normal,0,A,189,normal_0189,0,6550,6565,2022-07-12 00:23:56.987000,2022-07-12 00:23:58.487000,-0.0037216249999999992,0.07235405154246288,0.07244970163672174,0.121368,0.24149500000000002,-0.11363151834190954,-1.0008405454544285,1.675203586186801,0.008701562500000001,0.1356881555516033,0.13596688106644758,0.2401,0.39896600000000004,0.5154240264279351,-1.1174932391946748,1.7658712041990736,-4.321337125,137.29713123088013,137.365120022433,205.039996,402.927434,0.0780105514098502,-1.5320663446470435,1.4926641928206745,0.1877384957928252,-0.018320152318405208,0.04179714535999202,-0.9862494744354057,0.0005274242953734546,0.000989821004373184,0.5328481544069196,val
normal_0189_16,normal,0,A,189,normal_0189,16,6566,6581,2022-07-12 00:23:58.587000,2022-07-12 00:24:00.087000,0.000337249999999999,0.08686361377721688,0.08686426846523258,0.182423,0.286023,-0.9622448730546573,0.24987127570575884,2.1000925147146643,-0.006592125,0.14392518618750985,0.14407607480468435,0.266575,0.412759,0.8611464075252135,-0.9706923423749871,1.8502378022262227,-5.811453375000001,132.59648550063505,132.72377691073262,201.463717,394.582783,0.09034260326524596,-1.472548892941264,1.5179172992906953,0.5211387090003949,0.07126441717214951,-0.03769088741126672,-0.9934348212234957,0.000654474054966472,0.0010855332643342952,0.6029055732049161,val
normal_0190_00,normal,0,A,190,normal_0190,0,6586,6601,2022-07-12 00:24:04.940000,2022-07-12 00:24:06.440000,-0.028303875,0.046724746871806326,0.05462885053019146,0.142988,0.166881,-0.8994172621786886,0.36256525299212594,2.6174447862668377,-0.014154750000000002,0.05595312066196576,0.057715757461675926,0.124135,0.225918,0.07117771120886461,0.028873505041268288,2.1507991137849554,3.2782557500000005,82.97311969271507,83.03785613985967,110.864649,220.537205,-0.07980441954945815,-1.6420891766213115,1.3351097216825059,0.16095384097896462,0.01381444630716793,0.023334500243272552,-0.9944035320685983,0.0006578788647695907,0.0006950535592400889,0.9465153527000972,train
normal_0192_00,normal,0,A,192,normal_0192,0,6624,6639,2022-07-12 00:24:22.654000,2022-07-12 00:24:24.154000,0.045334625,0.05185676999422906,0.0688792626131044,0.1658,0.232197,0.3950167598849185,1.6579522782464124,2.407110554177975,0.025142375,0.05756145754634237,0.06281290007235775,0.136797,0.199352,0.43361669794112456,-0.9694918038151918,2.177848815170383,-2.3841860000000006,83.172517410526,83.20668239562762,112.056742,221.729298,0.09326968370669136,-1.6968272532264417,1.3467276758758069,-0.580880970833745,-0.06003964745469683,-0.013810042466779499,-0.9873518985795254,0.0008278092651933913,0.0007549021095889585,1.0965782909841524,val
normal_0192_16,normal,0,A,192,normal_0192,16,6640,6655,2022-07-12 00:24:24.254000,2022-07-12 00:24:25.754000,-0.0367083125,0.04302402955285388,0.0565558779046219,0.114262,0.149068,-0.25472374906216655,-1.0437973236817308,2.0203381900055732,-0.0250084375,0.049933305316903404,0.05584583176981519,0.116699,0.175408,-0.5687197564095772,-0.42708838908790225,2.0896635666742114,-3.129244125,82.0369558968042,82.09661565258367,110.864649,220.537205,0.09794188472503136,-1.6550076978645514,1.350416799995226,0.05003098711901261,-0.22505865193399205,0.04246715083095231,-0.9944822245486609,0.0006888941456972476,0.0006802452369796034,1.0127143980545115,val
normal_0192_32,normal,0,A,192,normal_0192,32,6656,6671,2022-07-12 00:24:25.854000,2022-07-12 00:24:27.354000,-0.0149313125,0.06179244161477068,0.06357082612085123,0.121165,0.219277,0.22614455070570882,-0.908006312592001,1.9059843546733126,-0.01005625,0.054143279806338845,0.05506925559919981,0.099036,0.197524,0.2759263533306212,-0.41520717781496996,1.7983900258393732,-3.4272673749999996,81.40332002395175,81.4754360073123,110.864649,221.729298,0.09270788263418915,-1.6436405227640258,1.36071255869131,-0.19107227347744915,0.2883657602356543,-0.06284927979034018,-0.9960129238485085,0.0007802453013586309,0.0006759001031213559,1.154379615797366,val
normal_0193_00,normal,0,A,193,normal_0193,0,6674,6689,2022-07-12 00:24:29.596000,2022-07-12 00:24:31.096000,0.011528125,0.08394595468504945,0.0847338242616253,0.188981,0.368289,0.025371226319367057,0.8015178614763938,2.2302899892314514,0.003933437500000003,0.1996682255580394,0.19970696589769346,0.287289,0.5630539999999999,-0.12085110876658235,-1.6396288593303485,1.438552725032002,-0.6705523125000008,175.56932300309836,175.57060351941064,251.53162300000002,500.67906000000005,0.012359651870849898,-1.6211195081504253,1.4326522661419874,0.6839423439312058,0.06549115595452751,-0.042859180498074176,-0.9618600237278954,0.00048261965592809135,0.0011374738247431858,0.4242907796467802,train
normal_0193_16,normal,0,A,193,normal_0193,16,6690,6705,2022-07-12 00:24:31.196000,2022-07-12 00:24:32.696000,0.003985187499999999,0.09519819041558691,0.09528156788074228,0.22379,0.427882,0.22076958664596247,1.261132217059366,2.3487228954933164,0.0009694374999999981,0.1987206881328567,0.198723052767067,0.299687,0.582627,0.12271648790545844,-1.5915001059994696,1.5080635881297464,1.7136336875000016,176.56109139789484,176.5694071350717,252.72371600000002,503.06324600000005,-0.026116445820027357,-1.6136287396734774,1.4312995671253057,0.6642769136403502,-0.006492743971056705,0.000789807728000149,-0.9629909989856219,0.0005396267078580265,0.0011254670669820408,0.4794691232547965,train
normal_0193_32,normal,0,A,193,normal_0193,32,6706,6721,2022-07-12 00:24:32.796000,2022-07-12 00:24:34.296000,0.001024124999999999,0.0833832420505426,0.08338953103882404,0.235563,0.385625,1.1100565030452456,3.0031649431580867,2.8248509982665313,0.0007644374999999999,0.19304440970828732,0.19304592325224715,0.304398,0.5916870000000001,-0.006303080522478716,-1.3901821636952036,1.5768165153234162,4.2468313125,176.85713565417302,176.9081174169105,252.72371600000002,503.06324600000005,-0.06487464255586108,-1.5754433143728486,1.4285591847909314,0.5220998352359053,-0.1214448448269961,-0.04803372895130385,-0.9830549600014784,0.0004713719882186305,0.001091221398265776,0.4319673248414654,train
normal_0194_00,normal,0,A,194,normal_0194,0,6724,6739,2022-07-12 00:24:37.006000,2022-07-12 00:24:38.506000,-0.008168124999999998,0.06190361601804353,0.06244017890849609,0.126125,0.205971,-0.4004660152114869,-0.9272165476780292,2.0199333538879154,0.0071338124999999995,0.12011794385530974,0.12032959617987796,0.213946,0.35268900000000003,0.2551241408479345,-1.1785619361180206,1.7779998171038238,-6.854534750000001,139.85294727884676,140.02082526973925,213.384647,419.616736,0.08243520555543343,-1.4475214541347983,1.5239493595965532,0.0995360279354992,-0.12960116309223732,0.04421234375394548,-0.9977156744325425,0.0004459349442356873,0.0008593692827339957,0.5189095691400452,cal
normal_0194_16,normal,0,A,194,normal_0194,16,6740,6755,2022-07-12 00:24:38.606000,2022-07-12 00:24:40.106000,0.0008755000000000004,0.0662033860302855,0.06620917475792158,0.123309,0.227247,-0.6232125384054251,-0.5259481466269156,1.8624156010228283,-0.004591874999999999,0.11918944903853435,0.11927786918839973,0.197393,0.318924,0.6806165219915936,-1.367333319601926,1.6549004550728283,-5.513430125000001,141.28808932433859,141.39562262200886,215.768833,427.961387,0.10286727540191247,-1.450531148531844,1.5259937259642904,0.26726748326781796,0.05750141802110679,-0.05553860958456008,-0.995402300657337,0.00046825477005690434,0.000843575401957554,0.5550834803507766,cal
normal_0195_00,normal,0,A,195,normal_0195,0,6766,6781,2022-07-12 00:24:45.075000,2022-07-12 00:24:46.575000,0.0324330625,0.057448315691659695,0.06597130072188588,0.131859,0.197002,-0.015586658322506056,-0.8997447473849007,1.9987327604146508,0.006835312500000002,0.07927439674929633,0.07956853320840784,0.217178,0.348727,0.9976962785120094,2.058773535577523,2.729445815359724,-4.0233138749999995,80.183070951304,80.2839456038293,109.672556,218.153019,0.06679365439035802,-1.6574469402384238,1.3660583716350005,-0.23014162882741265,-0.07899958689411908,-0.4456744655951653,-0.9976013497180424,0.0008217246950894657,0.0009910889731435007,0.8291129427897362,train
normal_0196_00,normal,0,A,196,normal_0196,0,6795,6810,2022-07-12 00:24:53.136000,2022-07-12 00:24:54.636000,0.011781562499999999,0.09318676050542853,0.09392857684665248,0.182965,0.31335,0.0034278944648788354,-0.9332489077475188,1.9479162374482486,0.014278312499999998,0.1987269624502796,0.19923924265205012,0.328144,0.600735,0.17536645326460154,-1.2905538437974629,1.646984778862406,-0.44703487499999905,177.39763549525603,177.39819874927477,253.91580900000002,500.67906000000005,0.0234074642278643,-1.6126828244029165,1.4313325095192833,0.6787769671146342,0.05993415537308658,0.022775272635835186,-0.9569209447147726,0.0005294787518074305,0.0011231187467334114,0.4714361267207215,train
normal_0198_00,normal,0,A,198,normal_0198,0,6819,6834,2022-07-12 00:25:10.148000,2022-07-12 00:25:11.648000,-0.004467374999999999,0.08613608428445871,0.08625185479309996,0.172569,0.338895,0.1238981365640393,-0.2911949449678888,2.0007569740263174,-0.0027978750000000017,0.20145199822968837,0.20147142649827543,0.29415,0.5765640000000001,0.018098783241759477,-1.6609604301143122,1.4600085238514848,-4.47034875,159.39396778841868,159.4566429637915,233.65022800000003,463.72417700000005,0.09710622110485619,-1.5185517049668715,1.4652900227747552,0.7029386904314391,-0.031168784651042038,-0.05415707991748295,-0.994766967718204,0.0005409110162483826,0.0012634871947230471,0.4281096148085211,test
normal_0198_16,normal,0,A,198,normal_0198,16,6835,6850,2022-07-12 00:25:11.748000,2022-07-12 00:25:13.248000,0.0092595,0.07428840002904222,0.07486324010570876,0.191587,0.31134,0.42689875236361974,1.0764978717931326,2.5591598724484057,0.0021073750000000016,0.20412560673757807,0.204136484625789,0.346287,0.670455,0.05929464459910266,-1.1834104963559133,1.6963503639968767,-6.183982437499999,161.11910807951404,161.2377394629602,240.80278600000003,476.83720000000005,0.09926486523267163,-1.4873443865382365,1.4934641654122025,0.5354106757127931,0.06852784478355965,0.002056515695439839,-0.996989558290291,0.00046430345870053866,0.001266058959308863,0.36673130843290286,test
normal_0198_32,normal,0,A,198,normal_0198,32,6851,6866,2022-07-12 00:25:13.348000,2022-07-12 00:25:14.848000,0.0002656250000000011,0.09187356443563825,0.09187394842255339,0.186251,0.35701499999999997,0.3674155142185237,-0.0033737242624671815,2.027244972028205,0.009027999999999998,0.19964104104304306,0.19984506511983227,0.337829,0.643764,0.20547429456626617,-1.25404312467348,1.6904545518671126,-8.270145187500002,162.14024348041303,162.3510204997491,240.80278600000003,476.83720000000005,0.08264155399062129,-1.4838635818343582,1.483223112849926,0.6757259140519631,0.07122874193212639,0.04515638646345193,-0.9981460543864644,0.000565896956728371,0.0012309443113118043,0.4597258799833931,test
normal_0199_00,normal,0,A,199,normal_0199,0,6869,6884,2022-07-12 00:25:17.084000,2022-07-12 00:25:18.584000,-0.0010323124999999994,0.05729742746594164,0.05730672616118024,0.132571,0.217484,-0.7702879213386038,0.3499402061291703,2.313358463841266,0.004437937500000001,0.11660363250209488,0.11668805595234459,0.21193,0.339144,0.5997273143807096,-1.320479594778548,1.8162098791546604,5.885959187499999,125.79580004526537,125.93342616075091,188.350694,374.317202,-0.09361129801314885,-1.4695165324433406,1.4956370182414873,0.26952523587501165,0.12019828505591255,-0.011036930002855562,-0.995676725256718,0.00045505572196558535,0.0009265852562717953,0.4911104713629329,val
normal_0199_16,normal,0,A,199,normal_0199,16,6885,6900,2022-07-12 00:25:18.684000,2022-07-12 00:25:20.184000,-0.001996625000000002,0.08721507533382274,0.08723792682586513,0.177019,0.293233,-0.49022264335388505,-0.6770503198129942,2.029151843020595,0.0030586250000000023,0.1268619999693934,0.12689886612229836,0.224226,0.359206,0.5626478349192663,-1.2814448843308042,1.766966142817249,4.172325500000001,125.55376787547715,125.6230748222919,184.774415,365.972551,-0.08694872190355456,-1.5084138884045348,1.470863655115785,0.48787270204844146,-0.0377645815030514,0.0038918803944330534,-0.9904800341913852,0.0006944419004969675,0.0010101557082710419,0.687460254702275,val
normal_0199_32,normal,0,A,199,normal_0199,32,6901,6916,2022-07-12 00:25:20.284000,2022-07-12 00:25:21.784000,0.0006209375000000017,0.06132981124060789,0.06133295452028624,0.128089,0.234082,0.09906045845682179,-0.05886274924948243,2.088420507406566,-0.0031196874999999983,0.12206568067628527,0.12210553979677785,0.242107,0.378972,0.7439132184288536,-0.8536710948629431,1.982768352713091,2.3096801875000006,124.48989353870905,124.51131762152244,182.390229,358.819993,-0.062002357762272135,-1.5703741497440742,1.4648485975741765,0.27580375754846204,0.05850147347780633,0.02332675680415132,-0.9765351382725536,0.0004925893942165184,0.000980678239772087,0.5022946102393359,val
normal_0200_00,normal,0,A,200,normal_0200,0,6918,6933,2022-07-12 00:25:25.093000,2022-07-12 00:25:26.593000,0.0109626875,0.0318796472155801,0.03371190329560911,0.063516,0.097558,0.06399790016477185,-1.339837809304837,1.8840822911435204,0.002813375,0.03902564743357085,0.03912692470026235,0.066099,0.131494,0.05925609361267438,-1.1225775469837787,1.689348204755709,-2.7567150625,81.68090268041306,81.72740874775684,109.672556,219.345112,0.09105644619399528,-1.6557973566056936,1.3419311548038058,0.1812708644569488,0.16786334803893618,0.05495941760490925,-0.9976741390216752,0.00041249201231446594,0.0004787491161138308,0.8616037052199778,train
normal_0200_16,normal,0,A,200,normal_0200,16,6934,6949,2022-07-12 00:25:26.693000,2022-07-12 00:25:28.193000,-0.018594812500000002,0.02945841838978026,0.03483626653270267,0.076049,0.09548100000000001,-0.29565488127137973,-1.1796139684962472,2.183041053742333,-0.0007490624999999989,0.0494740221410044,0.04947969241454013,0.078281,0.148899,0.3405872778975295,-1.1920536639291273,1.5820833998757096,-1.0430813750000003,83.04093120253943,83.0474820433453,110.864649,219.345112,0.07054354933077006,-1.7218672641073174,1.334954971207146,-0.027108257356852725,0.2546103619967841,0.05967245780076597,-0.9851482753342172,0.0004194740848918266,0.0005958000314653128,0.7040518005012025,train
normal_0201_00,normal,0,A,201,normal_0201,0,6951,6966,2022-07-12 00:25:33.044000,2022-07-12 00:25:34.544000,-0.002831562499999999,0.0975089652160051,0.0975500694191834,0.27965,0.39258400000000004,1.5813231263517455,3.120961846894464,2.8667329676446784,0.004521125000000003,0.1790536467440956,0.17911071710990664,0.284941,0.567141,0.10384537711930698,-1.2253717810501128,1.5908651620503163,-2.9802324999999996,152.9547533858605,152.9837846606086,219.345112,436.306038,0.048120140775185886,-1.574208196689942,1.4337801387683842,0.5462263016642562,0.2455326185814992,-0.0657303438179181,-0.9811991437248248,0.0006376497328497673,0.0011707823643352798,0.5446355806801015,test
normal_0203_00,normal,0,A,203,normal_0203,0,6981,6996,2022-07-12 00:25:50.128000,2022-07-12 00:25:51.628000,0.008428937500000004,0.06767013585167089,0.06819306616924113,0.150015,0.24471900000000002,0.4171536985390657,-0.301622861422016,2.1998570885153295,0.0089704375,0.06573676381311369,0.06634599359089062,0.169869,0.23776,0.9423782450302247,0.35677297367710326,2.5603505322033975,5.736947562500001,88.86613439986151,89.05112245507702,128.746044,252.72371600000002,-0.04727218971987984,-1.544899357229564,1.4457543088796843,0.2883794191824193,-0.0011996983886648598,-0.1445799569723913,-0.9993134017559729,0.0007657743584719215,0.0007450326482337121,1.0278400017601683,train
normal_0203_16,normal,0,A,203,normal_0203,16,6997,7012,2022-07-12 00:25:51.728000,2022-07-12 00:25:53.228000,-0.00500275,0.0802100399540949,0.08036590083486901,0.172065,0.327893,0.10557855698345774,0.76347435715883,2.1410199874888325,0.0033150625000000003,0.05903743476861604,0.0591304350012538,0.117723,0.183412,0.5673238929223483,-1.1401294745119726,1.9909036691088744,5.140901062499999,90.44474752663099,90.59073472983005,134.706509,265.836739,-0.039625828576232126,-1.5302217927875805,1.4869788770533436,0.08697681898175942,-0.04009133601870818,0.04790954316608697,-0.9994410109627189,0.0008871315711760734,0.0006527205588695055,1.3591292002699615,train
normal_0203_32,normal,0,A,203,normal_0203,32,7013,7028,2022-07-12 00:25:53.328000,2022-07-12 00:25:54.828000,-0.0006040000000000004,0.06506661422246436,0.06506941756597334,0.134997,0.257095,-0.2178202122079495,0.6789981617342922,2.074661262537469,-0.02037425,0.06423963668707584,0.06739318203460941,0.105811,0.200044,0.5996226334131962,-0.907288719892728,1.5700549641009878,4.917383624999999,94.45773918864649,94.58564983307869,139.474881,271.797204,-0.07205276756556102,-1.5026175462735092,1.4745881774470038,0.02653497384468808,-0.08255447482880354,0.09248773561040642,-0.9976367652844036,0.0006879417510035136,0.0007125095842079897,0.9655192944081092,train
normal_0204_00,normal,0,A,204,normal_0204,0,7031,7046,2022-07-12 00:25:57.187000,2022-07-12 00:25:58.687000,-0.006241562500000004,0.09260192118685279,0.09281202998500518,0.191425,0.309546,-0.5821581824529121,-0.37101709070173694,2.062502027279512,-0.009224437499999998,0.19255943532224304,0.19278025412062433,0.292258,0.572693,0.45088362349608896,-1.2725269982422334,1.5160162607583845,-1.1920930000000016,172.76970988887783,172.77382249868657,247.95534400000003,491.14231600000005,0.03804106956851241,-1.6186096618725758,1.4351441694929508,0.6115566634460535,-0.31367146046631833,0.007081334026334349,-0.971695686565931,0.0005371880337121715,0.0011157955026554432,0.4814395043121577,train
normal_0204_16,normal,0,A,204,normal_0204,16,7047,7062,2022-07-12 00:25:58.787000,2022-07-12 00:26:00.287000,-0.028131312500000002,0.07514550092463848,0.08023850105895236,0.184137,0.286807,-0.4793479682389772,0.12563720933692402,2.2948708857947375,-0.0125424375,0.19213319103260398,0.19254214041298207,0.313523,0.610409,0.29779301463663604,-1.227910911243588,1.6283344483837516,-1.6391278749999998,176.39043011131582,176.39804583681075,252.72371600000002,500.67906000000005,0.074656933568237,-1.5776556611315926,1.4326899983563288,0.44296372134832335,0.10819867735146585,0.027453932727673058,-0.9889617327818313,0.00045487182512884836,0.0010915208243922755,0.4167321547732328,train
normal_0204_32,normal,0,A,204,normal_0204,32,7063,7078,2022-07-12 00:26:00.387000,2022-07-12 00:26:01.887000,0.0388961875,0.09518663169743083,0.10282707939029241,0.177533,0.3214,-0.4071469118886629,-0.73834450166102,1.726519911415089,0.013568750000000003,0.18722538138247308,0.18771642019379925,0.3114,0.507094,0.4318404013486225,-1.4797502719938154,1.6588852465783723,-4.544854562500001,180.4723185444163,180.5295362642677,262.26046,522.136734,0.09546974221543914,-1.5252440169096573,1.4527288189345964,0.5747660970288571,0.3514654475766399,0.07743967789108011,-0.9943086332931529,0.0005695859055427321,0.001039810017121027,0.5477788212886933,train
normal_0205_00,normal,0,A,205,normal_0205,0,7079,7094,2022-07-12 00:26:05.260000,2022-07-12 00:26:06.760000,-0.0021071249999999996,0.07176763906165769,0.07179856539130848,0.119742,0.236239,-0.013252080002663594,-1.2217659203571456,1.6677492001044254,-0.0012516874999999993,0.05902224976938649,0.059035520573951915,0.131147,0.20359900000000003,1.0832324451071391,0.037361090269973474,2.2214930727292623,6.258488250000001,92.59414995693864,92.80541622892183,137.090695,271.797204,-0.06448543857173966,-1.508129760332991,1.4771842050882062,0.40235988176006005,0.08716731773931073,0.05091676958179156,-0.9978622131850063,0.0007736462839001115,0.0006361214999384283,1.2161926361158908,train
normal_0205_16,normal,0,A,205,normal_0205,16,7095,7110,2022-07-12 00:26:06.860000,2022-07-12 00:26:08.360000,-0.012447125,0.07209268274491784,0.0731593181086661,0.133095,0.22528199999999998,-0.14422072489323776,-1.3711672053250867,1.8192487770636314,-0.007891124999999999,0.0548640221181821,0.05542860973134722,0.099291,0.179734,0.18759347500338616,-1.056385347463842,1.791331236364147,6.25848825,91.16248193315545,91.37705832093897,131.13023,259.876274,-0.06258490241601927,-1.5264166118826785,1.4350454305438243,0.19732481442480196,0.13139224395832663,0.07216577053507882,-0.9989112335296458,0.0008006311371034989,0.0006065921879063797,1.3198836929747386,train
normal_0206_00,normal,0,A,206,normal_0206,0,7112,7127,2022-07-12 00:26:13.208000,2022-07-12 00:26:14.708000,-0.006385437500000001,0.06820560750954494,0.0685038590724092,0.112766,0.22383,0.14929698868282434,-0.8585568897134976,1.6461262405787287,-0.008179624999999998,0.05352485088124371,0.05414624573319927,0.103402,0.196491,0.07469544724586925,-0.7670813747211676,1.9096799528725223,2.3096801874999984,93.11542578891618,93.14406659803772,133.514416,264.644646,-0.04485428657973976,-1.6173976470668088,1.4334183687317423,0.24457066014608486,-0.0205875484597374,0.22659072717529932,-0.9790781960127962,0.0007354613296844437,0.0005813171757559914,1.2651635980443736,test
normal_0209_00,normal,0,A,209,normal_0209,0,7157,7172,2022-07-12 00:26:31.913000,2022-07-12 00:26:33.413000,0.007706562500000002,0.06283401423390117,0.06330485329192778,0.141816,0.248058,-0.5964735256931762,0.5674000427053123,2.2402073873549826,-0.008318125,0.14865655924726084,0.1488890990326357,0.233279,0.456435,0.27281929934770993,-1.327586118691803,1.566797042333277,1.0430813750000025,167.80210934368492,167.80535128220689,246.76325100000003,489.95022300000005,-0.013551884529917863,-1.612887278722436,1.4705326684427695,0.3423703344890586,0.12980295674018755,0.07114482025446661,-0.9543122467870393,0.0003772516955401783,0.0008872726518848689,0.42518125036173193,train
normal_0209_16,normal,0,A,209,normal_0209,16,7173,7188,2022-07-12 00:26:33.513000,2022-07-12 00:26:35.013000,0.0200674375,0.0751326529304742,0.07776642967365481,0.135056,0.241155,0.049427329485669635,-1.524958341593967,1.7366876757330854,0.012686125000000001,0.15677893922768893,0.15729136515675296,0.302364,0.475021,0.47203362836341517,-1.2313199643815884,1.9223178570461958,-1.1175871875000016,166.61257266369213,166.61632084143426,246.76325100000003,487.56603700000005,0.031192378546387203,-1.6045410254766461,1.4810268871249423,0.6710483780169676,-0.054420674267745994,0.010736351571247148,-0.9612829885247131,0.00046673956837435944,0.0009440333597717855,0.4944100370427491,train
normal_0209_32,normal,0,A,209,normal_0209,32,7189,7204,2022-07-12 00:26:35.113000,2022-07-12 00:26:36.613000,-0.008910375,0.08178633658646398,0.08227028403302739,0.169461,0.316336,-0.14002690194490416,-0.20496941438764393,2.0598081311104983,-0.0018509375000000028,0.15673772873795763,0.15674865734532625,0.23099,0.461681,0.24910768545928308,-1.650794840233062,1.4736330371947992,-3.2782557500000005,165.38464546208334,165.41713307690173,240.80278600000003,481.60557200000005,0.06463234843445964,-1.5681127415300375,1.4557306218579658,0.44211794985537156,0.1214628638217976,0.012449861660359694,-0.9807421211375236,0.0004973504406873034,0.0009475962642421958,0.5248547925471619,train
normal_0210_00,normal,0,A,210,normal_0210,0,7207,7222,2022-07-12 00:26:38.648000,2022-07-12 00:26:40.148000,-0.0070629375,0.03864208695268145,0.0392822602479478,0.077306,0.14343699999999998,0.2610047018295557,-0.3445024867770572,1.9679621160301908,-0.0115794375,0.05476531428053795,0.05597609329939434,0.132939,0.192755,-0.8060124764426613,-0.029255445468682417,2.3749245823384104,-1.6391278749999998,82.23376333939098,82.25009770905785,110.864649,221.729298,0.08004159665545564,-1.6695943982330983,1.3478968668482316,0.08458460589379349,-0.1146353151729415,0.22379966909846774,-0.9951102147734084,0.000477595301915633,0.0006805595963836761,0.7017685217480663,train
normal_0210_16,normal,0,A,210,normal_0210,16,7223,7238,2022-07-12 00:26:40.248000,2022-07-12 00:26:41.748000,-3.1062499999998106e-05,0.04868415420399736,0.04868416411357496,0.111547,0.189985,0.3067765559504229,0.451743032682288,2.2912378600107575,-0.002337749999999998,0.0637883894015008,0.06383121256485733,0.137825,0.254949,0.4374406199321178,0.07403888557231753,2.1592101177767757,-2.9802325000000005,82.05116453515231,82.10527015562822,112.056742,222.921391,0.09034298373847742,-1.6421290987887913,1.3647935362443802,0.09327959944345147,0.1844649924075723,-0.04951716553390482,-0.9963147242049913,0.0005929481021290777,0.0007774313688252541,0.7627015398478946,train
normal_0210_32,normal,0,A,210,normal_0210,32,7239,7254,2022-07-12 00:26:41.848000,2022-07-12 00:26:43.348000,0.006506125,0.04549109732666794,0.045953994369369026,0.084436,0.148058,0.265927285807702,-1.0465571257856685,1.8374028451437823,0.0121829375,0.068684982487503,0.0697570841236752,0.116571,0.20873,-0.2612397103421843,-1.2856191107768082,1.6710990928652705,-3.7252906250000004,81.2569832389871,81.34233286144271,110.864649,220.537205,0.08250820254293441,-1.6340168886998734,1.362939137593277,0.04781857803231956,0.12394764529157348,0.08780660721525148,-0.9966409025633576,0.0005649456162960848,0.0008575741765668112,0.6587717211329432,train
normal_0211_00,normal,0,A,211,normal_0211,0,7257,7272,2022-07-12 00:26:45.464000,2022-07-12 00:26:46.964000,-0.011574625000000002,0.05742179665627309,0.058576741759208496,0.127616,0.222387,-0.013721212572158227,-0.2399861150908551,2.178612127738195,0.010162375,0.14074409194788381,0.1411105002608771,0.242516,0.457106,0.3597964458223706,-1.161561790123437,1.7186247625205082,1.0430813749999999,127.97305398965806,127.97730488721353,183.582322,367.164644,-0.00179480007217976,-1.5868982598953467,1.4344912339089435,0.44207767159885575,-0.2427131092121946,-0.17124488183600842,-0.9592799701527592,0.0004577119498713636,0.0011026212841818935,0.41511256533649254,cal
normal_0211_16,normal,0,A,211,normal_0211,16,7273,7288,2022-07-12 00:26:47.064000,2022-07-12 00:26:48.564000,-0.019035187500000002,0.05223760900589099,0.05559771719965218,0.119408,0.19240400000000002,-0.14367607571332341,-0.7262921624556036,2.147714079180701,0.000566750000000003,0.12942643421385178,0.1294276750887344,0.197954,0.375646,0.29695298954391347,-1.515858301246382,1.52945650815627,-0.5215406875000008,128.60106840289782,128.6021259507615,188.350694,371.933016,0.04113830438168388,-1.5700661972503134,1.4646001581040327,0.15514235824073094,0.30603197654581815,-0.016566588379512606,-0.9727849068272038,0.0004323234689054763,0.001006419405059361,0.4295659113210131,cal
normal_0211_32,normal,0,A,211,normal_0211,32,7289,7304,2022-07-12 00:26:48.664000,2022-07-12 00:26:50.164000,0.033840499999999996,0.077135272457709,0.08423199924835573,0.168931,0.259048,-0.04216246687904847,-1.0056623841321026,2.0055442291226115,0.004235312499999996,0.13757956227884954,0.1376447377447191,0.224543,0.447943,0.2018454797501257,-1.0671558142280209,1.6313228073887251,-0.670552312499999,131.69321250314832,131.6949196431023,193.119066,380.277667,0.07977864095960478,-1.5316734601215074,1.466412421400607,0.20089946905177364,0.10540142578067138,0.07777386723791439,-0.9888500667522421,0.0006395994581767262,0.001045178797464177,0.6119521939485651,cal
normal_0212_00,normal,0,A,212,normal_0212,0,7307,7322,2022-07-12 00:26:53.334000,2022-07-12 00:26:54.834000,0.008673687499999999,0.09353575120957679,0.09393705131196901,0.171601,0.325237,-0.3254668747733223,-0.3770539407482336,1.8267658778228588,0.009854937499999999,0.18313832584602163,0.1834032883751338,0.3051,0.566721,0.08876095968608876,-1.2706429133937691,1.6635470536163302,1.043081374999999,179.9901913137793,179.99321372742293,261.068367,518.560455,-0.013204297658506746,-1.611424543013857,1.4504345002437438,0.4368704596367056,0.21995538636050158,0.007616715483542432,-0.9542832783913102,0.0005218921834143417,0.0010189455734307574,0.512188478975523,train
normal_0212_16,normal,0,A,212,normal_0212,16,7323,7338,2022-07-12 00:26:54.934000,2022-07-12 00:26:56.434000,0.017001999999999996,0.09706234100308936,0.09854017477658542,0.205399,0.377064,-0.12393963234154647,-0.05191241715271033,2.0844188724618116,0.007380062500000001,0.1735167931327069,0.1736736676113063,0.287389,0.519741,0.31378437856055785,-1.4456632899075847,1.6547643862925525,-1.5646220625000016,178.80635955924896,178.8132049403228,261.068367,517.368362,0.03115891871945534,-1.6035540140708855,1.4600060833713544,0.46121456571285385,-0.14298324293613668,-0.03804628445653742,-0.9603566067308846,0.0005510788468305361,0.0009712575067890999,0.5673869627554889,train
normal_0213_00,normal,0,A,213,normal_0213,0,7345,7360,2022-07-12 00:27:01.423000,2022-07-12 00:27:02.923000,-0.014058625,0.06077352867498624,0.06237841553374052,0.103048,0.205108,0.2597850148795207,-1.0387250469445832,1.6519816849830256,-0.009048125,0.06407176350475594,0.06470749141038462,0.100748,0.199885,0.41482968704547124,-1.421304961741165,1.5569758277452153,-2.6077034374999988,90.89193065993568,90.92933067117839,126.36185800000001,251.53162300000002,0.08324739500905828,-1.5825492780146269,1.3896710452753016,0.18934508754868376,0.037262097678289516,-0.03189345025325746,-0.9917226937483234,0.0006860098394358073,0.0007116239714155816,0.964006086067025,train
normal_0216_00,normal,0,A,216,normal_0216,0,7390,7405,2022-07-12 00:27:27.011000,2022-07-12 00:27:28.511000,0.0013378125000000005,0.07884640527571529,0.07885775400800799,0.16628,0.27837100000000004,0.4377088786946116,-0.4674889228597561,2.1086068464886067,0.017972875,0.163714540490023,0.16469813296945718,0.292708,0.532173,0.11444044318239598,-1.3686605840190542,1.7772393330911767,-9.536744000000002,171.79534671691104,172.05984609927214,257.492088,514.984176,0.06371249567696068,-1.489467491086977,1.4965263182406698,0.5778449750878355,0.10180534848769326,0.06801304958921292,-0.998955046827636,0.00045831584646722275,0.0009572142292538869,0.47880174830295097,val
normal_0216_16,normal,0,A,216,normal_0216,16,7406,7421,2022-07-12 00:27:28.611000,2022-07-12 00:27:30.111000,-0.021134562500000002,0.09894241807357497,0.10117446232282383,0.198262,0.351292,0.9715970523232972,0.5379796973584621,1.9596051755372097,-0.0091345625,0.1799472186149208,0.18017891585674642,0.255878,0.5045850000000001,0.16164448906872544,-1.5527171046150043,1.420132865065295,-8.344650999999999,174.15220092151017,174.35200683134636,257.492088,509.02371100000005,0.08387359337301233,-1.4791208203027588,1.4768518738592809,0.5905155583075649,-0.02017851501227442,0.06327157230402644,-0.9977846201310094,0.0005802884874201167,0.0010334203725629412,0.561522206090217,val
normal_0216_32,normal,0,A,216,normal_0216,32,7422,7437,2022-07-12 00:27:30.211000,2022-07-12 00:27:31.711000,0.014416062499999997,0.0818552824169497,0.08311504146400037,0.220958,0.325851,0.8701715107999013,0.949639071869242,2.658459842021538,-0.0015334374999999975,0.16898575895728932,0.1689927162955182,0.294536,0.55983,0.26347307937524317,-1.2036701712438973,1.7428916846625733,-6.482005687500001,176.4393129451771,176.5583403589276,259.876274,512.59999,0.09078587188238875,-1.4925113077039232,1.4719002991968229,0.5246540941764793,-0.14385028880819836,-0.1207771475476145,-0.9958814406721017,0.00047075114828919884,0.0009571494382648299,0.49182617621612035,val
normal_0217_00,normal,0,A,217,normal_0217,0,7440,7455,2022-07-12 00:27:33.464000,2022-07-12 00:27:34.964000,-0.013102437500000001,0.07207874801299682,0.0732599466527413,0.13624,0.265235,0.22041066638055534,-0.5748128439157352,1.8596792138791718,-0.0027259374999999983,0.09708062477231796,0.0971188881806083,0.181833,0.29774,0.9067838238975703,-0.5694347224479039,1.872272257296151,-3.1292441250000014,100.38905545400934,100.43781471010811,144.243253,287.294413,0.08360757358454117,-1.564520818364247,1.4361448764723401,0.4825618791886257,-0.04270642800800399,-0.013341268090381702,-0.9851080428489475,0.0007294060196768536,0.0009669554087862309,0.7543326331794754,train
normal_0217_16,normal,0,A,217,normal_0217,16,7456,7471,2022-07-12 00:27:35.064000,2022-07-12 00:27:36.564000,-0.0016248750000000005,0.09679184143813142,0.09680547912050226,0.150714,0.278325,0.2090013751381204,-1.5402604558309576,1.5568746869419763,0.002967062499999999,0.08177031546079906,0.0818241281679035,0.178926,0.288986,0.8241070468005182,-0.2267327117339093,2.186714408161404,-4.246831312499999,97.1610358690932,97.25380438498046,139.474881,277.757669,0.09872507323208582,-1.523463901556982,1.4341329049492693,0.35042694441767575,-0.02830572466743579,0.05685908139005365,-0.9930034447818369,0.0009953901519090863,0.0008413462967885722,1.183092093836392,train
normal_0217_32,normal,0,A,217,normal_0217,32,7472,7487,2022-07-12 00:27:36.664000,2022-07-12 00:27:38.164000,0.010793375000000001,0.08918222566736252,0.08983299126086697,0.175078,0.310398,-0.0062835766677882205,-0.9258995635748719,1.9489276438718284,0.0074891875,0.0792257979978892,0.07957898590590672,0.177768,0.262237,0.6405729324122472,-0.6560376133934605,2.2338560610735962,-5.066395249999999,94.13242564352743,94.26866880551269,134.706509,269.413018,0.09294249695198924,-1.5095412839334053,1.4289637342595272,0.4520032392088704,0.06107609603554139,0.10425846102707816,-0.9957726915976217,0.000952946428533991,0.0008441721614854612,1.1288531794949546,train
normal_0218_00,normal,0,A,218,normal_0218,0,7490,7505,2022-07-12 00:27:41.443000,2022-07-12 00:27:42.943000,0.015305500000000001,0.0379342082015033,0.040905531192309434,0.113876,0.16007,0.9127675113892417,1.547892271139383,2.7838777955145977,0.010696250000000001,0.02587053856585711,0.02799454464266208,0.065854,0.101828,0.6030201742907048,0.15896492107811877,2.3523868968256867,-0.29802325000000085,86.29355708312355,86.29407170782846,115.63302100000001,231.26604200000003,0.021738761782079372,-1.7218184610478007,1.3399880051031359,0.051820111329867656,0.4790137434171034,-0.11053516014928459,-0.9651712538683499,0.00047402481286091115,0.0003244086654926315,1.4611965193379768,test
normal_0218_16,normal,0,A,218,normal_0218,16,7506,7521,2022-07-12 00:27:43.043000,2022-07-12 00:27:44.543000,-0.004428000000000002,0.05686375556538628,0.05703589993153435,0.118764,0.228723,-0.15397801059559957,-0.041860927510272816,2.082267486663028,-0.004127562500000001,0.05265157693978494,0.052813116992253925,0.112006,0.193437,-0.17906947362894626,-0.39172090893928724,2.120798891995484,0.7450581250000012,86.99305814337592,86.99624863605564,116.82511400000001,232.45813500000003,-0.012978742581670073,-1.7173676752412737,1.3428753059080962,0.479037116730963,0.008548882418556236,0.04641359476597917,-0.957653419853324,0.0006556133261577878,0.0006070734982285834,1.0799570860379208,test
normal_0219_00,normal,0,A,219,normal_0219,0,7528,7543,2022-07-12 00:27:49.507000,2022-07-12 00:27:51.007000,0.007174999999999999,0.056035408844542216,0.056492899282785974,0.104498,0.20776499999999998,-0.2358971250052349,-0.5630829181338335,1.849754594412217,0.001600749999999998,0.18879433706599225,0.18880112316601827,0.266724,0.5317419999999999,0.17213968756289377,-1.6542314576097217,1.4127246465873082,-4.9173836249999985,166.92860603613286,167.00101848456455,240.80278600000003,480.41347900000005,0.09368559682056651,-1.5182874211309565,1.4419240564227862,0.5760177564586588,-0.034956933776506306,0.012578935518781866,-0.9948239639592179,0.0003382787709645463,0.0011305387528727476,0.2992190847991415,train
normal_0221_00,normal,0,A,221,normal_0221,0,7566,7581,2022-07-12 00:28:07.313000,2022-07-12 00:28:08.813000,0.006699750000000001,0.09434158790102856,0.09457918300424253,0.218604,0.39096200000000003,0.5359972520523405,0.5998910903583123,2.311333139663451,0.016669749999999997,0.17821841214732137,0.17899632117274086,0.30786,0.556674,0.1781789786848984,-1.4465962037723945,1.7199236162116367,-8.4191568125,173.53219469147217,173.7363082256339,252.72371600000002,503.06324600000005,0.08002915000083351,-1.4882158158193883,1.4546396120710934,0.5882378570029547,-0.0284622925030824,0.04069500069623842,-0.9979878544287671,0.0005443835198881466,0.0010302758415948134,0.5283861834957415,cal
normal_0221_16,normal,0,A,221,normal_0221,16,7582,7597,2022-07-12 00:28:08.913000,2022-07-12 00:28:10.413000,-0.0205715,0.10356104766634026,0.10558445532368863,0.199015,0.362544,0.21079851958294898,-0.8022763404177184,1.8848892044750603,-0.005224375000000002,0.18374515454831555,0.18381941114617084,0.319533,0.5821609999999999,0.028812132147318068,-1.4221729205356741,1.7382984637346677,-7.078052187499999,176.84985358752743,176.99143916217773,256.299995,509.02371100000005,0.09423233731054695,-1.506456114825398,1.4480926095253208,0.7503525437781442,0.01996483157225857,0.03964042100336044,-0.9958902311475439,0.0005965511994449704,0.0010385779787786043,0.5743923052812372,cal
normal_0221_32,normal,0,A,221,normal_0221,32,7598,7613,2022-07-12 00:28:10.513000,2022-07-12 00:28:12.013000,0.004284999999999997,0.09098413082304517,0.09108497838076815,0.202834,0.345821,0.43002153933582987,0.25603734224793806,2.2268655447452654,-0.010649062500000002,0.19943114565448045,0.19971525827834863,0.319079,0.6257809999999999,0.13991673417939762,-1.2664422962034603,1.597669615985429,-5.215406875000001,179.06058042051978,179.13651757641497,256.299995,510.21580400000005,0.0858929190737826,-1.5457451701502454,1.43075235841106,0.7187060954119194,-0.1870560906003512,-0.03594621602780971,-0.9914648260350956,0.0005084668364277745,0.0011148774185205164,0.45607420868074344,cal
normal_0222_00,normal,0,A,222,normal_0222,0,7616,7631,2022-07-12 00:28:14.008000,2022-07-12 00:28:15.508000,0.001841187499999999,0.08610773789867752,0.08612742012528588,0.134074,0.26651800000000003,-0.13835338163970978,-1.387324080879582,1.5566935571153564,0.003958875000000001,0.10818505306295494,0.10825746347250151,0.200883,0.33396800000000004,0.5913663631702508,-1.1201875315324523,1.8556041639662684,1.0430813750000008,114.44703964173756,114.45179291523712,166.89302,329.017668,-0.02833358834817069,-1.596897140504911,1.458194893666723,0.2333123548887469,-0.0023694417755683187,-0.03476354832132485,-0.9550602777279721,0.0007525213710638134,0.0009458782664302766,0.7955795135285348,train
normal_0222_16,normal,0,A,222,normal_0222,16,7632,7647,2022-07-12 00:28:15.608000,2022-07-12 00:28:17.108000,-0.00961125,0.06456665281948956,0.06527808807613011,0.157087,0.247921,-0.3743299523751446,0.113266354965746,2.4064277099659903,0.0015136250000000002,0.10505420372828674,0.10506510734599285,0.180083,0.308388,0.47222741261923495,-1.3636004260298809,1.7140133822636627,-0.37252906250000084,113.62209690419402,113.62270760199505,165.700927,326.633482,0.032582271674705864,-1.5958558101716818,1.4583434112521585,0.2488849217598173,-0.006279679353845221,-0.014712009792461954,-0.9580185527660173,0.0005745162164660819,0.0009246840667978244,0.6213108207386208,train
normal_0222_32,normal,0,A,222,normal_0222,32,7648,7663,2022-07-12 00:28:17.208000,2022-07-12 00:28:18.708000,0.002041937500000001,0.09563863372512488,0.09566042948660904,0.199095,0.34407299999999996,-0.5458511923744316,-0.61489477872838,2.0812680966257857,0.0047641874999999985,0.10326967715901578,0.10337951297555284,0.179141,0.289497,0.5595918492342712,-1.1812071986000745,1.7328481712074153,-2.8312208750000005,112.04871648546165,112.0844800928407,162.124648,324.249296,0.07044688109958239,-1.564584050433438,1.446450461881168,0.1964947449225292,0.07887225609444197,-0.010073153224683046,-0.9787436940901263,0.0008534672187208482,0.0009223356604761208,0.9253325609033464,train
normal_0223_00,normal,0,A,223,normal_0223,0,7666,7681,2022-07-12 00:28:21.540000,2022-07-12 00:28:23.040000,-0.0277966875,0.0395095565507871,0.04830797961840776,0.107806,0.145617,-0.4962996387149545,-0.3594587061673913,2.2316395935325044,-0.017018437499999997,0.07864004218031101,0.08046044648808817,0.175962,0.333434,0.6208546218936642,0.8823375666819171,2.186937901544586,-3.8743022500000004,80.5010393705079,80.5942154106386,112.056742,220.537205,0.09297710642474434,-1.638195926797549,1.3903819452681003,-0.05551228474615555,0.2706452619855507,-0.12057981156471811,-0.9963837902229609,0.0005993976040621771,0.0009983402168273635,0.6003941281330021,train
normal_0223_16,normal,0,A,223,normal_0223,16,7682,7697,2022-07-12 00:28:23.140000,2022-07-12 00:28:24.640000,-0.0107015625,0.05425481125896665,0.055300162609955315,0.101469,0.186341,0.809792250833587,-0.2426105575440065,1.8348770638467025,-0.016711937500000003,0.059970166556451994,0.06225519843203859,0.133876,0.213998,1.0329988445589493,0.7348023459857052,2.150438893005005,-4.023313875,79.867867907556,79.9691401644133,108.480463,216.960926,0.07488478170119209,-1.6602330812772952,1.3565290657992393,-0.1634440613488654,0.472978593030433,-0.2542834521618783,-0.9971226553289654,0.0006915187845744049,0.0007784902814266157,0.8882818463798522,train
normal_0224_00,normal,0,A,224,normal_0224,0,7706,7721,2022-07-12 00:28:29.532000,2022-07-12 00:28:31.032000,-0.004267874999999997,0.060783373062535576,0.06093302222830409,0.114692,0.21563300000000002,-0.09646046207641312,-0.693890731320189,1.8822634395233435,-0.0171534375,0.1754565302247143,0.17629303564395984,0.287174,0.550248,0.17945169523148136,-1.5185017130939404,1.6289582793274633,8.195639375,167.54361125160935,167.74394229299443,246.76325100000003,491.14231600000005,-0.09231469229719241,-1.4686417070173998,1.4710710123229631,0.5519044112970349,0.05950061256122913,0.15989307292537522,-0.9976503853995262,0.00036325020978625745,0.001050965139092969,0.34563488004916987,train
normal_0227_00,normal,0,A,227,normal_0227,0,7752,7767,2022-07-12 00:28:54.024000,2022-07-12 00:28:55.524000,-0.008340875,0.1009031539230037,0.10124730449436667,0.240181,0.361942,-0.9678554916666225,0.6660947648357043,2.3722211786227207,-0.0001499999999999965,0.19387551522948945,0.19387557325640586,0.310614,0.5712619999999999,0.2679730965720123,-1.6005665457361187,1.6021306592822,-3.4272673750000004,173.39671650423992,173.43058396981627,253.91580900000002,499.48696700000005,0.06934477348642083,-1.5628074675111068,1.4640774607793015,0.608222498196051,-0.0847480357195345,-0.03778515489188301,-0.9868086220291865,0.0005837915215230301,0.0011178857201458068,0.5222282662729475,train
normal_0227_16,normal,0,A,227,normal_0227,16,7768,7783,2022-07-12 00:28:55.624000,2022-07-12 00:28:57.124000,0.004137812499999999,0.06623715399817041,0.06636627202173179,0.155781,0.296116,-0.4211930957417452,1.4949338729555564,2.3472917078872406,-0.0138193125,0.17466833360640915,0.17521415514396232,0.278723,0.51864,0.39569544241962795,-1.2155175278783084,1.590756179322333,-5.215406874999999,171.60181581696318,171.6810521302533,252.72371600000002,499.48696700000005,0.08953531522655042,-1.5116553119767853,1.472053630054994,0.31144941151602773,0.06117113641328213,-0.05755873271089358,-0.9943674468233403,0.0003865672489668815,0.0010205794580698893,0.37877231989163684,train
normal_0227_32,normal,0,A,227,normal_0227,32,7784,7799,2022-07-12 00:28:57.224000,2022-07-12 00:28:58.724000,-0.0016446249999999968,0.10372636324174957,0.10373940053205435,0.224309,0.410227,-0.5212662277864649,0.5895466110485037,2.162235359463938,-0.013650312500000006,0.17382113221021156,0.1743562933598541,0.331539,0.5810489999999999,0.7835738018090393,-0.4907320371850936,1.9015029145850009,-7.3760754375,169.96065996918225,170.12064079946228,253.91580900000002,507.83161800000005,0.08553262704284126,-1.4826674116985648,1.4925632057741614,0.5592558512084095,-0.12276854636411086,-0.12816347352422194,-0.996757069945094,0.0006097990228848366,0.001024897934433393,0.5949851223204575,train
normal_0228_00,normal,0,A,228,normal_0228,0,7802,7817,2022-07-12 00:29:02.224000,2022-07-12 00:29:03.724000,-0.0040408125,0.09334138666088769,0.09342881048925701,0.172485,0.33102699999999996,-0.13495424430044703,-0.6800598393750072,1.8461650008894561,-0.004786312500000004,0.18837054088475416,0.18843133884936045,0.292774,0.571364,0.3805249176446522,-1.265337969281923,1.5537436701760912,3.203749937499997,169.93322236136825,169.96341981667777,245.57115800000003,483.98975800000005,-0.03596791455700054,-1.606295993691166,1.444847122191779,0.6157359624215302,0.06400353902049628,0.029898944439551555,-0.9718264802631149,0.0005496995211677263,0.001108658198644168,0.4958241609902679,test
normal_0228_16,normal,0,A,228,normal_0228,16,7818,7833,2022-07-12 00:29:03.824000,2022-07-12 00:29:05.324000,0.013729875,0.06825245982826827,0.06961973671398794,0.15315,0.277065,-0.5788530486222279,0.6244829640867349,2.199807227498883,-0.011556375000000006,0.18661154728334572,0.1869690332184049,0.289164,0.562872,0.11050129176202986,-1.5494138778988,1.5465876622585817,0.8940697499999999,172.08436400838855,172.08668657653163,243.18697200000003,486.37394400000005,0.007022788662117527,-1.6229225752149878,1.4131655204590632,0.6503115284192472,-0.02866463367268058,-0.014168273185161746,-0.9579076031351983,0.0004045620152203125,0.001086481685120102,0.37235971923041794,test
normal_0228_32,normal,0,A,228,normal_0228,32,7834,7849,2022-07-12 00:29:05.424000,2022-07-12 00:29:06.924000,-0.005483999999999997,0.08656393696352425,0.08673747424628528,0.150096,0.285194,0.3689872735377191,-0.8444949078234707,1.7304631164819535,-0.0076501249999999955,0.20052768984135175,0.2006735627969589,0.307295,0.584716,0.29708338185157424,-1.4097254248630873,1.5313178064761848,-1.3411046249999972,173.22196025795657,173.22715167439625,247.95534400000003,494.71859500000005,0.04895450755048767,-1.605138822499175,1.4313884492314777,0.7037128920330831,-0.01890194884032537,-0.00850577311684779,-0.9741422402413967,0.0005007152366582811,0.0011584417388225137,0.4322316952833796,test
normal_0229_00,normal,0,A,229,normal_0229,0,7852,7867,2022-07-12 00:29:09.592000,2022-07-12 00:29:11.092000,-0.008672625000000002,0.07062782775655341,0.0711583057555476,0.170482,0.31955999999999996,-0.0026771937756990233,1.2971186067392075,2.3958130845001038,0.001184124999999996,0.13368014486072483,0.13368538918670206,0.265302,0.444333,0.5353049210457707,-0.848683674655748,1.9845250226222184,5.066395249999999,135.91853411093123,136.01292686981483,208.616275,411.272085,-0.10537282036553859,-1.451501789452247,1.5337974102981966,0.5451368984736441,-0.044852070301960006,0.00949506784863625,-0.9923603033280249,0.0005231731085653129,0.0009828873788934739,0.532281846119844,train
normal_0229_16,normal,0,A,229,normal_0229,16,7868,7883,2022-07-12 00:29:11.192000,2022-07-12 00:29:12.692000,0.008655312500000002,0.060424946833570685,0.06104169586694409,0.151806,0.22789399999999999,-1.3384351801839531,1.7394541576861435,2.4869230424216884,0.004707937500000001,0.13244092022599582,0.13252457140399473,0.19808,0.32752000000000003,0.5711731536949297,-1.6836407052964464,1.4946662185094923,4.5448545625,134.47238283724266,134.5491636871825,203.847903,402.927434,-0.084896241157794,-1.5020423149787623,1.5150439988904894,0.3586002087148663,0.1136401237101036,0.0089189154211263,-0.9911578868196216,0.00045367577318326417,0.0009849527694732105,0.4606066272862067,train
normal_0230_00,normal,0,A,230,normal_0230,0,7895,7910,2022-07-12 00:29:17.574000,2022-07-12 00:29:19.074000,0.008115625000000001,0.03925749897929535,0.040087586548082435,0.089516,0.165497,-0.09378049610552652,0.48493873791432884,2.2330104580536774,-0.0013411875000000004,0.051418408519248664,0.051435897178551286,0.123165,0.23742,-0.08519917783782174,1.607047519460382,2.394533910285513,-1.6391278749999998,82.28990758375647,82.30623081112257,110.864649,218.153019,0.07892352581355107,-1.711493648605984,1.346977597047466,0.1948543413440133,0.4076168798011376,0.2228362771353911,-0.9859392561862295,0.0004870540924183001,0.000624933211880241,0.779369832102373,train
normal_0230_16,normal,0,A,230,normal_0230,16,7911,7926,2022-07-12 00:29:19.174000,2022-07-12 00:29:20.674000,0.03224075,0.060762194660310784,0.068785974300725,0.131523,0.205653,-0.0865452291806175,-1.1458906241157976,1.912061308094516,0.009677875,0.05317846417239196,0.05405192241030841,0.107602,0.197433,0.1384295860699829,-0.40682963545341266,1.990715504680716,-2.6822092499999997,81.46180838984074,81.5059536021996,109.672556,218.153019,0.09180274815355888,-1.659569821045134,1.345577238875962,-0.08055632745315067,-0.057538999675166604,-0.05623286709816366,-0.9940619911894758,0.0008439380347163827,0.0006631653274571308,1.2725907096989137,train
normal_0231_00,normal,0,A,231,normal_0231,0,7927,7942,2022-07-12 00:29:25.707000,2022-07-12 00:29:27.207000,-0.0008236874999999998,0.10336216756852984,0.10336544947690451,0.220753,0.40785499999999997,0.008083692797017107,0.2492687164078493,2.1356555901140255,0.008245062499999997,0.16916104888739486,0.16936186559055288,0.282646,0.518605,0.2655664351071608,-1.470716643110668,1.6688880877311627,-2.5331976250000006,149.42522880242686,149.44669983932374,215.768833,427.961387,0.07273403397648949,-1.54644298929487,1.4437845280757748,0.6065619470390929,-0.14753405883376297,0.16282930529428855,-0.9854856535047731,0.0006916542793386334,0.0011332593210331226,0.6103230447803375,train
normal_0233_00,normal,0,A,233,normal_0233,0,7947,7962,2022-07-12 00:29:35.745000,2022-07-12 00:29:37.245000,-0.0164175,0.03768844852703544,0.04110904351386687,0.118495,0.167109,-1.1081018772316866,2.3780722676465444,2.8824557778881275,-0.017161062499999997,0.06826500535090138,0.07038901208063301,0.136249,0.254517,0.6187389530653975,0.05626481362135083,1.935657227919638,2.0116569375,82.23251450407801,82.25711644166475,109.672556,216.960926,-0.06217685908105792,-1.7310813731569892,1.3332895771732745,0.15170901085628724,0.057575049853830676,0.26530223456115826,-0.9773029986421439,0.0004997627596515696,0.0008557194213165936,0.5840264310965901,train
normal_0233_16,normal,0,A,233,normal_0233,16,7963,7978,2022-07-12 00:29:37.345000,2022-07-12 00:29:38.845000,0.022167375000000003,0.03653124386035021,0.0427308353811975,0.115564,0.165576,0.6295800748810347,1.7311327089626563,2.704463860092253,0.0002825625000000007,0.05713761805388017,0.057138316727372185,0.102726,0.198069,0.041036513266900845,-0.8542707935104183,1.797847852083976,1.4156104375000003,82.65106119689219,82.66318327939697,109.672556,218.153019,-0.011711206637240066,-1.7676830175853577,1.326740051000853,-0.15456750496708158,0.28594217082411405,0.0035097645983161643,-0.942186562938404,0.000516927048850389,0.0006912184416398271,0.7478490412148813,train
normal_0233_32,normal,0,A,233,normal_0233,32,7979,7994,2022-07-12 00:29:38.945000,2022-07-12 00:29:40.445000,-0.0029987500000000005,0.04132872447750475,0.041437374054107246,0.08062,0.13911099999999998,-0.6412285670215135,-0.5684675356370641,1.9455866072673829,0.0037453124999999995,0.06620059472610382,0.06630645600401593,0.120164,0.235035,-0.20884070553672465,-0.5316326658833939,1.81225188679549,-0.2980232500000004,82.29489932751258,82.29543895735031,109.672556,218.153019,0.03480921164941274,-1.7591235104133613,1.332668704238128,0.23895421702422767,-0.5040296991951825,-0.09206729258033756,-0.9560676831424694,0.0005035196917241332,0.0008057124045280238,0.6249372467078853,train
normal_0234_00,normal,0,A,234,normal_0234,0,7997,8012,2022-07-12 00:29:42.284000,2022-07-12 00:29:43.784000,0.016195875000000002,0.06243526391879332,0.0645016941453866,0.1022,0.178189,-0.06450086383673861,-1.5784619371759394,1.5844545070342113,-0.0016476874999999998,0.08862166134030011,0.08863697723192336,0.171299,0.31372500000000003,0.11724781071717051,-0.9150395462498508,1.9325907239795315,-1.192092999999999,102.80549487209707,102.8124061658778,151.395811,298.02325,0.0629633635147932,-1.5681759076522412,1.4725441865035005,0.29933357036901753,0.002205602219519735,-0.1466448731419733,-0.9759952542515716,0.0006273726736958125,0.0008621233617362893,0.7277063834951693,cal
normal_0234_16,normal,0,A,234,normal_0234,16,8013,8028,2022-07-12 00:29:43.884000,2022-07-12 00:29:45.384000,-0.015479125,0.05372938157083492,0.05591466493461263,0.119552,0.186137,-0.2481886555231358,-0.847318600340202,2.1381152894290922,-0.0021615625000000016,0.09293157866339673,0.09295671393348895,0.149659,0.28538699999999995,0.2364986494045203,-1.3938712154747137,1.6099859135197254,-1.7136336875000007,103.81306894055179,103.82721138155783,151.395811,300.407436,0.08081819216803578,-1.5273860804654222,1.4581515672575551,-0.13038397655734818,-0.04984434383593498,-0.13443857840942816,-0.9899288760629882,0.0005385357479084177,0.000895302037843234,0.6015129254097761,cal
normal_0234_32,normal,0,A,234,normal_0234,32,8029,8044,2022-07-12 00:29:45.484000,2022-07-12 00:29:46.984000,-0.0023995625000000007,0.07983773360696116,0.07987378548489799,0.150327,0.284377,0.21658875750051187,-0.6486293890741446,1.8820567860580846,-0.009236625,0.09488752192983213,0.09533602183526958,0.159264,0.309354,0.20358199794832815,-1.325965543041491,1.6705542871842407,-2.533197625,105.61624003802608,105.64661494802968,156.164183,312.328366,0.08407459776241528,-1.474849587406481,1.4781749805880788,0.08536036954482457,0.14915789819181158,0.029755780965840466,-0.9956245891403365,0.0007560468030536518,0.0009024048889987422,0.8378132834503135,cal
normal_0235_00,normal,0,A,235,normal_0235,0,8047,8062,2022-07-12 00:29:50.008000,2022-07-12 00:29:51.508000,-0.03472125,0.07187175629767578,0.07981926180362106,0.149747,0.243062,0.21641981016689965,-0.864847712867371,1.8760759823665345,-0.005037374999999999,0.17323184007814318,0.1733050650262421,0.30231,0.583354,0.04581694044004483,-1.029625707941965,1.744380638582166,1.0430813750000008,175.20161813541876,175.20472315558155,251.53162300000002,498.29487400000005,-0.016291281727990315,-1.630034506387329,1.4356440766533463,0.3874311665472109,-0.037326615951549,0.05340887861977609,-0.9561583205236736,0.0004555771121121071,0.0009891574947574185,0.46057085401130493,val
normal_0235_16,normal,0,A,235,normal_0235,16,8063,8078,2022-07-12 00:29:51.608000,2022-07-12 00:29:53.108000,0.011058812499999996,0.10828132061280164,0.108844576013518,0.201495,0.38038,-0.5942117645001498,-0.6128647147241075,1.8512176479512883,-0.0012565625000000007,0.1792750501666255,0.17927945381878677,0.311891,0.525543,0.5030309365370912,-1.3916763612768783,1.7396918238899544,3.3527615624999987,175.96561592913162,175.99755395860942,255.10790200000002,504.25533900000005,-0.05390829263031783,-1.6006811057250847,1.4494968609620311,0.5720499655116997,-0.12665372565266889,-0.026808178266248137,-0.9764920623023718,0.0006184436860930223,0.0010186474174575697,0.6071224208633335,val
normal_0236_00,normal,0,A,236,normal_0236,0,8088,8103,2022-07-12 00:29:58.044000,2022-07-12 00:29:59.544000,-0.0013188749999999971,0.0745584148385303,0.07457007881516553,0.136968,0.261363,0.07571195939154406,-1.093340031230603,1.8367688780308011,-0.0008650625000000021,0.060612395615984305,0.0606185684047182,0.120535,0.22201300000000002,-0.0376892758560161,-0.41023446671928543,1.9884171331010558,4.47034875,94.40847854961433,94.51425733718493,134.706509,267.028832,-0.09285368219629413,-1.5755419240677764,1.4252506742916782,0.5130610740726845,0.020683067049360692,-0.008167393406404962,-0.9854800891290662,0.0007889823283394439,0.0006413695680690592,1.2301524232195729,val
normal_0239_00,normal,0,A,239,normal_0239,0,8132,8147,2022-07-12 00:30:15.875000,2022-07-12 00:30:17.375000,0.004550312499999999,0.07716943514818443,0.07730347382192794,0.131481,0.22764399999999999,0.20931785844741935,-1.3252318404747976,1.7008420643925064,0.0037664375000000007,0.08891216135178637,0.08899190124773995,0.172127,0.28086900000000004,0.7411456157943064,-0.6565835331850729,1.934187241610049,0.14901162499999998,104.46798963648996,104.46809591044608,150.203718,299.215343,0.0015350341419910329,-1.6326231622036267,1.4377951152547108,0.18060381620377455,0.07334942464403069,0.011271004007387331,-0.9493697452418064,0.0007399720761465332,0.0008518572150872464,0.8686574029554307,test
normal_0239_16,normal,0,A,239,normal_0239,16,8148,8163,2022-07-12 00:30:17.475000,2022-07-12 00:30:18.975000,-0.004518750000000002,0.08134727791965445,0.08147268699693168,0.149703,0.296967,0.2390541933445206,-0.5885761524780975,1.8374624124725127,-0.0002141249999999999,0.09255503628846665,0.09255528397598378,0.161932,0.28407,0.6809193030716609,-1.1634383320276416,1.7495705598182603,-2.086162749999999,101.53586959306939,101.55729855131182,144.243253,286.10232,0.061214979798289534,-1.6063049194144106,1.420314000643894,0.1614107074010522,-0.07442852896984166,0.0024349062328713976,-0.9724423532954765,0.0008022336962396416,0.000911360239945928,0.8802597053029645,test
normal_0239_32,normal,0,A,239,normal_0239,32,8164,8179,2022-07-12 00:30:19.075000,2022-07-12 00:30:20.575000,-0.004527187500000001,0.06590759990530184,0.06606290299356743,0.138282,0.25690199999999996,0.2892655220133388,-0.11817939693355717,2.0931868527404034,0.00045612499999999993,0.0843670332023082,0.08436826619870175,0.176248,0.273455,0.6635922614651615,-0.7573349810403762,2.089031906675736,-3.2037499375000005,98.65309540777164,98.70510243749774,141.859067,278.949762,0.08413146097174751,-1.5556749039485225,1.4372009500707252,0.16139281259630534,0.01659871298951618,0.008169158275990653,-0.9895735855555838,0.0006692957239510483,0.0008547508093831887,0.783030231271767,test
normal_0240_00,normal,0,A,240,normal_0240,0,8182,8197,2022-07-12 00:30:22.688000,2022-07-12 00:30:24.188000,0.008994375,0.04456691743866043,0.04546546944247909,0.104843,0.19595800000000002,-0.4297192262020993,2.0288854475452247,2.305991806213345,0.012498000000000002,0.03850754851162302,0.040484951480457526,0.075751,0.135297,-0.23696763988530284,-0.7306949125278797,1.8710902997269425,-3.5017731875000004,84.2720684448278,84.3447919875699,118.01720700000001,232.45813500000003,0.06456333979788756,-1.606293835077971,1.3992234045392216,0.29798388480230914,0.015832793290875734,-0.09740359994228306,-0.9977681431002204,0.000539042996859598,0.0004799934948730906,1.1230214630348687,train
normal_0240_16,normal,0,A,240,normal_0240,16,8198,8213,2022-07-12 00:30:24.288000,2022-07-12 00:30:25.788000,0.006738,0.0730923068147394,0.07340222039897704,0.127513,0.233559,-0.05136270895148833,-1.4995019938313672,1.7371817815170216,0.004661437499999999,0.05514544259271199,0.05534210728109745,0.101034,0.184502,-0.09897169414870804,-1.0584122225922195,1.8256261816490134,-3.6507848124999995,84.80159149668494,84.8801399039717,120.40139300000001,239.61069300000003,0.060687787586904365,-1.5967558821549384,1.4184872119227765,0.6782893756631629,0.23228923681729408,0.09042442117371224,-0.9981179991907005,0.0008647749695278532,0.0006520030167682122,1.3263358409203214,train
normal_0240_32,normal,0,A,240,normal_0240,32,8214,8229,2022-07-12 00:30:25.888000,2022-07-12 00:30:27.388000,-0.0120971875,0.06246684106609957,0.06362741687501937,0.100665,0.187386,0.006356225137161057,-1.6819484826296358,1.5821010021156758,-0.0076781875,0.03756770749296986,0.03834432434614672,0.086317,0.130278,-0.2838107089404144,-0.5902520262380846,2.2511023853436116,-3.9488080625000013,85.45498397952096,85.54617099587011,120.40139300000001,238.41860000000003,0.039104989532037074,-1.6017526816421073,1.407443391076061,0.2827722692231268,-0.12467430756501598,0.1772773991147178,-0.9995093416756987,0.0007437786651852728,0.00044822958058517734,1.659369879636786,train
normal_0241_00,normal,0,A,241,normal_0241,0,8232,8247,2022-07-12 00:30:29.999000,2022-07-12 00:30:31.499000,0.017127999999999997,0.08811118464758036,0.08976051049320073,0.150713,0.285364,-0.4854048043069672,-0.814076774512356,1.6790568499654017,0.010675749999999998,0.20429316498524247,0.20457191620002488,0.323089,0.603948,0.2426462932374857,-1.387512139189143,1.5793419057779776,9.685755625000002,165.34617563320396,165.62962192359657,243.18697200000003,485.18185100000005,-0.06281633915819675,-1.4934622455243929,1.4682577257356775,0.4338344407096076,-0.014354278879941706,-0.06343002767103817,-0.9988190299304229,0.0005419351288177573,0.0012351167250408386,0.4387723992644002,train
normal_0241_16,normal,0,A,241,normal_0241,16,8248,8263,2022-07-12 00:30:31.599000,2022-07-12 00:30:33.099000,0.003862562500000004,0.09116085871069388,0.09124265203257464,0.174419,0.328212,-0.22975551501140315,-0.48958384762606144,1.9115950283616314,0.007177500000000005,0.20722330843319725,0.20734757308502552,0.330662,0.58819,0.2769989654518452,-1.6426131855522723,1.594723271076859,8.7171800625,169.3316173237887,169.55584877476818,250.33953000000002,494.71859500000005,-0.07639776199832012,-1.4942906876728461,1.4764429054437511,0.6870792683760409,-0.13898833644337916,-0.05180089836508899,-0.9973813844553625,0.0005381274234531305,0.0012228865862389596,0.44004687720728436,train
normal_0242_00,normal,0,A,242,normal_0242,0,8275,8290,2022-07-12 00:30:38.043000,2022-07-12 00:30:39.543000,-0.006569,0.05933694363653221,0.05969945260322745,0.153543,0.23880400000000002,-0.7622117603922819,0.9711188810821176,2.5719331301154886,-0.0075238749999999984,0.12300065320805974,0.12323055377878085,0.188511,0.359524,0.6686984802400853,-1.1031174629616551,1.5297423749178984,-5.811453375000001,129.28018779414154,129.41074123278293,191.926973,381.46976,0.09519783700669598,-1.4515308988205706,1.4830837932901058,0.30108406958527184,-0.16762425487236296,-0.10720998619518282,-0.9969622875504173,0.0004613176003361312,0.0009522436283485525,0.484453333792509,train
normal_0243_00,normal,0,A,243,normal_0243,0,8304,8319,2022-07-12 00:30:46.032000,2022-07-12 00:30:47.532000,0.005208187500000001,0.057343113547115174,0.057579144560443926,0.103727,0.192881,0.00883728900536607,-1.14205271365869,1.8014682363179637,0.005911562500000001,0.055769210282162814,0.05608164928644218,0.125485,0.223557,0.3618564575046837,0.19707103709198392,2.2375411849796683,-2.6822092500000005,80.72580148631917,80.77034896587607,108.480463,216.960926,0.09299106143821287,-1.663534925857009,1.3430728527102307,-0.17737384214604948,0.19538917267247724,-0.1378712265704629,-0.9942314406966297,0.0007128747776584452,0.00069433461665661,1.026702054826404,test
normal_0245_00,normal,0,A,245,normal_0245,0,8326,8341,2022-07-12 00:31:02.945000,2022-07-12 00:31:04.445000,0.0055986874999999995,0.0395592768809017,0.039953494078271805,0.090408,0.172524,-0.08435801454762898,0.8285764494537058,2.262830875889957,-0.004772687500000002,0.039761651214956395,0.040047065476917276,0.084521,0.146128,0.6787773893450627,0.003842346539959074,2.1105416587569206,2.9057266874999996,82.45067170762502,82.50185763133463,109.672556,219.345112,-0.07910577730111909,-1.7107619871552473,1.3293343828702566,0.19451764700917176,-0.04806962207633394,0.16680986726040611,-0.9858974969070948,0.0004842738724357797,0.00048540804566935225,0.9976634642880536,test
normal_0245_16,normal,0,A,245,normal_0245,16,8342,8357,2022-07-12 00:31:04.545000,2022-07-12 00:31:06.045000,0.004902625,0.0379223098285742,0.03823790416098926,0.091873,0.166484,0.1350280961996185,0.7934554915597256,2.4026682951344878,-0.0018391249999999992,0.04845441744680638,0.04848930759327256,0.110679,0.191723,0.42855682770273834,0.11134060074735208,2.2825444514154225,3.6507848125000004,81.77083354173462,81.85229042523643,109.672556,218.153019,-0.09517801419977386,-1.6646341678381371,1.3398837763761111,-0.04020581753822282,0.23967304082756608,-0.012256072024624016,-0.9926743760506425,0.00046715741199588803,0.0005924001312774809,0.7885842479279785,test
normal_0245_32,normal,0,A,245,normal_0245,32,8358,8373,2022-07-12 00:31:06.145000,2022-07-12 00:31:07.645000,-0.00632075,0.049940335831244666,0.05033874276836878,0.071698,0.141166,0.1447220026420868,-1.7225430960298596,1.4243105023483558,0.00038593749999999913,0.06230752421103404,0.062308719462547936,0.12118,0.236363,-0.042330091809366,-0.474551175770602,1.9448321365814294,4.1723255,81.1411741581721,81.24837502279519,110.864649,219.345112,-0.08441221438724072,-1.6525867738060864,1.3645152776150369,0.05817791153527389,-0.13112424011534937,-0.06015847971977809,-0.9960335041385826,0.000619566148298297,0.0007668918848539,0.8078924298649086,test
normal_0246_00,normal,0,A,246,normal_0246,0,8376,8391,2022-07-12 00:31:10.998000,2022-07-12 00:31:12.498000,-0.00022799999999999557,0.09666400596848343,0.09666427485826913,0.192893,0.313407,-0.3359175647528806,-1.1012789384184005,1.9954942017909216,0.0036196875000000014,0.10080541311216795,0.1008703794496308,0.164894,0.282764,0.4746294523477216,-1.430197566581002,1.634711804393867,-1.0430813750000008,113.5667051768069,113.57149529468498,169.277206,332.593947,0.0649566908280061,-1.5612385347249498,1.4904902463490062,0.2318155847792083,-0.05437989582559821,0.023057366918968907,-0.973359151891631,0.0008511314798440706,0.0008881663412804553,0.9583018859023726,train
normal_0246_16,normal,0,A,246,normal_0246,16,8392,8407,2022-07-12 00:31:12.598000,2022-07-12 00:31:14.098000,0.005822625000000003,0.09299001267600933,0.09317212791052376,0.15865,0.31402,-0.01079656978247341,-1.0798661445591367,1.7027624414927691,0.005489250000000002,0.11116235893924481,0.11129780730319892,0.199601,0.32431699999999997,0.5791312198176829,-1.224586727598399,1.7933956188035618,0.8940697500000003,112.13716356647916,112.14072771947383,164.508834,327.825575,0.00789258902831263,-1.605628449529257,1.4669856112538155,0.19720037521344833,0.05213318465211343,0.0019846190842472047,-0.9462776803448818,0.0008308500382091236,0.0009924833694821072,0.8371425292926306,train
normal_0246_32,normal,0,A,246,normal_0246,32,8408,8423,2022-07-12 00:31:14.198000,2022-07-12 00:31:15.698000,-0.0006584999999999998,0.0909581256753623,0.09096050928081373,0.17366,0.334194,-0.018053914772667105,-0.4632812891501459,1.9091801637112211,-0.006005937499999993,0.10578528724701555,0.10595564299832029,0.191177,0.303439,0.7539615183446748,-1.0632564401606093,1.8043116401363422,2.2351743750000006,111.05745540378352,111.07994600849437,160.932555,319.480924,-0.04309445525951482,-1.5845476620936865,1.4487993628273224,0.16152221917417892,-0.030874471743765286,0.07167001664855198,-0.96272869384028,0.0008188742662321595,0.0009538683336253852,0.8584772524315266,train
normal_0247_00,normal,0,A,247,normal_0247,0,8426,8441,2022-07-12 00:31:17.932000,2022-07-12 00:31:19.432000,0.005490999999999999,0.08341939076812417,0.0835999152937669,0.16162,0.2933,-0.45902857086091253,-0.6983851699750527,1.9332555473540078,-0.0078730625,0.06980826963321461,0.07025083360581923,0.15745,0.254586,1.0635039177304748,0.42656607759601783,2.241254543447263,-3.5017731875,89.6128396961834,89.68123245066694,127.55395100000001,255.10790200000002,0.0751342392229582,-1.5237987517694744,1.4223037252545185,0.3761996790827154,-0.1122538787051485,0.0744667093105865,-0.997583946015252,0.0009321896344338785,0.0007833392972656097,1.1900202602982621,train
normal_0247_16,normal,0,A,247,normal_0247,16,8442,8457,2022-07-12 00:31:19.532000,2022-07-12 00:31:21.032000,-0.0003459999999999982,0.07338152248267271,0.07338233818757071,0.150221,0.283389,0.018309791906660777,-0.1480912887284287,2.047100211171031,0.0014038750000000006,0.05072837887203153,0.05074780081934586,0.105883,0.162352,0.7681010300772777,-0.5848993422783431,2.0864549456424077,-2.235174375000001,92.36978111001568,92.39682065308777,133.514416,264.644646,0.07688085652394808,-1.5564247244613236,1.4450109328035428,0.46910860086269357,-0.16938817706776366,0.06934600701691873,-0.991168435173544,0.0007942084767515036,0.00054923752203426,1.4460200639787373,train
normal_0247_32,normal,0,A,247,normal_0247,32,8458,8473,2022-07-12 00:31:21.132000,2022-07-12 00:31:22.632000,-0.005969437500000001,0.08909467521194009,0.08929443059445252,0.159747,0.29405000000000003,0.01354934076944157,-0.9284593491749344,1.7889917538700828,0.002024874999999998,0.06067016418396587,0.06070394501904304,0.129487,0.21175,0.5089134111874488,-0.9184399540982198,2.1330903610857495,-1.266598812499999,93.9075646911835,93.91610606696085,133.514416,265.836739,0.06149554154829545,-1.6067043747546619,1.4216349206898136,0.2702834443852136,0.2592053173045184,-0.04582882807088202,-0.9756343985419192,0.0009507893196805547,0.0006463635212448223,1.470982331814523,train
normal_0248_00,normal,0,A,248,normal_0248,0,8476,8491,2022-07-12 00:31:25.907000,2022-07-12 00:31:27.407000,-0.0060888750000000005,0.05843456868035714,0.05875094225308221,0.144323,0.224692,0.9570764625137218,0.8503299803991666,2.4565223035623482,0.008524437499999999,0.1780318820390637,0.1782358467229937,0.299218,0.5294369999999999,0.05700926741029909,-1.3569371120457177,1.6787756531660627,5.885959187499998,166.43229403549262,166.53634141974416,243.18697200000003,481.60557200000005,-0.08562739535568017,-1.5190243363846903,1.4602636873537582,0.6658749394431537,0.16822014697738946,-0.04818604191262406,-0.9912257378952782,0.00035278151154410334,0.00107025196544796,0.32962472663756764,train
normal_0248_16,normal,0,A,248,normal_0248,16,8492,8507,2022-07-12 00:31:27.507000,2022-07-12 00:31:29.007000,0.006572937499999997,0.08684478257822166,0.08709316717422498,0.218494,0.34990699999999997,0.5945379154737493,0.8017220183713683,2.508738711533076,0.0207915625,0.18687349515179003,0.18802657328536704,0.314386,0.572739,0.08916547402947883,-1.3427636695385825,1.672029620636961,3.5762789999999995,167.64172059181686,167.67986239996333,239.61069300000003,478.02929300000005,-0.05172320108079274,-1.57794878135761,1.4289771566514144,0.5199663918813341,0.004243509492684653,-0.04663481613893258,-0.9788039193263168,0.0005194014709201242,0.0011213426024698847,0.463196056027911,train
normal_0249_00,normal,0,A,249,normal_0249,0,8511,8526,2022-07-12 00:31:33.901000,2022-07-12 00:31:35.401000,-0.0023905624999999986,0.08195272128105993,0.08198758024504382,0.157864,0.289327,-0.14799463415817798,-1.1344708903484504,1.9254623630576404,-0.010616874999999998,0.11304229588514371,0.11353976701468962,0.205656,0.338021,0.7906336690356727,-0.9068051522707443,1.811312506686688,7.078052187499999,117.72066914132085,117.93326403457722,181.198136,355.243714,-0.08171599364919531,-1.461539752552241,1.5364463748486938,0.35200671780169174,0.11972769005096236,0.13332553400003946,-0.9968519236168366,0.0006952031805123755,0.0009627459050179476,0.7221045313087209,cal
normal_0251_00,normal,0,A,251,normal_0251,0,8543,8558,2022-07-12 00:31:51.200000,2022-07-12 00:31:52.700000,-0.0014818750000000019,0.0855354303336306,0.08554826588467472,0.166054,0.297569,-0.2735760579914761,-0.7457367201401404,1.9410562947453882,0.0030156874999999967,0.1542827926705206,0.1543122629129406,0.289477,0.498159,0.6038392762850531,-0.842347525519469,1.8759170174525677,7.003546375,152.08525325043485,152.24642497633786,227.689763,445.842782,-0.0906612976256101,-1.5065313475120763,1.495534381417413,0.35239972795612645,-0.02851446172370516,-0.059988266787882216,-0.9939293217928231,0.0005619065662656488,0.001013569040697828,0.554384105772197,train
normal_0251_16,normal,0,A,251,normal_0251,16,8559,8574,2022-07-12 00:31:52.800000,2022-07-12 00:31:54.300000,-0.0007899374999999972,0.08717555503369964,0.08717913395238278,0.173148,0.317858,0.0019938398958031225,-0.5928780202261761,1.986117458961836,0.008697187500000002,0.16409752426652374,0.16432783860567418,0.283789,0.49364,0.3371807987060398,-1.4474934440750542,1.7269684942487942,8.493662624999999,148.1639454681577,148.4072000998554,222.921391,443.458596,-0.08402731778011709,-1.4772070377950677,1.5020928287172584,0.6380960141890494,-0.06782510269430271,-0.0450234152301183,-0.9960207987334702,0.0005874319702394797,0.001107276725759307,0.5305195680299815,train
normal_0251_32,normal,0,A,251,normal_0251,32,8575,8590,2022-07-12 00:31:54.400000,2022-07-12 00:31:55.900000,-0.00033168750000000125,0.05997480249729751,0.05997571968044652,0.170936,0.28152699999999997,-0.9739995708740044,3.532687755819774,2.8500866835905447,0.007455375,0.15000786638784772,0.15019301779585162,0.333346,0.530198,0.566757550839979,-0.585164637451073,2.2194507101062264,9.387732375000002,143.9250978897557,144.23093746391717,214.57674,427.961387,-0.07175109623327326,-1.4788761844786205,1.4877303286868084,0.38230196782717213,0.17366656609268633,-0.06736071717410926,-0.9976821424818849,0.0004158311714187595,0.0010413370420852045,0.3993242865788071,train
normal_0252_00,normal,0,A,252,normal_0252,0,8593,8608,2022-07-12 00:31:58.020000,2022-07-12 00:31:59.520000,0.011438750000000001,0.0439851597054336,0.04544820431958781,0.088461,0.150874,0.27869656707937923,-0.7553228120744313,1.946413534359905,0.003886062499999999,0.05293251002393136,0.053074966784610426,0.127015,0.19838699999999998,0.7469050447675427,0.13091797312120734,2.3931244369017515,2.3096801875,81.1033671340495,81.13624826826141,108.480463,215.768833,-0.06586987590304393,-1.730376206571553,1.3370160109120426,-0.09413098795441163,-0.11095989842812193,0.05707392358496901,-0.9801297721488442,0.0005601467320663146,0.0006541461790188801,0.8563020774751748,train
normal_0252_16,normal,0,A,252,normal_0252,16,8609,8624,2022-07-12 00:31:59.620000,2022-07-12 00:32:01.120000,0.007425500000000001,0.04020960540561173,0.040889490301604395,0.076029,0.119993,0.3697427047957331,-1.3815394491144442,1.859377542718277,0.007635437500000002,0.05356039438331363,0.05410190155911805,0.130432,0.209229,0.9720371116613468,1.1214506992007438,2.4108579595390887,3.1292441250000005,80.61060655346942,80.67132116007582,109.672556,216.960926,-0.0842782760905602,-1.6730000038912198,1.3594986969703537,-0.029184571397845936,0.09053096092914593,-0.10220280529668214,-0.9915620744432808,0.0005068652615775007,0.0006706460335732427,0.75578656430262,train
normal_0252_32,normal,0,A,252,normal_0252,32,8625,8640,2022-07-12 00:32:01.220000,2022-07-12 00:32:02.720000,-0.0178220625,0.033740753034106896,0.03815841096092053,0.086845,0.128905,-0.28610825636336107,0.34307248108688615,2.2759071411265333,-0.0113179375,0.04259180893738365,0.04406992055600396,0.08478,0.16470200000000002,0.4829614772805574,0.47378890952566444,1.9237611261917698,4.321337125,80.15537395773801,80.27177541859112,108.480463,216.960926,-0.09745548316309684,-1.6389256510533792,1.3514147710613074,-0.12116527283943268,0.0921820875245144,0.2129843351000152,-0.994235229084373,0.00047536522970791247,0.0005490089178443319,0.8658606704867757,train
normal_0253_00,normal,0,A,253,normal_0253,0,8643,8658,2022-07-12 00:32:05.948000,2022-07-12 00:32:07.448000,0.013773312500000003,0.06625963931734645,0.06767602189614502,0.134771,0.25788900000000003,-0.12993932996886817,0.07435570648087308,1.99141433293491,0.015271249999999998,0.1465132150266231,0.14730693552579252,0.270651,0.451406,0.31074429181216157,-1.5053570154845455,1.8373269325978931,-5.066395250000001,144.13083472324618,144.21985258226042,209.808368,416.040457,0.0959535934934086,-1.4900340175538087,1.4547814620759585,0.5887708068472666,0.258095892224976,-0.04695449180200469,-0.9954897360996096,0.0004692559358812535,0.0010214053952230418,0.4594218300352557,val
normal_0253_16,normal,0,A,253,normal_0253,16,8659,8674,2022-07-12 00:32:07.548000,2022-07-12 00:32:09.048000,-0.010561625,0.058290586833204684,0.05923968632597576,0.114881,0.22269499999999998,0.5278456452351927,0.08160782954114376,1.9392573986271482,0.006332812499999998,0.15992817893988334,0.1600535127174268,0.279768,0.518254,-0.06567849908332167,-1.2318537144974222,1.7479653851392079,-6.034970812499999,143.69509787065226,143.82177173419907,213.384647,423.193015,0.09351455587313577,-1.4653667812598863,1.483674164398155,0.5444481140301893,-0.22483550028533028,0.052283813670686685,-0.9975419008053205,0.00041189651338364986,0.0011128601100341472,0.37012424982238884,val
normal_0254_00,normal,0,A,254,normal_0254,0,8681,8696,2022-07-12 00:32:13.976000,2022-07-12 00:32:15.476000,-0.004965937500000002,0.0705445626895411,0.07071913362246811,0.129828,0.255789,0.11384209800357742,0.158357232422647,1.8358256577785967,-0.007041499999999999,0.133267970485222,0.13345386723321284,0.279346,0.435318,0.8662345917179272,-0.3188032823719582,2.093202735832587,7.897616124999999,129.8772022486016,130.11710112195868,197.887438,394.582783,-0.06703896956234057,-1.4605860323442654,1.5208411215257571,0.48384154102292254,0.014270997111592474,0.061016356708066585,-0.9985620767553152,0.0005435037594034861,0.0010256443317787,0.5299144572475015,train
normal_0257_00,normal,0,A,257,normal_0257,0,8727,8742,2022-07-12 00:32:38.608000,2022-07-12 00:32:40.108000,-0.0184379375,0.038559421328432736,0.042740923158461376,0.090191,0.16954999999999998,0.558003736392051,1.6544183438453048,2.1101790353385237,-0.0009271875000000005,0.057364259737900776,0.057371752386845394,0.103926,0.196333,-0.35525352169026364,-0.40037606524387037,1.8114489391791508,-3.2037499375000005,79.92550047201802,79.98968458097946,110.864649,219.345112,0.06999672755022392,-1.647338194594176,1.3859868254357666,-0.22816322345263984,0.08169579550685128,0.048464825972030987,-0.9977456008460018,0.0005343304375102465,0.0007172393876458375,0.7449820056091109,train
normal_0257_16,normal,0,A,257,normal_0257,16,8743,8758,2022-07-12 00:32:40.208000,2022-07-12 00:32:41.708000,-0.0026448125000000013,0.04923748874868969,0.049308471193472425,0.11217,0.20623200000000003,0.4664148080091306,0.5087648061161545,2.274862661222588,-0.0015588124999999977,0.04687753415579091,0.04690344448905112,0.107813,0.190553,0.49497351807556467,0.24074279441130653,2.298615830339865,-3.7252906250000004,79.7298532259326,79.81683585353072,108.480463,215.768833,0.06081287256328221,-1.6616700859567297,1.3591175575923478,-0.31450359104815817,-0.10173363202614526,-0.05978109967004514,-0.9979738459443913,0.0006177703070559799,0.0005876384848820882,1.0512761212022013,train
normal_0257_32,normal,0,A,257,normal_0257,32,8759,8774,2022-07-12 00:32:41.808000,2022-07-12 00:32:43.308000,0.018626249999999997,0.04445500242871999,0.04819942354427073,0.110263,0.163113,0.22013585476405764,-0.3461832972060237,2.287641467303534,0.006045812500000001,0.05627771021485632,0.056601523970759834,0.116169,0.19489,0.5072432526772369,-0.30066009260250226,2.052400568931899,-3.5017731874999996,80.10615356095937,80.18265556707821,109.672556,219.345112,0.06889471147535008,-1.6531165282083014,1.3677840328978814,0.03442391431283087,0.1500561620930147,0.07986422428800542,-0.997546513241383,0.0006011203196425522,0.0007059073258481546,0.8515569928677256,train
normal_0258_00,normal,0,A,258,normal_0258,0,8777,8792,2022-07-12 00:32:45.771000,2022-07-12 00:32:47.271000,0.03523775,0.08413204191069237,0.09121348311036588,0.201536,0.311999,0.09642190517947356,-0.5665673435401852,2.209497906752961,0.007175937500000001,0.13592055196440528,0.13610984727532574,0.239015,0.421967,0.4692061586892122,-1.2731909524349172,1.756044876874453,-2.0861627499999997,137.4552886615544,137.47111862515243,202.65581,395.774876,0.08622966757757443,-1.5231410392570552,1.4741700804267774,0.40779335557296326,0.03818702516542895,0.015237571276937383,-0.9880002438808825,0.0006635101541515862,0.0009900977648000485,0.6701460984366356,val
normal_0258_16,normal,0,A,258,normal_0258,16,8793,8808,2022-07-12 00:32:47.371000,2022-07-12 00:32:48.871000,0.015671125,0.051096773070658526,0.053445901405065666,0.102527,0.19580999999999998,-0.6507467981331087,0.3055934591496796,1.918332319310127,-0.0034251250000000002,0.1357461988735205,0.1357894030838747,0.269374,0.45899,0.6041767822541226,-0.9380597652028291,1.9837630469117866,-5.1409010625,138.5424915382134,138.6378405246935,203.847903,404.119527,0.09871467548059187,-1.4644320549874412,1.4703626529994285,0.3964491665529053,-0.1981121125567079,-0.04584086490991589,-0.9943887938832352,0.00038550731317505007,0.0009794541127441216,0.39359405219605453,val
normal_0259_00,normal,0,A,259,normal_0259,0,8822,8837,2022-07-12 00:32:53.644000,2022-07-12 00:32:55.144000,0.039224375,0.07787246659191793,0.08719330620666933,0.173096,0.296865,-0.12198000435564643,-0.12625927149754457,1.9851982626937026,0.022749,0.18688379798252977,0.18826330218440077,0.32119,0.600463,0.12842875132663992,-1.3595845489603966,1.7060680242684776,3.0547383125000005,181.88013394975684,181.90578482208682,261.068367,520.944641,-0.06491907859840981,-1.587187623599635,1.4351845228855051,0.6424224982307354,-0.03462548652636229,-0.0439745740074727,-0.9759329555541424,0.0004793322339470889,0.0010349495062432013,0.4631455264779375,cal
normal_0259_16,normal,0,A,259,normal_0259,16,8838,8853,2022-07-12 00:32:55.244000,2022-07-12 00:32:56.744000,-0.021786625,0.08420668616704005,0.0869794402380528,0.156407,0.303314,0.4453835191127348,0.05443113999196436,1.7982065597563273,0.0017087499999999959,0.18972553785485102,0.18973323256845384,0.324721,0.624509,0.25773660411819593,-1.1367170431478282,1.7114608527151083,0.5960465000000017,178.84225996772165,178.8432532185441,259.876274,513.792083,-0.01293263320964336,-1.6188848780861036,1.453095206686017,0.3344043613639211,-0.1297685350112888,-0.08139138101491414,-0.9544650704172701,0.00048634454290408745,0.0010608911946854507,0.45843018147425224,cal
normal_0260_00,normal,0,A,260,normal_0260,0,8854,8869,2022-07-12 00:33:01.594000,2022-07-12 00:33:03.094000,-0.013945812500000002,0.05918427842786751,0.06080513546825219,0.112694,0.201657,1.0574977751066321,0.41985922744157556,1.8533631926342837,0.0049777499999999995,0.0500562729267022,0.050303165450844144,0.118448,0.18282199999999998,0.48068792228011503,-0.2497402005106104,2.354682830362762,-3.352761562499999,88.20604028438682,88.26973746843164,121.59348600000001,241.99487900000003,0.10462011101594103,-1.5470740714733722,1.3775217813861305,-0.06510582783473969,-0.15960237600336336,0.1945326211092796,-0.9967522275812789,0.000688855968218986,0.0005698800845401214,1.208773541849379,val
normal_0261_00,normal,0,A,261,normal_0261,0,8873,8888,2022-07-12 00:33:09.576000,2022-07-12 00:33:11.076000,-0.0055598125000000005,0.08451412099408206,0.0846968013707572,0.192139,0.331561,-0.7276785790448757,0.6835962422423041,2.2685508412403728,0.000123624999999997,0.14096214443152594,0.1409621986416039,0.250308,0.41930999999999996,0.5933035010893081,-1.2443474255404323,1.7757101010917655,8.493662625,143.09888232597228,143.35073221902212,215.768833,426.769294,-0.07517038421730379,-1.4838658295810694,1.5051812408626697,0.306912693840407,0.0037281664792904027,0.001088916882374842,-0.9975479091727689,0.0005908361963673196,0.0009833378348303875,0.6008476186307129,test
normal_0264_00,normal,0,A,264,normal_0264,0,8911,8926,2022-07-12 00:33:34.840000,2022-07-12 00:33:36.340000,-0.0033102500000000016,0.07888860473042035,0.07895802499667148,0.156843,0.27681500000000003,0.41249857901438886,-0.7608250529969123,1.9864098678584199,-0.005276937500000002,0.1865640187845947,0.18663863258831892,0.312851,0.600122,0.21932493718373505,-1.1524405096740904,1.6762392419048417,0.44703487500000083,158.766065017882,158.76669437083396,231.26604200000003,456.57161900000006,0.015077901851666221,-1.61261980616904,1.4566407829832884,0.7539646933423132,-0.05703551752390798,0.03225322015058452,-0.9571597872195672,0.0004973210868285002,0.00117555280298514,0.4230529548018838,val
normal_0264_16,normal,0,A,264,normal_0264,16,8927,8942,2022-07-12 00:33:36.440000,2022-07-12 00:33:37.940000,0.0026459374999999972,0.07977195935796358,0.0798158285370922,0.150054,0.256947,0.39911089520754733,-1.0839991227498487,1.8800030363684888,0.017394812499999995,0.18598813329256342,0.18679979985953546,0.303984,0.58676,0.007100733020015208,-1.2177026675095635,1.6273250840128386,-1.5646220624999998,160.5345432731683,160.5421677507913,234.84232100000003,466.10836300000005,0.055976155287038164,-1.5884685880318892,1.4628077114577427,0.47413744679977154,0.029601457660724674,0.033657440304641566,-0.9766370056855618,0.0004971642631672313,0.0011635559833071628,0.4272800538175624,val
normal_0264_32,normal,0,A,264,normal_0264,32,8943,8958,2022-07-12 00:33:38.040000,2022-07-12 00:33:39.540000,0.003811187500000001,0.08625716781246265,0.08634132353159465,0.155072,0.293436,-0.03498363169989005,-0.8179062827479067,1.7960345481993323,0.012466124999999998,0.1964488266135977,0.19684396295130568,0.307753,0.587316,0.17113817551095725,-1.5029253911177232,1.5634363146617327,-3.4272673750000004,161.5769130816917,161.61325750899366,240.80278600000003,476.83720000000005,0.08173642690577526,-1.5327221902623873,1.4899940123204283,0.5668190992520764,0.08983069847914575,-0.006823286863240786,-0.9907755825721376,0.0005342465393149434,0.0012179939070923775,0.4386282527392184,val
normal_0265_00,normal,0,A,265,normal_0265,0,8961,8976,2022-07-12 00:33:41.534000,2022-07-12 00:33:43.034000,-0.0013828749999999996,0.03826381436140907,0.038288795133171794,0.071008,0.126702,-0.17191453414601748,-1.0026980204449625,1.8545373327373698,0.0016229374999999994,0.12503236213250388,0.12504289466644036,0.206024,0.382764,0.10694012399069426,-1.4890364478161007,1.6476266048509334,2.8312208749999996,142.89639911427446,142.92444399566176,211.000461,418.424643,-0.030080898689485092,-1.5954921262726298,1.4763077266643387,0.11355968985615482,0.12646088235319403,-0.05576251686843593,-0.9579656269499263,0.00026789535829388277,0.0008748880959105626,0.306205284477055,train
normal_0265_16,normal,0,A,265,normal_0265,16,8977,8992,2022-07-12 00:33:43.134000,2022-07-12 00:33:44.634000,0.0021833750000000013,0.08355655326250225,0.08358507474124792,0.166489,0.271729,-0.5776736739178243,-0.66177120424098,1.991850824030433,0.005525812499999996,0.1314917419979382,0.13160779922723995,0.245011,0.406821,0.4871380907088715,-1.3075135044904234,1.861675382755645,4.1723255,139.37741626804808,139.43985250148074,206.232089,407.695806,-0.06642210884721127,-1.551036956807296,1.479003923916299,0.4445805589970168,-0.06883566566007593,-0.04394976908164133,-0.9830242690013745,0.0005994346181652789,0.0009438320312755808,0.6351073054335189,train
normal_0265_32,normal,0,A,265,normal_0265,32,8993,9008,2022-07-12 00:33:44.734000,2022-07-12 00:33:46.234000,-7.737499999999758e-05,0.0687260253814694,0.0687260689376673,0.129093,0.235149,0.03977544104802632,-0.9368802191991623,1.8783702021002233,0.0027554375,0.13533717584978672,0.13536522301836798,0.219024,0.414644,0.30741672815108995,-1.3515281922601052,1.6180226731520266,6.034970812500001,135.79822308179646,135.93225616049006,207.424182,408.887899,-0.08092943810098638,-1.477757612560637,1.5259379036209193,0.4433879457608254,0.05189801596728237,-0.06105800125229206,-0.9938388280320757,0.0005055905851847633,0.0009958285607983097,0.5077084601584982,train
normal_0266_00,normal,0,A,266,normal_0266,0,9011,9026,2022-07-12 00:33:49.428000,2022-07-12 00:33:50.928000,0.008663937499999998,0.04906417261285055,0.0498232560877699,0.101965,0.182333,-0.8739761514203419,0.146530685434346,2.0465342493950196,0.0021265625000000017,0.06192635996888639,0.06196286248280094,0.100555,0.189804,0.33643282312174827,-1.2234111096666451,1.6228268993852746,4.470348749999999,79.2825869658852,79.40851726326198,109.672556,216.960926,-0.07098770562075689,-1.6513134959517866,1.3811182953637586,-0.08565106769813907,0.22863749326703256,0.03650592177977918,-0.998102137540457,0.0006274296234822208,0.00078030499269211,0.8040825438237197,train
normal_0266_16,normal,0,A,266,normal_0266,16,9027,9042,2022-07-12 00:33:51.028000,2022-07-12 00:33:52.528000,0.0020667499999999974,0.052143394086044105,0.05218433675323468,0.107608,0.20812799999999998,-0.021098953914804396,-0.1123806260074045,2.062074689362222,0.005277625000000001,0.07471759879362007,0.07490375755010559,0.130484,0.24386799999999997,-0.4854075774421735,-0.7482639226233467,1.7420220863114237,4.0978196874999995,79.75891597413516,79.86411461701942,108.480463,215.768833,-0.07381137722811527,-1.6497289595585825,1.3583129734826147,0.15633531444102464,0.06802555374771886,-0.1137878499825779,-0.9989054884664336,0.0006534140771919852,0.0009378900387151258,0.696685165872044,train
normal_0267_00,normal,0,A,267,normal_0267,0,9050,9065,2022-07-12 00:33:57.398000,2022-07-12 00:33:58.898000,-0.00012825000000000033,0.07723611075097904,0.07723621723000162,0.198366,0.33113,0.6639422926109334,1.4267946624034087,2.5683028909777668,-0.0016250000000000014,0.15882653426970256,0.15883484697359393,0.270309,0.49173300000000003,0.5081712704556345,-1.0738899095682122,1.7018242857308163,4.8428778125,150.3080305692921,150.38602833749567,219.345112,436.306038,-0.06761006773952252,-1.5411377132681596,1.458547143141161,0.5253889310313865,0.17798542720019353,0.023332894136635182,-0.9891053391692846,0.0005135863888676443,0.0010561808748425583,0.48626745768730484,test
normal_0270_00,normal,0,A,270,normal_0270,0,9095,9110,2022-07-12 00:34:15.359000,2022-07-12 00:34:16.859000,-0.011313062499999998,0.09134077149093166,0.09203869794650237,0.157852,0.313941,0.4269326714167696,-0.6680464480293877,1.7150612027535603,0.0094895625,0.19839635008013906,0.1986231696493702,0.355106,0.609977,0.4209961486634903,-1.2856474743820203,1.7878377463559219,-9.164214937500002,157.168046827023,157.43499540712668,236.03441400000003,461.33999100000005,0.04204208205990301,-1.5201856017752857,1.4992499818075096,0.7169537149815853,0.11660430074181584,0.03479788810477528,-0.999328630945786,0.000584613971680759,0.0012616201952795245,0.46338349201142254,train
normal_0270_16,normal,0,A,270,normal_0270,16,9111,9126,2022-07-12 00:34:16.959000,2022-07-12 00:34:18.459000,0.007847625,0.09624167582632472,0.09656109663834603,0.239062,0.361931,0.772536314155761,0.36745612220562407,2.4757589580342905,-0.012111000000000002,0.20668780020540642,0.20704232194107078,0.350417,0.623941,0.435244896604691,-1.2051987478038233,1.6924897128024727,-8.7171800625,159.90480108987532,160.14223253044352,243.18697200000003,482.79766500000005,0.07035832491473472,-1.4777526845142823,1.518568638374449,0.5154093771012159,-0.0029434413937207754,-0.044494256007086695,-0.9984828033942207,0.0006029708410614887,0.0012928652153123407,0.4663833738583633,train
normal_0270_32,normal,0,A,270,normal_0270,32,9127,9142,2022-07-12 00:34:18.559000,2022-07-12 00:34:20.059000,0.0033263749999999995,0.07904039600567785,0.07911035944410189,0.161674,0.309456,0.0829071861232899,0.06011199013945889,2.0436514400397368,-0.017202812499999998,0.19502698602924762,0.19578422315795135,0.339144,0.624475,0.22531615748391126,-1.3507471399014233,1.7322335504347117,-7.450581249999997,162.7166007225422,162.88708761489377,243.18697200000003,482.79766500000005,0.08703734704891451,-1.4675388660018898,1.4929788208562944,0.3329821187641614,0.021279243495344987,-0.0781864820464453,-0.99684487886492,0.0004856760631090585,0.001201962819918757,0.40406912348743557,train
normal_0271_00,normal,0,A,271,normal_0271,0,9145,9160,2022-07-12 00:34:21.987000,2022-07-12 00:34:23.487000,0.007129312500000001,0.07790429200364922,0.07822982685211888,0.189963,0.331879,0.1506624018138506,1.0968687514421225,2.428268189307066,-0.006682249999999997,0.16152079470980663,0.16165896074375213,0.272016,0.44823899999999994,0.7005068451749468,-1.0633774650277044,1.6826534003962597,4.2468313125,151.64960369833398,151.70905667776918,224.113484,447.034875,-0.08865339217062704,-1.5306420522203759,1.4772584373523474,0.5650920481161164,0.13360898436652593,0.09272182275348687,-0.9865791748973554,0.000515656932850617,0.0010655854322996457,0.4839189024363584,train
normal_0271_16,normal,0,A,271,normal_0271,16,9161,9176,2022-07-12 00:34:23.587000,2022-07-12 00:34:25.087000,-0.0020454999999999987,0.0812968912635963,0.08132262046549533,0.200362,0.359138,-0.40164591479359535,1.3285694537398776,2.463791732891986,-0.007237749999999998,0.16096954031527982,0.16113217535419486,0.280599,0.523511,0.32168699321033867,-1.1718417018967322,1.7414212858679374,1.7881394999999998,149.92613431503688,149.93679732981474,220.537205,433.921852,-0.042989570077669625,-1.5954084146244951,1.4708677851434035,0.3985053024839403,-0.09398842914643304,0.034710384972834005,-0.9641216422075886,0.000542379335251577,0.0010746673146536118,0.5046951069004991,train
normal_0271_32,normal,0,A,271,normal_0271,32,9177,9192,2022-07-12 00:34:25.187000,2022-07-12 00:34:26.687000,-0.0068365000000000006,0.061799131200406046,0.062176123627764056,0.132901,0.26368,-0.19844098976533595,1.0376887357158093,2.137492533237542,-0.009035937499999999,0.15089305035457595,0.15116335803299852,0.273253,0.45981900000000003,0.6631372766574932,-1.0129829994939692,1.8076669078782286,-0.596046499999999,147.31214183795453,147.3133476787348,215.768833,426.769294,0.006063610281199671,-1.6098604595518282,1.4646930261238438,0.18269634880597282,0.010206670671768437,0.01339640337027295,-0.9506437150649975,0.0004220671419629913,0.0010261348371680475,0.41131742795890514,train
normal_0272_00,normal,0,A,272,normal_0272,0,9195,9210,2022-07-12 00:34:29.244000,2022-07-12 00:34:30.744000,0.0115175,0.033444988055013565,0.035372588712872,0.070665,0.11676800000000001,-0.14108722028902132,-0.8246016109368859,1.9977333458290312,-0.0009347500000000016,0.06891963492040928,0.06892597358851742,0.132553,0.253461,0.49854986527607725,-0.47398819580290175,1.9231211849299492,5.3644185,80.691136443748,80.86925550805262,112.056742,219.345112,-0.07029542159227387,-1.634932076805136,1.3856531916364911,0.11232805957216103,0.2661047871012446,-0.30816980825048246,-0.9975400676938404,0.00043740465385327736,0.0008523136902336644,0.5131967946371501,train
normal_0272_16,normal,0,A,272,normal_0272,16,9211,9226,2022-07-12 00:34:30.844000,2022-07-12 00:34:32.344000,-0.0071074375,0.036000726148872245,0.036695612149990085,0.079016,0.138373,-0.18410788548400767,-0.2084786466820936,2.1532819694362653,-0.001740000000000001,0.059720538268882004,0.059745880955301006,0.098369,0.18265199999999998,0.17389528796725168,-1.5075422926738569,1.646456599637303,5.4389243125,80.4927296142506,80.67627543726817,110.864649,220.537205,-0.0856985172353193,-1.6288314845698963,1.3741914633404901,0.10658124611044373,-0.22962029566135977,0.207901891398534,-0.9968709289277786,0.0004548501024755867,0.0007405632031409022,0.6141948459584013,train
normal_0273_00,normal,0,A,273,normal_0273,0,9238,9253,2022-07-12 00:34:37.168000,2022-07-12 00:34:38.668000,-0.013294125,0.07701321516213548,0.07815221730139843,0.203923,0.347535,-0.417236747125763,1.6244151038333463,2.6093053663923502,-0.0066669999999999984,0.11140653525769932,0.11160584656336335,0.205414,0.348977,0.7296264003213967,-0.7042127741514719,1.8405308173831003,0.8940697500000017,133.2803823747893,133.28338113466324,195.503252,383.853946,0.004037380152054094,-1.6206529076034841,1.4668239231001556,0.5659981032519509,-0.05722013817664493,-0.0003930090680034111,-0.948097280247491,0.0005863613050334994,0.0008373575581084792,0.7002520003020462,val
normal_0273_16,normal,0,A,273,normal_0273,16,9254,9269,2022-07-12 00:34:38.768000,2022-07-12 00:34:40.268000,0.004260999999999999,0.07056939307961348,0.07069791623962476,0.134486,0.247774,-0.2804257502193143,-0.7115416588951256,1.9022625722683364,-0.0005389375000000004,0.12237772888707567,0.12237891559083003,0.186579,0.347194,0.40935453783305176,-1.5896451617329048,1.5246008603624246,3.5017731875000013,129.77156699097233,129.8188045498383,189.542787,376.701388,-0.042497388032780435,-1.597066381292064,1.4600564814724764,0.3415078056867914,-0.01277826774131366,-0.03593824650497581,-0.9669820912302158,0.0005445891793933703,0.0009426902059003938,0.5776968679474247,val
normal_0274_00,normal,0,A,274,normal_0274,0,9283,9298,2022-07-12 00:34:45.928000,2022-07-12 00:34:47.428000,-0.005671875000000002,0.04827651372027992,0.048608558330812485,0.086526,0.15782200000000002,0.14016157451770195,-0.8520876972342708,1.780056907080744,0.0036865624999999997,0.06696308833227523,0.06706449091779121,0.132799,0.23959999999999998,0.4819746031449243,-0.3896950349627666,1.9801686135631338,4.47034875,81.80778925957434,81.92983828548395,112.056742,222.921391,-0.08683208611750673,-1.6114225863499296,1.367715893805857,-0.02432197190655063,0.5413928596237356,-0.14278815708495518,-0.9963105043809005,0.0005932949380595175,0.0008185600304019331,0.7248032105454686,train
normal_0274_16,normal,0,A,274,normal_0274,16,9299,9314,2022-07-12 00:34:47.528000,2022-07-12 00:34:49.028000,0.004067124999999998,0.04114684135185075,0.041347358549247135,0.075695,0.143801,-0.13611038575016265,-0.788247227250622,1.8307094493072105,0.002692374999999997,0.06535523098791997,0.065410665037324,0.140564,0.234626,0.7410673074972252,-0.056098697125049224,2.1489461989079723,6.109476624999999,80.43522742070385,80.66691710268697,112.056742,221.729298,-0.08309949798627772,-1.6383938813679573,1.3891288526293197,-0.03882632399925248,-0.12986769770750758,-0.0668975867435744,-0.9965855865070461,0.0005125689692171201,0.0008108734954387542,0.6321195255491426,train
normal_0274_32,normal,0,A,274,normal_0274,32,9315,9330,2022-07-12 00:34:49.128000,2022-07-12 00:34:50.628000,-0.0018535625000000002,0.047165036772445046,0.04720144476271356,0.089507,0.160024,0.5273756268633335,-0.42855907054905273,1.8962767019094595,-0.010119187499999998,0.06375455934697803,0.06455262808892834,0.161647,0.262442,1.0297308854243603,2.1069808469412923,2.5041118353433034,5.811453375,79.18211916233996,79.39509421474857,110.864649,218.153019,-0.08041555229793058,-1.6408759306180962,1.3963664895986179,0.005199376905099531,-0.472227508131569,0.38872885143990266,-0.9968849386171044,0.0005945133667206524,0.00081305562676613,0.7312087231783714,train
normal_0275_00,normal,0,A,275,normal_0275,0,9333,9348,2022-07-12 00:34:53.056000,2022-07-12 00:34:54.556000,0.019295749999999997,0.053114715955773495,0.05651105218561233,0.153607,0.203655,0.9510419541117029,0.8459484599258587,2.7181762515316996,0.008149812499999999,0.088676932744104,0.0890506476376646,0.179271,0.288952,0.6198242886043405,-0.8827138390997225,2.013135274764426,7.152558000000001,111.52840748941777,111.7575266506421,169.277206,337.362319,-0.06092044955608145,-1.442586064822013,1.5146828233696188,0.5505428409537131,0.17016569793749514,-0.022433450607228574,-0.9984674246798393,0.0005056576848042444,0.0007968201364731344,0.6345945109298743,val
normal_0275_16,normal,0,A,275,normal_0275,16,9349,9364,2022-07-12 00:34:54.656000,2022-07-12 00:34:56.156000,-0.024238375,0.05803044343583267,0.0628890386951494,0.140363,0.231958,0.0159949716595613,-0.26696537705572787,2.2319151781028275,0.0026039375000000003,0.08445096675325033,0.08449110175670868,0.145813,0.234399,0.700707443565851,-1.1316531474406466,1.7257793657356622,7.450581250000001,109.13634202117117,109.39036662670487,166.89302,323.057203,-0.03844727496695503,-1.4675682382818749,1.525664691933278,0.6812938772844739,-0.310614370981184,-0.039217166796566755,-0.9994596469047027,0.0005749047254751283,0.0007723815575555657,0.7443273597761547,val
normal_0276_00,normal,0,A,276,normal_0276,0,9380,9395,2022-07-12 00:35:01.171000,2022-07-12 00:35:02.671000,-0.027449750000000002,0.10763160002381968,0.1110767756947869,0.254462,0.48934900000000003,0.21990067254886145,1.8904025665846103,2.290865920516115,0.0024471874999999928,0.1994078581974701,0.1994228739075899,0.313916,0.582866,0.22366981257405813,-1.4457102571345972,1.5741223353619143,3.0547383124999987,176.24993652111095,176.27640667387539,252.72371600000002,498.29487400000005,-0.037382973555389894,-1.5960775783322239,1.4336786230704028,0.47368224050148006,-0.15192935215834727,-0.09191317486075855,-0.9747507759384418,0.0006301284317661824,0.00113130780046213,0.5569911491008726,train
normal_0276_16,normal,0,A,276,normal_0276,16,9396,9411,2022-07-12 00:35:02.771000,2022-07-12 00:35:04.271000,-0.016379062500000003,0.10593470200285453,0.10719344558699706,0.20528,0.3782,-0.058229289347037784,-0.5072137666161001,1.915042462492699,-0.0020353124999999976,0.20010940476921577,0.20011975508195712,0.345864,0.612089,0.32610840376817135,-1.3271090150479399,1.7282851453538643,2.0116569374999993,180.43023556809385,180.4414494255464,256.299995,511.40789700000005,0.00625285968711555,-1.6155341807710504,1.4204053215929986,0.6568117792842745,0.16941960132792774,-0.011512849348530292,-0.9662707857623221,0.0005940622064844759,0.001109056459694037,0.5356464959848518,train
normal_0277_00,normal,0,A,277,normal_0277,0,9412,9427,2022-07-12 00:35:09.147000,2022-07-12 00:35:10.647000,0.01203775,0.05613192658650244,0.057408192859338465,0.102178,0.19531,-0.4380580280561119,-0.825446721953008,1.779850486678034,-0.001851,0.05846128317955397,0.0584905790020923,0.127171,0.213748,0.6403763387583371,0.15235238237611215,2.174213389056226,6.109476625,79.267321825486,79.5024151458092,110.864649,218.153019,-0.08582452418573505,-1.6390379329334115,1.394481523569715,0.0932179045042798,-0.18867234611317255,0.10649120090651885,-0.9966583208863264,0.0007220936968273299,0.0007357082032642565,0.9814946926287887,val
normal_0280_00,normal,0,A,280,normal_0280,0,9449,9464,2022-07-12 00:35:34.214000,2022-07-12 00:35:35.714000,-0.002969687500000001,0.07770954287981524,0.07776626581260991,0.209271,0.32676900000000003,-1.0167139307159152,1.922950530296493,2.6910254441723036,0.016156250000000004,0.18897148315403967,0.1896608706599756,0.327945,0.566721,0.1592731295317251,-1.5404242027624582,1.7291125937512986,1.8626453125000015,184.8623439842089,184.8717276137597,263.452553,525.713013,-0.05432804158124573,-1.600615968942735,1.4250559368948725,0.6672867775800042,0.20478011700113483,0.07273643397135214,-0.9815027154275091,0.00042064985715437156,0.001025905221463725,0.4100279912351,cal
normal_0280_16,normal,0,A,280,normal_0280,16,9465,9480,2022-07-12 00:35:35.814000,2022-07-12 00:35:37.314000,-0.009787499999999998,0.08919051254337537,0.08972593094529585,0.22797,0.334887,-1.1459807695561177,0.6386842413112883,2.540737082337868,-0.0069179375,0.1908708872256547,0.19099621318121074,0.267352,0.5310379999999999,0.24008965358399667,-1.6152928019457322,1.3997764434541196,5.513430125000001,188.47696967390735,188.5575933480332,270.605111,538.826036,-0.07674287172174775,-1.5542716403747288,1.4351323974554888,0.3587005183663787,-0.17816044878864817,-0.04568787518848878,-0.9913942113769494,0.0004758542435344026,0.0010129330237508727,0.4697785859249834,cal
normal_0280_32,normal,0,A,280,normal_0280,32,9481,9496,2022-07-12 00:35:37.414000,2022-07-12 00:35:38.914000,0.009183187499999999,0.1003220546317077,0.10074147893587576,0.197959,0.380119,-0.12098355076650007,0.5030054686910872,1.9650197921553783,-0.013509124999999997,0.18603099425830733,0.18652084945924946,0.303535,0.555561,0.608247652545212,-1.0534013532391364,1.6273515849836158,9.313226562499997,185.13084291115595,185.3649513419394,269.413018,532.865571,-0.08236592485740594,-1.5037094569631648,1.4534194088450878,0.5008997095136439,0.22048051828790272,0.06562934869970143,-0.9958634008471735,0.0005434764134566074,0.0010062357965135373,0.5401084073332267,cal
normal_0281_00,normal,0,A,281,normal_0281,0,9499,9514,2022-07-12 00:35:41.235000,2022-07-12 00:35:42.735000,0.014958499999999998,0.02960166420786169,0.03316647774674,0.070403,0.124216,-0.31797526668020487,0.5236214904801244,2.122715608742024,0.001220999999999998,0.06009005349161374,0.06010245726777733,0.122495,0.225339,-0.474175220253615,-0.22758045116670722,2.03810302554257,-2.1606685625,80.12028890174628,80.1494178540073,109.672556,216.960926,0.08106036921322497,-1.6423777311678802,1.3683512486612104,-0.2050673360555591,0.14978557778638496,-0.2086349098633543,-0.9971849107851828,0.000413808092869158,0.0007498801473175309,0.5518323086021562,train
normal_0281_16,normal,0,A,281,normal_0281,16,9515,9530,2022-07-12 00:35:42.835000,2022-07-12 00:35:44.335000,-0.0058408125000000005,0.03231763924936882,0.03284120730595177,0.061772,0.11596200000000001,0.21362179925726296,-0.43354055132923275,1.8809296328398117,-0.003348562499999999,0.05639116448740967,0.05649049745809024,0.097813,0.192267,0.06313407152859991,-0.9340267088943301,1.7314947540082564,-1.5646220624999998,82.12227224526319,82.13717575448761,112.056742,222.921391,0.0639011581490924,-1.6158750212038138,1.3642633919498712,-0.08035321080371037,-0.11353605456508668,-0.039810390128908524,-0.9979010164769784,0.0003998336563715787,0.0006877579724306974,0.5813580829291926,train
normal_0281_32,normal,0,A,281,normal_0281,32,9531,9546,2022-07-12 00:35:44.435000,2022-07-12 00:35:45.935000,-0.007679374999999999,0.037746055008892984,0.038519312936824306,0.082208,0.163975,0.44795819197933034,0.8138203899550636,2.1342021373753397,-0.00015106249999999842,0.055749738450584625,0.05574994311376021,0.115549,0.19783099999999998,0.371161760737162,-0.6166479302424479,2.072629917562735,-4.3958429375,82.18065421581593,82.29813705346358,113.248835,224.113484,0.09073429094805888,-1.583927956051412,1.3760801769598967,0.18693614342423048,0.17153333057060838,0.15743096408672066,-0.9962470818529018,0.0004680459888393451,0.0006774143997639122,0.6909300850446422,train
normal_0282_00,normal,0,A,282,normal_0282,0,9547,9562,2022-07-12 00:35:49.315000,2022-07-12 00:35:50.815000,0.006114,0.052733126411440845,0.053086378828518715,0.095694,0.182538,-0.5836643359222808,-0.539169377136516,1.8026092966166285,0.0051548125,0.03048774062885513,0.030920453110562594,0.066991,0.123478,-0.11868194366742015,0.16804512934620863,2.16655945372015,-3.799796437499999,82.47140566616935,82.55889537487955,114.44092800000001,227.68976300000003,0.07285717473734939,-1.6057118554636418,1.3861731976954395,-0.10375619852349299,0.16902471161639923,0.15628355779082165,-0.9974649551149163,0.0006430122228194379,0.0003745260031661089,1.7168693692390982,cal
normal_0282_16,normal,0,A,282,normal_0282,16,9563,9578,2022-07-12 00:35:50.915000,2022-07-12 00:35:52.415000,-0.024751125,0.0947750790575211,0.0979537329514552,0.16295,0.286863,0.07043742509944619,-1.640025822603721,1.6635404806956797,-0.01222,0.05482264637104816,0.05616805991953968,0.121305,0.208741,1.0510495057179878,0.8436047721197468,2.1596793653504944,-3.2782557499999987,83.17091558250173,83.2354981939439,118.01720700000001,231.26604200000003,0.07451968165009877,-1.5911984663371266,1.4178710953950509,0.5592385746977385,-3.987333585271371e-05,-0.026952701916236183,-0.9974440622107711,0.0011768264151338038,0.0006748089593776996,1.7439401163539061,cal
normal_0283_00,normal,0,A,283,normal_0283,0,9580,9595,2022-07-12 00:35:57.296000,2022-07-12 00:35:58.796000,0.039032750000000005,0.07463219925365659,0.08422304160976378,0.173245,0.312748,-0.41393510842016795,0.7352454157348545,2.056978668648748,0.012483312500000007,0.21369285939424798,0.21405716817491185,0.331069,0.649713,0.003450572167553755,-1.4593624549425348,1.5466382313787999,10.1327905,181.3980150432402,181.68080059528714,267.028832,524.52092,-0.07330664694976356,-1.5052341456555245,1.4697691287415366,0.6616411259654642,-0.00551948481905725,-0.0004341296383751392,-0.9980726909607819,0.0004635770061217385,0.0011782046725550624,0.3934605055643027,cal
normal_0285_00,normal,0,A,285,normal_0285,0,9612,9627,2022-07-12 00:36:07.998000,2022-07-12 00:36:09.498000,-0.015720625,0.07817125333672459,0.07973633361664556,0.188809,0.317483,-0.05039338598384196,0.6331537269010883,2.3679167505713443,-0.019367625,0.04099951763721587,0.045343856746256156,0.078646,0.12939299999999998,0.05158964871243196,-1.0187198152071784,1.734435613629038,4.2468313124999995,86.6463519778679,86.75036534372292,122.78557900000001,244.37906500000003,-0.08643587236482957,-1.5451548502703647,1.4153897624926202,0.2930400149145228,0.14766091004025853,0.2151577925448842,-0.9970751923674082,0.0009191469488423903,0.0005226935536996807,1.7584815085944148,train
normal_0285_16,normal,0,A,285,normal_0285,16,9628,9643,2022-07-12 00:36:09.598000,2022-07-12 00:36:11.098000,0.010401937499999998,0.09190016655620703,0.09248697701196909,0.204264,0.381254,0.09056504390720442,0.30067154763053416,2.2085704020098467,0.004679312499999999,0.07503996103636944,0.07518571485204154,0.156582,0.251906,0.21036680623494997,-0.9987539180318232,2.0826030624053886,4.544854562499999,87.5896555333527,87.70748804660671,127.55395100000001,255.10790200000002,-0.07968649857065038,-1.534378931176607,1.454310844385594,0.34565606581709707,-0.1696218166534189,-0.47516885156420524,-0.9973643819120862,0.0010544935110081207,0.000857232563907072,1.2301136884044372,train
normal_0285_32,normal,0,A,285,normal_0285,32,9644,9659,2022-07-12 00:36:11.198000,2022-07-12 00:36:12.698000,0.011581187500000003,0.08768515097439443,0.08844664835544928,0.208575,0.378018,-0.6188432563012769,1.2220685794736568,2.3582012871960853,0.0103984375,0.06169915789333023,0.06256927031049267,0.118678,0.23155,-0.20635532028761008,-0.5884443431833537,1.8967457892840103,5.140901062500001,88.80764693336944,88.95632084105331,129.938137,257.492088,-0.07080128897324904,-1.53095287009392,1.4606959434863858,0.1923010637281306,0.03328330756829329,0.1650065924484714,-0.9975692620823544,0.000994270530966375,0.0007033707073192822,1.4135796680470007,train
normal_0286_00,normal,0,A,286,normal_0286,0,9662,9677,2022-07-12 00:36:14.644000,2022-07-12 00:36:16.144000,0.003032312500000001,0.0949440582453154,0.09499246872877608,0.204102,0.392982,-0.10107079857033917,0.3927283537829025,2.148612439821467,-0.0023896874999999977,0.18391783899873565,0.1839333632278617,0.336944,0.586533,0.3690011384772241,-1.2162979668237814,1.8318808186124698,2.384185999999999,179.6845420897414,179.70035895590925,256.299995,512.59999,-0.03561454398819673,-1.6083182988432636,1.426263122061348,0.5492022151465155,0.03476313906896404,0.04090380202413313,-0.9702039393911333,0.0005286159097327299,0.0010235559032633376,0.5164504528256617,train
normal_0286_16,normal,0,A,286,normal_0286,16,9678,9693,2022-07-12 00:36:16.244000,2022-07-12 00:36:17.744000,0.008633687499999999,0.07383416915520784,0.07433723894985272,0.190944,0.292926,0.660366385226282,0.7802956020826071,2.56861840306995,-0.0122004375,0.20332449956872167,0.20369021282345035,0.363454,0.654085,0.34138562022843194,-0.9798810905418214,1.7843469009236386,4.470348750000001,179.9085669521864,179.9640977549021,257.492088,511.40789700000005,-0.0710122246756391,-1.562692137143764,1.4307969823552549,0.6701460638181378,0.0240762009591902,0.05884722435517528,-0.9870679232729596,0.000413067049912892,0.0011318380463911277,0.36495243398996763,train
normal_0286_32,normal,0,A,286,normal_0286,32,9694,9709,2022-07-12 00:36:17.844000,2022-07-12 00:36:19.344000,-0.008937,0.09214359402313325,0.09257597900373508,0.182454,0.353847,0.08787484816826438,0.22925325930299323,1.9708568244537676,-0.002703312500000001,0.20434233238328237,0.20436021310987249,0.335116,0.639257,0.3794862496968728,-1.241313009775433,1.6398299595617853,6.705523125000003,179.99216514068382,180.11702738056474,261.068367,517.368362,-0.09444727205014473,-1.504947773513864,1.4494374618363828,0.6307450169220107,-0.11039503461689158,-0.0037606554111105765,-0.9947312883577983,0.0005139768313416234,0.0011345968567318455,0.45300392671817397,train
normal_0287_00,normal,0,A,287,normal_0287,0,9712,9727,2022-07-12 00:36:21.560000,2022-07-12 00:36:23.060000,-0.011046187499999997,0.05991695369553048,0.06092667394858758,0.107343,0.204052,0.15384219275458888,-0.6164959186091803,1.7618391591600817,-0.0014968750000000017,0.05794835213993901,0.05796768194865136,0.109461,0.205472,-0.3429718098171703,-0.7518024991929888,1.8883108021632156,6.482005687500001,90.9581105717753,91.18878372102616,132.322323,262.26046,-0.07290696067950174,-1.5372465401631463,1.4510811264334185,0.4684717518388025,0.11833688324972359,-0.028122204850042274,-0.9972338368070386,0.0006681378066734671,0.0006356887281882374,1.051045546422873,val
normal_0287_16,normal,0,A,287,normal_0287,16,9728,9743,2022-07-12 00:36:23.160000,2022-07-12 00:36:24.660000,-0.004302374999999999,0.056704951116365275,0.05686793395007418,0.088841,0.171911,0.27695554806783057,-1.4285573782322505,1.5622336495993647,-0.006218937499999999,0.04342973069434801,0.043872732896555466,0.07335,0.14529999999999998,0.35340481720265116,-0.8652940768400263,1.6718812610316978,6.631017312500001,89.132340764574,89.37865830706352,127.55395100000001,252.72371600000002,-0.07461813849646041,-1.5498457663638054,1.4271186591522098,0.5632052140266218,0.0889582421414976,0.11876362609369853,-0.9985889424739829,0.0006362585322628406,0.000490863632633969,1.2962022239225264,val
normal_0287_32,normal,0,A,287,normal_0287,32,9744,9759,2022-07-12 00:36:24.760000,2022-07-12 00:36:26.260000,0.012320749999999998,0.06152774691500982,0.06274921928597997,0.11048,0.200351,-0.11276293916278982,-0.8589432088267221,1.7606593557202153,0.005258312500000001,0.0629718068858187,0.06319096701912782,0.13753,0.24380000000000002,0.319061776165974,-0.4804882716447998,2.1764186637366993,5.4389243125,88.50032993294923,88.667301165187,126.36185800000001,251.53162300000002,-0.09424315532424762,-1.5329821696596455,1.4251235386604149,0.44766578660563916,0.019593316120621457,-0.22193251185220067,-0.9989675858203388,0.0007076928976227472,0.0007126749792621203,0.9930093215219489,val
normal_0288_00,normal,0,A,288,normal_0288,0,9762,9777,2022-07-12 00:36:29.468000,2022-07-12 00:36:30.968000,-0.020130125,0.060933631730427616,0.06417265311933892,0.123275,0.20022600000000002,-0.09370325480653868,-1.0893544089877418,1.9209896117393053,-0.009977312499999998,0.034673097263438174,0.03608005596673181,0.081322,0.134218,1.2656081922904734,1.6312819790193611,2.2539322021835067,1.7881395000000007,83.50396613212142,83.5231093929455,110.864649,220.537205,-0.039919627785354454,-1.7538735768450158,1.3273529901577612,0.5519923935965444,0.04616395267649861,0.15323698922352227,-0.9595785355671258,0.0007683221276812169,0.00043197692505661425,1.7786184472249804,train
normal_0288_16,normal,0,A,288,normal_0288,16,9778,9793,2022-07-12 00:36:31.068000,2022-07-12 00:36:32.568000,0.02805875,0.06303846491577583,0.06900102543078618,0.117857,0.177089,-0.01351118565065071,-1.5798209437248079,1.7080470799411593,0.0071795625,0.046328816503566045,0.04688182330405357,0.091778,0.146003,0.3921136780447535,-0.789363023461521,1.957645704280118,2.7567150624999996,82.96800148719318,83.01378649787458,110.864649,220.537205,-0.0810213179824413,-1.70206340165877,1.3354968334427018,0.35893279603913486,-0.18050659501458624,-0.581097327776361,-0.9862103071399811,0.000831199591558841,0.0005647474387312027,1.4718076339155544,train
normal_0289_00,normal,0,A,289,normal_0289,0,9798,9813,2022-07-12 00:36:37.428000,2022-07-12 00:36:38.928000,-0.005691124999999998,0.08301693942569417,0.08321178483469154,0.147976,0.253621,-0.598325859309543,-1.0164915672109591,1.7783058048084055,-0.012102749999999999,0.1894969843218158,0.1898830788264847,0.318154,0.627802,0.2701607074691058,-1.1601400239756603,1.6755258128647121,-0.8940697499999972,173.63454520506951,173.63684703797517,249.14743700000002,495.91068800000005,0.04371812938421671,-1.599956390036308,1.434876532545597,0.5252875405363608,-0.21538576101075005,-0.01876659259278534,-0.9740621191927841,0.000479228840273129,0.0010935644252107182,0.43822643570431324,train
normal_0292_00,normal,0,A,292,normal_0292,0,9836,9851,2022-07-12 00:36:55.156000,2022-07-12 00:36:56.656000,-0.003586312500000001,0.06605678108142905,0.06615406234077768,0.133514,0.256379,0.33917597636746255,0.15340517591545222,2.018228288267965,0.004964874999999992,0.19993342919734403,0.19999506517505625,0.297401,0.578392,-0.12756468468172566,-1.549002932949612,1.487041691452157,3.8743022500000004,170.54404893359825,170.58805012248044,244.37906500000003,486.37394400000005,-0.06727895052552707,-1.5660287803047732,1.432568487795824,0.5248013306019984,0.028771585615216963,-0.065553832867231,-0.9838842828393114,0.0003878000967434692,0.001172386137431443,0.3307784733731947,train
normal_0292_16,normal,0,A,292,normal_0292,16,9852,9867,2022-07-12 00:36:56.756000,2022-07-12 00:36:58.256000,0.006001624999999999,0.09697890326307766,0.09716443372319936,0.202781,0.34961299999999995,0.29616825514205275,-0.5043434896263514,2.0869879258256123,0.011658499999999994,0.19530356041397454,0.19565122369314483,0.333954,0.654334,-0.000347305136163164,-1.0192233931964931,1.7068842897899081,6.0349708124999975,171.41102964517728,171.51723515940776,249.14743700000002,497.10278100000005,-0.09395008006455219,-1.5076296691822892,1.452608752516579,0.5018008841973671,-0.07401623643137882,-0.07546952011601425,-0.9934887419229936,0.0005664995336060246,0.0011407088244589937,0.49662062873468127,train
normal_0292_32,normal,0,A,292,normal_0292,32,9868,9883,2022-07-12 00:36:58.356000,2022-07-12 00:36:59.856000,0.0033613125000000015,0.09373866233358487,0.09379890851077373,0.176577,0.301111,0.3721628744334365,-1.28094265287397,1.8825059140183749,0.012245999999999998,0.19949315897199335,0.19986866936222145,0.314143,0.5869070000000001,0.02337790199362093,-1.4157715048564636,1.571747092740581,7.972121937499999,172.10047617932892,172.28502148863123,252.72371600000002,500.67906000000005,-0.09649229674349143,-1.4706430495963088,1.4668931391500961,0.7024672497598532,0.0037890710565597853,-0.09452616191171188,-0.996803945575618,0.0005444402984095941,0.0011601047359500744,0.46930271167604676,train
normal_0293_00,normal,0,A,293,normal_0293,0,9886,9901,2022-07-12 00:37:02.032000,2022-07-12 00:37:03.532000,0.005597687500000001,0.09230619968934829,0.09247577307834469,0.14136,0.27274,-0.0914024141336052,-1.5260723035023274,1.5286165802608758,-0.00292625,0.10517509095759081,0.10521579110095594,0.205998,0.328518,0.8557335798455109,-0.6584946706566783,1.9578620076366882,7.450581250000001,102.77309198706263,103.04280468593664,156.164183,300.407436,-0.05677206172036027,-1.5052655090122888,1.5155272944673002,0.25374224366877635,0.017759800872190583,0.012479731469708325,-0.9987725293291647,0.0008974500777633224,0.0010210881916660006,0.8789153425612032,train
normal_0293_16,normal,0,A,293,normal_0293,16,9902,9917,2022-07-12 00:37:03.632000,2022-07-12 00:37:05.132000,-0.0030925625,0.07570325542204967,0.07576639640574508,0.122399,0.240496,0.04524672767980621,-1.142142406183675,1.6154787056853999,0.0015363125000000012,0.09864482803327726,0.09865679071312071,0.167329,0.287442,0.6138158319850494,-1.3944875123246843,1.6960717938470944,6.854534750000002,101.6268022147171,101.85770258074834,154.97209,305.175808,-0.05745825320173164,-1.494082601946079,1.521456758531785,0.20814308939342316,-0.04184994069525549,0.004726588451339014,-0.9993964606059833,0.0007438455265146079,0.000968574670481203,0.767979536513229,train
normal_0293_32,normal,0,A,293,normal_0293,32,9918,9933,2022-07-12 00:37:05.232000,2022-07-12 00:37:06.732000,-0.0016387500000000022,0.09504524239046634,0.09505936883140452,0.146651,0.283582,0.21925672694017168,-1.2352073654082583,1.5427306303716093,0.004095812499999998,0.09363976389548588,0.09372929671366098,0.174788,0.292767,0.7539297738431768,-0.7013204392903267,1.864817150329954,5.289912687499999,102.60830025754342,102.74456899507418,151.395811,300.407436,-0.09962577392561917,-1.4670838144791263,1.4735164347933396,0.06845655620949789,0.032294499606422084,-0.08427002285316862,-0.9976794022381108,0.0009252009109694343,0.0009122554859143416,1.0141905696978273,train
normal_0294_00,normal,0,A,294,normal_0294,0,9936,9951,2022-07-12 00:37:09.360000,2022-07-12 00:37:10.860000,-0.028797,0.04992305907594205,0.057633141823954036,0.097982,0.152304,0.05680277342426171,-1.444828681843334,1.7000981882836688,-0.0141354375,0.05318364421742923,0.05503008818421519,0.112313,0.196332,-0.011939321617092047,-0.6904301924898939,2.0409380341901,3.7252906249999995,81.2908606933679,81.37617478420364,110.864649,219.345112,-0.08863920116434221,-1.6563112328616492,1.3623723318771739,-0.23024601497707092,0.1937033637813901,-0.6458283855302767,-0.9974948256843962,0.0007082311496797157,0.0006762432410978523,1.047302370859829,train
normal_0294_16,normal,0,A,294,normal_0294,16,9952,9967,2022-07-12 00:37:10.960000,2022-07-12 00:37:12.460000,-0.004105125,0.04410605945739627,0.04429668759766355,0.08085,0.15496,0.23880414052091795,-0.8144095541393024,1.8251929068453523,-0.00831975,0.046210810618972045,0.046953777889803504,0.115026,0.230017,0.47064387699685095,3.3748859338251833,2.449770927271415,2.08616275,82.34668766653171,82.37310874714402,109.672556,218.153019,-0.05953753350880358,-1.7281615664140468,1.3314121279148943,-0.1917866427543378,-0.12651304494405605,0.012732416841813846,-0.9864979455677906,0.0005377566571347761,0.0005700134255456451,0.9434105111121002,train
normal_0295_00,normal,0,A,295,normal_0295,0,9978,9993,2022-07-12 00:37:17.426000,2022-07-12 00:37:18.926000,-0.00036106249999999854,0.08952749268413918,0.08952822075992295,0.199961,0.37351100000000004,-0.52982260579087,0.8461086986131745,2.233496860573286,-0.013093125000000004,0.17976815794478002,0.1802443356478228,0.310179,0.590858,0.4899021795687935,-0.8739595335551744,1.7208807083183737,0.670552312499999,161.75936001284063,161.76074985041205,234.84232100000003,462.53208400000005,-0.01941741128860526,-1.6298710177161353,1.4517880339771547,0.4693831473880688,-0.26306755568358753,0.035441534034925386,-0.9597602420158625,0.000553460718021609,0.0011142649611509802,0.49670476710486505,train
normal_0296_00,normal,0,A,296,normal_0296,0,10007,10022,2022-07-12 00:37:25.356000,2022-07-12 00:37:26.856000,0.004119062500000003,0.07971857463482769,0.07982491977877272,0.155758,0.285126,-0.043348171549700304,-0.7160087586770953,1.951245305747487,0.001503,0.08951966508468963,0.089532281585331,0.143659,0.252678,0.2868688967743221,-1.5753570569491875,1.604549749612738,-5.8859591875,100.67053234958972,100.84245434888376,149.011625,294.446971,0.0712339663151825,-1.4878283649162833,1.477667575250259,-0.05529831542264391,0.051052437396563684,0.023734453573264567,-0.9973165311276079,0.00079158049349536,0.0008878431426864815,0.8915769638093448,train
normal_0298_00,normal,0,A,298,normal_0298,0,10035,10050,2022-07-12 00:37:42.318000,2022-07-12 00:37:43.818000,-0.0077543125,0.07194633660124637,0.07236300652051088,0.185067,0.286727,-0.777161616464226,0.7158843490741758,2.557480802674276,-0.010325187500000003,0.12813962898788317,0.12855494550604615,0.236578,0.413769,0.5366397748114483,-1.0963909147268138,1.8402870388901014,-8.642674250000002,145.83024031953985,146.08612120884845,221.729298,436.306038,0.0819943111371293,-1.4623113002870998,1.5177985161438445,-0.003478832652753164,-0.005315815787292252,-0.09152890842487708,-0.9970551622434586,0.0004953448412601693,0.0008799942420420672,0.562895548169382,train
normal_0298_16,normal,0,A,298,normal_0298,16,10051,10066,2022-07-12 00:37:43.918000,2022-07-12 00:37:45.418000,-0.006905124999999997,0.09762327552502208,0.09786717874497047,0.172783,0.307901,-0.21972898640251187,-1.1715947966818605,1.7654846314743649,-0.0096725,0.14675268370757313,0.14707109652010145,0.289371,0.484955,0.8722795380071785,-0.5228654694683676,1.967558594767458,-9.1642149375,140.8970711202913,141.19478561794384,218.153019,425.577201,0.050167915800410336,-1.4950712061167004,1.54505010964283,0.42901246797016046,-0.02951272077315245,-0.06658784001976283,-0.9989620221191581,0.0006931359279073331,0.0010416184696654322,0.6654412801742737,train
normal_0298_32,normal,0,A,298,normal_0298,32,10067,10082,2022-07-12 00:37:45.518000,2022-07-12 00:37:47.018000,0.012830499999999998,0.0745933571020235,0.07568877495375388,0.133046,0.255448,-0.28168187948580525,-0.7173598875887892,1.7578035855553429,0.0092931875,0.13932608787042483,0.1396356762979558,0.234978,0.394015,0.5126829574043306,-1.5527966084936344,1.6827934395404933,-8.046627749999999,138.69932896015806,138.9325450430719,213.384647,423.193015,0.0538896775737021,-1.493528195296814,1.5358866918751573,0.37842016633725123,-0.032809776025085904,0.05956126122873063,-0.9991377038352786,0.0005447879395737609,0.0010050609542542096,0.5420446762634538,train
normal_0299_00,normal,0,A,299,normal_0299,0,10085,10100,2022-07-12 00:37:49.246000,2022-07-12 00:37:50.746000,-0.018807,0.03547001233965109,0.04014754070145518,0.092979,0.1417,0.0618746735554199,0.16537218626713557,2.3159326418375086,-0.001354625000000001,0.04549196280371265,0.04551212683038445,0.086112,0.152758,0.13664137956030958,-1.0713013210122422,1.8920671477499613,4.991889437499999,80.02711598972235,80.18265556707821,110.864649,219.345112,-0.07788703872454106,-1.6563048034657748,1.3826512506467714,-0.08315489529258886,0.15424952673241402,-0.09431943560871187,-0.9970806817554732,0.0005007010608156904,0.0005676056312740912,0.8821284237293037,train
normal_0299_16,normal,0,A,299,normal_0299,16,10101,10116,2022-07-12 00:37:50.846000,2022-07-12 00:37:52.346000,0.004617187500000001,0.033932435939338985,0.034245125626685906,0.09494,0.136273,1.0284806063945757,1.6309326733452627,2.772365358940804,-0.0065273125,0.04861001455168311,0.049046297752098476,0.093632,0.183446,0.37965328696832856,-0.34516682499256257,1.9090533698029002,4.9918894375,80.08369818572075,80.23912808136586,109.672556,215.768833,-0.06531971420213958,-1.6632543895236231,1.3668213828144717,0.20746119338653854,-0.1315472267528919,0.173548771211377,-0.9977300012587987,0.0004267883568221218,0.0006112516290351942,0.6982203998307029,train
normal_0299_32,normal,0,A,299,normal_0299,32,10117,10132,2022-07-12 00:37:52.446000,2022-07-12 00:37:53.946000,0.013808312500000001,0.034027959036869136,0.0367229014419136,0.088435,0.129723,0.50105053142895,0.24054910067318236,2.408170284144948,0.0095026875,0.04578692837169626,0.04676263336722495,0.090132,0.15870800000000002,-0.03696112440195022,-0.6792810270137335,1.92743636339291,4.8428778125,80.15159950150921,80.29777312078545,109.672556,219.345112,-0.07136985311255459,-1.655266644099374,1.3658231322932013,-0.4654131529907897,-0.06708685140199712,0.111059277956292,-0.997529030371011,0.00045733399588397433,0.0005823652580860954,0.785304393649738,train
normal_0300_00,normal,0,A,300,normal_0300,0,10133,10148,2022-07-12 00:37:57.236000,2022-07-12 00:37:58.736000,0.018271875,0.09772054512414151,0.09941411547348293,0.213999,0.324942,0.5121971826193827,-0.8961491309095844,2.1526017606330834,0.013449562500000001,0.1765104360884112,0.17702210251706563,0.307415,0.568299,-0.08116016735840889,-1.437691657417219,1.7365910563081466,5.06639525,145.31896043674675,145.40725093077714,211.000461,422.000922,-0.0854443378289613,-1.5125987946386137,1.4510999943218053,0.7015367316936836,0.024803713061650873,0.027406446340143917,-0.9912127722532103,0.0006836943469951867,0.0012174227996466223,0.5615915417336037,test
normal_0300_16,normal,0,A,300,normal_0300,16,10149,10164,2022-07-12 00:37:58.836000,2022-07-12 00:38:00.336000,-0.016979249999999998,0.06073138800745871,0.0630602602268259,0.125612,0.184866,-0.4261650437584574,-1.206046270752095,1.9919359601146163,0.007724562499999999,0.16178020571286245,0.16196451409587379,0.292633,0.5069239999999999,0.13669256260475618,-1.168145479544916,1.806772314500804,6.407499875,144.7533470254659,144.89509146179896,211.000461,420.808829,-0.08888935517498252,-1.4643745648482749,1.4562291853456573,0.08512639496191719,0.07660415245051713,-0.1335754215962501,-0.9965012251546211,0.00043521322627724417,0.0011178053891395976,0.3893461514013978,test
normal_0301_00,normal,0,A,301,normal_0301,0,10169,10184,2022-07-12 00:38:05.247000,2022-07-12 00:38:06.747000,0.0335223125,0.11621955107721697,0.12095755242206871,0.276936,0.444946,0.3234684576967681,-0.1843477332407253,2.2895304547306052,0.022033499999999998,0.1806008044815277,0.18193989584921993,0.338922,0.56285,0.5477256979807087,-1.0427282250609409,1.8628239750168745,6.258488249999999,175.76879706159988,175.88018278264687,253.91580900000002,507.83161800000005,-0.09821481359369671,-1.4941896093704499,1.4436862924675815,0.5435950378308799,0.16084720157258506,-0.06377625929619052,-0.9931518594952806,0.0006877270111297776,0.0010344536432172217,0.664821488753135,train
normal_0303_00,normal,0,A,303,normal_0303,0,10198,10213,2022-07-12 00:38:22.496000,2022-07-12 00:38:23.996000,-0.07175143749999999,0.10295336809386614,0.12548969991671627,0.277685,0.351963,-0.6401299434903607,-0.3575373792746843,2.212811092737421,-0.0397180625,0.19469449202001993,0.19870447833827876,0.301886,0.5999859999999999,0.48187445517214056,-1.0848647629943096,1.519271244033377,8.64267425,171.77750935851114,171.9947921874526,252.72371600000002,497.10278100000005,-0.06588541461008855,-1.502247621300676,1.4693684197400763,0.4086293936740946,-0.06179698964802493,0.05430906962193658,-0.9977731726194975,0.0007296133698045249,0.0011552935749456646,0.6315393642164416,train
normal_0303_16,normal,0,A,303,normal_0303,16,10214,10229,2022-07-12 00:38:24.096000,2022-07-12 00:38:25.596000,0.024276687499999998,0.08048344752394646,0.08406511096354123,0.211085,0.31978799999999996,0.6116529677783771,0.5313328008950089,2.5109703369278473,0.015112562500000001,0.19533456524670972,0.19591830421233616,0.338381,0.579221,0.3448139536637602,-1.4928054892367688,1.727153577407769,8.1211335625,179.8047246391969,179.98803241581754,258.684181,513.792083,-0.061733276718155934,-1.5253563700892472,1.4372298953875702,0.655092263127544,0.3273075716712263,0.05218070063869627,-0.9960062363606982,0.00046705944742664736,0.0010885073945345193,0.4290824754813695,train
normal_0303_32,normal,0,A,303,normal_0303,32,10230,10245,2022-07-12 00:38:25.696000,2022-07-12 00:38:27.196000,0.0474031875,0.09938865493431503,0.11011433564623863,0.266171,0.360591,0.6956862642446302,0.18378464388084215,2.4172238649754054,0.0289975625,0.20424418359618246,0.2062923778616469,0.365141,0.631548,0.1689461176809647,-1.3896039673943468,1.7700169234797776,6.109476625000001,187.2818864966228,187.38151113267642,270.605111,537.633943,-0.06750096715956522,-1.5583487661679112,1.44413986931932,0.4491160839493746,-0.2384216862704717,-0.0007593623208343334,-0.9888965229650575,0.0005876478153080515,0.001100921732430584,0.5337780134566507,train
normal_0304_00,normal,0,A,304,normal_0304,0,10248,10263,2022-07-12 00:38:29.302000,2022-07-12 00:38:30.802000,0.004327437499999998,0.05446657903702135,0.054638218742126834,0.118911,0.191802,0.4236967673686666,-0.7973299934311644,2.1763337593639003,0.0057515,0.062110414543375896,0.0623761440536364,0.137095,0.247309,0.18506915982224223,-0.09083182439385284,2.1978755192387953,5.513430125,86.5262404075191,86.70171965309021,121.59348600000001,239.61069300000003,-0.09150087261172918,-1.549785554433447,1.4024345363219817,0.049888851163980535,-0.06338837664014656,-0.17361420990383375,-0.9956140615866425,0.000630186101968272,0.0007194337586753183,0.8759473605028257,test
normal_0304_16,normal,0,A,304,normal_0304,16,10264,10279,2022-07-12 00:38:30.902000,2022-07-12 00:38:32.402000,0.006312687500000001,0.04967820341548035,0.05007767884060223,0.114074,0.172263,0.6857648892329847,-0.6040613520735829,2.2779410436154346,0.0011866874999999994,0.049310060905101746,0.04932433814748556,0.077093,0.140679,0.1244362651238272,-1.664728173115376,1.5629809318369945,6.332994062499999,84.2839244563541,84.52151640594285,118.01720700000001,232.45813500000003,-0.0749291100312616,-1.5801533740404314,1.396297795145829,0.305036182897217,-0.13931240202612916,0.1409221617952196,-0.996923637721441,0.0005924843870534389,0.0005835713821151638,1.0152732042924548,test
normal_0304_32,normal,0,A,304,normal_0304,32,10280,10295,2022-07-12 00:38:32.502000,2022-07-12 00:38:34.002000,-0.011919875,0.055150571495084025,0.056424010458757716,0.145223,0.208196,-0.7650108794097518,0.366834446408868,2.5737801836356273,-0.0019098125000000035,0.0826771740356874,0.08269922907931186,0.14928,0.269663,-0.05122445816064921,-1.2321134820448836,1.805095424249173,6.109476625000001,82.61844699123147,82.8440310938232,115.63302100000001,228.88185600000003,-0.07719845477789883,-1.5989567126332027,1.3957918207654858,0.34313726771677466,0.2372426691381527,-0.11077844342178038,-0.9970280301841489,0.0006810872155032622,0.0009982521128849059,0.6822797635107921,test
normal_0305_00,normal,0,A,305,normal_0305,0,10298,10313,2022-07-12 00:38:37.296000,2022-07-12 00:38:38.796000,-0.016693062499999998,0.07892040376264299,0.0806665263023486,0.141013,0.265337,0.09096336633607108,-0.9209261491388929,1.7480980831065538,-0.0015102500000000007,0.07189289398951401,0.07190875510847063,0.113091,0.21846,0.5848604215763465,-1.28083868192271,1.5727014023453485,-4.693866187499999,91.06594657336937,91.18683570060934,132.322323,259.876274,0.03212703320990637,-1.538345888739894,1.4511121258165973,0.34977935897941337,0.007297576931490741,0.3207562192158443,-0.9996087841625135,0.0008846290770215812,0.0007885870208783889,1.1217900543635797,train
normal_0305_16,normal,0,A,305,normal_0305,16,10314,10329,2022-07-12 00:38:38.896000,2022-07-12 00:38:40.396000,-0.00978825,0.06004806529408337,0.060840611302196826,0.107056,0.18168600000000001,-0.25078245388831016,-1.536996114359531,1.7596141410915513,-0.012189374999999999,0.06623681936419029,0.06734906905351402,0.127725,0.217335,0.9141608750268596,-0.4161331139310782,1.8964627394999722,-4.5448545625,92.36145734641448,92.47320966716694,138.282788,274.18139,0.07003500681971528,-1.4914104610598324,1.4953821598462151,0.17363645880867626,-0.13711100561312198,-0.1378282622317534,-0.9991298916329641,0.0006579268906224478,0.0007283089804703365,0.9033623204777229,train
normal_0306_00,normal,0,A,306,normal_0306,0,10336,10351,2022-07-12 00:38:45.418000,2022-07-12 00:38:46.918000,-0.004530062500000001,0.03537354842510988,0.03566243674284611,0.070903,0.126862,0.4820012086796874,-0.28747770780974147,1.98817036848227,0.0007913750000000004,0.06500362132208001,0.06500843837053001,0.13674,0.218278,0.7142904720115899,-0.37292373260114875,2.1034192395242606,3.4272673750000004,81.01725188809026,81.08971121639294,109.672556,219.345112,-0.11085855343243482,-1.6566197898397435,1.3524842344959394,0.13718966720089762,0.34942551272927863,0.017070401094683323,-0.9923064296870893,0.00043978990932251166,0.0008016854098425748,0.5485816555010927,train
normal_0306_16,normal,0,A,306,normal_0306,16,10352,10367,2022-07-12 00:38:47.018000,2022-07-12 00:38:48.518000,0.0041652500000000005,0.03484162395128131,0.03508971454892445,0.089235,0.16291899999999998,-0.8321725053181726,2.4810043045034185,2.5430528902018437,-0.00028293750000000194,0.06090278362631378,0.06090344084748004,0.117917,0.217938,0.6359474426293096,-0.31012428309674567,1.936130345989786,1.7136336874999998,80.71861521572635,80.73680314924182,109.672556,215.768833,-0.03939393109843571,-1.7404310916893548,1.3583960687329977,0.5343880572180125,-0.2823829213721224,0.06628936304882159,-0.9803601195444872,0.0004346185776523896,0.0007543454592188911,0.5761532363466839,train
normal_0307_00,normal,0,A,307,normal_0307,0,10371,10386,2022-07-12 00:38:53.456000,2022-07-12 00:38:54.956000,-0.008004812499999996,0.0733426822680855,0.0737782221623529,0.139859,0.273909,0.21498087167774074,-0.6946129714487421,1.8956677987202355,-0.021159000000000004,0.09752615817948536,0.09979506405754746,0.1506,0.271355,0.008969967661611612,-1.6818229158853069,1.5090926732924943,0.6705523125000004,115.61840215071217,115.62034663625431,169.277206,336.170226,0.0013323303460563028,-1.6010776294294757,1.4640780011891166,0.1575760915684291,0.15004187971607746,0.037135289516999515,-0.9508186112144755,0.0006381076022411677,0.0008631271827224861,0.7392973075282383,train
normal_0309_00,normal,0,A,309,normal_0309,0,10403,10418,2022-07-12 00:39:10.908000,2022-07-12 00:39:12.408000,0.0047879375000000005,0.06771052728201571,0.0678795981890914,0.171999,0.275328,0.5596334410551377,0.7943300923314669,2.533883590778844,0.021219125,0.07059327362864946,0.07371337427750137,0.139138,0.23282200000000003,0.0871689938641807,-0.8602228193162968,1.887554346327996,-3.0547383124999996,93.07392420138483,93.12403982003241,134.706509,268.220925,0.09102952771086421,-1.5297444379407408,1.446527762974288,0.09288572014805212,0.3617148462437494,0.10920019960750867,-0.9945171378803336,0.0007289159525324787,0.0007915611738919051,0.9208586481681311,train
normal_0309_16,normal,0,A,309,normal_0309,16,10419,10434,2022-07-12 00:39:12.508000,2022-07-12 00:39:14.008000,-0.007746812500000002,0.07724082516569424,0.07762833359146325,0.139694,0.27011700000000005,-0.026008454810384243,-0.8394260817462826,1.7995233639198214,-0.0018486249999999978,0.08703394441888392,0.08705357485767026,0.15124,0.26315700000000003,0.3546508700727684,-1.416662211177466,1.7373209572067827,-1.8626453125000002,94.69448424369338,94.71280163599467,134.706509,268.220925,0.06573413530208744,-1.5752501330508648,1.4222629536154079,0.4331094881153606,0.05148932405500936,-0.08448816417057121,-0.9861625478562412,0.000819618174635026,0.0009191320851455672,0.8917305661299151,train
normal_0309_32,normal,0,A,309,normal_0309,32,10435,10450,2022-07-12 00:39:14.108000,2022-07-12 00:39:15.608000,0.00019618750000000192,0.06643230331436915,0.06643259300364167,0.119224,0.211171,-0.23566016550854102,-1.0749809305953717,1.7946612439689722,-0.0062110625,0.06075937526471609,0.06107600985605968,0.092907,0.17232,0.4303550681983016,-1.5694814905061287,1.5211700996669184,-1.4156104375000012,96.77656896041475,96.78692190921596,139.474881,277.757669,0.03481696163470493,-1.5919282004961046,1.4410509007696766,0.28584745082136254,-0.050452629417848165,0.08478355193803098,-0.9754312452106099,0.0006863798506367833,0.0006310357706524406,1.087703554312177,train
normal_0310_00,normal,0,A,310,normal_0310,0,10453,10468,2022-07-12 00:39:17.687000,2022-07-12 00:39:19.187000,-0.0535889375,0.09438169867052401,0.10853423085051324,0.21719,0.413679,1.039778172645879,1.9362878413675269,2.0011198153616707,-0.0381075625,0.19469338844256137,0.19838775623242857,0.321264,0.602302,0.25482461416484264,-1.336747357707312,1.6193741292361368,-7.078052187499998,182.2618530374156,182.39923765027487,263.452553,524.52092,0.09882870317774937,-1.490493883158619,1.4443731037140275,0.5358090984426496,-0.24074351661715224,-0.06670685708765295,-0.9959518010497536,0.0005950366473494396,0.0010876567182413859,0.5470812963041727,train
normal_0310_16,normal,0,A,310,normal_0310,16,10469,10484,2022-07-12 00:39:19.287000,2022-07-12 00:39:20.787000,-0.035646625,0.06882753550712371,0.07751071872892806,0.138773,0.235933,0.2998576041457325,-0.9553885581184964,1.7903717353637185,-0.004158375000000001,0.19200035259013035,0.1920453786930969,0.340393,0.606356,0.2793654163274166,-1.3866309489073037,1.7724612917865306,-8.866191687500002,180.5543644343361,180.77192224271596,264.644646,528.097199,0.08633649386979952,-1.4761899203570044,1.4639698616728276,0.49641947028585587,0.04089129357927526,0.03524541471421778,-0.9975498876914017,0.00042877631529999007,0.0010623628731194464,0.40360626877044553,train
normal_0310_32,normal,0,A,310,normal_0310,32,10485,10500,2022-07-12 00:39:20.887000,2022-07-12 00:39:22.387000,0.07670112500000001,0.07455059227872958,0.10696192493301063,0.25245,0.289213,0.7468118776728883,0.4508034934030709,2.36018564697772,0.023600312500000005,0.21528411948304463,0.21657383695102117,0.363996,0.6412100000000001,-0.03996322931262231,-1.3732467638914905,1.680701626403372,-9.313226562500002,181.0476986408755,181.28707999237486,271.797204,535.249757,0.07572627686619675,-1.486529611107517,1.4992640623448297,0.4385791657357641,-0.17112295286633294,-0.006362391592236225,-0.9983602275648573,0.0005900140536077341,0.0011946457351518405,0.493882023973193,train
normal_0311_00,normal,0,A,311,normal_0311,0,10503,10518,2022-07-12 00:39:25.531000,2022-07-12 00:39:27.031000,-0.001827562500000002,0.07972734056847182,0.07974828411202652,0.130764,0.24676399999999998,0.08192339429708985,-1.4369064325369247,1.639709260907847,-0.0036533125000000003,0.09323240508919012,0.09330395517306596,0.188878,0.309944,0.7449541322113599,-0.5176101304039555,2.0243300474203627,-6.109476625000001,100.6011681173118,100.78651066089675,150.203718,295.639064,0.08967274385601559,-1.4748751757078917,1.4903156882310462,0.05537507287313298,-0.03795675448623834,-0.0708718278828618,-0.996272412711083,0.0007912595007911841,0.0009257583635075296,0.8547149364044049,train
normal_0311_16,normal,0,A,311,normal_0311,16,10519,10534,2022-07-12 00:39:27.131000,2022-07-12 00:39:28.631000,-0.0104006875,0.0854240008067981,0.08605483260289629,0.140818,0.27693999999999996,0.22426177484648238,-1.2347958131098398,1.636375270751042,-0.005024187499999999,0.09080608406462831,0.09094496887232136,0.157941,0.271752,0.5505680980842269,-1.3017633950597634,1.7366656117254282,-5.885959187500001,97.82652902470768,98.00344022828428,146.627439,292.062785,0.08014721595967692,-1.4938276656242295,1.4961458358854898,0.019475880509287762,0.05139262877705072,-0.04021867113504306,-0.9970844286864373,0.0008780797123289192,0.0009279773103931732,0.9462297218849963,train
normal_0312_00,normal,0,A,312,normal_0312,0,10541,10556,2022-07-12 00:39:33.471000,2022-07-12 00:39:34.971000,0.01790925,0.03653427551885352,0.040687768718006646,0.075215,0.124795,-0.44368106753603914,-0.5974725222326991,1.848589941642907,-0.0015680625000000017,0.04443247506817051,0.044460135635055145,0.076378,0.14247300000000002,-0.24199133036020767,-1.3696134820849568,1.7178984928642194,-3.9488080625,79.75752398818122,79.85521722367153,109.672556,218.153019,0.07184678813291348,-1.6655584534172043,1.3733924947296956,0.23944750160855313,0.32457788347595673,0.31415745790906296,-0.9974181086926039,0.0005095192290823241,0.0005567593099211532,0.9151517002104211,train
normal_0313_00,normal,0,A,313,normal_0313,0,10565,10580,2022-07-12 00:39:41.284000,2022-07-12 00:39:42.784000,-0.02906375,0.06657375100170862,0.0726413510784319,0.15425,0.227088,-0.18368170720799587,-0.8488384375911813,2.1234461874677146,-0.017151,0.1986142491045771,0.19935339663114596,0.320142,0.63081,0.25889183333714844,-1.170331797966922,1.6059019079185461,3.2782557500000022,187.75772231787775,187.78633936141281,268.220925,532.865571,-0.05816429483790645,-1.5927009492570778,1.4283303349546803,0.4888733835851272,-0.2429115579580594,0.010380934706702647,-0.9774297366598121,0.00038682979457108785,0.0010615969048071768,0.3643848176454035,train
normal_0315_00,normal,0,A,315,normal_0315,0,10583,10598,2022-07-12 00:39:51.184000,2022-07-12 00:39:52.684000,-0.0209814375,0.05516137819725948,0.05901693285987929,0.121136,0.198228,-0.2709311238649646,-0.6279386911449021,2.05256346153411,-0.007410687500000001,0.057616387802992684,0.05809101851997002,0.105151,0.197979,0.29174771454290815,-0.8917408197044128,1.8101077013110403,4.2468313125,80.30935183432494,80.42156158796111,109.672556,219.345112,-0.09680870005307375,-1.6499588010697883,1.3637207961952542,-0.1658960472319359,0.11474251951638749,-0.15332528919116997,-0.9958346110138139,0.0007338446517894271,0.0007223313918921227,1.0159390274692974,train
normal_0315_16,normal,0,A,315,normal_0315,16,10599,10614,2022-07-12 00:39:52.784000,2022-07-12 00:39:54.284000,0.0030236875000000003,0.05859697402460168,0.05867493545746343,0.122029,0.21151199999999998,0.8037757302680648,0.14138532616257082,2.0797466422177027,0.0008766249999999998,0.05406255341370194,0.054069660189426015,0.130525,0.202644,0.8996573996417843,0.43794726661967953,2.4140155411134945,4.8428778125,79.68371393579227,79.83074427880516,108.480463,216.960926,-0.08362564664429424,-1.6496479803127666,1.358880766802537,-0.24957855904685658,-0.13408361615482534,0.15288082918227502,-0.9966321609345069,0.0007349917126231963,0.0006773037214909364,1.0851730018628458,train
normal_0315_32,normal,0,A,315,normal_0315,32,10615,10630,2022-07-12 00:39:54.384000,2022-07-12 00:39:55.884000,0.008806750000000002,0.04292843612120642,0.043822476805573184,0.077717,0.149523,-0.1779562904535503,-0.9099517038394946,1.7734506505601306,0.002108375,0.05077364542367797,0.05081740169223531,0.112019,0.200839,0.3997638758629577,0.02236010799823962,2.2043433207864314,4.917383624999999,79.40166619911011,79.55378845102426,109.672556,216.960926,-0.06916469795831114,-1.6687145278489037,1.3785962697115017,0.31871840365790205,-0.1505604525688265,0.15532744359434578,-0.997497602598917,0.000550853424567601,0.00063878041111166,0.8623517800255631,train
normal_0316_00,normal,0,A,316,normal_0316,0,10633,10648,2022-07-12 00:39:57.839000,2022-07-12 00:39:59.339000,0.003705125,0.07673368599894297,0.07682308584175723,0.156717,0.306663,-0.006204856476573624,0.20001606943442596,2.039972728026194,0.0030769999999999994,0.16426723952259928,0.16429605567199415,0.250633,0.45675299999999996,0.24843802332034057,-1.5915434929687162,1.5254961476395492,-0.44703487499999994,150.72663978249173,150.72730270359276,216.960926,430.345573,0.03370797758989386,-1.6163100612761077,1.4394268464198323,0.478489221503043,0.025470774292602204,-0.02310040025399329,-0.9697041900853711,0.0005096826153177494,0.001090021865481694,0.46758934977190975,train
normal_0316_16,normal,0,A,316,normal_0316,16,10649,10664,2022-07-12 00:39:59.439000,2022-07-12 00:40:00.939000,0.005850875000000002,0.0639428120441178,0.06420993653925379,0.169984,0.281231,0.7637261636869778,1.6649630424364377,2.647316118994804,-0.011902875000000002,0.16410244725699363,0.1645335577595039,0.26946,0.5076499999999999,0.13924368975668389,-1.4659208240149812,1.6377206186343178,-2.6077034375000014,151.37423137609122,151.39669098735396,216.960926,430.345573,0.07449520864594697,-1.5717296877768088,1.4330625364732876,0.6542395536565718,-0.2351317110402369,-0.06010638315023968,-0.9870739302425786,0.00042411717271031497,0.0010867711618165238,0.39025434940821274,train
normal_0316_32,normal,0,A,316,normal_0316,32,10665,10680,2022-07-12 00:40:01.039000,2022-07-12 00:40:02.539000,-0.015139937500000002,0.0670857707551206,0.06877294777245264,0.14013,0.272955,0.7615104258781177,0.8782175511047328,2.037574432081124,-0.012707562500000002,0.16843416654028687,0.1689128491347313,0.243688,0.474112,0.038074945659724836,-1.579742658928015,1.4426848001694954,-4.619360374999999,151.33236509965266,151.4028507556205,218.153019,436.306038,0.09694657984820976,-1.520283017578201,1.4408778824919288,0.4213685749000215,0.06943887718481517,-0.08903680957562808,-0.9947934862651144,0.00045423812979227934,0.0011156517086152737,0.4071504810009849,train
normal_0317_00,normal,0,A,317,normal_0317,0,10683,10698,2022-07-12 00:40:05.260000,2022-07-12 00:40:06.760000,-0.001407374999999999,0.10273168466621861,0.10274132439651534,0.220069,0.374533,-0.5183607131523207,-0.3839780350891213,2.1419716096969452,-0.0038348125000000014,0.1747409780654708,0.1747830518162087,0.333493,0.583422,0.5952726003738398,-0.9889705934353072,1.9080396899733796,6.109476624999999,164.7510021081711,164.8642423337396,246.76325100000003,487.56603700000005,-0.08179050166598746,-1.514947302203091,1.49676635458931,0.4448011748895679,-0.10546028466784438,-0.022397502503370043,-0.9927011848176728,0.0006231874355661248,0.001060163497809247,0.5878220075053496,val
normal_0317_16,normal,0,A,317,normal_0317,16,10699,10714,2022-07-12 00:40:06.860000,2022-07-12 00:40:08.360000,0.015147,0.08418611041689122,0.0855379026872006,0.144075,0.286227,-0.3020658566481081,-0.736903605613588,1.684341040332271,0.0016146249999999954,0.1612760461560686,0.1612841284120201,0.273786,0.474147,0.5759363447049488,-1.1843610645292952,1.6975383920020948,8.121133562500003,162.15380057166678,162.3570381910678,241.99487900000003,481.60557200000005,-0.09031545257612929,-1.4807754087558622,1.4905105543697554,0.39372878452697035,0.18359152461483796,0.06160085869824004,-0.996230292788388,0.0005268505981646229,0.000993391664500648,0.5303553643461031,val
normal_0318_00,normal,0,A,318,normal_0318,0,10725,10740,2022-07-12 00:40:13.200000,2022-07-12 00:40:14.700000,-0.008891375,0.03790498362497173,0.03893384559737196,0.073278,0.12041299999999999,-0.33372139379130117,-1.2399937830846635,1.8821156470848663,-0.013124062499999999,0.06106527088541075,0.06245965357582845,0.141398,0.239179,-0.21250100379587047,-0.106169075236211,2.2638293987387765,-1.4156104375000003,83.04129886545577,83.05336399070603,110.864649,220.537205,0.06775775867708857,-1.7274331607948405,1.3348604279581757,-0.11146381417786722,0.06961509606353478,-0.0019002101822912288,-0.9827087755117635,0.0004687810791352027,0.0007520424288029791,0.6233439247322234,train
normal_0319_00,normal,0,A,319,normal_0319,0,10756,10771,2022-07-12 00:40:21.200000,2022-07-12 00:40:22.700000,-0.0014479374999999987,0.058618938145522506,0.058636818060946144,0.110243,0.205585,-0.21235961809141798,-0.9404838019360451,1.8800986077623658,0.0203849375,0.10581205218302683,0.10775776567868554,0.204575,0.372625,-0.14122851152788712,-1.1562176233710315,1.8984710634220665,-2.8312208750000005,111.72960802122576,111.76547373952205,165.700927,326.633482,0.072336037567256,-1.5012867996899875,1.4825770558283378,0.22930125251315114,0.03263030472470552,0.21253626429352374,-0.9901540876011728,0.0005246416097837487,0.0009641418058122603,0.544153989196386,train
normal_0322_00,normal,0,A,322,normal_0322,0,10778,10793,2022-07-12 00:40:39.236000,2022-07-12 00:40:40.736000,-0.0038737499999999987,0.09727692998181789,0.09735402942739453,0.204761,0.380448,0.032291158176992726,-0.07669188565637963,2.10326168525678,0.0024833749999999943,0.21710749166106494,0.2171216941872691,0.362432,0.6999409999999999,0.11356167624880704,-1.3218126801489698,1.6692574243060192,-4.395842937500001,176.74699375453895,176.8016494165091,259.876274,517.368362,0.08324657413618296,-1.5492387546637232,1.469874714730652,0.3764026201034922,0.1593329476727527,0.03164582233791669,-0.990767097044506,0.0005506398257521232,0.0012280524243061448,0.4483846249994068,train
normal_0322_16,normal,0,A,322,normal_0322,16,10794,10809,2022-07-12 00:40:40.836000,2022-07-12 00:40:42.336000,0.009615124999999999,0.09197974842653883,0.09248094262806256,0.157101,0.298307,-0.27680843643444497,-1.1306123343758652,1.698739173018864,0.0075959999999999995,0.20229470692006501,0.2024372684657521,0.343801,0.6130310000000001,0.2796630222608801,-1.489314817674306,1.6983088272511617,-1.713633687499999,177.7687920678042,177.77705131332655,258.684181,512.59999,0.044906212741535,-1.6116883715721226,1.4551044642093718,0.5729561348772128,-0.06184255034234582,-0.004785713297137535,-0.97225039174219,0.0005202074280389979,0.001138714288319265,0.4568375345555914,train
normal_0322_32,normal,0,A,322,normal_0322,32,10810,10825,2022-07-12 00:40:42.436000,2022-07-12 00:40:43.936000,0.008018625000000001,0.07163926387016673,0.07208663173397686,0.145328,0.271809,-0.19035924550022146,0.02535244890011379,2.0160187333527753,0.0142701875,0.18826084685358066,0.18880091289321801,0.340656,0.571501,0.2916761891971895,-1.196816519512287,1.8043133096113162,1.1175871874999999,177.23764589298625,177.24116937892634,257.492088,509.02371100000005,-0.001227217049730792,-1.6247018484186821,1.4527780927099625,0.6212741687939546,0.19941647437071688,0.04476480720170347,-0.9539227046066079,0.000406714940928097,0.0010652204200344555,0.38181294056955967,train
normal_0323_00,normal,0,A,323,normal_0323,0,10828,10843,2022-07-12 00:40:45.865000,2022-07-12 00:40:47.365000,0.0016425625,0.05356175462838287,0.05358693469902435,0.102242,0.17056,-0.334062313401332,-1.246628275915326,1.9079650772012064,0.0013949374999999969,0.0622932063425346,0.06230882286693033,0.14903,0.240292,0.637253734015879,0.36878130381634344,2.3917961075636995,4.023313875000001,85.19908248690655,85.29402506124022,116.82511400000001,230.07394900000003,-0.0951416840680777,-1.6074220749372894,1.3696752371121048,0.28384809579011433,0.11845042921563989,-0.15767709726748536,-0.9891401527329317,0.0006282612956833669,0.0007305180265815014,0.8600216186633334,train
normal_0323_16,normal,0,A,323,normal_0323,16,10844,10859,2022-07-12 00:40:47.465000,2022-07-12 00:40:48.965000,-0.0134166875,0.05712802504869956,0.05868235466848191,0.094317,0.187113,0.48708859102639046,-0.9147682418840026,1.6072463440301814,-0.005676375000000002,0.0637200515672608,0.06397238626841271,0.155717,0.284252,0.45467183425005187,1.5318581115625056,2.434128365114426,5.215406875,82.89534243691773,83.0592455215291,113.248835,225.305577,-0.10744481592392263,-1.5795641221750303,1.3634705479072249,0.23104659722707227,-0.00022324892917212642,0.05116720764617805,-0.9928431375071768,0.0007065120119983673,0.0007702018705651613,0.9173075774016759,train
normal_0323_32,normal,0,A,323,normal_0323,32,10860,10875,2022-07-12 00:40:49.065000,2022-07-12 00:40:50.565000,0.0070064375000000005,0.06370775884946114,0.06409187705210778,0.148881,0.250555,0.15940155765718592,-0.023207924143208825,2.322930874359589,0.004963187499999999,0.06943691567910648,0.0696140681844374,0.166432,0.32493,-0.07265048848841135,2.0861172719129923,2.3907811214114156,6.6310173125,80.01351920846082,80.28781754862568,110.864649,221.729298,-0.10001738754713137,-1.6092413980240667,1.3808402368498272,0.22299753601127068,0.15379859235004614,-0.1554314086995226,-0.9949806859177022,0.0007982764883762227,0.0008670564266151111,0.920674207436075,train
normal_0324_00,normal,0,A,324,normal_0324,0,10878,10893,2022-07-12 00:40:53.176000,2022-07-12 00:40:54.676000,-0.016039437499999996,0.07503275215195092,0.07672794439324242,0.164068,0.305334,0.13708857639970723,-0.00818111712148717,2.1383082955947117,-0.018426375,0.07150945981553333,0.0738453393163712,0.112157,0.201044,0.35499675805460285,-1.583134170067654,1.5188094609396054,4.3213371249999994,93.19208947956312,93.29222634343552,138.282788,272.989297,-0.07882291486360074,-1.4941603297382375,1.4822541322032696,0.16918259626640994,0.1737243062204691,0.0761692373074637,-0.9974754841384149,0.000822447350659044,0.0007915486875029145,1.0390357076500312,train
normal_0324_16,normal,0,A,324,normal_0324,16,10894,10909,2022-07-12 00:40:54.776000,2022-07-12 00:40:56.276000,-0.014210187499999999,0.06639061064470897,0.06789434888532697,0.126723,0.24841000000000002,0.41287195370078345,-0.6702523690881126,1.8664734558988727,-0.0007579374999999999,0.07678223869690563,0.07678597950513166,0.14705,0.26819899999999997,0.3276715676940263,-0.9173460690366064,1.9150631527748179,5.736947562500001,93.7018641603647,93.87732375,139.474881,275.373483,-0.06440353070448314,-1.4956690867601714,1.4857142857142858,-0.023961555043755287,-0.05867844051137596,-0.21576109267656113,-0.9977711488141638,0.000723224162910023,0.0008179395879415626,0.8842024198022966,train
normal_0325_00,normal,0,A,325,normal_0325,0,10922,10937,2022-07-12 00:41:01.166000,2022-07-12 00:41:02.666000,-0.012382124999999997,0.07408185212475708,0.07510950561513502,0.185274,0.332038,0.8283943110124435,2.035017756471081,2.4667184064471614,0.008428249999999998,0.1966048915723805,0.19678546386420415,0.339989,0.6324559999999999,0.07426043400833292,-1.2537968164349502,1.7277139953518943,0.5215406874999999,179.304007902742,179.30476640255628,253.91580900000002,506.63952500000005,0.009112537056318438,-1.6226519690395789,1.4161129907162358,0.5654729918477149,-0.11377822809171628,-0.01610050068653598,-0.9586135032897862,0.0004188929671089001,0.0010974915380799306,0.3816821839389818,train
normal_0326_00,normal,0,A,326,normal_0326,0,10952,10967,2022-07-12 00:41:09.181000,2022-07-12 00:41:10.681000,-0.007672375,0.04589023384375345,0.046527184530927725,0.071659,0.141337,0.3459660891781893,-1.337781457451355,1.540153368884089,-0.0022183125000000007,0.05255802056384776,0.05260481380955073,0.092011,0.182039,0.29456218929130756,-0.7036560402400975,1.749098482376813,-3.3527615624999987,87.41710178727953,87.48137341733135,119.20930000000001,237.22650700000003,0.10047748062216262,-1.608749700618947,1.3626820812621454,0.4772528177910529,0.18807967215974675,-0.012866636876488804,-0.9900180539875035,0.0005318524699991736,0.0006013258794943535,0.8844662904686571,train
normal_0328_00,normal,0,A,328,normal_0328,0,10974,10989,2022-07-12 00:41:19.199000,2022-07-12 00:41:20.699000,0.015291062500000003,0.07776837539487753,0.07925740851136567,0.199778,0.31560900000000003,1.0488648210005078,1.6041285809633568,2.520622409340465,0.007645937500000002,0.17156350734184003,0.1717337981053453,0.283657,0.508024,0.17510919403113348,-1.3362655591760018,1.6517249553055278,5.3644185,152.5052267155841,152.59954508914774,222.921391,441.07441,-0.07099161003782267,-1.53533711468014,1.4608260520683116,0.5461814923220968,0.1046823744808411,-0.008747460706595787,-0.9900205906856946,0.0005193816827243093,0.0011253886635443078,0.46151316389536456,train
normal_0328_16,normal,0,A,328,normal_0328,16,10990,11005,2022-07-12 00:41:20.799000,2022-07-12 00:41:22.299000,0.016548999999999998,0.052687052612572664,0.0552249482933212,0.130852,0.19774,0.4994570604301639,-0.011487004525834621,2.369436351574185,0.006807875,0.17243324619250308,0.17256758546870846,0.26531,0.49227699999999996,0.13269039661252913,-1.5167973129908883,1.5374266220356223,3.2782557499999996,154.3573439975363,154.39215202443472,225.305577,443.458596,-0.04476008979504005,-1.5827473715819391,1.4593071865747569,0.43036296636233534,-0.03015505119377508,-0.05072719242053141,-0.976186119274329,0.0003576927166905548,0.0011177225215527615,0.32001924430550194,train
normal_0328_32,normal,0,A,328,normal_0328,32,11006,11021,2022-07-12 00:41:22.399000,2022-07-12 00:41:23.899000,-0.0356916875,0.09813091210133452,0.10442017269875348,0.217762,0.425657,0.9215451336203838,1.6887966633137914,2.0854399525677048,-0.022081937500000003,0.17268131477322204,0.1740874735170871,0.288184,0.565642,0.2174482656933485,-0.8851193415414418,1.6553976812795441,1.6391278749999985,157.959562049835,157.96806633989758,228.88185600000003,454.18743300000006,-0.0027190733284205544,-1.6143185833461386,1.4489121839822885,0.4565858021981118,-0.019163432092671795,-0.012631280094410079,-0.9571002322507713,0.0006610207690589446,0.0011020421883401778,0.5998143955400926,train
normal_0329_00,normal,0,A,329,normal_0329,0,11024,11039,2022-07-12 00:41:25.865000,2022-07-12 00:41:27.365000,-0.002302624999999999,0.08289480279613055,0.08292677741538013,0.167878,0.307117,-0.3538438143725106,-0.29221964880407203,2.0244124423055694,-0.000724062499999999,0.1485802529617701,0.14858201720493466,0.263861,0.430141,0.47278215530684653,-1.4271330241214875,1.7758609350152015,-7.674098687500002,143.94798705567942,144.1524011872419,219.345112,431.537666,0.07406498495643199,-1.4655852392036937,1.5216195512073993,0.3227026075605871,-0.10321317499771221,-0.02870236648077893,-0.9974516618265782,0.0005752715649021009,0.0010307287008833037,0.5581212247307272,train
normal_0329_16,normal,0,A,329,normal_0329,16,11040,11055,2022-07-12 00:41:27.465000,2022-07-12 00:41:28.965000,-0.011917625,0.06889536773604141,0.06991853460367287,0.16932,0.269447,-0.7169438203805099,0.3029403627460914,2.4216754678823817,-0.007319875,0.14156738152328513,0.14175649572903176,0.238361,0.423102,0.5064419706910405,-1.227142860436193,1.6814820285599343,-8.64267425,140.5390562869011,140.80455305210964,216.960926,425.577201,0.049073563309871684,-1.5001159126125867,1.540865840607484,0.5276587801549569,-0.09309973961847127,-0.0049632622457051806,-0.9990396012123312,0.0004965644440332628,0.0010067607378901294,0.49322984632268624,train
normal_0329_32,normal,0,A,329,normal_0329,32,11056,11071,2022-07-12 00:41:29.065000,2022-07-12 00:41:30.565000,0.010205750000000001,0.047566977847688624,0.048649508883697894,0.091607,0.17215,-0.6192532187234178,-0.5504599066620957,1.8829994814335496,-0.012321499999999999,0.13502781456935087,0.13558882723006715,0.23097,0.43474999999999997,0.2649304143929923,-1.3565660415347907,1.7034589406698684,-8.344650999999999,139.70712031234763,139.956109785463,215.768833,425.577201,0.05017982320329986,-1.496950634134695,1.5416892719492516,0.31401171598685623,0.08025682159758853,-0.13362711239247266,-0.9991857314611778,0.0003476054668729513,0.0009687953418961816,0.3588017528992223,train
normal_0330_00,normal,0,A,330,normal_0330,0,11074,11089,2022-07-12 00:41:33.240000,2022-07-12 00:41:34.740000,0.0013528124999999981,0.050166958135084726,0.050185194930253085,0.088059,0.167688,-0.0705710471207518,-1.066627223312361,1.754680840084084,-0.0011693125000000002,0.06284685951254719,0.0628577365350718,0.148982,0.26402000000000003,0.44609307288348465,0.6742811082881222,2.3701457960846986,2.831220875,81.88415901129937,81.93309043744655,110.864649,220.537205,-0.08598641931812794,-1.667946444712633,1.3531120138162227,0.3455790292515508,0.07895021036127951,-0.11972866044104821,-0.992110991408958,0.0006125143658357177,0.0007671837617679244,0.7983932877101293,val
normal_0330_16,normal,0,A,330,normal_0330,16,11090,11105,2022-07-12 00:41:34.840000,2022-07-12 00:41:36.340000,-0.006804312500000001,0.03402861768372091,0.03470224041848739,0.079833,0.136512,-0.30795297404868593,-0.11481026097710023,2.3005142906412894,-0.009649374999999998,0.07010556781193898,0.07076652510986392,0.154568,0.268096,0.8939900107806859,0.4873459027777254,2.184196549993597,4.2468313125,81.35430878012265,81.4650792259381,110.864649,220.537205,-0.09928558754328111,-1.6311701250601334,1.3608855481810078,0.06045568016100366,-0.06847807771495115,0.013069061084967158,-0.9943558832600763,0.0004259768817292006,0.0008686731269676614,0.4903764931881664,val
normal_0331_00,normal,0,A,331,normal_0331,0,11116,11131,2022-07-12 00:41:41.292000,2022-07-12 00:41:42.792000,0.02577125,0.1092966311926516,0.11229385965681739,0.174488,0.331583,-0.40191436068088265,-1.2593046618507755,1.5538516579023545,0.024641437500000002,0.17916133416106025,0.180847958518855,0.309004,0.597295,-0.16461513509673845,-1.089735018493264,1.7086396912121273,-4.768372000000001,136.2236859421474,136.30711640701372,197.887438,392.198597,0.08963231155040796,-1.503464966318607,1.451776277102856,0.3899088375287114,-0.22798242537835736,0.0032003285684746785,-0.992764058425901,0.0008238297648488679,0.0013267682809666526,0.6209296503897762,train
normal_0334_00,normal,0,A,334,normal_0334,0,11162,11177,2022-07-12 00:42:06.134000,2022-07-12 00:42:07.634000,-0.0100731875,0.07858673843294009,0.07922969496304716,0.137949,0.272024,-0.06535793356632802,-1.1569295874748375,1.741127490953229,-0.014842749999999998,0.19426830233967018,0.19483449520426305,0.302756,0.591823,0.36782006844629483,-1.3049925890104603,1.553913744496799,-9.164214937500002,183.82199625057677,184.05028970628587,270.605111,537.633943,0.08197341271057103,-1.481210957907839,1.4702781040542858,0.6367776770878328,-0.10104279212793417,-0.07570927518146739,-0.997724961654268,0.00043047851263632774,0.0010585937980058984,0.40665127024854264,val
normal_0334_16,normal,0,A,334,normal_0334,16,11178,11193,2022-07-12 00:42:07.734000,2022-07-12 00:42:09.234000,0.030792187500000002,0.0687273926422525,0.07531011426387228,0.166148,0.24007599999999998,0.4786981495002646,-0.30333917022746304,2.2061844099432526,0.004591874999999997,0.19179979388214777,0.1918547530014568,0.334057,0.618003,0.21744099208592363,-1.107563458845483,1.7411974150959055,-10.803342812500002,179.6911995536719,180.0156643544165,264.644646,529.289292,0.06354320753092352,-1.4982452184237065,1.4701200973208932,0.5334759152387986,0.03733613377359076,-0.05518335072364926,-0.9984487663005948,0.00041835311684654866,0.0010657669913865463,0.39253713074963764,val
normal_0334_32,normal,0,A,334,normal_0334,32,11194,11209,2022-07-12 00:42:09.334000,2022-07-12 00:42:10.834000,-0.011271687500000002,0.11282596990316478,0.11338761142068167,0.232999,0.389633,-0.6572384218675136,-0.33563346462511046,2.054889392947398,0.0099301875,0.1949186175376209,0.19517140181533385,0.328108,0.5826830000000001,0.28988296794707963,-1.442314243515424,1.6811274446368292,-11.02686025,173.8783699160566,174.2276647712356,255.10790200000002,500.67906000000005,0.05593126346143785,-1.5106383648157278,1.4642215536491394,0.5950666497862038,0.19173228198171216,0.02587483433939218,-0.998972093939142,0.000650801418761836,0.001120209021176963,0.5809642722552462,val
normal_0335_00,normal,0,A,335,normal_0335,0,11212,11227,2022-07-12 00:42:13.314000,2022-07-12 00:42:14.814000,0.015420062500000001,0.07022110728928728,0.07189424341654553,0.122502,0.240621,-0.35755158726959746,-0.7513988849599174,1.7039194541660305,0.0003647499999999983,0.05760760686695378,0.05760876158623791,0.117889,0.223568,-0.07960850801885819,-0.2604041415646101,2.046372752233618,-4.9918894375,87.84279529489976,87.98451935072379,125.16976500000001,249.14743700000002,0.09059110955018963,-1.5500135431915811,1.422633957924444,0.5496397666605719,0.0604301554361332,-0.21339227799900723,-0.998897991777386,0.0008171237843552999,0.0006547602011280863,1.2479741177723958,train
normal_0335_16,normal,0,A,335,normal_0335,16,11228,11243,2022-07-12 00:42:14.914000,2022-07-12 00:42:16.414000,-0.003853437500000001,0.05411340651581726,0.05425043543892067,0.101362,0.196797,0.04302009960895964,-0.6308536483002958,1.8684089663044485,0.008594562500000002,0.05808825213733921,0.05872062279078365,0.149514,0.273614,0.2282804794989851,2.084832843305402,2.5461923408528055,-3.4272673749999996,88.32644431982726,88.39291220365627,121.59348600000001,241.99487900000003,0.1148181307862482,-1.5503872188930201,1.3756022170629474,0.21555776191231155,0.07704820969912772,0.3083038502226046,-0.9965346057849389,0.0006137419176090531,0.0006643137026133046,0.9238736386058122,train
normal_0336_00,normal,0,A,336,normal_0336,0,11257,11272,2022-07-12 00:42:21.316000,2022-07-12 00:42:22.816000,-0.012388187499999998,0.05417927137316765,0.055577519160740704,0.119418,0.21548499999999998,-0.12577197827440884,0.06475959311354318,2.148674532496144,-0.009144125000000001,0.08789382161653557,0.08836820073066441,0.162934,0.285944,0.6562235881607095,-0.6668302490272451,1.843808051457369,4.8428778125,104.93251672405927,105.04421227060433,156.164183,309.94418,-0.09253511971033408,-1.4448294856720316,1.486651949920911,0.46209741895586137,0.013921459261610175,-0.03355822375568896,-0.9958973095608128,0.0005290869240617225,0.0008412476881926549,0.6289312071673188,train
normal_0336_16,normal,0,A,336,normal_0336,16,11273,11288,2022-07-12 00:42:22.916000,2022-07-12 00:42:24.416000,0.018687812499999998,0.06507208378043032,0.06770236645467055,0.114831,0.22389799999999999,-0.39673684825141514,-0.9029178341039872,1.6961150106456613,0.0014553749999999983,0.1050077490520789,0.10501783409200077,0.194865,0.34089400000000003,-0.3340364531664385,-1.0328001992802092,1.855541981843662,5.364418500000001,106.04101110450323,106.17661240550349,159.740462,319.480924,-0.08752812375281326,-1.4351376923112955,1.5044787960452968,0.2928697390101828,0.1334023898827219,0.11655833793842366,-0.9973630836231144,0.0006376391647918248,0.0009890863130095242,0.6446749453560426,train
normal_0337_00,normal,0,A,337,normal_0337,0,11291,11306,2022-07-12 00:42:29.388000,2022-07-12 00:42:30.888000,-0.019086625,0.047007380980111785,0.05073453577692418,0.114521,0.168403,-0.1898322083120813,-0.7828549027618816,2.2572592465128674,0.00519025,0.044857577692486925,0.045156848555894594,0.09854,0.176531,0.48650706852744546,0.10441886269462275,2.182171766881128,-3.576279,79.72442236427764,79.80459443417763,109.672556,218.153019,0.06957780088086413,-1.6501006784720107,1.3742636846611294,0.01676206255937064,0.06349254822107085,-0.014609245222328175,-0.9986379796411365,0.0006357345230138315,0.0005658427171525782,1.1235180797465438,val
normal_0337_16,normal,0,A,337,normal_0337,16,11307,11322,2022-07-12 00:42:30.988000,2022-07-12 00:42:32.488000,-0.023047750000000002,0.029904418995150197,0.03775543742959416,0.093143,0.133458,-0.15812700382511288,1.2325863485264321,2.4670088957038794,-0.018040624999999998,0.05525350086858185,0.05812412157293218,0.110598,0.174239,-0.28559276618777146,-1.0732920565295219,1.9027900466629053,-3.2037499375000005,81.17369805038074,81.23689598228391,109.672556,218.153019,0.08735202596104183,-1.631149666983905,1.3500338075930094,0.08073314858286852,-0.1371936411507237,0.15563431111012715,-0.9986904619559483,0.00046475726297848507,0.0007154891982284484,0.6495657294746368,val
normal_0338_00,normal,0,A,338,normal_0338,0,11323,11338,2022-07-12 00:42:37.291000,2022-07-12 00:42:38.791000,0.019194625,0.05140609989689331,0.054872768615224804,0.121772,0.19858,0.005474887172177919,-0.30904635775170153,2.2191699648669374,0.005985750000000003,0.12915612335730545,0.12929475396840354,0.265873,0.439927,0.2834401335202576,-0.8639736392055752,2.0563324639217213,1.490116249999999,109.4621992813482,109.47234133765524,162.124648,321.86511,-0.05353533312814211,-1.546443611106219,1.4809644702851892,0.3443352511418411,0.007013823463066395,-0.07021737105300024,-0.9803096887919879,0.0005012477850087801,0.001181072336523874,0.42440058030996647,test
normal_0340_00,normal,0,A,340,normal_0340,0,11349,11364,2022-07-12 00:42:47.528000,2022-07-12 00:42:49.028000,0.009134125,0.07900240785244697,0.07952869096118709,0.142936,0.27166,-0.022548849192835695,-0.8788219515918714,1.797288478817764,0.006306875000000002,0.10437792549305804,0.10456829348564507,0.180453,0.291007,0.5145939736207819,-1.4048392217239796,1.725695179531377,-1.0430813750000008,108.30746748192327,108.312490189741,156.164183,307.559994,0.033696630953227544,-1.6146817097976205,1.4417929338198465,0.14707345305073205,0.016217221801771854,-0.04872049033347546,-0.9538299708267849,0.0007342522623371444,0.0009654315333574469,0.7605430700856243,train
normal_0340_16,normal,0,A,340,normal_0340,16,11365,11380,2022-07-12 00:42:49.128000,2022-07-12 00:42:50.628000,0.005227062499999997,0.08800099174545474,0.08815609298603529,0.160318,0.272262,0.07367790609734429,-1.3027393432553727,1.8185697048234182,0.0020520625000000005,0.09814875804198235,0.0981702076278109,0.156441,0.28697700000000004,0.3366811805279208,-1.4847885111020778,1.5935690040822672,-2.4586918124999997,105.62767106810519,105.65628263714696,152.587904,305.175808,0.0708172266582115,-1.5727224147459082,1.4441914876376,-0.0047379743525481875,-0.00954091554657916,-0.03402172649155955,-0.9802708652508194,0.0008343667862022727,0.0009291469014195273,0.8979923249246681,train
normal_0340_32,normal,0,A,340,normal_0340,32,11381,11396,2022-07-12 00:42:50.728000,2022-07-12 00:42:52.228000,-0.010365249999999996,0.087727593596955,0.08833781232221567,0.166451,0.299465,-0.038778356808030594,-1.1879179892995315,1.8842554012189408,-0.0109890625,0.09267674172052874,0.0933259768261897,0.191568,0.332662,0.8642080287648185,-0.17064247190819382,2.0526760770666908,-3.3527615624999996,102.34763964269784,102.40254074253487,149.011625,293.254878,0.08717789458610875,-1.5224537309696522,1.4551555451602693,0.025866269917109615,0.08271614173933226,-0.09514639663147507,-0.9917998929983163,0.000862652544376986,0.0009113638797384347,0.9465511674925836,train
normal_0341_00,normal,0,A,341,normal_0341,0,11399,11414,2022-07-12 00:42:54.375000,2022-07-12 00:42:55.875000,0.0037904999999999953,0.05113234765904065,0.05127265223659685,0.111951,0.193664,0.18947669594077365,-0.36950527734675687,2.183444684768868,0.015262375000000002,0.03078120706062995,0.034357281597210215,0.067365,0.099603,-0.08543643855604324,-1.276897433038316,1.9607197330032646,-0.9685755625000008,85.42431757611698,85.42980845094739,114.44092800000001,227.68976300000003,0.039165056978668136,-1.6911903950668785,1.3395901275572963,-0.22785098713992785,0.11416283417226243,0.41771378215177046,-0.9784789351211642,0.0006001728573000008,0.0004021697135951989,1.4923372820264147,train
normal_0341_16,normal,0,A,341,normal_0341,16,11415,11430,2022-07-12 00:42:55.975000,2022-07-12 00:42:57.475000,-0.0026973125000000035,0.07403436022864547,0.07408347986688733,0.140561,0.277985,0.35922414515717865,-0.2379194868156267,1.897332580118523,0.003369875,0.04396787670117099,0.044096827993915844,0.093704,0.18240099999999998,-0.16480457307561977,0.593395616740561,2.124960099464038,-0.07450581250000043,86.49399636612372,86.49402845572126,118.01720700000001,234.84232100000003,0.011971952111634078,-1.6990482660453823,1.3644549699799953,0.36563683389599017,0.011014440808760937,0.12341915260054884,-0.9603675379284375,0.0008565155443628431,0.0005098251148805059,1.6800183422968389,train
normal_0341_32,normal,0,A,341,normal_0341,32,11431,11446,2022-07-12 00:42:57.575000,2022-07-12 00:42:59.075000,-0.0052771875000000015,0.06474449609736987,0.06495920629758727,0.106157,0.211092,0.1105853094467179,-0.9670220688143383,1.6342102382482915,-0.013029187500000004,0.05113049580634187,0.05276445136938789,0.121497,0.224034,0.8985326800967417,2.084086431272893,2.3026298359370103,0.8195639375000003,87.32612030994981,87.3299660679854,120.40139300000001,238.41860000000003,-0.02536883748723034,-1.6955205386750527,1.3786950621997136,0.5892120360470444,0.08477594154483999,-0.06713904587932,-0.9609117121734101,0.0007438363854054089,0.0006041964029656368,1.2311168715244967,train
normal_0342_00,normal,0,A,342,normal_0342,0,11449,11464,2022-07-12 00:43:01.514000,2022-07-12 00:43:03.014000,-0.0010910624999999974,0.07794925517802331,0.07795689065238236,0.211115,0.367131,0.7508374181105092,2.8300732141902687,2.7080992870968017,-0.011837125000000002,0.20909489939106446,0.2094296886299194,0.330606,0.642652,0.22677787975355707,-1.2486199499072979,1.5786014015625538,10.6543311875,172.91229283919034,173.24022566355325,253.91580900000002,504.25533900000005,-0.07727335522304143,-1.4991423360213023,1.4656862055416933,0.5143747932957745,-0.01322672653566441,0.0678565708942139,-0.998555572540529,0.00044999301030570723,0.0012088975746120828,0.37223419068410596,train
normal_0342_16,normal,0,A,342,normal_0342,16,11465,11480,2022-07-12 00:43:03.114000,2022-07-12 00:43:04.614000,-0.0096203125,0.09190030073789117,0.09240246581294514,0.256038,0.447716,-0.751248179506134,3.294669494184234,2.7709000809384277,-0.0153034375,0.19296968817471333,0.19357555567158394,0.350852,0.6380429999999999,0.47457105312287584,-1.0268566992210755,1.8124809136296518,8.8661916875,174.9850656492655,175.2095389963607,255.10790200000002,507.83161800000005,-0.09296867546216636,-1.497174168576499,1.4560160563249864,0.3830875905922491,0.11887827354040564,0.12781658893380934,-0.9971161263365239,0.0005273826205025541,0.0011048231550658022,0.47734573454983725,train
normal_0343_00,normal,0,A,343,normal_0343,0,11494,11509,2022-07-12 00:43:09.436000,2022-07-12 00:43:10.936000,0.0032141875000000018,0.08809513074740477,0.0881537467308537,0.169044,0.29680799999999996,-0.43021325103955194,-0.3826903845089604,1.9176042569820213,0.002373187500000002,0.10754741977856719,0.10757360047863741,0.194719,0.310046,0.7174338792969026,-0.9870956402944069,1.810100239590553,-1.2665988124999998,110.34869233406205,110.35596120006073,158.548369,315.904645,0.0415764430459768,-1.5908573045716632,1.4366996334033357,0.4818756417286148,-0.018484949099364326,-0.020166656615669628,-0.965970183629147,0.0007988127308414508,0.0009747873998724974,0.8194737959743179,train
normal_0343_16,normal,0,A,343,normal_0343,16,11510,11525,2022-07-12 00:43:11.036000,2022-07-12 00:43:12.536000,0.003308625000000001,0.07197762823342664,0.07205363256283476,0.164549,0.253121,0.6220178941332475,-0.5390759803660368,2.2837016559366963,0.005845062499999999,0.09493904754595757,0.09511880731255255,0.18088,0.285149,0.6774855246792141,-1.0512062623588825,1.9016218254886572,-2.9057266875000014,107.36199683679055,107.40131103653006,157.356276,311.136273,0.08474755592426499,-1.5434945688765247,1.4651243497994073,0.08290226617781006,0.02419635242167502,0.01135766631764931,-0.9855674137865775,0.0006708822440568476,0.0008856391639409327,0.7575119432066938,train
normal_0344_00,normal,0,A,344,normal_0344,0,11528,11543,2022-07-12 00:43:17.444000,2022-07-12 00:43:18.944000,-0.0052545625000000006,0.046584235878364404,0.04687964867015857,0.098313,0.181697,0.5506166112480707,0.18079344566711564,2.0971360236021037,-0.0108275,0.04323843192259636,0.04457349830757061,0.09589,0.157742,-0.28024561930088154,-0.7369780641361459,2.151278307534446,4.917383625,82.09215281793585,82.23929848921837,112.056742,221.729298,-0.0820486072163405,-1.6194165189030654,1.3625692832811642,-0.09235136337948276,-0.17623584815253363,0.24202305214833544,-0.9965287587347316,0.0005700395009607788,0.0005419975501543733,1.0517381504739616,test
normal_0347_00,normal,0,A,347,normal_0347,0,11566,11581,2022-07-12 00:43:35.064000,2022-07-12 00:43:36.564000,-0.033986875,0.06919761842350049,0.07709356696735467,0.148023,0.208094,-0.3344899080293439,-1.2703391755954305,1.9200434721444455,-0.0062710000000000005,0.07928856128566088,0.0795361640497579,0.140781,0.255675,0.3418154595557937,-1.0340619426853843,1.7700250154373458,-5.960465000000001,101.41727256551174,101.59227489156606,154.97209,305.175808,0.04344781018348361,-1.4911278072317904,1.5254318319518743,0.17783493279265927,0.0044045677983815595,0.051607787998417316,-0.9991430316947585,0.0007588526494720199,0.0007828957874469331,0.9692894784204688,train
normal_0347_16,normal,0,A,347,normal_0347,16,11582,11597,2022-07-12 00:43:36.664000,2022-07-12 00:43:38.164000,0.024533,0.05613143855051285,0.06125852171534994,0.135764,0.20812799999999998,0.23196891203336892,-0.6683375751855385,2.2162467555265986,0.0065425625000000015,0.07657086016312664,0.07684986499784824,0.12642,0.227747,0.24314205198022087,-1.4112408895931061,1.6450256614444243,-5.513430124999999,101.79217402105486,101.94137827043528,154.97209,306.367901,0.046755058922471344,-1.4938854311973797,1.5202079138942202,0.21603959473557688,0.08559564366954225,0.017782996497217297,-0.9994599005387858,0.0006009191042408728,0.0007538633114609948,0.7971194447389746,train
normal_0347_32,normal,0,A,347,normal_0347,32,11598,11613,2022-07-12 00:43:38.264000,2022-07-12 00:43:39.764000,0.0007903749999999998,0.05221667625250936,0.05222265764493416,0.104074,0.17726999999999998,-0.7013376257933039,0.10129628056518847,1.9928897664995733,-6.22499999999998e-05,0.09214940344794696,0.0921494244739217,0.158322,0.307957,0.2516130727000047,-1.2694577904467685,1.7181008009963767,-4.6938661875,104.68930994049343,104.79448456671206,157.356276,309.94418,0.06968048379384645,-1.4616766728134998,1.5015702081136453,0.234548637300113,0.05743273288088446,-0.012037422790570317,-0.9983499894560783,0.0004983340283685376,0.0008793346792526994,0.5667171329942834,train
normal_0348_00,normal,0,A,348,normal_0348,0,11616,11631,2022-07-12 00:43:41.601000,2022-07-12 00:43:43.101000,0.029895625000000002,0.07084717117489149,0.07689648924121958,0.149666,0.268039,-0.05661565783355397,-0.1789441066161528,1.9463307294889225,0.022832624999999995,0.20649471413176507,0.20775320870867434,0.366038,0.701689,0.0997199396849466,-0.9490341603578036,1.7618885516867435,6.332994062500001,180.14450086641773,180.25578494518962,261.068367,517.368362,-0.0829600444182048,-1.5331134006646563,1.4483217117241651,0.6959586997717154,-0.1419634372685545,-0.08068159760655295,-0.9924748693786917,0.0004265965126423072,0.0011525466923119603,0.37013382233267483,cal
normal_0348_16,normal,0,A,348,normal_0348,16,11632,11647,2022-07-12 00:43:43.201000,2022-07-12 00:43:44.701000,-0.008232187499999998,0.09963975025511827,0.09997924155512233,0.173849,0.339849,0.5147535388048532,-0.6210175056364746,1.7388509584177079,-0.008950687499999997,0.21309628323240376,0.2132841783494207,0.315902,0.581685,0.22513686342772016,-1.6523600223898907,1.4811318985061417,4.321337125,182.61646704971812,182.66758878429607,259.876274,518.560455,-0.05708352838931525,-1.5872190859596287,1.4226731503358059,0.6035540704324253,-0.05546790667725513,-0.010863231025393065,-0.9800563616908943,0.0005473288513879893,0.0011676082208611094,0.46876070381239265,cal
normal_0348_32,normal,0,A,348,normal_0348,32,11648,11663,2022-07-12 00:43:44.801000,2022-07-12 00:43:46.301000,-0.024394937499999998,0.10373010440891108,0.10656006539183663,0.228182,0.395355,-0.29535687687123724,0.1908754617783246,2.141346283534475,-0.021182374999999996,0.2034157182391134,0.20451564105802517,0.334737,0.6142799999999999,0.5002073748504522,-1.1409056646501,1.6367305613805276,2.086162749999999,184.32707896948926,184.3388838971415,262.26046,524.52092,-0.014029995621484529,-1.6227127783912723,1.4227082992774203,0.6167467050641506,0.029291372645663397,0.002519015091113911,-0.9608550832859268,0.0005780661309162295,0.0011094546995963261,0.5210362632440587,cal
normal_0349_00,normal,0,A,349,normal_0349,0,11666,11681,2022-07-12 00:43:49.346000,2022-07-12 00:43:50.846000,0.0009597500000000005,0.06574085008339564,0.0657478554003855,0.108408,0.214213,-0.1494887382646805,-0.9173041646131268,1.6488446556899312,0.0017809374999999995,0.05922110924584741,0.05924788197638376,0.114166,0.191042,0.5474948602920998,-1.02279492176634,1.9269212027782974,-3.6507848125,94.75496213814783,94.82526603995903,137.090695,270.605111,0.09789561993301381,-1.5248752872402698,1.4457190654464442,0.4665459250416363,0.07732588206158277,0.021819955676704795,-0.9933877014203442,0.0006933579851247618,0.0006248111336847387,1.1097081145718024,test
normal_0349_16,normal,0,A,349,normal_0349,16,11682,11697,2022-07-12 00:43:50.946000,2022-07-12 00:43:52.446000,0.002366749999999999,0.056835254774765455,0.056884511871642174,0.098448,0.192199,0.01615239882282714,-0.8756339988536341,1.7306644068976862,0.0003148750000000009,0.05092384155760811,0.05092481502420995,0.091675,0.16888,0.5280162899061404,-0.6315254561185095,1.8002029061159512,-4.619360375,92.9974615550895,93.11211707379695,133.514416,265.836739,0.08948789788582669,-1.507484061147326,1.4339102170148468,0.5334020574617157,0.058759175066466086,-0.01662428330639061,-0.9959725370015076,0.000610924911379233,0.0005469193121648064,1.1170293273446148,test
normal_0350_00,normal,0,A,350,normal_0350,0,11707,11722,2022-07-12 00:43:57.268000,2022-07-12 00:43:58.768000,-0.0334521875,0.05832597542178222,0.06723814585068137,0.13805,0.197774,-0.01248157331340057,-0.995030636695319,2.0531500125921607,-0.011546062499999999,0.04342047130310303,0.04492937666424385,0.090442,0.131051,-0.6107536671251621,-1.090809720044034,2.012981410266848,4.768372,80.55783996023442,80.69884107339537,110.864649,219.345112,-0.06127124907025786,-1.624167373436248,1.373807201260411,0.22166535200624538,-0.06021952520504985,0.04751883354049032,-0.9986804605860963,0.000833198407267441,0.0005567536790693277,1.4965296837556956,train
normal_0351_00,normal,0,A,351,normal_0351,0,11735,11750,2022-07-12 00:44:05.295000,2022-07-12 00:44:06.795000,0.0445514375,0.08590058761583702,0.09676642773225898,0.21788,0.381436,-0.21819144239494462,1.36860702906211,2.251607350876356,0.013534875000000002,0.21474764578449837,0.2151737535371124,0.354459,0.650258,0.29117515677616707,-1.3715072100260866,1.6473152239678905,7.003546374999999,185.09325311567062,185.22570558852917,268.220925,534.057664,-0.09600605049066874,-1.4868855854553806,1.448076141201703,0.6172032043824529,0.24831692213362044,0.014446599357169871,-0.996261037662611,0.0005224243979786552,0.0011616840807998406,0.44971296982821396,cal
normal_0353_00,normal,0,A,353,normal_0353,0,11758,11773,2022-07-12 00:44:15.484000,2022-07-12 00:44:16.984000,0.0183661875,0.052429667057662534,0.05555345921778859,0.126878,0.21998099999999998,0.09154300917100114,0.3782763412386392,2.2838901804943372,0.014851625,0.03460550131640019,0.03765782105353415,0.110601,0.142813,1.5329300885801522,2.534629529530263,2.9369994573708933,1.862645312500001,84.9716171675655,84.99203004771383,115.63302100000001,227.68976300000003,-0.041978759557099295,-1.6832615119582097,1.3605160499765048,0.3987461504956348,-0.12203880925914508,0.307025911073422,-0.9799751754216529,0.0006536313956332298,0.0004430747333884525,1.4752170376192,val
normal_0353_16,normal,0,A,353,normal_0353,16,11774,11789,2022-07-12 00:44:17.084000,2022-07-12 00:44:18.584000,-0.010429999999999998,0.09005113232214239,0.09065313746638888,0.208248,0.383139,-0.399131678917029,1.211627836243963,2.2971957267029097,-0.0059178125,0.05029058524617052,0.05063756974013958,0.096029,0.167813,-0.1480525227045602,-0.5190401262611304,1.8963982768683183,1.2665988125000012,85.8570470926114,85.86638928017595,118.01720700000001,233.65022800000003,-0.006538273691704294,-1.689249384716193,1.3744284345638225,0.4792179804295623,-0.14018349582557102,-0.07596944188354578,-0.9674658808681019,0.0010557464710737295,0.0005897251551467103,1.7902347591245005,val
normal_0353_32,normal,0,A,353,normal_0353,32,11790,11805,2022-07-12 00:44:18.684000,2022-07-12 00:44:20.184000,-0.005890875000000002,0.08537491560381992,0.08557790966496552,0.163993,0.30774199999999996,0.042395129210686985,-0.45747462175609277,1.9163006042333446,-0.012474250000000001,0.055878109260805345,0.057253558907940386,0.105917,0.19824999999999998,0.16840167614090298,-0.8129118484442457,1.8499636008707674,0.3725290625000004,86.9336617086937,86.93445988780286,121.59348600000001,238.41860000000003,0.02465288573160444,-1.68646192645345,1.3986799498947586,0.6073285799081514,0.0418524325096872,-0.1338589422507257,-0.9662496268737918,0.0009843957134536973,0.0006585830173884041,1.4947177310421638,val
normal_0354_00,normal,0,A,354,normal_0354,0,11808,11823,2022-07-12 00:44:22.158000,2022-07-12 00:44:23.658000,-0.017974937500000003,0.06925259341034525,0.07154732749856908,0.175033,0.277576,-0.4149325714128882,0.10349351105608884,2.4463946609815803,-0.01667025,0.21174238281148983,0.2123975845289913,0.321522,0.6345339999999999,0.20415674268176395,-1.4136557492033128,1.5137742772028262,11.1013660625,173.51440791282994,173.86917519156052,257.492088,513.792083,-0.0621391603936707,-1.4894209862380885,1.480953065523592,0.41597908110663745,0.1952150011959227,0.11184866220547839,-0.9989445119702679,0.00041150093120152987,0.0012215942492105462,0.33685565519603733,test
normal_0354_16,normal,0,A,354,normal_0354,16,11824,11839,2022-07-12 00:44:23.758000,2022-07-12 00:44:25.258000,0.003581500000000001,0.09258545963392416,0.09265470564345343,0.179121,0.352644,0.06356830722367754,0.1348406485069673,1.9332099622579275,-0.006793687500000001,0.21673666460526433,0.2168431137344751,0.371879,0.704516,0.34761244043162104,-1.0965319731114227,1.7149679950425667,9.387732375,175.8114274839433,176.06188557744824,258.684181,512.59999,-0.08695287294974087,-1.4711220762950954,1.4692798509544922,0.6307050630331733,0.09044759231727871,0.09615814693431245,-0.9974224817254271,0.0005262621454925595,0.0012316300772496698,0.42728913105771643,test
normal_0354_32,normal,0,A,354,normal_0354,32,11840,11855,2022-07-12 00:44:25.358000,2022-07-12 00:44:26.858000,0.004266937499999998,0.07052455893558353,0.0706535219836032,0.153609,0.294776,-0.16066138480577,0.40521887289194014,2.17411667086672,-0.004852125000000002,0.21524580256734246,0.21530048453237396,0.359828,0.714223,0.09277812658836676,-1.3869005313611094,1.6712828156496504,7.450581250000001,177.91039517011873,178.06633559028123,255.10790200000002,510.21580400000005,-0.08916501991621203,-1.5041432037137414,1.4326565498993942,0.5841152998174678,-0.049800077544611465,0.031570181599764165,-0.9947825074533755,0.0003967820292891984,0.0012091026853484875,0.3281623919103595,test
normal_0355_00,normal,0,A,355,normal_0355,0,11858,11873,2022-07-12 00:44:29.332000,2022-07-12 00:44:30.832000,-0.015901875,0.07166992082794829,0.07341285432402148,0.144568,0.24322100000000002,0.04141930198940993,-0.860979332613875,1.9692464123778906,-0.0136628125,0.09576140854959446,0.09673117291138622,0.181452,0.307197,0.4927007449204756,-1.0731782870799,1.8758378973262848,-6.109476625000001,109.26434263026043,109.43501393546019,162.124648,321.86511,0.09735497795314119,-1.450643740252515,1.4814696153427986,0.10672468590321409,-0.12653086999650226,-0.20869275840194196,-0.995374459955852,0.0006708351530646037,0.0008839142924442252,0.7589368774766511,train
normal_0355_16,normal,0,A,355,normal_0355,16,11874,11889,2022-07-12 00:44:30.932000,2022-07-12 00:44:32.432000,0.0097890625,0.08468815001113553,0.08525202928339888,0.179752,0.303314,-0.5074473517027834,-0.29700509798524966,2.1084776692230958,-0.0026375,0.10615362055295145,0.10618638124896243,0.191806,0.317018,0.6492250971162155,-1.12459571016488,1.8063144985635733,-6.109476625,105.8732576649305,106.04938657633144,159.740462,313.520459,0.08811627208115597,-1.457940488165036,1.50628369627601,0.0779889787528444,0.053281359422876706,-0.04219080387610531,-0.9965079725290458,0.0008038898859828558,0.001001291800707705,0.802852760219022,train
normal_0356_00,normal,0,A,356,normal_0356,0,11904,11919,2022-07-12 00:44:37.312000,2022-07-12 00:44:38.812000,-0.013664875,0.034927448637989224,0.037505405972006224,0.086432,0.131358,-0.305818465376367,-0.5568890837075009,2.30452111528968,-0.019861625,0.04395743120746906,0.04823629241556611,0.074688,0.135229,0.27005154869593834,-1.4297506402518556,1.5483777102217289,4.991889437499999,79.67117336155226,79.82740647774258,109.672556,218.153019,-0.07248849559316395,-1.6532447280944937,1.37387096536299,0.04508759497265352,-0.14060339397182528,0.02591075035678732,-0.9972235898924278,0.0004698311974154322,0.0006042572913729236,0.7775350072283547,train
normal_0356_16,normal,0,A,356,normal_0356,16,11920,11935,2022-07-12 00:44:38.912000,2022-07-12 00:44:40.412000,0.012457625,0.035757244613635636,0.03786519461193881,0.057333,0.11446400000000001,-0.6238658220821758,-0.738877759495796,1.5141345657292102,0.007333812500000001,0.04169278219341261,0.04233288193369901,0.078297,0.134116,0.3502875344911206,-1.1561847006147181,1.8495551548469424,4.991889437499999,79.82931877667524,79.98524299209359,108.480463,213.384647,-0.061043521071593575,-1.6645562174729325,1.3562559660001672,-0.01831812902633913,0.5812155134460831,-0.14256591278339736,-0.9977991218770562,0.00047340225765997516,0.0005292586525977492,0.8944629536737563,train
normal_0357_00,normal,0,A,357,normal_0357,0,11936,11951,2022-07-12 00:44:45.286000,2022-07-12 00:44:46.786000,-0.027758625000000002,0.10868945161207859,0.11217815363797445,0.211888,0.418379,0.5597206573406267,0.032807470318244825,1.8888526252964806,-0.0237353125,0.1837431514362232,0.18526983229653848,0.318445,0.619105,0.18576262471057378,-0.9945609537092972,1.7188173382178298,8.791685874999999,162.51471794736736,162.75234956840728,241.99487900000003,479.22138600000005,-0.08693980262394478,-1.4676433241734095,1.486890233177776,0.5534271705625419,0.07355325044925246,0.09509887555896498,-0.997704459810577,0.0006892567384461892,0.0011383542713075657,0.605485265720027,train
normal_0359_00,normal,0,A,359,normal_0359,0,11963,11978,2022-07-12 00:45:02.356000,2022-07-12 00:45:03.856000,-0.044426125000000004,0.12504864438783164,0.1327058553559337,0.230031,0.434229,0.12921098230588507,-0.6040899336206751,1.7333899802915862,-0.0002796249999999969,0.17204314992025802,0.17204337716002033,0.294566,0.5672090000000001,-0.27584664503473844,-1.294060679123723,1.7121612285372625,-7.152558,138.7476679100833,138.93190575397045,207.424182,408.887899,0.07683099437514729,-1.4699492521004254,1.4929916988781546,0.7553761804941024,-0.03423189752622424,0.02106458598832895,-0.9982930718219942,0.0009551863168920879,0.0012383287785937796,0.7713511414769652,train
normal_0359_16,normal,0,A,359,normal_0359,16,11979,11994,2022-07-12 00:45:03.956000,2022-07-12 00:45:05.456000,0.031813812500000004,0.07892983068540907,0.08510015768382864,0.1663,0.25714000000000004,0.14848535417217373,-1.0425931493899936,1.9541679419426217,-0.004083624999999998,0.197926529957733,0.19796865220092294,0.308939,0.582343,0.06010249339190711,-1.5595332636152852,1.5605450487507018,-6.258488250000001,142.73322566621133,142.870369161198,211.000461,419.616736,0.08040571572655875,-1.4823929350683724,1.47686649260304,0.4451873933452422,-0.026704257754883328,0.004557917904351365,-0.9969824241271401,0.0005956459564250982,0.0013856522759982412,0.4298668336513123,train
normal_0359_32,normal,0,A,359,normal_0359,32,11995,12010,2022-07-12 00:45:05.556000,2022-07-12 00:45:07.056000,0.011014750000000007,0.08678907910741131,0.08748525001321651,0.180049,0.31801599999999997,0.30306096773676183,-0.584995167154974,2.0580497852243633,0.0038281875,0.1533619603459487,0.1534097320924833,0.263243,0.508468,0.08048122790969935,-0.8944287146423973,1.7159471984561159,-4.917383624999999,146.5419292469152,146.62441027715445,212.192554,420.808829,0.08280069776555571,-1.5187506631809828,1.4471843644513653,0.17296210197046666,-0.10735811879755928,-0.009659662112907093,-0.9944022923966256,0.0005966622464011887,0.0010462768907476116,0.5702718388196903,train
normal_0360_00,normal,0,A,360,normal_0360,0,12013,12028,2022-07-12 00:45:10.440000,2022-07-12 00:45:11.940000,0.034345062499999995,0.055101876462454465,0.06492919303219855,0.107508,0.17319400000000001,-0.26137791924065856,-1.233408388984352,1.655772927082068,0.020048687500000002,0.044656271994702415,0.048950306423325894,0.098451,0.15653899999999998,0.10720181893329497,-0.600286560565936,2.011243793830184,-3.7997964375000004,80.38037749813914,80.47014067161676,109.672556,218.153019,0.07660719736119571,-1.644028523853908,1.3628975304958482,0.27728715229918177,-0.1803833561302195,-0.00907087040230413,-0.9975050174926501,0.0008068731145526656,0.0006083039748008236,1.3264307779952602,train
normal_0360_16,normal,0,A,360,normal_0360,16,12029,12044,2022-07-12 00:45:12.040000,2022-07-12 00:45:13.540000,-0.01439875,0.0662926473029815,0.0678383305219107,0.119387,0.227259,0.32683586223714717,-0.8224520006792577,1.7598752664091564,0.002545437499999999,0.03967535070571014,0.03975692022387423,0.074836,0.138646,0.026339357069531156,-1.0827542834112958,1.8823389633450682,-3.5762790000000004,80.63057445072616,80.70984641132664,110.864649,219.345112,0.07583953345016854,-1.641232463290655,1.3736198732803127,0.12587400489152167,0.15795361635601107,-0.04720775040686768,-0.9987878121419405,0.0008405211202630961,0.0004925907059872045,1.7063276063615571,train
normal_0360_32,normal,0,A,360,normal_0360,32,12045,12060,2022-07-12 00:45:13.640000,2022-07-12 00:45:15.140000,-0.0177470625,0.04704883132112416,0.05028469703659852,0.104707,0.167291,-0.1907731407075267,-0.32688315486071096,2.0822836005910803,-0.023265499999999998,0.038337771588539155,0.04484493528398719,0.11121,0.167438,-0.43355845742477966,1.074792817766185,2.4798787041556913,-2.9057266875,82.02623012800036,82.07768074570654,109.672556,219.345112,0.09137462675304947,-1.6263402721610987,1.3362043737540297,0.049454140831137236,0.01943554123989994,0.09204264621410918,-0.9978150077406246,0.0006126476355050869,0.0005463718623205982,1.121301585522718,train
normal_0361_00,normal,0,A,361,normal_0361,0,12063,12078,2022-07-12 00:45:17.244000,2022-07-12 00:45:18.744000,0.024570500000000002,0.08964286662989421,0.09294919584307872,0.236876,0.337045,0.962327837699212,0.7869355232196988,2.5484459316883754,0.0039698749999999994,0.18830005997140412,0.1883419031781032,0.307351,0.575554,0.28179119065049074,-1.21111699336365,1.6318779560667245,-3.5017731875000004,179.44339414919096,179.47755881791625,257.492088,509.02371100000005,0.0683872162276797,-1.573604069841708,1.4346756758667034,0.7658933259476368,0.03341296259763669,-0.06718651845063767,-0.9841834475993881,0.0005178875646362987,0.0010493897087667657,0.493513096526281,train
normal_0361_16,normal,0,A,361,normal_0361,16,12079,12094,2022-07-12 00:45:18.844000,2022-07-12 00:45:20.344000,-0.0301945625,0.10245930054719822,0.10681582220433217,0.202654,0.379142,0.3606903287323936,-0.41887028639507573,1.8972282927554986,-0.015805875000000004,0.18398952116284878,0.18466718599212475,0.296645,0.560772,0.07961381112966132,-1.486434593091997,1.606376348923466,-1.2665988124999998,180.93593520649108,180.94036841346204,256.299995,512.59999,0.033083858131945046,-1.6237531952577737,1.4164887429340018,0.7304101232389,-0.0016646484325523582,0.02477121546290833,-0.9621572276131737,0.0005903371543947018,0.0010205969381589114,0.5784234033267144,train
normal_0361_32,normal,0,A,361,normal_0361,32,12095,12110,2022-07-12 00:45:20.444000,2022-07-12 00:45:21.944000,-0.009100374999999996,0.08615209442453721,0.086631404230077,0.177816,0.31370200000000004,0.5704107825903048,-0.3004857324525294,2.0525582100430184,-0.0192550625,0.2074004218924918,0.20829232446987217,0.330214,0.6320140000000001,0.032655027534359025,-1.2936628552654073,1.5853392622144502,1.415610437499999,181.42211240496363,181.42763522239386,255.10790200000002,509.02371100000005,-0.010055625464979274,-1.63298328125385,1.4061138022732256,0.7947514313756714,-0.02055965187085923,0.003783316008371469,-0.9529509789433662,0.00047749839281035816,0.0011480738544298811,0.41591260960078025,train
normal_0362_00,normal,0,A,362,normal_0362,0,12113,12128,2022-07-12 00:45:25.336000,2022-07-12 00:45:26.836000,0.017133875,0.07827267158535842,0.08012603066185794,0.182045,0.331629,-0.16099100994675017,0.5227440945957107,2.2719832555821102,0.002602687499999999,0.16008457420170077,0.16010573031457212,0.285401,0.47988000000000003,0.4907402334634136,-1.4250704458096026,1.782578296474777,3.7252906250000004,148.00260379241436,148.0494799706338,218.153019,429.15348,-0.05655400932576995,-1.5733312058721838,1.4735142537702364,0.48129989658160655,-0.1453042415921815,-0.025470648328549682,-0.9819772448233144,0.0005412111591189058,0.0010814339256465454,0.5004569824229784,test
normal_0362_16,normal,0,A,362,normal_0362,16,12129,12144,2022-07-12 00:45:26.936000,2022-07-12 00:45:28.436000,-0.002365375000000001,0.06567606957815286,0.06571865118917916,0.182315,0.287237,-1.144265826585035,2.4165644683563343,2.7741744040848317,0.012211312499999998,0.14116104599477805,0.14168823895903462,0.253476,0.40330199999999994,0.43376307176466494,-1.2786576637401015,1.7889699375350823,6.705523124999999,143.94731219553452,144.10340984410672,218.153019,429.15348,-0.0818716003526715,-1.5088907922605241,1.513864378615338,0.15030219276565263,0.0820065378882918,-0.08819214273434367,-0.9915302236414631,0.00045605202028372964,0.0009832400157103508,0.46382573226970486,test
normal_0363_00,normal,0,A,363,normal_0363,0,12147,12162,2022-07-12 00:45:33.352000,2022-07-12 00:45:34.852000,0.007715999999999999,0.033746270814343324,0.03461715542725889,0.089017,0.13985,0.35009637565293433,0.8352521617217428,2.5714706740434417,0.0077281875,0.058888886488898264,0.059393819829486466,0.108317,0.193914,0.14880944490920886,-0.9941887348930565,1.8237082630981967,-2.3841860000000006,81.62246929686454,81.65728281666118,110.864649,219.345112,0.10280876436258066,-1.663545574682864,1.3576823178027595,-0.11070255388076915,0.08342650905867398,-0.08200529856676925,-0.9941872249211722,0.0004239322474761024,0.0007273548394065334,0.5828410350881822,test
normal_0365_00,normal,0,A,365,normal_0365,0,12177,12192,2022-07-12 00:45:50.892000,2022-07-12 00:45:52.392000,0.0399558125,0.03907876294936092,0.0558893251541607,0.122737,0.137885,0.4952817922438017,-0.6179998185549676,2.1960723208135353,0.02309075,0.06088543370082453,0.0651169622487106,0.130889,0.19766,0.17122181858587998,-0.9024461506793715,2.010059982529234,1.3411046250000007,82.98743561064428,82.99827125215337,109.672556,219.345112,-0.021099164807329998,-1.762545403913122,1.3213836185431942,-0.36427440789125004,0.28530538548157675,0.046417256795607605,-0.9486755736000362,0.0006733793886425154,0.0007845580548404633,0.8582913456665031,train
normal_0365_16,normal,0,A,365,normal_0365,16,12193,12208,2022-07-12 00:45:52.492000,2022-07-12 00:45:53.992000,-0.03508925,0.0497365125480014,0.06086851522749672,0.100933,0.167279,0.6110917329793436,-0.5390322185505951,1.658213603909375,-0.010964625,0.0598002034234364,0.06079709969130929,0.152363,0.214815,-1.0607029454670613,0.7427980656227371,2.5060899413558655,2.6077034375,82.41322966574899,82.45447556777884,109.672556,218.153019,-0.06649967505991523,-1.7222028816502097,1.3300982784111879,0.05598290837183698,0.02883942794223926,0.09881969843898433,-0.9805203405366039,0.0007382075358354789,0.0007373414150373576,1.0011746536685144,train
normal_0365_32,normal,0,A,365,normal_0365,32,12209,12224,2022-07-12 00:45:54.092000,2022-07-12 00:45:55.592000,-0.0086873125,0.04201047181762951,0.04289929067959632,0.088195,0.15781099999999998,0.019357173678646915,-0.5528101971061568,2.0558614980071717,-0.0091986875,0.06880840569265388,0.06942054843983517,0.130962,0.26123799999999997,0.2759116746320137,-0.600873808897914,1.8865019499738045,3.5017731874999996,81.14059264506996,81.21612026100406,110.864649,218.153019,-0.08529134252538689,-1.665505446191374,1.3650571911550875,0.20431345773187454,-0.5744616387012044,-0.030573421571688384,-0.9924489495847287,0.0005282115242852154,0.0008547631703747791,0.6179624281818507,train
normal_0366_00,normal,0,A,366,normal_0366,0,12227,12242,2022-07-12 00:45:57.561000,2022-07-12 00:45:59.061000,0.024378,0.11431655972342765,0.11688696553080673,0.264054,0.457446,0.07085096353704115,-0.11463762076408246,2.259054282065402,0.006616937499999998,0.1719536789525266,0.1720809448114099,0.287903,0.506163,-0.3439141889694535,-1.4171203247980098,1.6730672900217043,8.493662624999999,141.12580972462604,141.38117440175222,208.616275,417.23255,-0.05998701003696226,-1.4666952822323547,1.4755590755470094,0.6916316794938686,-0.08860617821553612,0.054698602088241746,-0.9989201092471414,0.0008267505629756466,0.0012171418545613467,0.679255716888977,val
normal_0366_16,normal,0,A,366,normal_0366,16,12243,12258,2022-07-12 00:45:59.161000,2022-07-12 00:46:00.661000,-0.0178165625,0.11184956881117644,0.11325968365911367,0.194527,0.33890600000000004,-0.1329343942018836,-1.1768265650455922,1.7175308434154097,-0.006398812499999997,0.1926387089337248,0.19274495319219775,0.330225,0.592583,0.3221108170516611,-1.3994983604524265,1.713274430955982,7.45058125,145.5174624222747,145.70807469313763,215.768833,426.769294,-0.07909978938681352,-1.4723529747874389,1.4808296208320018,0.49186826355244784,0.045470130708353325,-0.05006326745254439,-0.9973883092307693,0.0007773054712145464,0.0013228158672614415,0.5876142632184799,val
normal_0366_32,normal,0,A,366,normal_0366,32,12259,12274,2022-07-12 00:46:00.761000,2022-07-12 00:46:02.261000,-0.0098494375,0.050862124096631024,0.05180701773589655,0.101067,0.192301,0.06486958176204823,-0.5430202589380015,1.9508360916511842,0.016653124999999998,0.15493348839497023,0.1558259041318227,0.289388,0.486681,0.22726801407644645,-1.4420523498117597,1.8571238306770157,6.109476624999999,149.38004782537547,149.5049309987563,216.960926,430.345573,-0.08731442222728575,-1.4994866211314146,1.451195786992503,0.18848322256958164,-0.01911850628181264,-0.05988507962432281,-0.99374778278129,0.00034652380620360626,0.00104227936223133,0.3324673007645109,val
normal_0367_00,normal,0,A,367,normal_0367,0,12277,12292,2022-07-12 00:46:05.548000,2022-07-12 00:46:07.048000,-0.006960312500000001,0.08431944435947052,0.08460623290980103,0.135325,0.26642699999999997,0.39109449155926906,-1.123846199916417,1.5994684474874377,-0.0012800000000000008,0.15467390050966903,0.15467919672300798,0.258665,0.42656499999999997,0.5338179410476931,-1.3722453218439608,1.6722675413372152,7.227063812500003,158.96877995797644,159.1329741212596,239.61069300000003,469.68464200000005,-0.10011734383949483,-1.467461667306347,1.5057262287916284,0.5475818347875734,0.035010558691963366,-0.00770940549290096,-0.9953106883432556,0.0005316700286474313,0.0009720122279945712,0.5469787450558705,test
normal_0367_16,normal,0,A,367,normal_0367,16,12293,12308,2022-07-12 00:46:07.148000,2022-07-12 00:46:08.648000,0.011977687500000004,0.09226633482730764,0.09304053708095467,0.175323,0.332549,-0.18189556739391813,-0.3062252487089463,1.8843721833575755,-0.0033895624999999993,0.16218645705520882,0.16222187271161215,0.282291,0.519979,0.3944606647065235,-1.2203232476955288,1.7401537491916348,5.4389243125,159.1767643382515,159.269658764224,236.03441400000003,472.06882800000005,-0.09107212482978326,-1.5172259175740799,1.4819797809036264,0.4962079125151444,-0.03300602064658844,0.07485310360901692,-0.9909107951146886,0.0005841698776958385,0.001018535946961238,0.573538793047694,test
normal_0368_00,normal,0,A,368,normal_0368,0,12314,12329,2022-07-12 00:46:13.485000,2022-07-12 00:46:14.985000,0.0144999375,0.053592884131744525,0.055519775009112746,0.136265,0.221763,0.26210567016317915,0.629069309410272,2.454350724181323,0.014308499999999998,0.08622719224887819,0.087406303293155,0.223288,0.38301399999999997,0.4061909898927796,1.2160897540768278,2.554598370910467,-1.0430813749999999,82.80743728130464,82.81400659219474,110.864649,219.345112,0.06671756269434463,-1.7091921580315186,1.338718576266168,0.11938811539425617,0.43528854744197143,0.3072174816560606,-0.9876780402213989,0.0006704152750694894,0.0010554531399932664,0.6351918902565078,train
normal_0371_00,normal,0,A,371,normal_0371,0,12357,12372,2022-07-12 00:46:31.584000,2022-07-12 00:46:33.084000,-0.0291529375,0.04416429693268754,0.05291860625940086,0.120274,0.15839,-0.2914200960496296,-0.5920432171611383,2.2728111812021434,-0.0056110625,0.053424987447903007,0.053718835674160886,0.135012,0.22438599999999997,-0.6243896853327551,0.9780784632549309,2.513308382537071,0.44703487499999994,83.44531257656499,83.44651,110.864649,218.153019,0.011133428678570815,-1.7763800593352042,1.3285714285714285,0.08204348627598866,-0.11060968572513923,0.0011906112377676773,-0.9457002252761693,0.0006341620070078528,0.0006437517359822583,0.9851033738032982,train
normal_0371_16,normal,0,A,371,normal_0371,16,12373,12388,2022-07-12 00:46:33.184000,2022-07-12 00:46:34.684000,-0.0002801250000000026,0.05514694053716285,0.05514765199557457,0.104549,0.207935,0.15465907516363125,-0.21155530936050448,1.8958014750725876,-0.009375625,0.047913981030951444,0.04882265787905243,0.097208,0.158004,1.0894459403409613,0.10836017534156639,1.9910427703631333,1.4156104375000003,83.44887153474836,83.46087774121295,110.864649,220.537205,-0.037625234463016584,-1.760145579018295,1.3283427157782584,0.1763600746260961,-0.24848725474556818,-0.5690033571926769,-0.9631377101125335,0.0006607605082535895,0.000584976568667739,1.1295503848272856,train
normal_0371_32,normal,0,A,371,normal_0371,32,12389,12404,2022-07-12 00:46:34.784000,2022-07-12 00:46:36.284000,0.026331125,0.04235930123637989,0.049876232265478916,0.100672,0.143732,0.1216701159627389,-1.1117955646654933,2.018436345876082,0.013465875000000002,0.049706108433565536,0.05149783495570469,0.078304,0.15556199999999998,-0.7454885295835832,-0.3076518768235106,1.5205299420325602,2.8312208750000005,82.89105654335413,82.93939393627473,109.672556,219.345112,-0.07880688763306487,-1.7172017568834979,1.322321647108554,0.09913979527020388,-0.31633204839708046,0.23755842066152746,-0.9845786618560958,0.0006013575684408858,0.0006209092267454027,0.9685112453441863,train
normal_0372_00,normal,0,A,372,normal_0372,0,12407,12422,2022-07-12 00:46:38.256000,2022-07-12 00:46:39.756000,-0.004784062500000001,0.05626003762048683,0.05646307720149957,0.124217,0.237464,0.38283378173419297,0.44877774649315416,2.199968654855761,0.0001303749999999968,0.16272536390874773,0.16272541613673935,0.261829,0.473101,0.15982980341469524,-1.6063177404942688,1.6090233856276217,2.9057266875000014,156.60942788212014,156.63638194604547,231.26604200000003,454.18743300000006,-0.031019597115714698,-1.6087798187466809,1.4764516335653186,0.5656026502565379,0.2512366901919721,-0.0049223423306764685,-0.9694631568782675,0.0003604723021561407,0.0010388736902311195,0.34698376284411053,train
normal_0372_16,normal,0,A,372,normal_0372,16,12423,12438,2022-07-12 00:46:39.856000,2022-07-12 00:46:41.356000,-0.005815750000000001,0.06958391867154005,0.06982653282062629,0.165827,0.303802,0.4941973635333867,1.404599775447748,2.3748422455112337,0.014376500000000004,0.1710878107869611,0.17169077654936796,0.269334,0.519741,0.013640652415191766,-1.2898311336739765,1.5687156026261884,1.0430813749999999,160.04424304441082,160.04764212700326,231.26604200000003,460.14789800000005,0.015975117448970608,-1.6258804597661372,1.4449824997514336,0.4316681109681554,-0.05924622096713156,0.020639885496564914,-0.9565758136850442,0.00043628592019629103,0.001072747928476981,0.4066993825993231,train
normal_0372_32,normal,0,A,372,normal_0372,32,12439,12454,2022-07-12 00:46:41.456000,2022-07-12 00:46:42.956000,0.009120875,0.09462138019554235,0.09505995976684925,0.180859,0.30619799999999997,0.21677534881756666,-1.2201281219120939,1.9025781248339206,0.009842249999999999,0.18533857240449841,0.18559972065172942,0.309559,0.557616,0.16369060292674065,-1.3534527234456257,1.6678850534526142,-0.745058124999999,163.19208653498833,163.19378731818423,237.22650700000003,474.45301400000005,0.048759889901857666,-1.6084399895427377,1.4536491302666552,0.613058112961922,0.05238540780110483,0.011175025095425223,-0.9720708034063512,0.0005824974181247952,0.0011372964847605356,0.5121772782472315,train
normal_0373_00,normal,0,A,373,normal_0373,0,12457,12472,2022-07-12 00:46:45.658000,2022-07-12 00:46:47.158000,-0.003147312500000001,0.06786220246363099,0.06793514627339445,0.168364,0.28862200000000005,-0.9260840718847593,1.784761589240568,2.478304813276551,0.006365812500000003,0.15796990144613735,0.15809811299217805,0.243543,0.46143100000000004,0.32982214701300455,-1.5930223435957311,1.5404548187874283,-7.450581250000002,142.69401760070917,142.88839637981226,220.537205,431.537666,0.09081462325687271,-1.4632653895095233,1.543422773209583,0.4309656120140931,-0.06894231072003698,0.014378996417283626,-0.9978971569612114,0.00047544200925046245,0.0011064447288773314,0.42970244861022194,train
normal_0373_16,normal,0,A,373,normal_0373,16,12473,12488,2022-07-12 00:46:47.258000,2022-07-12 00:46:48.758000,-0.006762000000000001,0.10151802538465766,0.1017429807013732,0.232817,0.442732,-0.1671973038426121,1.182927537561132,2.2882856231954065,0.004552750000000003,0.16191914386642953,0.16198313703284056,0.272141,0.46364400000000006,0.25108247071091216,-1.5551648969723344,1.680057597259806,-5.5879359375,142.20220440501322,142.31195299653072,213.384647,425.577201,0.10682323278565341,-1.481414704688167,1.4994147891793874,0.5892870576945788,-0.056171913967482584,-0.0032576252192100716,-0.9957424949762461,0.0007149292702339171,0.0011382258033995878,0.6281084720611737,train
normal_0374_00,normal,0,A,374,normal_0374,0,12500,12515,2022-07-12 00:46:53.743000,2022-07-12 00:46:55.243000,-0.029736,0.04279839794752836,0.0521146098793323,0.110238,0.185501,0.676210870160134,1.2642818091372012,2.115299342262147,-0.009371249999999998,0.07344927397913814,0.0740446903877989,0.143865,0.27141099999999996,0.4221851050230072,-0.12818834087765962,1.9429482282460337,-3.5017731875,79.89410126380739,79.9708061245365,108.480463,216.960926,0.09460298539679851,-1.6355666294523434,1.3565008064451187,0.1633508709100067,-0.11505224353582383,-0.04338022742535673,-0.9958039594834662,0.00065167043331007,0.0009258965111904837,0.7038264270724772,train
normal_0375_00,normal,0,A,375,normal_0375,0,12530,12545,2022-07-12 00:47:01.644000,2022-07-12 00:47:03.144000,-0.007512874999999997,0.05784028628676015,0.05832616915673444,0.123193,0.21079599999999998,-0.5547627899774173,-0.6121959792360618,2.112139401251521,-0.010137625,0.19372727984297766,0.19399234623046344,0.304361,0.595796,0.21597094835297975,-1.2338850733369537,1.5689330322260153,-8.5681684375,173.95380895643578,174.164695506367,255.10790200000002,509.02371100000005,0.09569487320776476,-1.4814363931118355,1.4647509431133474,0.6507091430068952,-0.1649017474763726,-0.09841509159003885,-0.9972366455139596,0.0003348908858202103,0.0011138442591160595,0.30066221833021595,test
normal_0377_00,normal,0,A,377,normal_0377,0,12557,12572,2022-07-12 00:47:11.896000,2022-07-12 00:47:13.396000,0.0398631875,0.0454557360849799,0.06045905772245793,0.131102,0.184332,-0.008437905566496103,0.06816438259360691,2.168442660847181,0.0096083125,0.052699150283375955,0.05356790186004581,0.094655,0.184195,-0.36370473367972767,-0.4493322860223423,1.7670096590174542,4.8428778125,79.45041473868605,79.59787602477861,109.672556,216.960926,-0.06528605331240411,-1.660830901366069,1.3778326945037982,0.13815876818806516,-0.13251073706787223,0.10575720524214788,-0.9977033384057868,0.000759556168353502,0.0006729815484444618,1.1286433782756005,test
normal_0377_16,normal,0,A,377,normal_0377,16,12573,12588,2022-07-12 00:47:13.496000,2022-07-12 00:47:14.996000,-0.004330062499999999,0.03866994339514339,0.03891161733258462,0.102753,0.155018,-0.7421956942183473,1.0267306772711642,2.6406766678894775,0.0106840625,0.04863243437828909,0.04979219682904642,0.097289,0.17319400000000001,0.10780083921977802,-0.14584882013011002,1.95390053453609,4.470348749999999,79.73834690885087,79.86355855897528,110.864649,218.153019,-0.06273371060056374,-1.6492345626342186,1.3881756711120248,0.28579765634295223,-0.27942881624085886,-0.15094002043837237,-0.9980223634469564,0.00048722618970015364,0.0006234657925025636,0.781480228040178,test
normal_0377_32,normal,0,A,377,normal_0377,32,12589,12604,2022-07-12 00:47:15.096000,2022-07-12 00:47:16.596000,-0.029884874999999998,0.024624413586609023,0.03872295828381401,0.078105,0.078315,-0.7100219370781852,-0.6582751075266424,2.01702048246266,-0.0130018125,0.0582494855752164,0.05968290959782792,0.097624,0.194674,0.5330178028763252,-0.6515866234616783,1.6357111383784295,4.693866187499999,80.06179119735431,80.19926925798586,109.672556,218.153019,-0.07197701299856663,-1.6415084540775537,1.367500689404091,-0.31324293152368465,0.13052052257342694,0.0671761045983032,-0.9975735265389792,0.0004828343031312366,0.0007441827107655969,0.6488115030709442,test
normal_0378_00,normal,0,A,378,normal_0378,0,12607,12622,2022-07-12 00:47:18.491000,2022-07-12 00:47:19.991000,-0.003310750000000002,0.08178349148628652,0.08185047675640014,0.204911,0.368539,-0.3171347112566907,1.5769299708878712,2.5034796145396596,-0.0031806250000000003,0.07819386331330212,0.07825852436156716,0.125115,0.238737,0.05125527175744366,-1.3587379339475962,1.5987395752818987,0.1490116249999991,106.3637213415472,106.36382572137337,156.164183,309.94418,0.016707626706372464,-1.5854547685119613,1.4682076536912254,0.18227116551912115,0.11988156475678666,-0.049427284947847934,-0.9490521379014023,0.0007695330268658495,0.0007357625943858978,1.0458985449078695,train
normal_0378_16,normal,0,A,378,normal_0378,16,12623,12638,2022-07-12 00:47:20.091000,2022-07-12 00:47:21.591000,0.00026068749999999963,0.069668782016875,0.06966926973700456,0.12061,0.229551,0.23984783735405407,-1.0185305007777312,1.7311793342357724,0.0014109375000000025,0.08889128723929356,0.08890248417050842,0.142815,0.28152699999999997,0.1182336830342514,-1.459088212115757,1.6064230525447563,-0.521540687499999,107.44551908761119,107.44678485973853,160.932555,315.904645,0.05863259620996456,-1.5428816227699862,1.497788465332695,0.3737744956222236,-0.19120494234673066,0.03816855058633458,-0.9764694925312116,0.0006484072076046864,0.0008274094407437326,0.783659426247123,train
normal_0378_32,normal,0,A,378,normal_0378,32,12639,12654,2022-07-12 00:47:21.691000,2022-07-12 00:47:23.191000,0.0035218750000000007,0.0574572773076603,0.05756511373327599,0.095781,0.181755,0.03936793399391427,-1.2537968172213476,1.6638723314922073,-0.009263999999999998,0.10466514896146187,0.10507433132371104,0.173684,0.311681,0.034732183888690746,-1.625645189446991,1.652963171994096,-1.1175871875000007,109.59435269187784,109.60005083517697,162.124648,320.673017,0.07957811516341752,-1.5040279458584773,1.479238802943738,0.07057198109504056,0.2941863404448601,-0.08579966104635078,-0.9893057041730632,0.0005252288962880665,0.000958706957916726,0.5478513449296238,train
normal_0379_00,normal,0,A,379,normal_0379,0,12657,12672,2022-07-12 00:47:25.788000,2022-07-12 00:47:27.288000,0.002420375000000004,0.11864846687898827,0.11867315158819622,0.198965,0.37826899999999997,0.14851217482825735,-0.9846560755628269,1.6765797262250342,-0.0011421250000000069,0.19962169858819048,0.19962496586536965,0.343789,0.610658,0.443286016661923,-1.2045220386694528,1.7221743708743171,11.02686025,175.3995323496407,175.74580391988223,264.644646,522.136734,-0.05160880151136008,-1.5027644099431134,1.5058376365028001,0.5529702591914267,0.020291750421924343,0.050291318125002545,-0.9992004308961646,0.0006752545377544041,0.0011358732977566467,0.594480510359768,train
normal_0379_16,normal,0,A,379,normal_0379,16,12673,12688,2022-07-12 00:47:27.388000,2022-07-12 00:47:28.888000,0.00010506250000000272,0.08340420255783634,0.08340426873030841,0.197015,0.389974,0.06900389898498145,1.9887908520839988,2.362169263027258,0.0003115625000000011,0.19744414299712992,0.19744438881635126,0.327473,0.647999,0.16408525811349048,-1.3361292786515648,1.6585581487686243,11.250377687500002,179.1954938841482,179.54831112125558,268.220925,524.52092,-0.0426868334945355,-1.5094229505840335,1.4938649287481216,0.6247920302585346,-0.010461783373859343,0.018221004776315296,-0.9993222059985614,0.0004645227137446169,0.0010996727709847952,0.42241903773667194,train
normal_0380_00,normal,0,A,380,normal_0380,0,12700,12715,2022-07-12 00:47:33.787000,2022-07-12 00:47:35.287000,-0.007899125,0.10775017695221839,0.10803932991739629,0.213315,0.360602,-0.46047281183145894,-0.5870285210552737,1.9744198724954554,0.0018632499999999986,0.11940725774031702,0.11942179408141966,0.195075,0.321468,0.6255800675713843,-1.3366430340257418,1.6334958078673758,3.2037499375000014,108.86028431049695,108.907417166253,157.356276,312.328366,-0.08722171334469354,-1.549452623454081,1.444862802684846,0.30629397920551743,0.06918327166778952,-0.06207128013004632,-0.9835574841048431,0.0009920291264686634,0.00109654417659282,0.9046868768671905,test
normal_0383_00,normal,0,A,383,normal_0383,0,12743,12758,2022-07-12 00:47:59.731000,2022-07-12 00:48:01.231000,-0.004637749999999999,0.09853705616258028,0.09864613607359389,0.207299,0.37795,-0.5507106240244639,0.44213304277106147,2.101440646852572,0.005103749999999998,0.20023863739126996,0.20030366988244375,0.311148,0.585828,0.1897031844280972,-1.4235807046369184,1.5533814242275725,4.2468313125,178.64099735121883,178.6914701680945,255.10790200000002,506.63952500000005,-0.061082771177075876,-1.5755481873110455,1.4276445415106878,0.5726913330568826,-0.05784260905847966,-0.03877507197459372,-0.9835979971319962,0.000552047257660356,0.0011209470138335016,0.49248291921704845,cal
normal_0383_16,normal,0,A,383,normal_0383,16,12759,12774,2022-07-12 00:48:01.331000,2022-07-12 00:48:02.831000,0.015209937500000001,0.07955735968742045,0.08099824491424182,0.185524,0.322694,0.2815221888196707,0.1741129551557572,2.2904693823480557,-0.003895124999999996,0.1999821962628408,0.20002012603954383,0.328212,0.59507,0.2988453098332778,-1.4458816099023757,1.640894876424149,6.705523125000001,177.51525419622897,177.64185743436624,257.492088,511.40789700000005,-0.0885476826169922,-1.5149086162931924,1.4495012139531147,0.7484953254067008,0.08932710575370112,0.008234509084037755,-0.9938462135828579,0.0004559637355974418,0.0011259740746262222,0.4049504743249113,cal
normal_0383_32,normal,0,A,383,normal_0383,32,12775,12790,2022-07-12 00:48:02.931000,2022-07-12 00:48:04.431000,-0.013561437499999999,0.06137584415607735,0.06285623941135438,0.140054,0.278836,0.5117815200457344,1.588646034136877,2.2281638435833724,-0.0161985625,0.17946477210896042,0.18019433358235074,0.303768,0.5968519999999999,0.2037716141524657,-1.0958240772177672,1.6857799796527717,8.419156812499999,176.71621208513469,176.91665217031374,257.492088,512.59999,-0.08858152717882406,-1.4782596442334546,1.4554429153006925,0.5377548076450347,0.1164108994393738,0.12273689002829521,-0.9975100355528966,0.00035528729851186684,0.0010185266981475641,0.348824728068535,cal
normal_0384_00,normal,0,A,384,normal_0384,0,12793,12808,2022-07-12 00:48:06.559000,2022-07-12 00:48:08.059000,-0.0012723750000000027,0.07366636226415944,0.07367734975808374,0.142208,0.27473800000000004,0.1002742601893261,-0.6601582475295076,1.9301454309490442,-0.0025894375,0.07998803224152407,0.08002993495210088,0.140809,0.23158399999999998,0.7451875243850368,-1.111300474286061,1.7594541353091977,5.7369475625,98.61392437140337,98.78065927732887,146.627439,288.486506,-0.09512939926192848,-1.4840736562830863,1.4843739662471807,0.1946612947690433,-0.023516021528839047,0.06612670894818279,-0.9945131315333829,0.0007458681719387291,0.0008101781820205825,0.9206223871377721,train
normal_0384_16,normal,0,A,384,normal_0384,16,12809,12824,2022-07-12 00:48:08.159000,2022-07-12 00:48:09.659000,0.00010556250000000149,0.07047577798166611,0.07047585704028365,0.137054,0.228508,0.4812575271373282,-1.0047233940867575,1.9446943358441262,-0.004093874999999999,0.07553885805570121,0.07564971175672118,0.170577,0.265008,0.9617422457423844,0.26916836268210664,2.254826833293848,6.5565115,95.61856647757017,95.84309103047093,139.474881,277.757669,-0.08083503364069342,-1.4910216807074346,1.4552418906821092,0.18488778540166753,0.0026452698261610155,0.12698867355185295,-0.9967915785925869,0.0007353253769526027,0.00078930792969386,0.9316077405149155,train
normal_0384_32,normal,0,A,384,normal_0384,32,12825,12840,2022-07-12 00:48:09.759000,2022-07-12 00:48:11.259000,-0.0059535000000000005,0.07654795462812838,0.07677912164123786,0.151739,0.302087,-0.049280959223521215,-0.22743841290324163,1.976305494988906,-0.004750187500000002,0.0636149754600074,0.0637920793207315,0.112039,0.19878400000000002,0.8314013628089673,-0.7980437957268989,1.7563152227205887,6.25848825,93.66325983465438,93.87212002522031,137.090695,270.605111,-0.07443559475876081,-1.5091900267047793,1.460398411830566,0.3209047094367988,0.038745390758131375,0.13107230270033418,-0.9972949024067486,0.0008179118743734548,0.000679563637250258,1.2035839317168293,train
normal_0385_00,normal,0,A,385,normal_0385,0,12843,12858,2022-07-12 00:48:14.176000,2022-07-12 00:48:15.676000,0.0209468125,0.04190566840866929,0.04684926892372495,0.098391,0.184513,-0.7093395707925448,1.5435127029148692,2.100160840507242,0.0142599375,0.040793055960035574,0.04321364636388024,0.075528,0.137908,-0.3297199892482136,-0.8256816927505763,1.7477812301238582,2.384186,83.17999220010675,83.21415411630653,109.672556,219.345112,-0.06075345184251113,-1.701176301897499,1.3179555469218993,-0.18034750485936962,-0.053152558288757416,-0.10200240180298868,-0.9896283829965717,0.0005629963967217019,0.0005193064427895464,1.0841313535365882,test
normal_0385_16,normal,0,A,385,normal_0385,16,12859,12874,2022-07-12 00:48:15.776000,2022-07-12 00:48:17.276000,-0.034435125000000004,0.05319824412736172,0.06337058475349584,0.146669,0.199897,-0.447454896628164,0.012717355993820068,2.3144649930330488,-0.012721125000000002,0.049754691855234866,0.051355198206948824,0.10575,0.20395,0.23456736164111655,0.31317829910442097,2.0591878464542868,1.2665988124999994,84.28682233885009,84.29633854760658,112.056742,222.921391,-0.025075511252843158,-1.737757805932103,1.3293192080545189,0.1093231802486389,-0.18290114341002547,-0.30590796615131904,-0.9691891308312324,0.0007517596356537733,0.000609222168978856,1.2339663162846333,test
normal_0386_00,normal,0,A,386,normal_0386,0,12883,12898,2022-07-12 00:48:22.150000,2022-07-12 00:48:23.650000,0.015135812500000002,0.10881746152802105,0.10986506611947904,0.24642,0.387521,0.8753574210106948,0.1885553459365532,2.24293316068291,0.0031509375000000027,0.22087503384025456,0.22089750786521448,0.366498,0.723623,-0.04378163237020723,-0.8361880927995338,1.6591314385657392,10.43081375,170.72362738756618,171.04197971216223,252.72371600000002,504.25533900000005,-0.06043146421270782,-1.4930112943119398,1.4775537352017079,0.7507468195547511,-0.02391362775395822,0.019442829155486376,-0.9988776493327676,0.0006423280781967405,0.0012914812389154496,0.49735765324485076,train
normal_0387_00,normal,0,A,387,normal_0387,0,12911,12926,2022-07-12 00:48:30.056000,2022-07-12 00:48:31.556000,0.003334187499999995,0.09517968404498064,0.09523806519027725,0.16223,0.31930000000000003,-0.16441438384632734,-1.039394038910735,1.7034155374311604,0.003724375000000003,0.09803181141335897,0.0981025331891333,0.209174,0.341972,0.7830968613593935,-0.48472367539631644,2.1321977445447855,1.117587187499999,103.3109266809458,103.31697136868378,149.011625,296.831157,-0.004407171339999206,-1.6252072617373043,1.442276356207308,0.08059058417224794,0.06017430785365686,0.01088957365446627,-0.950887771705758,0.0009218046554077047,0.0009495297034894403,0.9708012840674195,train
normal_0389_00,normal,0,A,389,normal_0389,0,12932,12947,2022-07-12 00:48:40.145000,2022-07-12 00:48:41.645000,-0.0148180625,0.08551701432424774,0.086791328571393,0.187012,0.313771,-0.25893393790623437,-0.3881930437100589,2.154731389394129,0.0033804375000000006,0.20090611035287376,0.2009345478876455,0.326245,0.613541,0.2312947702415612,-1.4349515033884868,1.6236381619273508,-0.5960465000000035,170.37757486153254,170.37861745866846,245.57115800000003,487.56603700000005,0.03199010910486251,-1.6116914018667234,1.4413261573716682,0.6356433196221299,-0.02106785659648309,0.05307287731279173,-0.9633288377941497,0.0005094027047874561,0.0011793413450862723,0.4319383076917326,train
normal_0389_16,normal,0,A,389,normal_0389,16,12948,12963,2022-07-12 00:48:41.745000,2022-07-12 00:48:43.245000,0.006630312500000002,0.07477134537267498,0.07506473960980282,0.137907,0.251054,0.10490893003009424,-1.077102474107289,1.8371741608225136,0.005875500000000001,0.20219078773833887,0.20227613835175912,0.317837,0.633955,-0.06047267252824185,-1.3500259576373588,1.5713024906935884,-2.9057266875000005,170.4515671272123,170.476332620411,243.18697200000003,485.18185100000005,0.065222702327022,-1.5703293280278896,1.4265145681042382,0.3661542767883993,0.1049173774010805,0.020691978137364814,-0.9841297664059949,0.00044032352442109835,0.0011865350177502631,0.3711003196989301,train
normal_0389_32,normal,0,A,389,normal_0389,32,12964,12979,2022-07-12 00:48:43.345000,2022-07-12 00:48:44.845000,0.008022624999999995,0.09435002796361204,0.09469049735123901,0.242721,0.417051,0.3924241970480031,1.4750647102171879,2.5633089569660394,0.0032159375000000018,0.2077314999721602,0.20775639180224395,0.30229,0.5811740000000001,0.24329105613272425,-1.6462307234677722,1.4550214189690938,-5.2154068749999976,169.05872887617576,169.13915654897923,245.57115800000003,488.75813000000005,0.08543275631410124,-1.5120658192124208,1.4518882735996597,0.44988730860578113,-0.0770244963529501,-0.00928155301760525,-0.9937278711884883,0.0005598378239743591,0.001228316352293515,0.45577657818283435,train
normal_0390_00,normal,0,A,390,normal_0390,0,12982,12997,2022-07-12 00:48:46.796000,2022-07-12 00:48:48.296000,-0.0006812500000000013,0.09000617805635622,0.09000875618446796,0.204316,0.369333,-0.531651263444968,0.9547729756539312,2.2699569315374792,0.002134000000000002,0.1566297861647011,0.1566443228144576,0.264509,0.462021,0.4844238600183648,-1.2568646462460666,1.688596147294187,-1.1175871874999999,142.89801126139582,142.90238144825884,212.192554,422.000922,0.04605384068579844,-1.583028555685287,1.4848776615862718,0.5034200730466232,-0.02834182922133707,-0.015066038725253682,-0.9698808035602383,0.000629861834857229,0.0010961631375693648,0.5746059261342126,train
normal_0390_16,normal,0,A,390,normal_0390,16,12998,13013,2022-07-12 00:48:48.396000,2022-07-12 00:48:49.896000,0.0062471249999999975,0.061277297470061255,0.06159491664090471,0.146307,0.271298,0.2459046759050107,1.1453277413889653,2.3753096518169268,-0.005271937499999997,0.14720607436026067,0.1473004468885363,0.264691,0.44786400000000004,0.5376192843032916,-1.1778741715083352,1.7969463473542229,-3.4272673750000004,142.4587763955734,142.4999969606446,212.192554,416.040457,0.07825767906081552,-1.5373918879659354,1.4890705861460682,0.5634463516886102,0.037061905353898805,-0.05513260361164762,-0.9865217818591703,0.00043224503827825263,0.001033687368633541,0.4181583826932595,train
normal_0390_32,normal,0,A,390,normal_0390,32,13014,13029,2022-07-12 00:48:49.996000,2022-07-12 00:48:51.496000,-0.0019201874999999983,0.06211044351216101,0.0621401183883045,0.192872,0.291234,-1.6602428169774177,4.933905152049538,3.1038241477876034,-0.008905874999999999,0.13479753408486142,0.1350914127725186,0.232073,0.373477,0.7226845286477168,-1.0646267399249758,1.7178960174973474,-5.960465000000001,138.38230736944126,138.5106138023608,209.808368,410.079992,0.08666850797844716,-1.4744192874824171,1.5147457818602488,0.40221024167621416,-0.04219919635113079,-0.09859293589156765,-0.9926466472483637,0.00044863073437080797,0.0009753145196892924,0.45998570236986636,train
normal_0391_00,normal,0,A,391,normal_0391,0,13032,13047,2022-07-12 00:48:54.584000,2022-07-12 00:48:56.084000,0.000348875,0.02177802871265843,0.021780822949902513,0.045147,0.083049,0.02759739942640756,-0.13990029390132985,2.0727866942328768,-0.0029006875000000014,0.06387041986682758,0.06393625358071507,0.134483,0.22053699999999998,1.0411204221408794,0.5184840229350325,2.103391932876151,-3.2037499375000005,81.38678160251334,81.44981420038498,109.672556,219.345112,0.09076366216359193,-1.6381846504836728,1.3465046799269633,0.06816338864917378,0.07979738383430897,0.1708384267601585,-0.9961410985095762,0.00026741402867189797,0.0007849772796708586,0.3406646734845941,train
normal_0391_16,normal,0,A,391,normal_0391,16,13048,13063,2022-07-12 00:48:56.184000,2022-07-12 00:48:57.684000,0.012362124999999998,0.028568261324577928,0.031128245848826754,0.080705,0.112374,0.393742469091394,0.516294570187025,2.5926613530341873,0.006702687499999999,0.04850337501365079,0.04896430748450855,0.117328,0.186137,0.813122423254806,0.27490301472682965,2.396194412371104,-3.8743022500000004,80.67627543726819,80.7692493239495,110.864649,220.537205,0.08613897059528529,-1.6429614942676913,1.3726096246771318,-0.23157064386238133,-0.11753982417738708,0.09454604507711363,-0.9965954104675935,0.00038539724102148716,0.0006062246200670058,0.6357334035343027,train
normal_0392_00,normal,0,A,392,normal_0392,0,13071,13086,2022-07-12 00:49:02.714000,2022-07-12 00:49:04.214000,0.002834375,0.06526837237597835,0.06532988683787842,0.160062,0.280914,0.3900315785509839,0.9901876473897246,2.450057818058177,-0.013131062500000004,0.1382657937101892,0.13888792068674477,0.237631,0.40829800000000005,0.7156576477688824,-1.0968098646569067,1.7109551271630428,-5.960464999999999,140.64297855614265,140.76922447807908,207.424182,412.464178,0.08561533783177838,-1.476695111673509,1.4735051838855628,0.24274869535041635,-0.160982490037855,-0.07445816882780276,-0.997137641683035,0.0004640921130317923,0.0009866355462402419,0.47037846426707575,test
normal_0395_00,normal,0,A,395,normal_0395,0,13111,13126,2022-07-12 00:49:27.367000,2022-07-12 00:49:28.867000,0.006494437500000001,0.07042701457002203,0.07072582342884033,0.165943,0.278234,-0.7092420234612756,0.6123097852918633,2.346285867805568,-0.012059374999999999,0.13205164704002892,0.13260115388402546,0.224362,0.406538,0.4609637717174964,-1.2901965589205373,1.6920063923141246,-0.819563937499999,144.46027648942385,144.4626012795299,214.57674,420.808829,-0.01185307152120617,-1.6198939096527416,1.4853445673790808,0.28806484261214704,-0.0795078188905569,0.008427824728443868,-0.9416778665536052,0.0004895787754229098,0.0009178926082567697,0.5333726091908519,val
normal_0395_16,normal,0,A,395,normal_0395,16,13127,13142,2022-07-12 00:49:28.967000,2022-07-12 00:49:30.467000,0.0038895624999999994,0.06980843092256904,0.06991670561684453,0.124163,0.214418,-0.7565462762018534,-0.6780545011955676,1.775870286000522,5.8749999999999775e-05,0.13730667290298568,0.1373066854717934,0.26126,0.39801200000000003,0.8224915230252654,-0.9788547176330966,1.9027478458335523,-2.3096801874999997,138.78125116316116,138.8004693687343,206.232089,410.079992,0.041103054798478804,-1.5910224517988634,1.4858169423918037,0.39316000538041784,0.03541967904008884,0.044386225504730766,-0.9640431876815838,0.0005037209595531362,0.000989237904570967,0.5092010296265389,val
normal_0395_32,normal,0,A,395,normal_0395,32,13143,13158,2022-07-12 00:49:30.567000,2022-07-12 00:49:32.067000,0.005471187500000002,0.08001695875814291,0.08020378782552916,0.203931,0.36187400000000003,-0.45755074491667413,2.2318291527953162,2.5426604594239377,0.0070735,0.12856018177443201,0.12875462997548864,0.223873,0.394787,0.3042351151926992,-1.1656771309013185,1.7387568900832482,-2.8312208749999987,135.22761866145152,135.25725363354817,201.463717,396.966969,0.07820231249528758,-1.5393677969345612,1.489485492185319,0.45546042783097707,0.13020786213739466,0.002986226048536158,-0.9856041159566482,0.000592972174659297,0.0009519240300732628,0.622919640565918,val
normal_0396_00,normal,0,A,396,normal_0396,0,13161,13176,2022-07-12 00:49:34.708000,2022-07-12 00:49:36.208000,-0.043042624999999994,0.05112354526399138,0.06683026595226148,0.135421,0.16650700000000002,-0.41528132549381835,-0.8553112400493639,2.0263423775200087,-0.009858937500000001,0.06946292426401723,0.07015907992510663,0.145821,0.260569,0.14740161255919168,-0.32418264744802316,2.0784337559110084,2.68220925,82.98168278157698,83.02501986583957,109.672556,219.345112,-0.07098590605086,-1.7211300891477563,1.3209579013316743,-0.1981828018245126,0.4955799174819821,-0.10989025025855345,-0.9876900509774146,0.000804941282281567,0.0008450353885910168,0.9525533405455346,train
normal_0396_16,normal,0,A,396,normal_0396,16,13177,13192,2022-07-12 00:49:36.308000,2022-07-12 00:49:37.808000,0.0600996875,0.05063757693491903,0.07858840013282813,0.137103,0.178235,-0.38676010627737234,-0.21659740626513369,1.7445704425624136,0.013830375,0.0670032896299456,0.06841578833774409,0.197252,0.291904,1.159433786454808,2.297424055732594,2.883135673687453,1.3411046250000003,83.89645624166799,83.90717449375416,110.864649,221.729298,-0.028049986946410525,-1.768793752891573,1.3212773480800797,0.07099773068417786,0.3361416606546251,-0.19482568064193356,-0.9536736106595018,0.0009366112088386203,0.0008153747131937662,1.14868807394085,train
normal_0397_00,normal,0,A,397,normal_0397,0,13205,13220,2022-07-12 00:49:42.699000,2022-07-12 00:49:44.199000,0.026693187500000003,0.0865899963861435,0.0906110022737995,0.204063,0.34230099999999997,-0.047190492739080055,0.006757945667840826,2.252077505813061,0.008293062500000004,0.20779134874810978,0.20795677315295,0.341275,0.6634169999999999,0.035686718155943514,-1.3627927197754721,1.6410862451159303,4.023313875,161.63462064512072,161.68468587231396,238.41860000000003,464.91627000000005,-0.043741539426429575,-1.593457958233832,1.4745898704858453,0.7974806191944244,-0.028999535009258323,-0.015144960857978068,-0.9775909507970542,0.0005604179628079127,0.001286187198441157,0.4357203706327761,train
normal_0397_16,normal,0,A,397,normal_0397,16,13221,13236,2022-07-12 00:49:44.299000,2022-07-12 00:49:45.799000,-0.0040919375000000036,0.06695760387874998,0.06708252134265304,0.167972,0.265019,-0.5544093668632996,0.6553143540550486,2.5039607432465196,0.0194469375,0.1952146657917473,0.19618090915864494,0.305297,0.5898479999999999,-0.12373509909196553,-1.4239019328828275,1.5562013720362389,1.639127875000003,164.5454754412916,164.55363936537924,237.22650700000003,470.87673500000005,0.005694888634997091,-1.6244033982771078,1.441636343716811,0.4660960870903903,0.02484692955233317,-0.03806466288352858,-0.957315802103108,0.0004076635533639049,0.0011922003664898574,0.34194214732895156,train
normal_0398_00,normal,0,A,398,normal_0398,0,13237,13252,2022-07-12 00:49:50.587000,2022-07-12 00:49:52.087000,-0.0004882499999999991,0.0811923468025928,0.08119381483447492,0.150811,0.276441,-0.2602544870928338,-0.8995356265373262,1.857419808484791,0.005140437500000003,0.11968377831653333,0.119794118761367,0.218262,0.360069,0.5023796606067581,-1.34266277067977,1.8219759221634544,-6.780028937499999,111.5034932632751,111.7094347058769,171.661392,337.362319,0.05529589656217393,-1.473994322555138,1.5366776535211408,0.48235642949560453,-0.1477993349225339,0.04828359944877814,-0.9987819458861241,0.0007268304154277796,0.0010723724372679578,0.6777779716900386,test
normal_0400_00,normal,0,A,400,normal_0400,0,13266,13281,2022-07-12 00:50:15.827000,2022-07-12 00:50:17.327000,-0.01818,0.08541679699274611,0.08733007276133463,0.20174,0.311012,-0.8288051906176129,0.09757883631947495,2.310086246593858,0.0082481875,0.20638031157647366,0.20654506918209764,0.347602,0.6327290000000001,-0.03656200795638515,-1.3021366259982103,1.6829353582560787,-8.791685875,171.87746515415333,172.10216956314602,251.53162300000002,503.06324600000005,0.08412653037929567,-1.4766786768065783,1.4615249978455997,0.42377388347548695,-0.1188111022437768,0.10150125008849348,-0.9977774120272095,0.0005074315622110292,0.001200130537031459,0.4228136411445449,test
normal_0400_16,normal,0,A,400,normal_0400,16,13282,13297,2022-07-12 00:50:17.427000,2022-07-12 00:50:18.927000,-0.00010124999999999761,0.09311587679304481,0.09311593184036768,0.189483,0.365428,0.2820450071160441,-0.3048034693568584,2.034914930828789,0.012302750000000001,0.200384401964231,0.20076171499597478,0.346659,0.615108,0.2930609707358958,-1.3495398621283161,1.7267186625047033,-9.909273062500002,169.91545088015235,170.20415429839736,252.72371600000002,505.44743200000005,0.06539556764954753,-1.4928876960546242,1.484826954087922,0.656131125123304,0.02315261183069374,0.08872386047011044,-0.9985491733338313,0.0005470837784436174,0.0011795347523892085,0.4638131918838939,test
normal_0400_32,normal,0,A,400,normal_0400,32,13298,13313,2022-07-12 00:50:19.027000,2022-07-12 00:50:20.527000,0.013783062500000002,0.09625148579403121,0.09723333445602644,0.236508,0.41112499999999996,0.471010854866703,0.7619109213210775,2.4323757004030364,-0.0015170000000000045,0.21566106119325298,0.21566639655727549,0.321376,0.6157790000000001,0.2030826716364493,-1.5491951307769298,1.4901533346417772,-10.2072963125,169.29135561025416,169.59879711356655,249.14743700000002,492.33440900000005,0.05264074244590226,-1.5044955508579807,1.4690401184459239,0.5279127232006038,0.02375862935159217,-0.03989731803421062,-0.9991170026172991,0.0005733138212703075,0.001271626923231426,0.45085064714847106,test
normal_0401_00,normal,0,A,401,normal_0401,0,13316,13331,2022-07-12 00:50:22.836000,2022-07-12 00:50:24.336000,0.007627499999999996,0.07979570627624648,0.08015942549928237,0.154015,0.271605,-0.40916174547029954,-0.9769529767901983,1.921358580612318,-0.008072937500000002,0.14552672055050095,0.14575046728591473,0.260055,0.427485,0.7281563887544175,-0.9631913384365083,1.7842481389089282,1.3411046249999998,137.27901676588178,137.2855673616948,205.039996,406.503713,-0.03539413444719758,-1.6118338434010206,1.493529144690048,0.5043931056715738,-0.02450885622341063,0.027541136998376396,-0.9550881171381242,0.0005838882195685803,0.0010616590664765085,0.5499771423856625,train
normal_0401_16,normal,0,A,401,normal_0401,16,13332,13347,2022-07-12 00:50:24.436000,2022-07-12 00:50:25.936000,0.0011298125000000006,0.06559278933238274,0.06560251892029376,0.12145,0.23499,-0.11594170061344358,-0.6652935948754095,1.8513008646445457,-0.006199062500000002,0.13007587903723195,0.1302235104855782,0.264051,0.407026,0.7273562416817317,-0.8346978643004528,2.0276753330900465,-0.3725290624999986,135.69042673716424,135.69093811311112,197.887438,394.582783,0.02313294912029517,-1.6081152037638695,1.4583688546322988,0.14380703928190583,-0.013655638489565481,-0.019129184075386933,-0.956874343570092,0.000483470155284857,0.0009597067593196585,0.5037686257702214,train
normal_0402_00,normal,0,A,402,normal_0402,0,13362,13377,2022-07-12 00:50:30.952000,2022-07-12 00:50:32.452000,-0.0124255,0.04713040128860564,0.04874082247844203,0.084663,0.167415,0.3015474356946431,-0.5551676512581607,1.737003925968756,-0.0058330625,0.04915794317232561,0.04950280795129202,0.119927,0.188725,-0.5940977380718008,-0.06152887457464118,2.422630249944638,4.619360375,82.24996272756104,82.37957792413907,112.056742,222.921391,-0.06865157767209554,-1.6422957396601516,1.3602490425866196,-0.10910167127018566,-0.0982206600522773,0.5116795594358922,-0.9974995551764733,0.0005916614737128906,0.000600911162677693,0.9846072272587094,test
normal_0402_16,normal,0,A,402,normal_0402,16,13378,13393,2022-07-12 00:50:32.552000,2022-07-12 00:50:34.052000,-0.03615887500000001,0.04715274660461864,0.059420920168110826,0.121728,0.142177,-0.5626452221117574,-1.1247963321009393,2.048571440085629,-0.026618062499999998,0.042070264120677846,0.04978381639084633,0.11366,0.157311,0.0018682114354599535,-0.4075518205317832,2.283071251662789,4.991889437499999,82.53492145597315,82.68574375247452,113.248835,224.113484,-0.057552634475279134,-1.6380991913241223,1.3696295136319774,-0.12171844586861237,0.35681871846194746,-0.4187585044604049,-0.9990601901004409,0.0007186356132441821,0.0006020846415783308,1.1935790478898773,test
normal_0403_00,normal,0,A,403,normal_0403,0,13396,13411,2022-07-12 00:50:38.906000,2022-07-12 00:50:40.406000,0.007756562499999998,0.0944075910540095,0.09472569614649186,0.21595,0.350827,0.5984613723293168,0.5422677836426697,2.27974043775869,0.0029643125000000017,0.20420101992023654,0.20422253471412624,0.339068,0.62661,0.19933975027148082,-1.205872266778775,1.6602869045506288,2.5331976249999997,168.65371122099816,168.67273460409405,240.80278600000003,481.60557200000005,-0.0404169727976709,-1.6105322321418243,1.4276331415697296,0.40919368327039846,0.0476355921789176,-0.012192023299191295,-0.9680273069267338,0.0005615945954088579,0.0012107619835148467,0.4638356696487501,test
normal_0405_00,normal,0,A,405,normal_0405,0,13429,13444,2022-07-12 00:50:56.424000,2022-07-12 00:50:57.924000,0.011703312499999998,0.0692823694345455,0.07026389000003842,0.166261,0.263191,0.4576641929052651,0.002422311987545278,2.3662367682732777,-0.006321312499999997,0.21167989074151528,0.21177425513046316,0.319471,0.631128,0.21531183507108775,-1.3336059117906058,1.5085450297213439,7.3760754375,172.79860853879646,172.95596434296192,250.33953000000002,494.71859500000005,-0.0862482673762381,-1.5305911646315997,1.4474177340516043,0.5902355420634811,-0.06605520432943383,0.05726609505425942,-0.9950967444878044,0.00040625306139029175,0.0012244403130875947,0.33178674129559554,train
normal_0405_16,normal,0,A,405,normal_0405,16,13445,13460,2022-07-12 00:50:58.024000,2022-07-12 00:50:59.524000,0.00032668749999999885,0.09939559347546471,0.09939613034249623,0.211076,0.376417,-0.23561864517056497,0.011048858032689068,2.1235836774800045,-0.0029160000000000045,0.22145753702403087,0.22147673412968233,0.364533,0.696875,0.3386124756612528,-1.2472258103099276,1.645920062134171,5.215406875000001,175.9154654692093,175.99275968096066,251.53162300000002,501.87115300000005,-0.06859678141123896,-1.5798366002384148,1.4292157441929774,0.5021868334480876,-0.08439308775027181,0.010655981239693855,-0.9878395466239684,0.0005647739743537254,0.0012584423048492162,0.4487881344877351,train
normal_0405_32,normal,0,A,405,normal_0405,32,13461,13476,2022-07-12 00:50:59.624000,2022-07-12 00:51:01.124000,0.0019814375000000023,0.0794968555046116,0.07952154506602284,0.161368,0.298932,-0.16542278105512628,-0.22362269741815455,2.0292362260570274,0.008983749999999999,0.21683504100107412,0.2170210652678675,0.358447,0.628267,0.17425876017938532,-1.5773513226571108,1.6516691573583953,2.533197624999999,177.5572777230452,177.57534728285316,255.10790200000002,505.44743200000005,-0.027667814824576458,-1.6281712265247568,1.436617784526408,0.6749293760658119,0.0620327104053751,0.0010784421086341436,-0.9676885702034075,0.00044781860929916093,0.001222135102583709,0.3664231625066902,train
normal_0406_00,normal,0,A,406,normal_0406,0,13479,13494,2022-07-12 00:51:03.048000,2022-07-12 00:51:04.548000,0.011166999999999998,0.06366338837982158,0.06463535339889463,0.151644,0.257968,-0.7575464195316671,1.1217874268058994,2.346146373860367,0.007357312500000003,0.1365335791429707,0.13673166524551839,0.265094,0.44587699999999997,0.4934052023423481,-1.0386689531495945,1.9387901077924516,-4.470348750000001,132.73214156295543,132.80739972544853,196.695345,388.622318,0.09551920781118924,-1.4850103072407925,1.481057120360962,0.38570144551149543,-0.05072840565791279,0.05536333494257514,-0.9943827139817811,0.00048668488000303206,0.0010295485456998815,0.47271678643592885,train
normal_0406_16,normal,0,A,406,normal_0406,16,13495,13510,2022-07-12 00:51:04.648000,2022-07-12 00:51:06.148000,-0.0023922499999999994,0.0784801405026297,0.07851659259911245,0.142539,0.2714,-0.08437883166441969,-0.8634929334716515,1.8153997172008105,-0.001216437499999998,0.12843353965620152,0.1284393001725426,0.240367,0.377383,0.6766491248538385,-1.1905001193787634,1.8714443295556433,-2.533197624999999,132.60988153762054,132.63407470039158,196.695345,388.622318,0.08809779868382717,-1.5403944833580825,1.482992552587388,0.2407110169988675,0.0697594105876881,-0.023859361804771526,-0.9858896346235273,0.0005919790429154376,0.000968373326859447,0.611312834106344,train
normal_0406_32,normal,0,A,406,normal_0406,32,13511,13526,2022-07-12 00:51:06.248000,2022-07-12 00:51:07.748000,-0.010300562499999999,0.08846890031599293,0.08906653642607587,0.170559,0.279938,-0.3154989273841558,-1.0330927519702424,1.9149616325494128,-0.005444875,0.13366213944161368,0.13377299497235978,0.238266,0.402019,0.7898167299660437,-0.8808127314922651,1.781121817966553,0.3725290625000004,130.21243813264735,130.2129710219029,188.350694,376.701388,0.04445804630231165,-1.600460926205308,1.4464818099290422,0.6461543755423621,-0.05653130436328912,-0.0015731438962970873,-0.9574319985348997,0.0006840066371812848,0.001027340010158113,0.6658035610586339,train
normal_0407_00,normal,0,A,407,normal_0407,0,13529,13544,2022-07-12 00:51:10.863000,2022-07-12 00:51:12.363000,-0.0019109999999999995,0.03937423724975507,0.039420584470552945,0.086867,0.15426800000000002,0.4567125591941005,0.1394482238107151,2.203594928048045,-0.0016908125000000013,0.0601703244571387,0.06019407605560118,0.117259,0.218653,0.40772698363868365,-0.45244931249201725,1.948015613557853,5.364418499999999,80.16880819464753,80.34808518685014,110.864649,220.537205,-0.07505581857923549,-1.6474281426972233,1.3798044936874767,-0.3273644166650968,-0.0014106271263558286,0.07575006142435899,-0.997347137645412,0.0004906225752471891,0.0007491662796396374,0.6548914287535572,test
normal_0407_16,normal,0,A,407,normal_0407,16,13545,13560,2022-07-12 00:51:12.463000,2022-07-12 00:51:13.963000,0.00989075,0.054975907800030914,0.055858547904506076,0.109176,0.175839,0.05231811632447042,-1.1818257650652693,1.954508380465666,0.005395062500000002,0.05807436857757124,0.05832442871612632,0.101666,0.19649100000000003,-0.03158494064972895,-1.116299270939528,1.7431118013143954,5.06639525,80.06626320557979,80.22639755426142,110.864649,218.153019,-0.08239659072389519,-1.6414338057544138,1.3818973851470306,-0.13589740356807098,-0.09023209972555181,-0.05909598719685847,-0.9974266806233066,0.0006962614501882119,0.0007269979769025323,0.9577213036475324,test
normal_0408_00,normal,0,A,408,normal_0408,0,13567,13582,2022-07-12 00:51:18.948000,2022-07-12 00:51:20.448000,0.011174062499999998,0.07258212747163446,0.07343721741094565,0.148562,0.274284,0.12325887863938005,-0.33169979689996243,2.0229796993623177,0.0245440625,0.1672552408990032,0.16904652203517084,0.270951,0.503665,0.1420750533603495,-1.4905030247660787,1.6028191336798252,-8.64267425,145.81562239517683,146.07152889144555,214.57674,419.616736,0.04778244922639072,-1.495511528499155,1.4689840082352035,0.6952697951023347,0.12386563730231412,0.04756221770656062,-0.9992534188046296,0.0005027483313707301,0.0011572859086098795,0.4344201615438543,train
normal_0410_00,normal,0,A,410,normal_0410,0,13605,13620,2022-07-12 00:51:36.856000,2022-07-12 00:51:38.356000,-0.009623125000000003,0.08569337020729419,0.08623200236716065,0.169086,0.283945,0.4809939061131799,-0.8893040015150966,1.9608265534651699,-0.007615312499999999,0.1890648200960846,0.18921812593522191,0.286399,0.5697190000000001,0.1909351759283412,-1.4265799135612616,1.513591779775092,5.960465000000001,153.33173121742328,153.4475380745757,227.689763,450.611154,-0.09220268751122106,-1.4737632793425488,1.4838280617401791,0.46052147237911234,0.04852135630516456,-0.050772567863976124,-0.9961197886900831,0.0005619640656942426,0.0012331128169893587,0.45572802257158934,cal
normal_0410_16,normal,0,A,410,normal_0410,16,13621,13636,2022-07-12 00:51:38.456000,2022-07-12 00:51:39.956000,-0.014152999999999999,0.06911647574836988,0.07055065293018202,0.12687,0.248931,0.5359036799852264,-0.430651513509253,1.7982824358202958,0.0061340000000000006,0.1860882332470272,0.18618930288553098,0.317232,0.560727,-0.3125478620457351,-1.393007186912772,1.7038143173833888,7.3760754375,154.81223198530904,154.98785004358515,233.65022800000003,462.53208400000005,-0.08819184684106003,-1.4542193237474823,1.5075389969877877,0.5443210598047622,-0.16205702150617787,-0.03313148221595097,-0.9975500400012294,0.00045520118454667256,0.001201315476233598,0.378918938074313,cal
normal_0410_32,normal,0,A,410,normal_0410,32,13637,13652,2022-07-12 00:51:40.056000,2022-07-12 00:51:41.556000,0.0111065625,0.08688190723042453,0.08758893500073225,0.193258,0.319901,0.597347679765612,-0.2517078353685447,2.206420251580686,-0.006576687500000001,0.19807504285804117,0.19818419569099727,0.350259,0.680368,0.07354209469112508,-0.9354876003814061,1.767340724515254,9.387732374999999,155.25945898229338,155.54301373774095,238.41860000000003,474.45301400000005,-0.06522033779177973,-1.4634192717896715,1.5328145846652717,0.584819564571868,0.18180806610785705,0.06316195012846228,-0.9987006470886857,0.0005631171268702227,0.0012741439871105562,0.44195721407219696,cal
normal_0411_00,normal,0,A,411,normal_0411,0,13655,13670,2022-07-12 00:51:43.448000,2022-07-12 00:51:44.948000,0.0020390625,0.07480882757190888,0.07483661175228673,0.176924,0.278961,-0.9850324040463723,0.4539872282847859,2.364136962608998,0.007240062500000002,0.1713439846315989,0.17149687919737053,0.266092,0.463679,0.34846856164963746,-1.7004346177465504,1.5515850856607298,-4.693866187499999,159.69011746705715,159.7590873672877,237.22650700000003,474.45301400000005,0.0903706680119433,-1.507794629413644,1.4849014907966642,0.30744304356646085,-0.1096967223457408,0.0028334405829224885,-0.9923588908873703,0.0004684341465987261,0.0010734718257566001,0.4363730238272124,train
normal_0411_16,normal,0,A,411,normal_0411,16,13671,13686,2022-07-12 00:51:45.048000,2022-07-12 00:51:46.548000,0.000832812500000002,0.08803082287629341,0.08803476218481822,0.206647,0.36417900000000003,-0.5097815381106369,0.9209429960967737,2.3473341083851613,-0.0002558750000000009,0.1692993765891782,0.16929956995072373,0.323403,0.537237,0.6003679796894489,-1.0780414093695474,1.910241119301895,-6.407499875000002,157.64774992628577,157.77791072095252,237.22650700000003,466.10836300000005,0.09680647103549841,-1.4693890902602653,1.5035470169177296,0.548089394722456,0.09379349085452994,0.010077353471236672,-0.9956842782521744,0.0005579663324387487,0.0010730245392217706,0.5199940094971393,train
normal_0411_32,normal,0,A,411,normal_0411,32,13687,13702,2022-07-12 00:51:46.648000,2022-07-12 00:51:48.148000,0.0043559375000000004,0.09311263143061521,0.09321446413211579,0.19837,0.363975,0.5707967078708776,0.1947022666007543,2.128103206374109,0.0019914375,0.16348041025799112,0.1634925391613865,0.297824,0.508467,0.47281805676852534,-0.9644980060263135,1.8216366418164953,-7.8231103125,155.2011514579852,155.39819326120238,233.65022800000003,462.53208400000005,0.0887933399955841,-1.4607509883074052,1.503558201653394,0.5066854365666063,0.01821893999941254,0.030148002834194675,-0.9968491933534604,0.0005998426505219109,0.001052087773546882,0.5701450635622098,train
normal_0412_00,normal,0,A,412,normal_0412,0,13705,13720,2022-07-12 00:51:51.236000,2022-07-12 00:51:52.736000,0.018065875000000002,0.039404494143871135,0.04334847169451306,0.089288,0.130619,0.2474381461890594,-1.1626624908117258,2.059772732686718,0.006068249999999997,0.04954342073688998,0.049913667430624656,0.122407,0.18543300000000001,0.8894327821151404,0.3054886570721944,2.4523743956529405,-4.0233138749999995,79.9501179925009,80.05128619548586,109.672556,218.153019,0.07037141644768687,-1.6471335553391941,1.3700286555318895,-0.09538019740673934,0.33239024353082736,-0.07390102290517025,-0.9975270842120587,0.0005415087471381254,0.0006235211175587497,0.868468977054499,train
normal_0412_16,normal,0,A,412,normal_0412,16,13721,13736,2022-07-12 00:51:52.836000,2022-07-12 00:51:54.336000,-0.0212484375,0.028907316571606813,0.03587658076743797,0.074732,0.10803700000000001,0.06167868722148739,-0.3445835227502312,2.0830301662366804,-0.0031291875,0.05720957650955252,0.05729509105335727,0.131146,0.21432700000000002,-0.35599963999736184,-0.2732062743112693,2.288957004673708,-4.0978196875,80.100055192859,80.20480639020532,109.672556,218.153019,0.07676703656572957,-1.6425388596881183,1.3674062806963312,-0.13809247079038348,0.02408724691851758,0.07429642269913671,-0.997119950482449,0.00044731210487429404,0.0007143598199665275,0.6261719827624874,train
normal_0413_00,normal,0,A,413,normal_0413,0,13745,13760,2022-07-12 00:51:59.201000,2022-07-12 00:52:00.701000,-0.04190312499999999,0.11565167174963091,0.12300886579125099,0.204721,0.40174699999999997,0.4570802194119126,-0.48874123160995264,1.664278413455307,-0.009520250000000001,0.18915596721373212,0.18939539353591733,0.271026,0.537964,0.2911196508491696,-1.5979174870387087,1.4310062929202239,-3.5762790000000004,139.83802209440566,139.8837452842943,203.847903,406.503713,0.08697022254903035,-1.5061802990091047,1.4572665507754845,0.47835941099812473,-0.16245030257799098,0.1722621370897256,-0.9895913232858986,0.0008793649722578742,0.001353948545994372,0.649481824741019,test
normal_0417_00,normal,0,A,417,normal_0417,0,13803,13818,2022-07-12 00:52:32.972000,2022-07-12 00:52:34.472000,0.0020883749999999995,0.051200538943544094,0.051243111715136895,0.079271,0.155687,-0.07866171416548245,-1.3141594414383637,1.5469591394190028,0.0075365625,0.121419845420224,0.1216535187990364,0.25091,0.394174,0.6028497968391863,-0.8574073221219609,2.0624968556354446,-6.482005687500001,132.52820747874821,132.68663148660804,201.463717,398.159062,0.0945816153790775,-1.4378111117294525,1.518342237969419,0.28302817590532886,-0.18440920030265465,0.02809215419639158,-0.9972531726711767,0.00038619649275148583,0.0009168483473884465,0.421221779863081,cal
normal_0417_16,normal,0,A,417,normal_0417,16,13819,13834,2022-07-12 00:52:34.572000,2022-07-12 00:52:36.072000,-0.005704937500000003,0.07023995011696402,0.0704712487778704,0.10753,0.204507,-0.37167227314155943,-1.543673146227851,1.5258705055581039,0.0006898750000000004,0.12773369083755615,0.12773555379180848,0.224162,0.379347,0.5444197500956598,-1.189235236132707,1.7548912056650527,-5.066395249999999,134.1154294621876,134.21109037876207,202.65581,401.735341,0.09643330078641439,-1.4658953647472728,1.5099781204971778,0.49719856366669685,-0.017598139122156842,0.027925507708112522,-0.995386823653021,0.0005250776860465918,0.0009517511066434321,0.551696428174797,cal
normal_0417_32,normal,0,A,417,normal_0417,32,13835,13850,2022-07-12 00:52:36.172000,2022-07-12 00:52:37.672000,0.0030015625000000008,0.055957854462051114,0.05603829809547663,0.14101,0.20882,-1.0603500277160527,1.0363324650981136,2.516314820263648,0.0006614999999999989,0.12078819049942341,0.12079000184773159,0.189864,0.329472,0.42432710728281126,-1.5725040949651656,1.5718519504564907,-3.5762790000000004,135.12388615758695,135.1712039667264,199.079531,395.774876,0.0937119283218784,-1.5134592067190475,1.472795426524463,0.3677234981863516,0.040822454911311805,-0.04760961480650157,-0.991584656545937,0.0004145727525610481,0.0008936075014724669,0.4639315939916845,cal
normal_0418_00,normal,0,A,418,normal_0418,0,13853,13868,2022-07-12 00:52:39.609000,2022-07-12 00:52:41.109000,-0.0181835,0.030862385647823794,0.03582075543766491,0.081088,0.13463799999999998,0.4824536760104885,1.2899882671724585,2.2637155193756007,-0.009378312500000001,0.05444508712882039,0.05524690269881652,0.095152,0.190179,0.32055360759411944,-0.696085466805489,1.7223046967669795,-3.7997964374999995,80.11252863125543,80.20259158319112,109.672556,219.345112,0.07375451469564279,-1.6368862228969543,1.3674440418329974,-0.060205249568526,-0.24365136494802137,-0.18959076360166455,-0.9984755589350863,0.0004466284035286988,0.0006888418641872811,0.6483758127210315,train
normal_0418_16,normal,0,A,418,normal_0418,16,13869,13884,2022-07-12 00:52:41.209000,2022-07-12 00:52:42.709000,0.0013333749999999995,0.04416770982979959,0.04418783181487863,0.078096,0.149829,0.22702080363912608,-1.0694697112144451,1.767364380474175,-0.0007037499999999986,0.06435152024476579,0.06435536824442076,0.121718,0.239645,-0.024932566907766164,-0.4080491223662821,1.8913418308433385,-3.3527615625000005,80.81566181254965,80.88517913867395,109.672556,219.345112,0.08897719760705108,-1.625878371311097,1.3559042233432086,-0.22620302973448211,0.06034255460643328,0.061813469195061636,-0.9985988784952166,0.0005463031952877375,0.0007956385697568453,0.6866223132630347,train
normal_0418_32,normal,0,A,418,normal_0418,32,13885,13900,2022-07-12 00:52:42.809000,2022-07-12 00:52:44.309000,0.0177140625,0.039764054767573616,0.04353123087867491,0.084783,0.151612,-0.31673831847099443,0.08756302497113833,1.9476361749636057,0.006468062499999999,0.057881213463943496,0.05824148611224219,0.108844,0.188828,0.416333387678374,-1.0264074203999125,1.8688396753859842,-1.8626453125000006,82.03922267789139,82.06036500743113,110.864649,219.345112,0.08076710959476187,-1.6832694087532913,1.3510133544977583,0.19117169741914714,0.06101251381797028,-0.01960063185598236,-0.9913924779496752,0.0005304781531831214,0.0007097395448700237,0.7474265130320012,train
normal_0419_00,normal,0,A,419,normal_0419,0,13903,13918,2022-07-12 00:52:47.696000,2022-07-12 00:52:49.196000,0.008939687500000001,0.08764337923562648,0.0880981267476074,0.175689,0.297943,0.24546348018010705,-0.7994275013256353,1.9942421761512814,0.006345875000000001,0.19935331577656132,0.19945429210880622,0.34546,0.679504,0.12943557358186872,-1.0923515110246342,1.7320259010096648,-3.5017731874999996,161.82496105272506,161.86284451711785,240.80278600000003,478.02929300000005,0.09209582188596915,-1.517751345378958,1.4876964921652163,0.610682948553884,0.22131046036490656,0.003609976429581215,-0.9933210998052684,0.000544276402718788,0.001232242598379104,0.4416958182055473,train
normal_0419_16,normal,0,A,419,normal_0419,16,13919,13934,2022-07-12 00:52:49.296000,2022-07-12 00:52:50.796000,0.0122788125,0.08730684780575544,0.08816606439094068,0.13287,0.259241,-0.3911760318146629,-1.4944672869803557,1.507042430870406,0.01634025,0.19976102192291545,0.20042821570265498,0.31467,0.609,0.08350879796232326,-1.6193822522751828,1.5699885312895678,-6.183982437500003,163.59452496669996,163.71136258020553,246.76325100000003,482.79766500000005,0.1031338504124411,-1.4759723720786495,1.5073068057759624,0.6330820446654665,0.018919177398926557,0.058365712704612945,-0.9959601633994325,0.0005385457857132325,0.00122427797645665,0.43988848616873055,train
normal_0420_00,normal,0,A,420,normal_0420,0,13941,13956,2022-07-12 00:52:55.616000,2022-07-12 00:52:57.116000,-0.0005376249999999982,0.07439241441410122,0.074394357064229,0.14971,0.282242,0.273188893515449,0.16505907049388435,2.012383813879144,-0.017640250000000003,0.17984146663155162,0.18070454211294745,0.291638,0.580696,0.20261283496145527,-1.2577675331575715,1.6138941312151123,6.780028937499997,172.68472081239196,172.81776990358108,258.684181,509.02371100000005,-0.0863683573032977,-1.500958589434149,1.4968610065060193,0.5125701358059714,0.042647906826680466,0.09154885694913675,-0.9940777722214075,0.0004304786313683789,0.0010456363498601248,0.41169057619885174,train
normal_0422_00,normal,0,A,422,normal_0422,0,13974,13989,2022-07-12 00:53:13.056000,2022-07-12 00:53:14.556000,-5.3874999999996634e-05,0.11045652939215217,0.11045654253087502,0.237866,0.402848,-0.15892660074179704,-0.3293991604133857,2.153480405504375,0.013167375,0.18992613242714754,0.19038202526269385,0.299436,0.5907789999999999,0.04925322582682746,-1.261747103634777,1.5728165491822599,6.780028937500003,185.5456081625157,185.6694414834901,267.028832,530.481385,-0.10833161905437891,-1.5147020390305943,1.4381948362985972,0.7230222905329151,-0.44506918504674514,-0.1171325464790448,-0.9934571654158707,0.0005949096504429186,0.0010253815799818778,0.5801836721637157,val
normal_0422_16,normal,0,A,422,normal_0422,16,13990,14005,2022-07-12 00:53:14.656000,2022-07-12 00:53:16.156000,-0.0645743125,0.08491690540074952,0.10668046989813787,0.26525,0.388725,-0.1066098137229518,1.443945230697194,2.486396997063002,-0.0068518125,0.1806160483505753,0.18074596608586457,0.339719,0.6175269999999999,-0.01818536318710081,-0.9759824399087265,1.8795384890560392,3.6507848124999978,180.4975390170048,180.5344560490943,259.876274,512.59999,-0.08240190766451272,-1.5800788034868223,1.4394829645667728,0.5598855960351716,0.12448494391109033,-0.02892189068888234,-0.9820677712209412,0.0005909147330254083,0.001001171577112752,0.5902232409848561,val
normal_0422_32,normal,0,A,422,normal_0422,32,14006,14021,2022-07-12 00:53:16.256000,2022-07-12 00:53:17.756000,0.05341725,0.12555823135825264,0.13644878914587333,0.312507,0.49500299999999997,0.08864177156805006,-0.3719924821719629,2.290287821212602,0.019835250000000002,0.20002678296683798,0.2010078382716082,0.365705,0.689825,0.04711784696633298,-1.1216066384357057,1.8193569123699929,1.7881395000000015,177.0955362158465,177.10456343767558,251.53162300000002,500.67906000000005,-0.030239800778956376,-1.6302553731039888,1.420243601393794,0.6307340290084125,0.22505007440261948,-0.02304700152027724,-0.9629177790194897,0.0007704419722300983,0.0011349670181838333,0.6788232255972992,val
normal_0423_00,normal,0,A,423,normal_0423,0,14024,14039,2022-07-12 00:53:19.759000,2022-07-12 00:53:21.259000,-0.004085875000000003,0.06572607720292133,0.06585295436804639,0.127151,0.24167699999999998,0.34907925874378865,-0.4701860784961034,1.9308321277336198,0.004132625000000001,0.09076013643174725,0.09085417411709822,0.166761,0.277962,0.31665215732109625,-1.2232866556505881,1.8354797852773235,6.034970812500001,101.68007256042397,101.85901054202722,150.203718,296.831157,-0.09225493233200784,-1.4655433670251607,1.4746237686849086,-0.054797448130661515,0.1893535936098546,-0.09150347977672293,-0.9959972084044068,0.0006465108390275923,0.0008919601087192145,0.7248203509414022,train
normal_0423_16,normal,0,A,423,normal_0423,16,14040,14055,2022-07-12 00:53:21.359000,2022-07-12 00:53:22.859000,-0.00012793750000000131,0.07032671683690768,0.07032683320797617,0.125448,0.211841,0.40022392073688723,-1.3555069476174173,1.7837857084935858,0.0057198125,0.09504417388984106,0.09521612912441621,0.180362,0.282628,0.6342152055251384,-1.1304568900459981,1.8942378949718288,6.780028937500001,99.04036665286965,99.27216638679845,149.011625,294.446971,-0.08385775398151867,-1.4662187898673438,1.5010413333723327,0.1990840537811495,0.07701683805384568,-0.12301288383919962,-0.9966414564257016,0.0007084244835955195,0.0009591422509449575,0.7386021029702026,train
normal_0423_32,normal,0,A,423,normal_0423,32,14056,14071,2022-07-12 00:53:22.959000,2022-07-12 00:53:24.459000,0.0019020624999999992,0.06773119412562865,0.06775789621466637,0.116694,0.22923300000000002,-0.19484958944650058,-0.8113106978111979,1.7222199406884964,-0.001642625,0.08907241503888493,0.0890875599494677,0.151321,0.27435200000000004,0.5008382049391923,-1.4226022973996382,1.6985648735449979,7.003546374999999,96.9687925965869,97.22137830470552,143.05116,286.10232,-0.0758888233516575,-1.4830799534786228,1.4713961321516908,0.019427723282471786,-0.10321436262312599,-0.04086115569808892,-0.9969718224509951,0.0006969444107478456,0.0009163371421278837,0.7605764065499161,train
normal_0424_00,normal,0,A,424,normal_0424,0,14073,14088,2022-07-12 00:53:27.876000,2022-07-12 00:53:29.376000,0.001089375000000001,0.06084455851786892,0.06085430994699554,0.099971,0.188248,0.2851214034059118,-1.0109622343700468,1.6427924347030691,-0.008589187499999998,0.06602389013003054,0.06658023888371459,0.129747,0.24197200000000002,0.10690792654632429,-0.7285111478665298,1.9487313679755496,5.364418500000001,91.28759116988913,91.44507251593144,134.706509,264.644646,-0.07592929772302456,-1.514663067745222,1.4730865785746041,0.04528420893020274,0.04799050993954662,0.3022201860562817,-0.997414443514378,0.0006654739098861076,0.0007280899566470907,0.9139995735563574,train
normal_0424_16,normal,0,A,424,normal_0424,16,14089,14104,2022-07-12 00:53:29.476000,2022-07-12 00:53:30.976000,-0.01092125,0.06808667966322414,0.068957013052517,0.14048,0.255256,-0.06123742205460066,-0.6823748915226435,2.037211210018795,-0.006415,0.07177245174595194,0.07205856683715685,0.13204,0.234921,-0.22332747457715696,-1.1096370525539725,1.8323983642138417,5.1409010625,91.89629791578601,92.0399828029173,138.282788,274.18139,-0.06324096031134292,-1.5118357848272868,1.5024208369975598,-0.22861474903139428,-0.08137199163314934,0.03817115251795841,-0.9982621135416835,0.0007492071483778172,0.0007829050445549723,0.9569578757838889,train
normal_0425_00,normal,0,A,425,normal_0425,0,14109,14124,2022-07-12 00:53:35.908000,2022-07-12 00:53:37.408000,-0.015085937499999995,0.073574611054416,0.07510531873351246,0.204168,0.321831,-0.7921302984647625,1.8447942491396843,2.718422655583498,0.007911312499999998,0.18996182532903774,0.1901264945971826,0.307197,0.585726,-0.03666632490458155,-1.2825236628477923,1.6157506119852074,-0.2980232499999991,180.55118231475285,180.55142827768674,258.684181,509.02371100000005,0.021121088999775505,-1.630642839617602,1.4327451378681186,0.3626634294150554,0.3252959916737644,-0.000747183583081472,-0.9617612814658817,0.00041597742787169233,0.0010530323487929958,0.39502815687333154,test
normal_0427_00,normal,0,A,427,normal_0427,0,14144,14159,2022-07-12 00:53:53.254000,2022-07-12 00:53:54.754000,0.010548249999999999,0.08932746569259926,0.08994810562277006,0.18597,0.334638,0.3158829106070528,0.4031026500399353,2.0675254771893976,0.005131000000000002,0.18621869729098095,0.18628937270212167,0.317693,0.561567,0.3752649321740629,-1.386251752481738,1.7053737172006793,-3.2037499375000005,173.7778240933138,173.80735358513672,247.95534400000003,494.71859500000005,0.05601944028059307,-1.5758230688003763,1.4266102031094048,0.7153476632274443,-0.05340360073475645,-0.0368458059040303,-0.9805875874090227,0.000517516110609845,0.0010718152532647063,0.4828407778612141,val
normal_0427_16,normal,0,A,427,normal_0427,16,14160,14175,2022-07-12 00:53:54.854000,2022-07-12 00:53:56.354000,0.012144875,0.06532599025643909,0.06644533837486269,0.136821,0.24835200000000002,0.17333759499764947,-0.23261244463914021,2.05915122635242,0.008704375000000002,0.18129091292825292,0.18149975552187392,0.2821,0.554028,0.02945565606834211,-1.502759743995426,1.5542720660359346,-0.968575562499999,176.94110886152455,176.9437598327959,252.72371600000002,504.25533900000005,0.01873955563102768,-1.6162546007348533,1.4282714249929631,0.49218933217770494,0.09398418446261324,-0.00821520419056368,-0.9596977529829458,0.0003755167090246676,0.0010257482699213762,0.36609051171341583,val
normal_0427_32,normal,0,A,427,normal_0427,32,14176,14191,2022-07-12 00:53:56.454000,2022-07-12 00:53:57.954000,-0.013358875000000003,0.08670768318600362,0.08773073500632489,0.232575,0.400237,1.1701835581799815,3.314975346715972,2.6510093638590018,0.003675625000000002,0.1797431130098852,0.17978069110342468,0.304466,0.604062,0.03175639454473331,-0.8151830332495411,1.693541159127295,1.5646220624999998,178.4598053496077,178.46666402333614,253.91580900000002,505.44743200000005,-0.01966814404172569,-1.6162439818918912,1.4227632392276814,0.5899222174355591,0.13822384462907944,0.008249439615032505,-0.963413033185047,0.0004915805172155473,0.0010073628713086536,0.48798752784777616,val
normal_0428_00,normal,0,A,428,normal_0428,0,14194,14209,2022-07-12 00:54:00.003000,2022-07-12 00:54:01.503000,0.0021643124999999996,0.08954950039134692,0.08957565109413104,0.157421,0.296423,-0.11446116152205632,-1.0497737643152343,1.757408381375574,0.006592875000000002,0.12566572279955412,0.12583854690634344,0.226574,0.375737,0.6177976364942761,-1.2465380151476135,1.800513479932583,-0.44703487499999994,127.35735133706707,127.35813589941009,184.774415,365.972551,0.03602845479744442,-1.6025960614854595,1.4508253728363172,0.3920552967553751,0.023705421184095483,0.03445325625937451,-0.9619927573986116,0.0007033367005691699,0.0009880683791236796,0.7118299860916114,cal
normal_0428_16,normal,0,A,428,normal_0428,16,14210,14225,2022-07-12 00:54:01.603000,2022-07-12 00:54:03.103000,-0.0040395,0.057393010833201634,0.05753499155079455,0.119951,0.23131200000000002,0.4192670548473695,-0.012345932584948649,2.0848356237977668,0.0034934374999999983,0.12225105079761521,0.12230095472516762,0.232114,0.39698999999999995,0.574601522680218,-1.0852508982580007,1.8978919708484872,2.3096801874999984,125.01460360811414,125.03593778535208,183.582322,358.819993,-0.01716421214076876,-1.6096644738215977,1.4682364546675686,0.5095497994705658,-0.0497195842194388,0.049191832132272933,-0.9492804746670774,0.0004601476389097372,0.000978126424221494,0.47043779568267546,cal
normal_0428_32,normal,0,A,428,normal_0428,32,14226,14241,2022-07-12 00:54:03.203000,2022-07-12 00:54:04.703000,-0.0011479375000000014,0.08095750446875567,0.08096564265361265,0.145659,0.282333,-0.20830982183958124,-0.33814820703512627,1.7990223411572064,0.0036580625000000016,0.1158756648435451,0.11593339089402802,0.20691,0.339996,0.5288660271252534,-1.2935593274980186,1.7847317188292333,4.3958429375,120.71502926694814,120.79504015501345,178.81395,354.051621,-0.06359438912852088,-1.5652649878688403,1.4803087094514165,0.155353241403775,0.022759777769165507,-0.01705871903469847,-0.9762884059528906,0.0006702729064844992,0.0009597529066197868,0.6983806997211135,cal
normal_0429_00,normal,0,A,429,normal_0429,0,14244,14259,2022-07-12 00:54:07.775000,2022-07-12 00:54:09.275000,0.0466418125,0.03947279167701904,0.061102863730454565,0.142698,0.14923799999999998,0.8122153745390507,0.3529291028895942,2.3353733571226583,0.011941,0.05939609176010657,0.060584512850851584,0.152934,0.26489399999999996,0.16476015039897962,1.5368163182240409,2.5243084874924486,-4.0978196874999995,81.23522182001905,81.33851111459417,110.864649,221.729298,0.07572588633502621,-1.652330564734979,1.3630031762421588,-0.10400645132153505,0.4657128294553402,-0.37256633124582095,-0.9973643495408634,0.0007512168945946095,0.000744844133740004,1.0085558314363123,val
normal_0429_16,normal,0,A,429,normal_0429,16,14260,14275,2022-07-12 00:54:09.375000,2022-07-12 00:54:10.875000,-0.024215249999999997,0.056015833068093344,0.06102582966969806,0.126771,0.198114,-0.033649840782948685,-0.998614187937199,2.0773334944587774,0.0018230624999999987,0.05737871701300573,0.05740767128997221,0.121633,0.213486,0.6309294351323502,0.1938768611418933,2.118758647875105,-4.544854562499999,80.50955511868044,80.63773414724723,109.672556,216.960926,0.07507036459619053,-1.6626908507114186,1.360064951722654,-0.07253447542264653,-0.25228848141858623,-0.033112815924799914,-0.9972116255024144,0.0007567899856692753,0.0007119206894522094,1.06302569497115,val
normal_0430_00,normal,0,A,430,normal_0430,0,14283,14298,2022-07-12 00:54:15.782000,2022-07-12 00:54:17.282000,-0.0042565,0.06400188761278842,0.06414327252526177,0.121849,0.223886,-0.19999223088404458,-0.5222787637450912,1.8996380322193849,0.004820624999999992,0.21834932118736797,0.2184025285759645,0.35033,0.688519,-0.0039004586197721107,-1.4032210323526664,1.60405652024376,-4.768372,165.375784095859,165.44451437521448,239.61069300000003,476.83720000000005,0.08541961270377461,-1.5391584936029874,1.4482843018692224,0.5155274587862327,-0.06657259235628257,-0.01668510808859926,-0.9921076339027246,0.00038770262506129474,0.0013200953165521442,0.293692902474577,train
normal_0431_00,normal,0,A,431,normal_0431,0,14311,14326,2022-07-12 00:54:23.963000,2022-07-12 00:54:25.463000,0.01143075,0.0440850747185201,0.0455429012964699,0.094004,0.173773,-0.12159929638552452,-0.2082728671836036,2.0640757906059535,0.007687625000000001,0.042786681614836355,0.043471826528799086,0.091638,0.171014,0.18305758787880208,0.09435759597581184,2.1079859605000015,-3.6507848124999995,82.12416490428696,82.20527167386346,114.44092800000001,225.30557700000003,0.0750684806412714,-1.6206625782526949,1.3921361205887923,0.41709287439332593,-0.10931071120875831,-0.25142917499544737,-0.9972383079255634,0.0005540143639103125,0.0005288204228710142,1.0476417701542577,train
normal_0433_00,normal,0,A,433,normal_0433,0,14347,14362,2022-07-12 00:54:41.336000,2022-07-12 00:54:42.836000,-0.0179333125,0.04291578967833219,0.046512027486850106,0.094889,0.158458,0.09426128510915412,-0.34606860272721374,2.040095973602248,-0.0099155625,0.07632249125828568,0.07696389446722729,0.148051,0.286216,0.07063350479049445,-0.6492457076305751,1.923642261411849,-3.7997964374999995,79.82820617195999,79.9185895370995,109.672556,219.345112,0.07387380122830495,-1.6386126243635242,1.3723034482370116,0.08428052938490296,0.13630265081562784,-0.09579053684130334,-0.9981825037729376,0.0005819925971698796,0.0009630286884817881,0.6043356798512298,val
normal_0433_16,normal,0,A,433,normal_0433,16,14363,14378,2022-07-12 00:54:42.936000,2022-07-12 00:54:44.436000,0.017181750000000003,0.038417703711147284,0.042084824955083276,0.070006,0.12775799999999998,-0.6605380474984052,-0.7102018445480192,1.6634499507771916,0.0005820624999999997,0.05475645364072251,0.05475954722295008,0.091412,0.169708,0.23179706681206763,-1.230423685039799,1.6693344747322643,-3.2037499375000005,80.44499223740156,80.50876219230817,109.672556,218.153019,0.09032696001319493,-1.6289255572266712,1.3622437237083511,0.06655014530490061,-0.4551607745655127,-0.023088475627430688,-0.9983758906511534,0.0005227359582868369,0.0006801687882388263,0.7685385853125764,val
normal_0433_32,normal,0,A,433,normal_0433,32,14379,14394,2022-07-12 00:54:44.536000,2022-07-12 00:54:46.036000,0.0025438124999999996,0.028719011845854722,0.028831451982817308,0.075002,0.10560800000000001,1.2088430762388724,1.1389073551483087,2.6013951723520194,0.009596687500000001,0.05530376467601318,0.056130230698906804,0.112575,0.173557,0.654580151812181,-0.9051429538078701,2.0056037290114417,-2.0861627500000006,82.18257930338396,82.2090531266264,110.864649,219.345112,0.08853013343184922,-1.674122801684645,1.3485698324396884,-0.120497750510863,0.3730647451359535,0.02711780527684542,-0.9926166017656204,0.00035070896557351527,0.000682774324288221,0.5136528324188561,val
normal_0434_00,normal,0,A,434,normal_0434,0,14397,14412,2022-07-12 00:54:48.044000,2022-07-12 00:54:49.544000,-0.0013304375000000009,0.05682224779407352,0.056837821108065886,0.107834,0.214713,0.015585228187365265,-0.6489569693855914,1.8972226221511017,0.009546687499999998,0.10798699423988448,0.1084081646703213,0.180554,0.287215,0.49679250631801913,-1.614826500120951,1.6655018609445191,7.599592875000001,109.58819836433261,109.85138612054955,166.89302,333.78604,-0.06725090053978569,-1.4477728912226127,1.5192618490662801,0.6918419293083912,0.027734478756907644,-0.05701802832863639,-0.9980940550981404,0.0005174064990467464,0.0009868620551711157,0.5242946532755597,train
normal_0434_16,normal,0,A,434,normal_0434,16,14413,14428,2022-07-12 00:54:49.644000,2022-07-12 00:54:51.144000,-0.0098915,0.05475002643949133,0.05563638348576406,0.123443,0.232991,0.4220723443824027,1.015900538375491,2.218745940443558,-0.006577187499999998,0.10412529715336875,0.10433281795622842,0.199389,0.335546,0.6129555781714405,-0.7275980390464794,1.9110861175402285,6.9290405625,108.25853514490235,108.48005362663143,163.316741,318.288831,-0.04248036360883858,-1.4850772629374303,1.5055001868095166,0.19089001025324165,0.11967552078239631,-0.06860929218235985,-0.9993935346292709,0.000512872013109934,0.0009617696015833746,0.5332587058954511,train
normal_0434_32,normal,0,A,434,normal_0434,32,14429,14444,2022-07-12 00:54:51.244000,2022-07-12 00:54:52.744000,0.007508875,0.05918965510002043,0.05966404675032527,0.099885,0.19847700000000001,-0.3450269019707446,-0.8902047565740232,1.6741237887866776,0.007432687499999999,0.10962248216704838,0.1098741709408426,0.199241,0.330789,0.5185378773466984,-1.2932443286345032,1.8133561172195185,6.631017312500001,111.84885926636541,112.04524849267767,171.661392,336.170226,-0.03347732776285442,-1.4830492577859657,1.5320720361579487,0.49442329730351875,0.08833272836408214,-0.04308800802019015,-0.9995570736379048,0.0005324995709588203,0.0009806232073109556,0.5430215876891487,train
normal_0435_00,normal,0,A,435,normal_0435,0,14446,14461,2022-07-12 00:54:56.093000,2022-07-12 00:54:57.593000,0.009370937499999999,0.1065269686930666,0.10693834451945895,0.217948,0.40404,0.14434001513364425,0.5701792522797033,2.0380715727307828,-0.005343062500000004,0.19117363601954532,0.19124828738007696,0.325742,0.606197,0.49506103153533815,-0.9688089216620992,1.7032413961053527,4.47034875,177.88792848984767,177.94408987194765,256.299995,504.25533900000005,-0.05421283567515406,-1.6010167614813147,1.440340025816193,0.628668186132161,0.1150602352176498,0.03332781267055899,-0.9805475813916958,0.0006009659809236376,0.0010747661668207317,0.5591597497913026,train
normal_0435_16,normal,0,A,435,normal_0435,16,14462,14477,2022-07-12 00:54:57.693000,2022-07-12 00:54:59.193000,-0.02203725,0.08673031415074835,0.08948624352519217,0.207379,0.35129299999999997,-0.23097041747443461,0.11609489740515633,2.3174399978206557,-0.012385000000000004,0.2007255493799307,0.2011072708752098,0.292001,0.568004,0.1743010953293949,-1.5750030794891572,1.451966399470416,6.407499874999999,175.38604960930795,175.5030553927958,253.91580900000002,506.63952500000005,-0.08155176854261055,-1.542363640534383,1.4467885384200723,0.6403620312832403,-0.05082599121891289,-0.028829435273368134,-0.9928721238440267,0.0005098842485956258,0.0011458904258111566,0.44496771864961454,train
normal_0436_00,normal,0,A,436,normal_0436,0,14481,14496,2022-07-12 00:55:04.088000,2022-07-12 00:55:05.588000,0.0057392499999999996,0.051149167405858134,0.05147014976542229,0.101133,0.19659300000000002,-0.24638392512705534,-0.3118838951991827,1.9648864528453593,-0.001691250000000001,0.061827705411388996,0.06185083251662826,0.173231,0.281583,1.0099846344821017,3.2955231630427875,2.8007868762870376,-1.0430813749999994,84.28514289636084,84.2915970415488,112.056742,222.921391,0.04472110002010658,-1.708518540309874,1.3293939838957527,0.22192620465555496,-0.18913460134860405,0.016711896629391522,-0.965990503117981,0.0006106201753426472,0.0007337722227061484,0.832165836273664,train
normal_0438_00,normal,0,A,438,normal_0438,0,14513,14528,2022-07-12 00:55:21.168000,2022-07-12 00:55:22.668000,0.008777812500000001,0.08108828261008087,0.08156199831378275,0.158497,0.291983,-0.5777275398909069,-0.21939938688800842,1.943270190490372,0.005945062500000001,0.12601651942278677,0.12615667614344672,0.213123,0.348784,0.46357728024531303,-1.526913935708324,1.6893517371816933,3.6507848125000013,134.2894674268137,134.3390832614412,199.079531,391.006504,-0.05773964341523948,-1.5528506861990952,1.4819181891584412,0.26393683359525416,0.01874141164241382,-0.02435481104855493,-0.9801061521475275,0.0006071352902941326,0.0009390913878571699,0.6465135322766629,cal
normal_0438_16,normal,0,A,438,normal_0438,16,14529,14544,2022-07-12 00:55:22.768000,2022-07-12 00:55:24.268000,-0.0082994375,0.08581463506809951,0.08621503496889332,0.157486,0.283956,-0.17609882954586048,-1.4012795750479001,1.8266651525087414,0.00636225,0.1216116982841803,0.12177800862481288,0.20479,0.328711,0.5118145850701733,-1.4979332283401567,1.6816665201919965,5.811453375000001,130.41360870698247,130.54302863924877,194.311159,387.430225,-0.08303456627217684,-1.4913206280626787,1.4884836136058426,0.4769152181798127,0.027963137338134686,-0.0933854283303946,-0.9908588993522638,0.0006604338498009391,0.0009328572340798241,0.7079688356090147,cal
normal_0438_32,normal,0,A,438,normal_0438,32,14545,14560,2022-07-12 00:55:24.368000,2022-07-12 00:55:25.868000,-0.00023018749999999906,0.07001190136703433,0.07001227977514016,0.157465,0.260547,0.6314769476766057,0.1585891390143832,2.2491054498687015,0.003044375,0.11889743549372449,0.1189364047973748,0.206606,0.362668,0.3463108594148142,-1.3635160819855423,1.7371132106438136,6.929040562499999,125.47183645182076,125.6630150271321,187.158601,371.933016,-0.08506470515148534,-1.4476548394937392,1.4893690156932036,0.13417619921419985,-0.07345479270903003,-0.07610332389723383,-0.9957999904611659,0.0005571430843038717,0.0009464710421892635,0.5886530696334407,cal
normal_0439_00,normal,0,A,439,normal_0439,0,14563,14578,2022-07-12 00:55:28.258000,2022-07-12 00:55:29.758000,-0.0195915625,0.04836165570078318,0.05217929726733103,0.108278,0.15876400000000002,-0.334948571949576,-1.060147352588804,2.075114186480082,-0.015319,0.051419725033298266,0.0536531442088905,0.096749,0.172297,0.3860938483558754,-0.7405928788525014,1.8032307598474047,2.533197625,84.60488502707528,84.64280040648427,112.056742,224.113484,-0.0671999456965257,-1.6765192428788085,1.3238780080746906,0.4244268003112865,-0.2278440232695127,0.01053243487642478,-0.9887789164072485,0.0006164646847309852,0.0006338772341088596,0.9725300918838742,val
normal_0439_16,normal,0,A,439,normal_0439,16,14579,14594,2022-07-12 00:55:29.858000,2022-07-12 00:55:31.358000,0.009432187500000001,0.0719228144047655,0.07253866136714614,0.165948,0.280096,0.1786782310373981,-0.15648715559134763,2.2877179820023588,-0.008945625,0.05148930969006455,0.05226062780908779,0.104287,0.18873600000000001,-0.12676621230067417,-0.5154039778234614,1.9955175506304417,3.1292441250000014,84.12587188304627,84.18405127384024,114.44092800000001,227.68976300000003,-0.08544886354212101,-1.6271408417959428,1.359413407508008,-0.04460938434934349,-0.1482743446671338,0.15518072401071928,-0.9938924665490155,0.0008616675043493321,0.0006207901261379126,1.3880174121163567,val
normal_0439_32,normal,0,A,439,normal_0439,32,14595,14610,2022-07-12 00:55:31.458000,2022-07-12 00:55:32.958000,0.0103326875,0.03890878602211644,0.040257397589604574,0.081276,0.135093,-0.10410121076776922,-1.0006096506380366,2.018908445810402,0.017341562499999998,0.04217848996521916,0.04560432880426484,0.106475,0.195118,-0.2363753993015227,2.1835338022376387,2.334756431938598,3.9488080625000004,84.19008458911408,84.28264013565693,115.63302100000001,230.07394900000003,-0.0861252412149701,-1.5978722348877006,1.3719672380205834,0.22304534503619422,0.28746721207621495,0.0008679069758086971,-0.9956295960224512,0.0004776475621172803,0.0005410880429334261,0.8827538666864398,val
normal_0440_00,normal,0,A,440,normal_0440,0,14612,14627,2022-07-12 00:55:36.468000,2022-07-12 00:55:37.968000,-0.012203812500000003,0.08403240978055636,0.08491395016758142,0.174887,0.31307799999999997,0.6010895936725766,-0.11477324948507972,2.059579134580982,-0.019452437500000003,0.2068784074616563,0.2077909353137487,0.356537,0.682149,0.4044623022840446,-0.9620105719153829,1.715844819994943,-0.37252906249999995,179.36678225600494,179.36716911066947,257.492088,509.02371100000005,0.011134770137091287,-1.6183205445282711,1.4355586324782075,0.4999746043679929,-0.142340803740802,0.016761498982634893,-0.958721146777931,0.00047340854287101754,0.001158466938760358,0.40865088767884766,train
normal_0440_16,normal,0,A,440,normal_0440,16,14628,14643,2022-07-12 00:55:38.068000,2022-07-12 00:55:39.568000,-0.0050364375000000045,0.11591082165395987,0.116020189101671,0.209276,0.3907,0.28295557787772224,-0.7483042657545393,1.803789509570674,-0.022258687500000002,0.21321835399266134,0.21437704086156825,0.328712,0.655152,0.371303184354409,-1.3503567056634587,1.5333358398778456,2.309680187499999,180.0324234024488,180.04723852013706,257.492088,513.792083,-0.03409790722065708,-1.60862820026022,1.4301362804362105,0.563113449791487,0.0291316172657001,0.040512203310002055,-0.9691858886774767,0.0006443874954999376,0.0011906710851196513,0.5411968960640232,train
normal_0441_00,normal,0,A,441,normal_0441,0,14646,14661,2022-07-12 00:55:44.751000,2022-07-12 00:55:46.251000,-0.005565875,0.07408307394563467,0.07429186233868418,0.144191,0.273739,0.11152490295684085,-0.5509367487182182,1.9408720613659858,-0.006870624999999998,0.13593110525458982,0.13610463204323722,0.262768,0.406231,0.8456451871186812,-0.7501219264660639,1.93063230879993,2.6077034375000014,134.34881416374984,134.37411947404058,199.079531,396.966969,-0.05557087766957693,-1.585925709044654,1.4815317992722528,0.20848522119456286,-0.030707933665499447,0.022756450586063976,-0.9730131022112188,0.0005528732960593387,0.001012878317461503,0.5458437470010823,train
normal_0443_00,normal,0,A,443,normal_0443,0,14667,14682,2022-07-12 00:56:02.752000,2022-07-12 00:56:04.252000,-0.019396999999999998,0.06459153157632198,0.06744115627993784,0.122486,0.205494,-0.21297316152855048,-1.0012300537406933,1.8161906876504237,-0.018362937500000003,0.07422648370904143,0.07646416387718825,0.13054,0.245514,0.17871457096700016,-1.2398565823312444,1.7072049621789471,-2.8312208750000005,82.03045969957569,82.07930390888282,110.864649,219.345112,0.09795775288369767,-1.654605186937177,1.350701622945927,0.04947882924433299,0.0792701585966845,-0.2882594812344268,-0.9945612021492902,0.0008216584823234496,0.000931588844394587,0.8819969101899475,train
normal_0443_16,normal,0,A,443,normal_0443,16,14683,14698,2022-07-12 00:56:04.352000,2022-07-12 00:56:05.852000,-0.034674875,0.03943860552154925,0.052514289119724354,0.109611,0.158514,0.23806946820282548,0.06183398052406597,2.087260474003639,-0.0064831875,0.05632247905612237,0.05669438567607466,0.112874,0.193801,0.8100901475302003,0.08386736078071166,1.9909202411136353,-3.5017731874999996,81.27074765798474,81.34615442874069,109.672556,219.345112,0.0976108920506632,-1.647294475845778,1.3482205369163858,0.08124927383755709,-0.05773815255497652,0.04331949068258188,-0.9960383823145574,0.000645565724507935,0.0006969522539106505,0.926269656042603,train
normal_0443_32,normal,0,A,443,normal_0443,32,14699,14714,2022-07-12 00:56:05.952000,2022-07-12 00:56:07.452000,0.0405965,0.06154637099476297,0.07372944862722765,0.164922,0.236773,0.23430491030069564,-0.19112682973929518,2.236853836163041,0.0199699375,0.06084975424094655,0.0640428840304487,0.190292,0.252077,1.2042156414037914,2.4562768722258195,2.971321527455371,-3.8743022500000004,81.02889906058827,81.1214688038583,112.056742,221.729298,0.08791469094632473,-1.6419815019702753,1.3813450822856692,-0.14436793348602903,0.11831836648793591,0.04342544365721131,-0.996441473225521,0.0009088771408404396,0.0007894689898342013,1.1512512239794441,train
normal_0444_00,normal,0,A,444,normal_0444,0,14717,14732,2022-07-12 00:56:09.664000,2022-07-12 00:56:11.164000,-0.009816124999999998,0.07862326391396107,0.07923366669856949,0.165393,0.31586000000000003,0.6438840968348434,0.7865286910274509,2.0874081295418083,0.005900312500000006,0.21398137289923122,0.21406270491479243,0.344737,0.654641,0.14148494724642102,-1.3161308788841024,1.610448677350043,-5.438924312499999,173.83007621949017,173.91514395287967,251.53162300000002,498.29487400000005,0.09193358476776799,-1.5142093058238026,1.4462893643589179,0.6937168413841605,-0.015233285726123048,0.014303920841617867,-0.9933340786051299,0.00045558808104736954,0.0012308456874393313,0.37014232222333365,val
normal_0444_16,normal,0,A,444,normal_0444,16,14733,14748,2022-07-12 00:56:11.264000,2022-07-12 00:56:12.764000,-0.0158004375,0.09679155338533468,0.09807272114067958,0.195323,0.359966,-0.053653454012483545,-0.34055590252270207,1.9916139547083698,-0.004284125000000004,0.21619443798779694,0.2162368810907959,0.360541,0.6476930000000001,0.37373679009696803,-1.4079496607082413,1.6673427686399718,-3.2782557500000005,175.50887516855147,175.53948907209625,252.72371600000002,498.29487400000005,0.06747216446118191,-1.5697813605316413,1.4396972290161063,0.6232627738204031,-0.0575980977139196,0.014843378489134872,-0.9847016269803853,0.0005586932129009439,0.0012318418051335716,0.4535429878841979,val
normal_0444_32,normal,0,A,444,normal_0444,32,14749,14764,2022-07-12 00:56:12.864000,2022-07-12 00:56:14.364000,0.0175240625,0.07631315715971652,0.07829936603949932,0.134239,0.23179899999999998,-0.0356261597770844,-1.3418152886071424,1.7144327826649461,-0.012439500000000003,0.20533044888544905,0.20570691383555878,0.317136,0.6244639999999999,0.16343381189936684,-1.304291641131471,1.5416885805477454,-0.9685755625000017,176.93659113849276,176.93924217745032,252.72371600000002,505.44743200000005,0.02773067752037787,-1.6141455523676964,1.428307891962973,0.7405512178101328,-0.15390163702572734,-0.013112996003199427,-0.9637445905180897,0.0004425212014922828,0.0011625850280813212,0.3806355585213412,val
normal_0445_00,normal,0,A,445,normal_0445,0,14767,14782,2022-07-12 00:56:16.827000,2022-07-12 00:56:18.327000,0.008236625000000001,0.10147654315153022,0.10181026864405672,0.190338,0.37493,-0.24725621010255064,-0.05127039741907513,1.8695363693170177,0.009093375,0.16704849344758957,0.16729581175869288,0.321149,0.487283,0.7060480090201375,-1.0277634625270682,1.919647578883951,-7.972121937500001,138.40972281091433,138.63912181192043,216.960926,430.345573,0.07081517096193642,-1.4414493814422975,1.5649329219953652,0.4725992604866459,0.047546271595376055,0.07531752650953621,-0.9987389648758511,0.0007343545408645462,0.0012066998807569516,0.6085643601819969,train
normal_0445_16,normal,0,A,445,normal_0445,16,14783,14798,2022-07-12 00:56:18.427000,2022-07-12 00:56:19.927000,-0.0114259375,0.07275670401023945,0.07364842174946792,0.171786,0.30759400000000003,0.014989441870113123,0.556413794736867,2.3325143420502568,0.002206124999999999,0.15420889165547289,0.15422467135035495,0.311067,0.484421,0.6627065395170058,-0.8113830938119047,2.0169730126598453,-6.034970812499999,137.70897452941122,137.8411496565875,209.808368,414.848364,0.11088583592569609,-1.4234901570339316,1.5221025689549823,0.5519836273353451,0.0728217211504559,0.04723828457514513,-0.9955346776942686,0.0005342992417935642,0.0011188579878692593,0.4775398196969374,train
normal_0446_00,normal,0,A,446,normal_0446,0,14811,14826,2022-07-12 00:56:24.832000,2022-07-12 00:56:26.332000,0.01166,0.037003353141978904,0.038796955341237796,0.073929,0.112227,0.25886429896053703,-1.218466102755223,1.9055361264758806,0.0047861250000000004,0.05425151806156557,0.05446222731857374,0.097728,0.161375,0.43338829732765033,-1.240250079364982,1.7944179812614998,3.2037499375000005,82.95301303007476,83.01485640793331,112.056742,222.921391,-0.08805544001755714,-1.6797724315116198,1.3498396172530307,-0.41432570782829203,0.07899475376094209,0.0247004692031048,-0.9899700428007829,0.0004673495446476514,0.0006560539844934197,0.7123644634343944,train
normal_0447_00,normal,0,A,447,normal_0447,0,14842,14857,2022-07-12 00:56:32.839000,2022-07-12 00:56:34.339000,-0.011670187499999998,0.08461262019138956,0.08541363340789046,0.189726,0.32611100000000004,0.902455811916834,0.33708335241656906,2.2212613189509067,-0.0011414999999999967,0.2069042188978997,0.20690736772768628,0.33404,0.617084,0.16910998657162585,-1.3383704881290883,1.6144422679023918,-9.387732375,166.0863411574033,166.3514419480576,249.14743700000002,495.91068800000005,0.06602466070232826,-1.4761881462682318,1.497717327138018,0.621114682729861,0.06258537531144333,0.07984863820244315,-0.9986568485804637,0.0005134529187583504,0.0012437966590773048,0.4128109808071434,train
normal_0449_00,normal,0,A,449,normal_0449,0,14870,14885,2022-07-12 00:56:49.884000,2022-07-12 00:56:51.384000,-0.0120493125,0.09824226185603548,0.09897842161962626,0.208884,0.40403999999999995,0.20383305018890377,0.16661228905619163,2.1103993838449,-0.008274125,0.139930633731447,0.14017504557159952,0.275419,0.476769,0.529065955123184,-0.7348799082675028,1.9648219044759985,8.195639375,127.09206650244661,127.3560437224216,193.119066,377.893481,-0.03616644478742295,-1.5009873343637048,1.5163714289124115,0.19839188482707984,-0.10912715192167986,0.07592471144945763,-0.9994793721016807,0.0007771788344442791,0.0011006548372146164,0.7061058636793481,val
normal_0449_16,normal,0,A,449,normal_0449,16,14886,14901,2022-07-12 00:56:51.484000,2022-07-12 00:56:52.984000,0.019671062500000003,0.0923773802585546,0.09444856316171518,0.146725,0.289997,-0.3788264443586588,-1.1817503844467954,1.5534910758650389,0.0201111875,0.13799703538854502,0.13945480141855102,0.271934,0.436079,0.44843294235710174,-1.1693235469526175,1.9499794717274317,8.04662775,132.22193700257043,132.46655745077234,195.503252,389.814411,-0.06498983531861409,-1.466112224826973,1.4758687457598765,0.5888092433614207,0.16931553731725632,-0.0337391551608848,-0.9986181512771111,0.0007129993032151868,0.0010527547790345172,0.6772700703093263,val
normal_0449_32,normal,0,A,449,normal_0449,32,14902,14917,2022-07-12 00:56:53.084000,2022-07-12 00:56:54.584000,-0.0041928125,0.07688076299148144,0.07699500889546347,0.152379,0.281868,-0.351595479060617,0.1747340220026472,1.9790763347645788,0.005008562500000001,0.14563757483131232,0.14572367309762166,0.246321,0.432775,0.3146589374187138,-1.5121168068558326,1.6903293388369867,6.482005687499999,135.22768023668542,135.38294538060552,200.271624,399.351155,-0.08602721342360571,-1.4697912489047424,1.479297288421162,0.3736634251265223,-0.40336832393946115,0.03365440314613676,-0.9958148272435049,0.0005687201491960855,0.0010763813173656769,0.5283630810203623,val
normal_0450_00,normal,0,A,450,normal_0450,0,14920,14935,2022-07-12 00:56:56.793000,2022-07-12 00:56:58.293000,-0.015303000000000004,0.09165034573789124,0.09291914594352986,0.194745,0.385307,0.20093869946789994,0.8883840223930957,2.0958543906371374,-0.0018502500000000047,0.20096231194819217,0.20097082934750754,0.344651,0.616562,0.27454675738311485,-1.1871123553577363,1.7149304758256667,0.4470348750000026,170.74671163224568,170.7472968260544,249.14743700000002,491.14231600000005,-0.012427943883924887,-1.6173659324579672,1.4591588952287444,0.5752082887545948,0.009035635814370646,-0.03487796237754324,-0.951796078404639,0.0005441910218829965,0.0011770073850846541,0.4623514081382391,test
normal_0450_16,normal,0,A,450,normal_0450,16,14936,14951,2022-07-12 00:56:58.393000,2022-07-12 00:56:59.893000,0.011698624999999999,0.07534244010008154,0.07624526940817378,0.159539,0.315349,-0.2877350171078845,0.5729843281648708,2.092444570507306,0.016733500000000002,0.19076654376423033,0.1914990450158956,0.282276,0.528597,0.17996756566698566,-1.587768682549393,1.474033460462267,-1.6391278749999998,168.2503580578026,168.25834222043608,245.57115800000003,489.95022300000005,0.031018903115463455,-1.602266105849837,1.4594887525890161,0.5525495047423631,0.12544787954472145,0.03773544341479384,-0.9638911353313092,0.00045314406645160257,0.0011381251145634833,0.3981496064476194,test
normal_0450_32,normal,0,A,450,normal_0450,32,14952,14967,2022-07-12 00:56:59.993000,2022-07-12 00:57:01.493000,0.013170874999999999,0.08894302700456272,0.08991292454925488,0.172561,0.344538,-0.5976238223360313,0.27163715467873484,1.9192012812959938,0.014142187499999999,0.1974449145357442,0.19795074069907517,0.37426,0.6169479999999999,0.5027332634839206,-1.1912441683376689,1.890672389900022,-3.576279000000002,165.87932330999348,165.9178702649814,241.99487900000003,479.22138600000005,0.06680669868590755,-1.5558547495400266,1.4585220905591352,0.49973487848923637,-0.08685477219476188,-0.007433877327647329,-0.9852216763533435,0.0005419122389026463,0.0011930646191572688,0.45421868204039995,test
normal_0451_00,normal,0,A,451,normal_0451,0,14968,14983,2022-07-12 00:57:04.747000,2022-07-12 00:57:06.247000,0.004822375,0.038972886244597986,0.03927010520580509,0.081152,0.154518,0.05054189604298255,-0.2340181616268886,2.0665083420251125,0.0017593125000000013,0.058377368050168583,0.058403872139931784,0.123327,0.21551900000000002,0.7885149640833555,0.2122698590067813,2.111623690027208,4.693866187499999,80.09728305386741,80.23470030103877,110.864649,218.153019,-0.06332727397750733,-1.6498085576833745,1.3817543853723933,-0.07804805794330724,-0.1721483600865694,-0.11382191261306314,-0.997745583610465,0.0004894404174062412,0.0007279128845848714,0.6723887264138332,val
normal_0451_16,normal,0,A,451,normal_0451,16,14984,14999,2022-07-12 00:57:06.347000,2022-07-12 00:57:07.847000,0.02415775,0.02912681364202923,0.03784135512901196,0.068913,0.098376,0.011490253720492085,-1.0560444692858049,1.8211028586332585,0.008010687499999999,0.06184030701100088,0.0623569938774914,0.141413,0.21522400000000003,0.5888232408001828,-0.4307277804084757,2.267796941555981,4.917383624999999,80.19746960769965,80.34808518685014,109.672556,218.153019,-0.07429397888821775,-1.6433947961953235,1.3649678862284715,-0.2348459688884347,0.19936233321712155,0.09789981938533902,-0.9973716478438152,0.0004709677279926656,0.0007760856245980186,0.6068502148027907,val
normal_0452_00,normal,0,A,452,normal_0452,0,15005,15020,2022-07-12 00:57:12.712000,2022-07-12 00:57:14.212000,0.0551899375,0.0945482491241038,0.10947739772979398,0.200027,0.343845,-0.4982261587334812,-0.552150977683874,1.8271077331751666,0.021675937499999996,0.15035936476009265,0.15191374143757536,0.26835,0.505482,0.08864209182290907,-1.1849182710239377,1.7664629773487002,4.842877812499999,120.92729470078217,121.02422926487334,176.429764,351.667435,-0.07355355729674552,-1.4789563058793065,1.4578053094960535,-0.08570961699084735,-0.15860181432041096,-0.0751679431622675,-0.9934424032616028,0.0009045907451324644,0.0012552341160140528,0.7206550025942229,train
normal_0454_00,normal,0,A,454,normal_0454,0,15040,15055,2022-07-12 00:57:30.180000,2022-07-12 00:57:31.680000,0.004687187500000003,0.08256738986974424,0.08270032404146008,0.167856,0.292823,-0.012643063259681018,-0.9664675204330027,2.029689749653809,0.0098160625,0.07136916215921688,0.07204104656591616,0.145481,0.235682,0.39026018964430353,-0.7642714875933558,2.0194181919176826,-4.440892098500626e-16,94.3835445170573,94.3835445170573,134.706509,267.028832,0.030688498894944304,-1.646997228753209,1.4272245197959843,0.2200397165786325,0.2600687655122599,-0.11266365416523462,-0.9585536516515443,0.0008762154935441548,0.0007632797320182934,1.1479611691341947,train
normal_0454_16,normal,0,A,454,normal_0454,16,15056,15071,2022-07-12 00:57:31.780000,2022-07-12 00:57:33.280000,0.0180260625,0.0656176949224338,0.06804866505808546,0.13802,0.255403,-0.15135112431766998,-0.25140400529650186,2.028254336542648,-0.0011079999999999996,0.06458191807503087,0.0645914220794836,0.107163,0.20471099999999998,0.008809278948971253,-1.4362950737568583,1.6590902715863654,-0.8940697499999999,95.20665129759637,95.21084923484284,138.282788,269.413018,0.06471383427281244,-1.5863524675214051,1.452384776643656,0.23646045048914532,-0.15787634466356315,-0.04544180620217941,-0.9832613159832183,0.0007147154510746948,0.0006784040117126281,1.0535248004657263,train
normal_0454_32,normal,0,A,454,normal_0454,32,15072,15087,2022-07-12 00:57:33.380000,2022-07-12 00:57:34.880000,-0.020293562499999997,0.07883740059449001,0.08140739776849214,0.159765,0.285841,-0.03978412902018815,-0.885940881521996,1.9625366290953392,-0.0066518125,0.07772898249544595,0.07801308434687415,0.13918,0.253904,0.28769062707755105,-1.2181280065229916,1.7840597018463697,-1.6391278750000007,97.25323359678133,97.26704573091915,140.666974,278.949762,0.07526875036199383,-1.550965387043047,1.4461935483179267,-0.06852969217599636,-0.1975913857457384,0.10097730611854416,-0.9903187612694725,0.0008369473664667337,0.0008020505173220804,1.0435095400987564,train
normal_0455_00,normal,0,A,455,normal_0455,0,15090,15105,2022-07-12 00:57:36.947000,2022-07-12 00:57:38.447000,-0.016389187500000003,0.09224574641969864,0.09369035809216175,0.221784,0.322558,-0.7036477736450363,-0.3537461136194673,2.3672019673767766,0.012891375000000007,0.19142003530158325,0.19185363552523577,0.302068,0.576791,0.10158765339456499,-1.3446144697920739,1.5744710762088583,-1.117587187499999,189.27666069619553,189.27996007349643,267.028832,532.865571,0.016039754535029906,-1.6322605286856247,1.4107612443299022,0.7145700092365683,-0.34423124280897843,-0.144533653074573,-0.9529626305258663,0.0004949829768337984,0.001013597189320729,0.48834288615728655,train
normal_0455_16,normal,0,A,455,normal_0455,16,15106,15121,2022-07-12 00:57:38.547000,2022-07-12 00:57:40.047000,-0.05227675,0.08601001056090796,0.10065078493111715,0.260385,0.348693,-0.555374135813777,0.9394843740247074,2.5870141020579314,-0.0110514375,0.1970418702829962,0.19735154652405817,0.323594,0.638315,0.17481871373630462,-1.178597406842128,1.6396831223238082,-5.066395250000002,181.90139040233754,181.9719324267697,262.26046,514.984176,0.058386960483977464,-1.592736677742213,1.441213798757347,0.487076656072022,0.2528874251688517,0.07141742155916328,-0.9739674726998181,0.0005531115902812192,0.0010845164080646207,0.5100075814143534,train
normal_0455_32,normal,0,A,455,normal_0455,32,15122,15137,2022-07-12 00:57:40.147000,2022-07-12 00:57:41.647000,0.058817062499999996,0.11732597705989323,0.13124340644080942,0.23145,0.361693,0.039719354496330246,-1.5453662219762963,1.7635171646080643,0.013521312499999999,0.20610355722509946,0.2065466102180389,0.366441,0.605254,0.5001574867522582,-1.2282379363071676,1.7741322387870233,-6.332994062499999,173.7333526971567,173.8487407293775,250.33953000000002,500.67906000000005,0.08792791606990727,-1.5311023996034756,1.4399847186106012,0.6486528201616757,0.047651764975871085,-0.05148223593065671,-0.9914439927488811,0.0007549287149862656,0.001188082291257782,0.635417866709425,train
normal_0456_00,normal,0,A,456,normal_0456,0,15140,15155,2022-07-12 00:57:44.792000,2022-07-12 00:57:46.292000,0.006209125,0.058750069581740706,0.05907727066414798,0.113634,0.208446,-0.14332568197941742,-0.5771095054583988,1.9234808704350093,0.0011792499999999997,0.05161159778395259,0.05162506810043935,0.090124,0.17549900000000002,-0.04451069324276939,-0.968524920838906,1.7457410385330419,6.631017312500001,89.15625287849464,89.40250453948569,129.938137,252.72371600000002,-0.08258536145000585,-1.5373864883021697,1.4534060054504543,0.5144597794424494,-0.18622699303880733,0.1514899254341388,-0.9962271090604209,0.0006608010700422357,0.0005774454347376646,1.1443524016125262,train
normal_0456_16,normal,0,A,456,normal_0456,16,15156,15171,2022-07-12 00:57:46.392000,2022-07-12 00:57:47.892000,-0.005006562499999997,0.06435428846332693,0.06454874213869315,0.129576,0.22031,0.8073878494821664,-0.29103768953842923,2.0074132462811676,0.0015071250000000007,0.05112681353491898,0.051149022356248415,0.108107,0.18470599999999998,0.43271122313698973,-0.4766894133344266,2.1135692339737076,6.034970812499999,88.17809337674164,88.3843709275859,126.36185800000001,250.33953000000002,-0.07695042765752573,-1.5601023551622515,1.4296855504411452,0.21513067140435121,0.19470749564416026,-0.004207878755630714,-0.9969702613683755,0.0007303185106287456,0.0005787111660064341,1.2619741133880698,train
normal_0457_00,normal,0,A,457,normal_0457,0,15179,15194,2022-07-12 00:57:52.787000,2022-07-12 00:57:54.287000,-0.008943187499999998,0.08869538355039874,0.08914511577092993,0.173501,0.33446699999999996,0.2195419546953324,-0.42028967160865616,1.9462760073791767,-0.011909562500000002,0.06749848564224308,0.0685411062278506,0.102445,0.190338,0.2887654005963156,-1.67330632863432,1.4946505190541128,-4.544854562499999,91.79911318341395,91.91154924303866,137.090695,269.413018,0.07325307890776964,-1.5156853799285797,1.4915502581454223,0.08976263893589964,-0.2610702828697712,0.2534640518023412,-0.9975115890864311,0.0009699011332646179,0.0007457289839235506,1.3006080683113808,val
normal_0458_00,normal,0,A,458,normal_0458,0,15206,15221,2022-07-12 00:58:00.779000,2022-07-12 00:58:02.279000,-0.015154937500000002,0.06466339164711818,0.06641555804130159,0.161418,0.272388,-0.41697147082296426,0.5091595342129791,2.430424508360219,-0.0210590625,0.16053498712915698,0.16191036472671386,0.238876,0.46637,0.34277658167321023,-1.4068873944825167,1.475359532437564,-9.089709124999999,155.64455041998457,155.90974596674909,234.84232100000003,469.68464200000005,0.06503318650842911,-1.496719043897378,1.506270948899403,0.32947592627647027,-0.05127190470572666,-0.13188571234710267,-0.99855308110159,0.00042598721221357165,0.0010384877720296237,0.4101995456152757,train
normal_0460_00,normal,0,A,460,normal_0460,0,15229,15244,2022-07-12 00:58:17.587000,2022-07-12 00:58:19.087000,-0.06658968750000001,0.07902923788677735,0.10334315130821442,0.27574,0.333593,-1.0072644959953811,1.9466670361256382,2.6681981003039366,-0.0190545625,0.20382920199672344,0.20471790331743706,0.290912,0.558705,0.36673364566223887,-1.587854088049638,1.4210383912974616,-10.803342812499999,171.9206568838508,172.25975873458998,256.299995,503.06324600000005,0.057139279508193766,-1.4893587512967552,1.4878692323892977,0.6600053395876277,0.15264586088966922,0.0644773682986686,-0.9988403563234166,0.0005999262513042344,0.0011884255778673017,0.5048075895344131,cal
normal_0460_16,normal,0,A,460,normal_0460,16,15245,15260,2022-07-12 00:58:19.187000,2022-07-12 00:58:20.687000,-0.0090955625,0.10067350206482387,0.10108354601609255,0.181599,0.325271,-0.2022192942067842,-1.5094021139467142,1.7965238375302877,0.0013323750000000037,0.20324397372858163,0.20324834090374516,0.301823,0.5777,0.1549687170520113,-1.4688611891464558,1.4849961316187967,-9.238720750000002,169.95558107945158,170.20650252311313,252.72371600000002,504.25533900000005,0.057859445283230206,-1.4883034877709844,1.4848064689284213,0.40655591838654437,-0.0786009624899267,0.020966293105507086,-0.9989295107703622,0.000593887686531635,0.0011941279439435348,0.49734007946448106,cal
normal_0460_32,normal,0,A,460,normal_0460,32,15261,15276,2022-07-12 00:58:20.787000,2022-07-12 00:58:22.287000,0.070321375,0.12452552797462604,0.14300945038440643,0.332216,0.474363,0.3805109879741463,-0.13824773109843447,2.3230352896749853,0.033458312500000004,0.20336752611365919,0.2061014540291686,0.34635,0.5848409999999999,0.39007297214595804,-1.512136692532643,1.6804830496294445,-8.64267425,174.37365570523775,174.58770753463833,255.10790200000002,507.83161800000005,0.06262051906797231,-1.485513999285686,1.4612019689266291,0.6397534547654451,-0.16259719617844284,0.12691287197613804,-0.9983857307273729,0.0008191266865454044,0.0011805038106034924,0.6938789008454397,cal
normal_0461_00,normal,0,A,461,normal_0461,0,15279,15294,2022-07-12 00:58:24.593000,2022-07-12 00:58:26.093000,-0.0012805625000000013,0.0614373892297768,0.06145073340235656,0.100926,0.192529,0.19099882443723346,-1.1669759286698933,1.6423888603440104,0.0005784374999999991,0.07127053987620757,0.07127288716045885,0.1277,0.228178,-0.36575162805676015,-1.2574691081338105,1.7917051643004873,5.736947562499999,88.28454637379747,88.47075050977058,123.97767200000001,243.18697200000003,-0.0864420139431709,-1.5761333438003617,1.4013407966546876,0.09510225273628094,0.06821523500800504,-0.027488991569794625,-0.9957716146567486,0.0006945881327814669,0.0008056096139094873,0.8621894783637799,train
normal_0461_16,normal,0,A,461,normal_0461,16,15295,15310,2022-07-12 00:58:26.193000,2022-07-12 00:58:27.693000,0.006062812499999999,0.04407284627071802,0.04448790255577914,0.081784,0.154677,0.11479959300712382,-0.7949114739598317,1.8383424549507326,-0.0013665625000000002,0.052505071465726944,0.05252285238529511,0.102462,0.163544,-0.4208335955887724,-1.2370541987933155,1.9508079882707667,6.3329940625,86.45727806592615,86.68891361855064,121.59348600000001,238.41860000000003,-0.07437275886517256,-1.604354558000448,1.4026417095851125,0.24172121341078684,-0.36882569789391684,-0.0061508972537764875,-0.9969007164420605,0.0005131902188962157,0.0006058773860796855,0.8470199262870666,train
normal_0461_32,normal,0,A,461,normal_0461,32,15311,15326,2022-07-12 00:58:27.793000,2022-07-12 00:58:29.293000,-0.0022882500000000004,0.040806525142279636,0.04087063227122869,0.075731,0.14598,-0.04270062384656528,-0.35056625442243927,1.8529441751091196,0.001851437499999998,0.05444566561142488,0.0544771357973921,0.119154,0.20094099999999998,0.2402395809751698,-0.49882810501236596,2.1872295276893774,6.0349708125,85.00244689222896,85.21641186047398,116.82511400000001,231.26604200000003,-0.0757538814626482,-1.6171447318111483,1.370922706664526,0.38414155269334854,0.15271095849552074,-0.15745369317562846,-0.9968899834180985,0.0004796098706684194,0.000639279859454635,0.7502346015993232,train
normal_0462_00,normal,0,A,462,normal_0462,0,15327,15342,2022-07-12 00:58:32.643000,2022-07-12 00:58:34.143000,-0.001404625000000003,0.08702319250771243,0.08703452766359453,0.142129,0.266915,-0.07173129101603949,-1.4894854362919345,1.6330185710820009,-0.0163711875,0.07308742384827463,0.07489851336934199,0.133663,0.2459,0.6178851382942234,-0.5974433733375788,1.7845881578567075,-2.2351743750000015,91.6050706891707,91.63233588889142,133.514416,262.26046,0.09353838921634133,-1.547462793099607,1.4570665988684672,-0.3817387446367739,0.24176562812303673,-0.34020215326325154,-0.9962528637124037,0.00094982330003164,0.0008173808147831133,1.1620327794012015,train
normal_0462_16,normal,0,A,462,normal_0462,16,15343,15358,2022-07-12 00:58:34.243000,2022-07-12 00:58:35.743000,0.0039825625,0.08272739294889628,0.08282319933561791,0.14977,0.271673,-0.18880800015959218,-1.019321820140836,1.8083097634649303,0.0224328125,0.05420408062385473,0.05866270904874322,0.102668,0.183786,-0.24316826141283698,-1.0906702378633877,1.750140790714123,-3.4272673750000004,92.5609311189843,92.62436035554089,134.706509,265.836739,0.09346012954420312,-1.519573206800867,1.4543313279889412,0.11042874490690964,0.06882261682412827,-0.03496487940155802,-0.9965641426770673,0.0008941837656713527,0.0006333399639529489,1.4118543224248232,train
normal_0463_00,normal,0,A,463,normal_0463,0,15361,15376,2022-07-12 00:58:40.588000,2022-07-12 00:58:42.088000,-0.00490225,0.03534049734812033,0.03567888462207024,0.070567,0.139532,-0.00211309682917663,0.026245321074298555,1.9778364920171492,-0.0063539999999999985,0.05525662229203844,0.05562074813525075,0.099659,0.193425,0.34664854303965387,-0.8301278248281276,1.7917594304496443,-4.8428778125,82.52873350768166,82.6707041211622,113.248835,225.305577,0.08363894561198897,-1.6176717699608483,1.3698786795625024,0.23546227400188582,0.02970162908135624,-0.13288938323360178,-0.9979785997219521,0.0004315783323894188,0.0006727987710584026,0.6414671829891845,train
normal_0463_16,normal,0,A,463,normal_0463,16,15377,15392,2022-07-12 00:58:42.188000,2022-07-12 00:58:43.688000,0.0111925,0.038974840894479605,0.040550095918505544,0.086042,0.14682099999999998,-0.25946935979228475,-0.3563547080161471,2.121869210196705,0.0114606875,0.05857426053707246,0.059684934074165655,0.124352,0.208389,0.19700540758856494,-0.7445406922892479,2.0834738603460266,-4.2468313124999995,82.1917312959101,82.30137465204284,112.056742,221.729298,0.105453866840684,-1.614668306950054,1.3615415595882587,-0.25546847349834856,-0.39887640167773714,0.09052393587501151,-0.9978998421858757,0.0004927025349205274,0.0007251997226839053,0.6794025418226517,train
normal_0464_00,normal,0,A,464,normal_0464,0,15395,15410,2022-07-12 00:58:48.559000,2022-07-12 00:58:50.059000,-0.005128250000000001,0.0681092421743371,0.06830203377370984,0.149496,0.256595,-0.40556849356653984,-0.006492241820843514,2.1887488811137352,0.000628187499999999,0.07039068851792361,0.0703934915284254,0.132313,0.249784,0.09821066396192758,-0.7143997171721037,1.879619793352217,-1.3411046250000003,93.13202720609483,93.14168268359761,133.514416,262.26046,0.06878874078227816,-1.5979180825529857,1.4334550563526818,0.04297441094858876,-0.26937451045404665,-0.17164820639590334,-0.9853180819287136,0.000733313290095176,0.000755767874277644,0.9702890464827844,train
normal_0466_00,normal,0,A,466,normal_0466,0,15423,15438,2022-07-12 00:59:05.768000,2022-07-12 00:59:07.268000,0.0022380625000000005,0.04933716895185205,0.04938790503693693,0.105087,0.190815,-0.009888649232218674,-0.21882566640649115,2.127788168406942,-0.0096981875,0.04870450473803572,0.049660684878105536,0.074045,0.133026,0.12743268209722414,-1.6617048044226654,1.4910185024984433,-0.4470348749999977,86.0114668025097,86.01262850127704,115.63302100000001,228.88185600000003,0.0495650049473305,-1.7235185241281759,1.3443725998709968,-0.021627575740252144,0.1688389370387422,0.06812208339042097,-0.9718138804629121,0.0005741936492058682,0.0005773650421271362,0.9945071268783715,test
normal_0466_16,normal,0,A,466,normal_0466,16,15439,15454,2022-07-12 00:59:07.368000,2022-07-12 00:59:08.868000,0.0005640625000000003,0.03416584544078477,0.034170501330643366,0.075137,0.12404599999999999,0.30179392663189525,-0.29430191704971964,2.1988849175185723,0.008790687500000002,0.04136331012007917,0.04228710927472461,0.083786,0.148206,-0.5467302629554894,-0.17472524739793016,1.9813603113816924,-1.6391278749999993,86.237315839038,86.2528920286885,118.01720700000001,232.45813500000003,0.0821728962790515,-1.6626600150279727,1.3682695643497542,-0.33760382268019806,-0.3560536827106165,0.05358226123917881,-0.9899224985883434,0.00039616644180786356,0.0004902688858323675,0.8080595225521218,test
normal_0466_32,normal,0,A,466,normal_0466,32,15455,15470,2022-07-12 00:59:08.968000,2022-07-12 00:59:10.468000,-0.013241625,0.0696433622715358,0.07089103286823377,0.144708,0.236897,-0.1268173881076493,-0.6619634375602601,2.041273686461459,0.0027734375000000016,0.0501980350200194,0.050274592742631935,0.128974,0.196661,0.7646052507595485,0.8260275056542126,2.5653912436496458,-2.5331976250000006,86.23319604573213,86.2703957940902,118.01720700000001,234.84232100000003,0.09018474160227265,-1.6201523957509167,1.3679919503520415,0.5269961767710664,-0.16068233191649584,-0.24539149994880008,-0.9937236349512224,0.0008217307016584944,0.0005827560228496819,1.4100767206835962,test
normal_0467_00,normal,0,A,467,normal_0467,0,15473,15488,2022-07-12 00:59:12.485000,2022-07-12 00:59:13.985000,-0.028108062499999996,0.0947245957733977,0.09880694419896559,0.20196,0.375044,0.23901698164298274,0.15527942784047255,2.0439858922599323,-0.0124140625,0.19755529455460968,0.19794495031273848,0.334114,0.629459,0.3219123959290053,-1.2290771988328313,1.687913732945066,9.015203312499999,161.90150771987823,162.15231140114994,237.22650700000003,470.87673500000005,-0.07508300834362708,-1.485050723703441,1.462985664219879,0.7375706459595418,0.10612585584800946,0.07217979602591784,-0.998371910749532,0.0006093465048088415,0.0012207346821165,0.49916375256281037,train
normal_0467_16,normal,0,A,467,normal_0467,16,15489,15504,2022-07-12 00:59:14.085000,2022-07-12 00:59:15.585000,0.005890812500000001,0.05734239881320229,0.0576441876823891,0.097317,0.184888,-0.0502850692068095,-1.1627600465156973,1.688236124276782,-0.0140134375,0.2038599457406263,0.2043410235560581,0.314544,0.627847,0.13998284918292875,-1.4883921051485731,1.539309114372275,7.450581250000003,164.8063183282328,164.97464569402675,238.41860000000003,476.83720000000005,-0.0818188035389418,-1.50007046648791,1.4451832825401998,0.6834838358688944,0.04713169320585731,0.1061244162524636,-0.9962819968852232,0.0003494124047964313,0.0012386207753101828,0.28209796877412247,train
normal_0467_32,normal,0,A,467,normal_0467,32,15505,15520,2022-07-12 00:59:15.685000,2022-07-12 00:59:17.185000,0.019218125000000003,0.10250916580535312,0.1042950881040186,0.225082,0.41785700000000003,0.012661542212460965,1.0729579717968107,2.1581265627343322,0.0009963750000000025,0.21277035957425877,0.21277269250658082,0.334148,0.637872,0.3155118579108416,-1.450114111571163,1.570445887879457,6.0349708124999975,168.1947058381625,168.30294098646564,244.37906500000003,482.79766500000005,-0.07471421578727237,-1.5402356514954645,1.4520189817696185,0.5285115940466596,-0.11656261495074287,0.0021086098993138673,-0.9915757536573284,0.000619686664372702,0.0012642244470564023,0.4901713978206713,train
normal_0468_00,normal,0,A,468,normal_0468,0,15522,15537,2022-07-12 00:59:20.419000,2022-07-12 00:59:21.919000,0.0012864999999999994,0.07451402305187259,0.07452512806849111,0.128024,0.233594,-0.31569644224050303,-1.2620968156990766,1.717863535670031,-0.0091096875,0.11640372622027546,0.11675964150472756,0.241178,0.380913,0.8707906503734745,-0.43017511920743035,2.0655938720935074,4.991889437500001,130.18958578931458,130.2852532259485,196.695345,385.046039,-0.09862101771729383,-1.4661107273062255,1.5097283854442,0.5239723310708667,0.051690017039890485,0.06872657277928783,-0.9924091577466414,0.0005720150686528211,0.0008961846303682273,0.6382781508067032,val
normal_0468_16,normal,0,A,468,normal_0468,16,15538,15553,2022-07-12 00:59:22.019000,2022-07-12 00:59:23.519000,-0.004903187500000003,0.07276148657447389,0.07292650530628421,0.145008,0.26226,-0.39489271978034507,-0.459479686544205,1.9884128464812696,-0.00040793749999999945,0.11195630913411532,0.11195705233676663,0.225159,0.34892,0.8968134613782721,-0.46107442005344623,2.011119400703067,4.097819687499999,128.26082029422273,128.32626445407874,194.311159,386.238132,-0.0687742177275274,-1.5089347676639577,1.5141963325016277,0.2731016526616167,-0.053935648739239846,0.05165509930218254,-0.9878695625983314,0.0005682897855441027,0.0008724406715417965,0.6513792903989772,val
normal_0469_00,normal,0,A,469,normal_0469,0,15558,15573,2022-07-12 00:59:28.347000,2022-07-12 00:59:29.847000,-0.014600937500000001,0.11063807254821278,0.1115973587190239,0.223525,0.39376500000000003,0.6447427979512556,-0.49030416538336574,2.0029595912102525,-0.019794937500000002,0.20544983690352153,0.2064012476568698,0.331392,0.657672,0.2843776961360094,-1.119132654069387,1.6055716899101315,-5.438924312500001,177.16973071688656,177.2531956833817,256.299995,510.21580400000005,0.09212628019531878,-1.5040841471641586,1.4459541562106195,0.6201274641407631,-0.02178223922228432,-0.06508639052848846,-0.9949424156426997,0.000629592929418122,0.001164443026604461,0.5406816091758714,train
normal_0469_16,normal,0,A,469,normal_0469,16,15574,15589,2022-07-12 00:59:29.947000,2022-07-12 00:59:31.447000,0.0018719999999999987,0.10151935761838725,0.1015366158351262,0.212433,0.410681,0.2569904627234663,0.19149908223152234,2.0921812121938936,0.0027648749999999965,0.1953851695104042,0.19540473125893087,0.301044,0.570649,0.06255438987311604,-1.5310823121919126,1.540617763246922,-7.748604499999997,175.98266603793326,176.15317089827298,259.876274,516.176269,0.09395904124158296,-1.4668976447973099,1.4752858133338766,0.6367041426624891,0.08616186021737818,-0.007564764872183341,-0.9973972344051171,0.0005764109457544922,0.0011092887528648323,0.5196220950278834,train
normal_0470_00,normal,0,A,470,normal_0470,0,15595,15610,2022-07-12 00:59:36.371000,2022-07-12 00:59:37.871000,-0.003706500000000003,0.0784930533630206,0.07858051646877869,0.128852,0.24203999999999998,0.18854185769483228,-1.4520138338564124,1.6397448857592452,0.003383249999999999,0.0981475038573957,0.09820579867808214,0.195845,0.321434,0.3638647775194698,-1.1219038295759027,1.9942305101756608,-5.736947562499999,104.55836316032034,104.71563337964541,158.548369,313.520459,0.06643655115440428,-1.469053635422802,1.5140849926885758,-0.020482777324717566,0.033278184304492905,-0.020676170653923458,-0.9977164067536456,0.0007504181938515891,0.0009378332108448226,0.8001616760570831,train
normal_0472_00,normal,0,B,472,normal_0472,0,15630,15645,2022-07-12 00:59:53.992000,2022-07-12 00:59:55.492000,0.0010178749999999992,0.028864811208621735,0.02888275256316475,0.060346,0.114077,-0.37698137101278023,0.3829792952367721,2.0893438001806484,0.0009288749999999996,0.0298963924012476,0.029910818901778664,0.064692,0.115997,0.1839597073612443,0.20148364227210935,2.162829450187773,5.2899126875,84.05414769543196,84.22044241778157,115.63302100000001,230.07394900000003,-0.07639685999017108,-1.6938679924286413,1.37298045083157,-0.14218480964759125,-0.09338426921561428,0.23390778959380973,-0.9971852721753897,0.0003429423039585778,0.0003551491543276856,0.9656289471047287,train
normal_0472_16,normal,0,B,472,normal_0472,16,15646,15661,2022-07-12 00:59:55.592000,2022-07-12 00:59:57.092000,-0.0009603749999999994,0.0308110187836166,0.03082598252489286,0.079889,0.12769,-0.49241202057843775,1.54706815509351,2.591612446918354,0.003020625,0.029187246315546367,0.0293431341692567,0.061977,0.116144,-0.3251567125013273,-0.17757657239189495,2.112146563571057,5.662441750000002,83.90241099519992,84.09326856163689,115.63302100000001,226.49767000000003,-0.07039045731294537,-1.696203963176576,1.375056802736188,0.3141186413461874,0.009715241308913618,-0.2898346080100711,-0.9976427046344201,0.0003665689662460758,0.0003489355886761542,1.0505347638422948,train
normal_0472_32,normal,0,B,472,normal_0472,32,15662,15677,2022-07-12 00:59:57.192000,2022-07-12 00:59:58.692000,-0.004352937499999999,0.024902088166629595,0.025279676816318285,0.04662,0.077679,1.179571080122873,0.15984810126248128,1.844169145782209,0.00039593750000000046,0.05489104510581479,0.054892473066099866,0.133673,0.21520099999999998,-0.6385330260005059,0.5528606982361364,2.435179042471542,5.215406875,83.95889397258577,84.12072483028005,115.63302100000001,230.07394900000003,-0.07535475417334443,-1.6997746938526903,1.3746079962256437,0.47996005185899504,0.20453940881601632,0.02588412291189757,-0.9976989976562197,0.000300516630917315,0.0006525439857639077,0.46053084155777163,train
normal_0473_00,normal,0,B,473,normal_0473,0,15680,15695,2022-07-12 01:00:00.660000,2022-07-12 01:00:02.160000,0.0024479999999999997,0.03934523749451768,0.039421319327237136,0.07002,0.127032,0.21217566284517714,-1.2717305907274519,1.7761962611845286,0.0049245,0.049746795803850524,0.04998994291855113,0.099663,0.175261,0.58219781317208,-0.27876349422933533,1.9936610082228228,-4.321337125000002,84.49984023024254,84.61026505976932,114.44092800000001,227.68976300000003,0.0669845331033255,-1.701447149431203,1.3525655299526376,0.2675053947188152,0.040962185926045586,0.08470334289666263,-0.997882153930781,0.00046591650905938685,0.0005908259817320967,0.7885850038169977,train
normal_0473_16,normal,0,B,473,normal_0473,16,15696,15711,2022-07-12 01:00:02.260000,2022-07-12 01:00:03.760000,0.00017362499999999843,0.03319370040925499,0.033194154492922394,0.062007,0.122195,0.2771795021659853,-0.40976463875941915,1.8680096223936367,0.0013021249999999995,0.04567842599339841,0.0456969816371935,0.082031,0.162159,0.21601715557442644,-0.9282434742113006,1.7951076211395476,-4.1723255,84.5661649446811,84.66902948262111,116.82511400000001,232.45813500000003,0.07089782528963132,-1.6933728048804901,1.3797856750440154,0.23611903096835232,0.17697941647193888,0.015086983708004471,-0.9978604936009384,0.000392046001894184,0.0005397130676521231,0.7263970902162419,train
normal_0473_32,normal,0,B,473,normal_0473,32,15712,15727,2022-07-12 01:00:03.860000,2022-07-12 01:00:05.360000,0.0030581250000000027,0.038878748116540164,0.03899883567011969,0.065561,0.12808799999999998,-0.11281613555207845,-1.19342711714098,1.6811014706839524,-0.006076874999999998,0.05980923134524783,0.06011715698430025,0.128999,0.217835,0.57526237856456,-0.1562327485932511,2.145793421895989,-3.9488080624999995,84.80185333646547,84.8937419037108,115.63302100000001,231.26604200000003,0.08102966173540356,-1.6847998819178291,1.3620912261254154,-0.16282325354048402,0.017020949660902493,-0.2599657607716851,-0.998154437577141,0.0004593841053013474,0.0007081459202550767,0.6487139050887643,train
normal_0474_00,normal,0,B,474,normal_0474,0,15730,15745,2022-07-12 01:00:08.365000,2022-07-12 01:00:09.865000,0.0005988125000000004,0.04750040690643969,0.047504181212683794,0.085599,0.145333,0.2570089363097482,-1.3106399221557685,1.8019255950704554,0.004252250000000001,0.04187111230236784,0.04208647853527306,0.087075,0.144391,0.5827278814543606,-0.7188000036689894,2.0689542824786744,1.7881395000000002,87.46258876944798,87.48086577718026,115.63302100000001,231.26604200000003,-0.05558540737582189,-1.7870755155539868,1.32180928906814,-0.024479226793906645,0.023891854959606752,-0.10111363377208982,-0.9722438013029693,0.0005430236748419957,0.00048109353012657874,1.1287278685687638,train
normal_0474_16,normal,0,B,474,normal_0474,16,15746,15761,2022-07-12 01:00:09.965000,2022-07-12 01:00:11.465000,0.0083119375,0.047259512622419134,0.04798489177139509,0.085872,0.139146,0.22628627883112065,-1.5213955193817201,1.7895632735633324,-0.0035715625,0.06059777584095883,0.06070293646573039,0.122745,0.218676,-0.2671803667730921,-0.4710934120183139,2.0220603342524495,3.0547383125,86.56430819839133,86.61819023752422,115.63302100000001,230.07394900000003,-0.08406357030041829,-1.735987741466055,1.3349738742279351,0.05230009209455789,-0.03917002883609912,-0.0538750719411844,-0.9894908767579546,0.0005539816941431242,0.0007008104914137658,0.7904871586975826,train
normal_0475_00,normal,0,B,475,normal_0475,0,15769,15784,2022-07-12 01:00:16.392000,2022-07-12 01:00:17.892000,-0.002870125000000001,0.03840880865419253,0.03851589541669777,0.068102,0.12737199999999999,0.1411785462933415,-1.0474762623116893,1.7681531031075493,-0.0021839999999999997,0.029169439065141446,0.02925108598625015,0.06104,0.107981,-0.18215459414513488,-0.39009728894678997,2.0867601301603855,-3.9488080624999995,84.87932240666981,84.97112719818342,115.63302100000001,231.26604200000003,0.08889073329403954,-1.684157413539816,1.3608507361600837,0.18281748730258573,-0.09444495191221419,0.00585653775353159,-0.9979489346928978,0.0004532821522640833,0.00034424735731733945,1.3167338619428577,train
normal_0477_00,normal,0,B,477,normal_0477,0,15810,15825,2022-07-12 01:00:34.124000,2022-07-12 01:00:35.624000,-0.0025271250000000033,0.03919057417587008,0.039271967928791146,0.083679,0.16018300000000002,0.19987634043244112,0.5798891945715421,2.130756476266449,-0.0010075000000000014,0.04207128301317896,0.042083344812704704,0.06876,0.135887,-0.19161855415368573,-0.9662076150636381,1.63390054440829,4.470348749999999,85.31953343852135,85.43656596629799,115.63302100000001,230.07394900000003,-0.09264043715675938,-1.6886225842006422,1.35343713423142,-0.17395926476988752,0.06894426123505207,0.08296781109895447,-0.9958736745650636,0.00045966229429542717,0.0004925683088585893,0.9331950229615584,train
normal_0477_16,normal,0,B,477,normal_0477,16,15826,15841,2022-07-12 01:00:35.724000,2022-07-12 01:00:37.224000,0.0019086874999999998,0.045856390880550595,0.04589609648502256,0.078332,0.156085,-0.12074007601377225,-0.8640052290914664,1.7067246672178833,0.00027168749999999936,0.04663728759495822,0.04663807895178038,0.097359,0.190019,-0.18304499929804988,-0.001248954550409298,2.087543101864477,4.842877812499999,84.5193818778498,84.65801426043852,116.82511400000001,231.26604200000003,-0.0882949080129743,-1.676776150668274,1.3799652049551259,0.20760628436845852,0.0870288032783593,-0.07044304555777287,-0.9965158868992899,0.0005421352825950966,0.0005508997507111951,0.9840906297293042,train
normal_0477_32,normal,0,B,477,normal_0477,32,15842,15857,2022-07-12 01:00:37.324000,2022-07-12 01:00:38.824000,0.0019575000000000005,0.042066395907244064,0.04211191601999368,0.071281,0.141098,-0.009750172324034806,-0.9441265233682006,1.692656301037397,-0.0059860625,0.05534612044609445,0.05566889609725973,0.097883,0.193596,0.25341484556730004,-0.542650347940588,1.7583068259335977,4.991889437500001,84.3423897216068,84.48998558472852,115.63302100000001,231.26604200000003,-0.07283879509229076,-1.6893676687794765,1.3686003163539486,-0.2643533332824848,0.03512557967424377,0.14649944603090126,-0.99750077410458,0.000498424940287898,0.000658881590664182,0.7564711889817161,train
normal_0478_00,normal,0,B,478,normal_0478,0,15860,15875,2022-07-12 01:00:40.804000,2022-07-12 01:00:42.304000,0.0020471875000000013,0.045567504234403096,0.045613467515773234,0.073318,0.134139,0.07324037275158844,-1.8140925388519116,1.6073761543045697,0.006029187499999999,0.0534440205848825,0.05378303113610742,0.10625,0.206652,0.08383822674275829,0.16119925116267542,1.975530158036569,3.427267375000001,85.79537608209007,85.86380330923511,114.44092800000001,228.88185600000003,-0.08442856869984668,-1.7205494781365007,1.3328192275369577,-0.24515169494712027,-0.01795143491578255,-0.18178163829261013,-0.9911357152739132,0.0005312304575130236,0.0006263760637577391,0.8481014653179426,val
normal_0478_16,normal,0,B,478,normal_0478,16,15876,15891,2022-07-12 01:00:42.404000,2022-07-12 01:00:43.904000,-0.00044625000000000133,0.039916763113227255,0.03991925746428658,0.080164,0.143959,0.30781182496888837,-0.7399305264002205,2.008153585314507,-0.0015512499999999997,0.060251359573353196,0.060271325744503085,0.100947,0.197456,-0.09456014942544519,-1.0027635623160405,1.6748760501457303,4.1723255,84.82518656080899,84.92773737215657,115.63302100000001,228.88185600000003,-0.08849029216998913,-1.688841504280116,1.3615459987270322,0.2602220917516596,0.01476912768810179,0.0038306511968408397,-0.9948334954137698,0.00047003792517583365,0.0007096777520445628,0.6623258568014381,val
normal_0478_32,normal,0,B,478,normal_0478,32,15892,15907,2022-07-12 01:00:44.004000,2022-07-12 01:00:45.504000,0.0014476250000000001,0.034331502541170185,0.03436200932534359,0.059104,0.115974,0.0001281260496273145,-1.0576682849853023,1.720039111810846,-0.0038736250000000008,0.055754895954161506,0.05588929587586517,0.121405,0.19573000000000002,-0.13206557580589354,-0.6870015184391378,2.172240642817378,4.842877812499999,84.04622226455143,84.18563382459733,115.63302100000001,230.07394900000003,-0.09314427137680777,-1.6757054135505696,1.3735481429162133,-0.038535536014825414,-0.15004898372060096,0.14056857978208373,-0.9961613555189074,0.0004081695149666226,0.0006638816308292194,0.6148227274443483,val
normal_0479_00,normal,0,B,479,normal_0479,0,15910,15925,2022-07-12 01:00:50.060000,2022-07-12 01:00:51.560000,0.004384875000000003,0.05477535719860141,0.05495058584765043,0.105609,0.178269,0.34857160995108943,-1.2294966487125703,1.9218903378537064,0.0063561875,0.05810967631042479,0.05845627083929918,0.104218,0.193358,0.16438409644939628,-1.307467411808069,1.7828369566458209,-1.9371511250000006,85.97118487395102,85.9930065942118,115.63302100000001,230.07394900000003,0.0797865453197306,-1.7384894930217598,1.344679359167601,0.0820221012440982,-0.001361172936385759,0.18250018803115287,-0.9909500977266077,0.0006390122641827616,0.000679779358281373,0.9400289320321826,train
normal_0479_16,normal,0,B,479,normal_0479,16,15926,15941,2022-07-12 01:00:51.660000,2022-07-12 01:00:53.160000,-0.0005579375000000003,0.041998557715516784,0.042002263563259305,0.084263,0.14472000000000002,-0.31850220470786433,-0.5674994627053414,2.00615378438098,-0.0016600000000000018,0.050332531507962124,0.05035989801419379,0.078162,0.15076,-0.004810249356503913,-1.323792960936464,1.5520682742044127,-0.2980232500000004,86.55356624642236,86.55407932519047,114.44092800000001,228.88185600000003,0.030266679645353515,-1.7979660248939,1.3221898828134542,0.2509355736684358,-0.042828132674671185,-0.07898283620011579,-0.9585774324949159,0.00048527191197370956,0.0005818315948458963,0.8340418710026197,train
normal_0479_32,normal,0,B,479,normal_0479,32,15942,15957,2022-07-12 01:00:53.260000,2022-07-12 01:00:54.760000,-0.0023908125000000006,0.047371787470522404,0.04743208020488349,0.09632,0.156743,-0.37404157911875724,-0.9059186891214801,2.0306931423615517,-0.007233,0.04940613837748301,0.04993278280223325,0.099187,0.150113,-0.4632283010389575,-1.204921667816391,1.9864104188393812,1.1920930000000012,86.85217694980346,86.86035762441128,115.63302100000001,228.88185600000003,-0.021538200988577925,-1.8051415210472455,1.331251956157068,0.11191789585021934,-0.0123307709197045,-0.032822015329253204,-0.9456861379879091,0.000546072817360277,0.0005748627356353424,0.9499186214544822,train
normal_0480_00,normal,0,B,480,normal_0480,0,15960,15975,2022-07-12 01:00:56.832000,2022-07-12 01:00:58.332000,-0.006753437500000002,0.03334917350169407,0.0340261119041318,0.062037,0.11490700000000001,0.026015391906189667,-0.8344369148007651,1.8232174212201668,-0.0016699999999999998,0.03233064429647204,0.03237374647187131,0.057471,0.10252,-0.13462731814829665,-1.1729780963659413,1.775234758508257,5.140901062500001,83.7352195055181,83.89288318666675,114.44092800000001,227.68976300000003,-0.07872959403505475,-1.6933615039186125,1.3641315407573014,0.010493885082033569,0.265151416097715,-0.01998224736532962,-0.9981251221051533,0.0004055899691565212,0.0003858938355931547,1.051040290739788,train
normal_0480_16,normal,0,B,480,normal_0480,16,15976,15991,2022-07-12 01:00:58.432000,2022-07-12 01:00:59.932000,0.0028045625000000015,0.03890803554210999,0.039008983587918565,0.067425,0.132516,-0.13098008936424302,-0.9738303736250513,1.7284480085987715,0.005866374999999999,0.05052161454995649,0.050861064601274326,0.100577,0.176373,0.133802122397616,-0.6021762217513169,1.9774851507429916,4.395842937499999,84.41344155239368,84.52782115877915,114.44092800000001,228.88185600000003,-0.0906180354291068,-1.6862522961189241,1.3538847497918034,-0.17261046444349862,-0.0021332585464479315,-0.25652261213918226,-0.9980323139047936,0.00046149283221962067,0.0006017079809230578,0.7669714327399508,train
normal_0480_32,normal,0,B,480,normal_0480,32,15992,16007,2022-07-12 01:01:00.032000,2022-07-12 01:01:01.532000,0.0031302500000000002,0.0436127825693053,0.04372497305316494,0.085885,0.153315,0.2881131519903131,-0.12757596637834467,1.964209329427669,-0.0031842499999999987,0.04965771794935305,0.04975970659077483,0.128257,0.196718,0.9652729003778826,1.4130659222025912,2.5775272562354323,3.501773187500001,85.52329410872085,85.59495458649103,115.63302100000001,228.88185600000003,-0.09200115633067289,-1.7140294990539005,1.3509326753968478,-0.26754577183119405,-0.06174311267998732,0.188598580696696,-0.9951947902706052,0.0005108358695252559,0.000581339248687774,0.8787224854993678,train
normal_0481_00,normal,0,B,481,normal_0481,0,16010,16025,2022-07-12 01:01:04.524000,2022-07-12 01:01:06.024000,-0.0064920625000000004,0.03881182044569146,0.039351039145269086,0.07357,0.14537899999999998,-0.021394757487431804,-0.3862138428544881,1.8695821405988164,-0.0017874375000000004,0.034035960420503684,0.03408286276946964,0.068184,0.130051,0.09008366945504424,-0.17961012785235475,2.000536177409284,3.7252906250000004,86.69954276066571,86.77953966891742,116.82511400000001,232.45813500000003,-0.08896352692885635,-1.712925625552762,1.346228782103626,0.1631386532668404,0.05600602736429589,0.16724881999157185,-0.9925902875043311,0.00045345987424457135,0.00039275228814883185,1.154569656059482,train
normal_0481_16,normal,0,B,481,normal_0481,16,16026,16041,2022-07-12 01:01:06.124000,2022-07-12 01:01:07.624000,-0.0012540000000000016,0.04317018487770234,0.043188394024031504,0.068484,0.13495600000000002,0.09450399722439497,-1.1057772714684289,1.5857037879642655,0.0055334375,0.0501244437562263,0.05042894796084388,0.091799,0.172524,0.12991239841572977,-0.8885766871117413,1.820363178531473,4.1723254999999995,85.58820957652657,85.68984723170757,115.63302100000001,230.07394900000003,-0.09481629030288488,-1.6843499593165645,1.3494366571494207,-0.22782819929060485,0.12780826209460053,-0.236668885198578,-0.9954333050870329,0.0005040082975903664,0.0005885055183315089,0.8564206823740527,train
normal_0482_00,normal,0,B,482,normal_0482,0,16051,16066,2022-07-12 01:01:13.118000,2022-07-12 01:01:14.618000,0.003820937499999993,0.035372724478877696,0.03557849350994923,0.070101,0.117927,0.289904704183518,-0.9988460926853744,1.9703195128370692,0.001697375,0.04956311328608581,0.04959216954822606,0.092187,0.167665,0.42919219435930295,-0.8391533488722382,1.8589023396194124,-4.246831312500001,84.4137045961623,84.52046556807993,114.44092800000001,227.68976300000003,0.06718357282438786,-1.7098773831920666,1.3540025747707176,-0.007641334968435499,0.2233474704803045,-0.015838626279736322,-0.9978283059628246,0.00042094530917238386,0.0005867474725193076,0.717421597684909,train
normal_0482_16,normal,0,B,482,normal_0482,16,16067,16082,2022-07-12 01:01:14.718000,2022-07-12 01:01:16.218000,-0.0027874374999999996,0.023988325822076325,0.02414973257745311,0.042308,0.08344599999999999,0.06852888122192072,-0.9876985312392192,1.7519034574941825,-0.0015468749999999996,0.022205212912385575,0.022259027443938335,0.062092,0.090553,-1.0035595288677832,1.9584600483535999,2.7895198995726624,-3.9488080625,84.50493134682402,84.59714242836992,116.82511400000001,232.45813500000003,0.07025464392762175,-1.6994557074254795,1.3809581582370605,0.18246314582170362,-0.20979410598825868,-0.04726321171274671,-0.9978329789743854,0.00028546747424596723,0.00026311795889306184,1.0849410486723516,train
normal_0482_32,normal,0,B,482,normal_0482,32,16083,16098,2022-07-12 01:01:16.318000,2022-07-12 01:01:17.818000,-0.0014620625000000016,0.031749712475998795,0.0317833583666437,0.080341,0.129427,0.8020313155682566,1.313042292517336,2.527769377710476,0.00025831250000000073,0.03823506930443364,0.03823594186184642,0.09305,0.16960599999999998,0.2401463526438647,1.2824257344884709,2.433574157430382,-3.6507848124999995,84.89580163192953,84.97426295340908,115.63302100000001,231.26604200000003,0.07891842598072772,-1.6940709600720685,1.3608005174861117,-0.012914897081556827,-0.1285342254368327,0.22839462886463138,-0.9980312001896837,0.0003740351167749503,0.0004499708562675145,0.8312429828846087,train
normal_0483_00,normal,0,B,483,normal_0483,0,16101,16116,2022-07-12 01:01:20.296000,2022-07-12 01:01:21.796000,-0.0041361249999999974,0.04334110010410874,0.0435380119923958,0.080886,0.147513,-0.3204066821567026,-1.0141886294240672,1.8578248362402783,0.0001742499999999995,0.04482972077971823,0.04483005942724145,0.093243,0.151452,-0.5465674318101351,-0.8849950255706438,2.0799214007586153,4.5448545625,85.0773844227905,85.19869155813106,115.63302100000001,231.26604200000003,-0.09318215038030883,-1.6816287367540748,1.357215925330304,0.010714235571762301,0.010429095935935143,-0.16156654301698262,-0.9960052329287097,0.000511017378273818,0.0005261824871647695,0.9711789934844359,val
normal_0483_16,normal,0,B,483,normal_0483,16,16117,16132,2022-07-12 01:01:21.896000,2022-07-12 01:01:23.396000,-0.0001511874999999968,0.043591001276379784,0.043591263458834274,0.080206,0.154677,0.0785878832159462,-0.7480588219802988,1.8399558451831322,-0.002767562499999999,0.05682851867897046,0.05689586924757807,0.119824,0.2219,0.40625873342956675,-0.06916237908500422,2.1060228375911603,4.991889437499999,84.5317285560044,84.67899440134038,115.63302100000001,230.07394900000003,-0.0810158425444018,-1.6906961789147315,1.3655455147701856,0.09523002073982371,0.07190091290429086,0.2089735806531837,-0.9970341328737193,0.0005147824884673438,0.0006719006248222224,0.7661586690792997,val
normal_0484_00,normal,0,B,484,normal_0484,0,16145,16160,2022-07-12 01:01:28.171000,2022-07-12 01:01:29.671000,0.00170325,0.0240231388470054,0.024083443703610992,0.044204,0.08029,-0.3611824956332874,-1.1224149855080159,1.8354517960142136,-0.00044687500000000196,0.045063949954307986,0.04506616560957899,0.083137,0.130494,0.7487374629079063,-0.9800332314545912,1.8447764276250942,4.470348750000001,85.52540358135134,85.64215478197434,115.63302100000001,231.26604200000003,-0.09508741506969881,-1.6851369736690853,1.350188132168973,-0.3589803944102455,-0.00892917897329104,0.09261518382812146,-0.9954290513985906,0.0002812101559672573,0.0005262147563230667,0.5344018817188202,cal
normal_0484_16,normal,0,B,484,normal_0484,16,16161,16176,2022-07-12 01:01:29.771000,2022-07-12 01:01:31.271000,-0.00141675,0.027854499029555353,0.02789050549470196,0.048802,0.096536,-0.13299199190483718,-0.909622988105558,1.7497710828249549,0.0010738125000000001,0.03320333196423732,0.033220691245254064,0.065363,0.112567,-0.44358734744373823,-0.8465627680664367,1.9675388304672263,4.842877812499999,84.89057047842547,85.02859766960366,115.63302100000001,230.07394900000003,-0.0840795126556451,-1.6952411996432433,1.3599309428730817,-0.1645156271133596,0.1057893374923011,-0.05356485809388917,-0.9965048264489094,0.0003280132362417211,0.00039070021328988614,0.8395522323361173,cal
normal_0485_00,normal,0,B,485,normal_0485,0,16189,16204,2022-07-12 01:01:36.160000,2022-07-12 01:01:37.660000,0.001501937499999999,0.05085046014229953,0.050872636190171044,0.103299,0.192336,-0.04648125185039733,-0.563812759654648,2.0305415196855496,-0.00019449999999999763,0.050767107233670505,0.05076747981853147,0.096053,0.18323,-0.496111867284875,-0.25853916079773365,1.8920182830296437,-3.87430225,84.8309452470559,84.91937051953077,115.63302100000001,230.07394900000003,0.0791946594701187,-1.6924551985551415,1.3616801477986151,-0.12530702865405746,0.07169798591830613,-0.09764971581659537,-0.9971691959905583,0.0005990698692057632,0.0005978315607845368,1.0020713333026467,train
normal_0485_16,normal,0,B,485,normal_0485,16,16205,16220,2022-07-12 01:01:37.760000,2022-07-12 01:01:39.260000,0.003690250000000001,0.03818130618263995,0.038359224273634626,0.086541,0.158423,0.06325791897049872,0.3056721361467347,2.2560675206219454,-0.00014137499999999957,0.04400525735476813,0.04400548445080454,0.085202,0.14539,0.7572460782981023,-0.7790938006975852,1.9361677541637037,-4.2468313124999995,84.35160352037397,84.45844299213192,115.63302100000001,231.26604200000003,0.0740538003814253,-1.699872763415355,1.3691114458595015,0.06191213898606169,0.0422745966908234,-0.11671452068167618,-0.9975036551462552,0.0004541786814280739,0.0005210312064941104,0.8716918982341374,train
normal_0486_00,normal,0,B,486,normal_0486,0,16233,16248,2022-07-12 01:01:44.306000,2022-07-12 01:01:45.806000,0.00040706249999999944,0.03297080555671326,0.032973318288238754,0.054024,0.10702700000000001,-0.05396553319794399,-1.1293930134178984,1.6384156282890647,-0.005060812500000001,0.04498253742317505,0.04526632850350799,0.077717,0.15336,0.5536268190755331,-0.7892774916454353,1.716883223563784,1.5646220625000011,87.48261077785872,87.49660125232742,115.63302100000001,231.26604200000003,-0.039597166218786534,-1.7951905594114523,1.3215715735806841,-0.2303010562618546,-0.040152038936161906,0.15289377631585274,-0.9550754609514251,0.00037685256131433627,0.0005173495639329635,0.7284292625076371,train
normal_0486_16,normal,0,B,486,normal_0486,16,16249,16264,2022-07-12 01:01:45.906000,2022-07-12 01:01:47.406000,-0.0011773749999999996,0.045755798726602674,0.04577094415674643,0.092182,0.181947,0.10618334183688712,-0.04285373659059166,2.0139851099491204,0.005870999999999999,0.061959491098015,0.06223702417472256,0.126433,0.225566,0.29790744198246083,-0.12423169427952141,2.0314756638276177,2.9057266875,86.91961255665623,86.96816828346842,116.82511400000001,231.26604200000003,-0.07500590387694202,-1.7559372120740804,1.3433088945740972,-0.17212533501482902,-0.045666266906432405,0.012214496129614184,-0.9864422814607176,0.000526295368295654,0.0007156299299286617,0.7354295094227241,train
normal_0487_00,normal,0,B,487,normal_0487,0,16276,16291,2022-07-12 01:01:52.260000,2022-07-12 01:01:53.760000,0.004742312500000001,0.03585489876871561,0.03616715766496588,0.089506,0.134173,0.7720374619120932,0.517768768658498,2.474786678818888,-0.005058749999999999,0.04520182902480274,0.04548402245569316,0.11116,0.191052,0.8224685453373086,1.1935595018757557,2.443935122674848,5.513430124999999,84.45988895187723,84.63965237113567,116.82511400000001,231.26604200000003,-0.07140283266138557,-1.70017305641987,1.3802645772661566,-0.4093474516085547,-0.2680988528755389,0.21899604760266156,-0.9976024983780416,0.0004273074930220274,0.0005373843249763205,0.7951618109457443,cal
normal_0487_16,normal,0,B,487,normal_0487,16,16292,16307,2022-07-12 01:01:53.860000,2022-07-12 01:01:55.360000,-0.0007135624999999989,0.04595746394081264,0.04596300320162402,0.07251,0.140519,0.16540807152189976,-1.2591866720850011,1.577573155564343,-0.0009567500000000006,0.040969480443526496,0.04098065029224158,0.108277,0.16772199999999998,0.9781667120661635,1.7647460841517786,2.6421493858163325,5.438924312500001,84.27786492551105,84.45318474799983,116.82511400000001,230.07394900000003,-0.07026332937822653,-1.7012851651502867,1.3833121195914033,-0.1163555472914,0.1119024261913506,0.2030858952950438,-0.9977836737204466,0.000544242391080611,0.00048524694970975804,1.1215781807719556,cal
normal_0488_00,normal,0,B,488,normal_0488,0,16311,16326,2022-07-12 01:02:00.218000,2022-07-12 01:02:01.718000,-0.004346937500000001,0.03258007191226861,0.03286878384482,0.06535,0.124284,-0.07288931711368614,-0.2911656183080251,1.988208639191831,0.003235437500000001,0.039359730008869394,0.03949248538883695,0.088756,0.152838,0.3954667898121376,-0.12902416560126273,2.247414897444971,-1.5646220624999998,87.39118933938948,87.40519444719224,116.82511400000001,231.26604200000003,0.07714909108174829,-1.7619324053054497,1.3365923471582968,0.08078271925613158,-0.016949002908840622,0.1238034343398124,-0.9847109102163242,0.00037605069186910157,0.0004518322467973822,0.8322794456008276,train
normal_0489_00,normal,0,B,489,normal_0489,0,16334,16349,2022-07-12 01:02:08.325000,2022-07-12 01:02:09.825000,0.0024841249999999985,0.03629877290087607,0.03638367478863288,0.066547,0.117393,0.26475761629644384,-1.0829868730843812,1.8290345982531389,0.0011255624999999998,0.030029816603604056,0.030050903084391657,0.055556,0.104654,0.041731111683551446,-0.8327770139354764,1.8487297983685425,5.364418500000001,83.98969887612192,84.16083711052771,115.63302100000001,228.88185600000003,-0.07317272459293575,-1.7021176148742876,1.3739528380419999,0.07230609053708624,-0.12813461184958946,0.06398004462339531,-0.9976287946770624,0.0004323112273806225,0.00035706516375218634,1.2107348217275522,train
normal_0491_00,normal,0,B,491,normal_0491,0,16363,16378,2022-07-12 01:02:33.380000,2022-07-12 01:02:34.880000,-0.003161437500000001,0.04058237975705828,0.04070533421816482,0.106184,0.17965399999999998,-0.47264425379811464,1.6080247333931181,2.6086016007360335,-0.0032564375000000007,0.034492141932925734,0.03464552265895984,0.06402,0.114123,1.0517843162720164,-0.08710861371887502,1.8478578207693304,0.5215406875000008,86.81429933107722,86.81586590614985,115.63302100000001,228.88185600000003,-0.0029538367831399626,-1.8101087142208727,1.331934201117135,0.12273049894429473,-0.0034608268997662357,0.14071083634416198,-0.9374719674104881,0.000468869760075518,0.000399069021512871,1.1749089375517856,val
normal_0491_16,normal,0,B,491,normal_0491,16,16379,16394,2022-07-12 01:02:34.980000,2022-07-12 01:02:36.480000,-0.0042796250000000004,0.04070102821317141,0.040925406384665255,0.09684,0.15140699999999999,-0.505477461765992,-0.2586588140763846,2.36625628319444,0.004342437499999999,0.052843583490534536,0.05302170385382292,0.130403,0.20997899999999997,0.5643734727334885,0.7416828742088577,2.459426810566326,2.1606685625,86.25723612535701,86.28429331357226,115.63302100000001,230.07394900000003,-0.05286813559528565,-1.78554452196687,1.3401398627647019,-0.23745359006599864,0.08264923525373585,-0.09648647375003218,-0.9677558819202212,0.00047430887839499536,0.0006145000650481396,0.7718613965611837,val
normal_0491_32,normal,0,B,491,normal_0491,32,16395,16410,2022-07-12 01:02:36.580000,2022-07-12 01:02:38.080000,0.0043921875,0.049319407385960586,0.04951459639275574,0.107962,0.18723800000000002,0.44689294861982565,-0.5130642289342324,2.1804075538379113,-0.0024900624999999975,0.05932735566590335,0.05937958859374575,0.13592,0.244969,0.1829108791186472,0.7791188755456622,2.289002049675972,3.427267375000001,85.47281351211649,85.54149876718775,114.44092800000001,227.68976300000003,-0.08298322931975982,-1.732260930474745,1.3378410438127324,-0.05690477668824553,0.04036147916685822,-0.04582279934889921,-0.9895255363758343,0.0005788371387730313,0.0006941611901768869,0.833865602059273,val
normal_0492_00,normal,0,B,492,normal_0492,0,16413,16428,2022-07-12 01:02:40.198000,2022-07-12 01:02:41.698000,0.001139250000000001,0.047231188371006504,0.047244926134983004,0.082978,0.155018,-0.032463974140992086,-1.257670087412925,1.7563367495363287,0.004246625,0.042022951651262845,0.04223697774906486,0.087226,0.15132800000000002,0.270669293237096,-0.43387298028287136,2.0651572306669412,-4.1723254999999995,83.72703183537273,83.83092603591749,114.44092800000001,228.88185600000003,0.06623311249954458,-1.7021718918456854,1.3651397331692081,-0.4239503886872517,-0.006891829724689938,0.3560717894229164,-0.9980233958867688,0.0005635739501999637,0.0005038352759096132,1.1185678676081179,cal
normal_0492_16,normal,0,B,492,normal_0492,16,16429,16444,2022-07-12 01:02:41.798000,2022-07-12 01:02:43.298000,0.004289062499999999,0.0467129530784406,0.04690944513035195,0.08605,0.154246,0.054086434387036086,-1.0488659272345044,1.8343853729432162,0.0002594375000000001,0.044613587058721184,0.044614341394472026,0.139031,0.185025,1.891194223512398,4.938067241266782,3.1162849356154956,-4.0233138749999995,84.06144503553794,84.1576710466701,115.63302100000001,228.88185600000003,0.07308445518667793,-1.6925869570709318,1.37400452700117,-0.021282100712546454,0.13302810490425113,-0.10961850646648545,-0.9981593120466598,0.0005573995162525121,0.0005301280422759191,1.0514431831591333,cal
normal_0492_32,normal,0,B,492,normal_0492,32,16445,16460,2022-07-12 01:02:43.398000,2022-07-12 01:02:44.898000,-0.0009596874999999996,0.048701302006104966,0.048710756688718146,0.094717,0.176804,-0.394271716438856,-0.1286347267314496,1.94447810789064,-0.0011453750000000006,0.024061030266478097,0.024088276430143357,0.049022,0.092268,0.44415901941047004,-0.2105004908690531,2.0350978677185605,-3.576279,84.63650421869659,84.71202758668504,115.63302100000001,230.07394900000003,0.08390284291432575,-1.6830576365162848,1.3650130246460435,-0.16798709696542258,-0.08855882354965199,0.0918624341681657,-0.9983490064092954,0.0005750158280519597,0.0002843548562864234,2.0221769220384296,cal
normal_0493_00,normal,0,B,493,normal_0493,0,16463,16478,2022-07-12 01:02:48.171000,2022-07-12 01:02:49.671000,-0.0026661249999999984,0.03324339072446394,0.0333501311747795,0.064092,0.120151,-0.06851657871127366,-0.683848597478601,1.9217915415117928,-0.0008601250000000006,0.02871103660806024,0.028723917527471773,0.056469,0.094561,0.7064715170716639,-0.5169373636040802,1.965922647772283,-2.3096801875000006,85.7545718878583,85.78567026163745,115.63302100000001,230.07394900000003,0.08499633743041295,-1.7161273584107657,1.347929329541067,-0.42201809561450043,-0.025371470445181246,-0.1604608501338007,-0.992625181612726,0.000388761095799159,0.00033483351519976223,1.161057893404797,train
normal_0493_16,normal,0,B,493,normal_0493,16,16479,16494,2022-07-12 01:02:49.771000,2022-07-12 01:02:51.271000,0.0042545000000000005,0.0331715522925895,0.033443275134920625,0.06118,0.10560800000000001,0.421832076328252,-1.1551545412636361,1.829366285245113,0.0020505625000000003,0.053133426042333225,0.05317297969422534,0.124838,0.210557,0.5365780023272017,0.4814849835284094,2.3477713815905936,-3.2782557499999996,84.91675570902157,84.98001153746719,114.44092800000001,228.88185600000003,0.09159594615099534,-1.6895568019079423,1.3466805420418622,-0.4051412022991008,0.060552140692187846,0.07942289876134867,-0.9959410126245655,0.0003935428406028832,0.00062571160832076,0.6289524365051261,train
normal_0494_00,normal,0,B,494,normal_0494,0,16502,16517,2022-07-12 01:02:56.132000,2022-07-12 01:02:57.632000,-0.0029333749999999994,0.03783185078388811,0.03794540318174258,0.065559,0.13065300000000002,0.1211723317646599,-1.11908698706901,1.7277191570741748,-0.0004938125000000003,0.04068587874837342,0.04068887538765971,0.092194,0.155415,-0.7431626865025501,0.3006975883976515,2.2658281685504873,4.768371999999999,84.40637194405812,84.54095455037792,115.63302100000001,230.07394900000003,-0.09365656925564922,-1.6818276888303205,1.367775199783134,-0.30609431308444907,0.1570641684603137,-0.11437331527900324,-0.9961145567832513,0.0004488404866440316,0.00048129188514678086,0.9325743909169537,val
normal_0497_00,normal,0,B,497,normal_0497,0,16557,16572,2022-07-12 01:03:22.041000,2022-07-12 01:03:23.541000,0.0028536249999999994,0.038800930119126976,0.038905723920138024,0.073915,0.138669,-0.06485960570012712,-0.8052341310260438,1.8998489824203166,0.007121312500000002,0.04515997363777844,0.045718008603694675,0.127289,0.194698,0.87194062367972,1.7970141358879168,2.784220133107749,-1.7881395000000007,87.41383139943972,87.43211859952345,118.01720700000001,233.65022800000003,0.08327038369321829,-1.7374996247463521,1.34981524970897,-0.037217372262011834,0.10101389694030408,0.18396741133834826,-0.9891092963972482,0.00044498205628920996,0.0005228971839639702,0.850993407376757,cal
normal_0497_16,normal,0,B,497,normal_0497,16,16573,16588,2022-07-12 01:03:23.641000,2022-07-12 01:03:25.141000,0.0004770624999999992,0.04160010524997015,0.04160284059337174,0.075618,0.13584200000000002,0.44873263661715346,-0.8527668291732446,1.8176162714246882,-0.0012496250000000007,0.035713348633380416,0.03573520439636522,0.059575,0.109287,-0.054251971100675436,-0.9896687197618452,1.667123527242498,-0.22351743749999953,88.10831333244326,88.10859684691877,115.63302100000001,231.26604200000003,0.03325261167464742,-1.8005919393667706,1.3123920382128273,-0.09481365260236164,0.07469132068852852,-0.15977163327290486,-0.9591991421047119,0.0004721768599453826,0.0004055813584053791,1.1641976391662487,cal
normal_0497_32,normal,0,B,497,normal_0497,32,16589,16604,2022-07-12 01:03:25.241000,2022-07-12 01:03:26.741000,0.00014149999999999927,0.040372125225828774,0.04037237319628362,0.062858,0.12485199999999999,-0.03167172296594102,-1.3198981791102056,1.5569557849471738,-0.0052586874999999995,0.048869022797830154,0.04915114630847891,0.101423,0.18520599999999998,-0.12874160819532518,-0.6083712804207617,2.063492057000181,0.9685755624999994,88.13149550379175,88.13681772310103,116.82511400000001,231.26604200000003,-0.022775520071814208,-1.8103021297385011,1.325497300878605,-0.2848023649573465,-0.016475148406058047,0.01083134028602902,-0.9528834732696078,0.00045806479334347294,0.0005576687198180538,0.821392301674948,cal
normal_0498_00,normal,0,B,498,normal_0498,0,16607,16622,2022-07-12 01:03:29.848000,2022-07-12 01:03:31.348000,0.001997999999999999,0.030220560912646872,0.030286536709815466,0.062157,0.100522,0.6392811545529667,-0.7412066427038493,2.052298042379198,-0.0009303125000000001,0.033069679970326955,0.03308276310539221,0.062087,0.104938,0.3514793656285046,-1.2751388693151826,1.876717485846288,4.619360375,85.49774913317303,85.62244797430817,116.82511400000001,233.65022800000003,-0.09079998937427701,-1.6715371300293893,1.3644215595780969,-0.3272383058552441,-0.12278463278504698,0.19592608442936546,-0.9980036409471863,0.0003537219202013849,0.000386379552186116,0.9154778460714189,train
normal_0498_16,normal,0,B,498,normal_0498,16,16623,16638,2022-07-12 01:03:31.448000,2022-07-12 01:03:32.948000,-0.0032379375000000004,0.028791354150310363,0.028972854762044076,0.064779,0.126838,0.37748854277402893,0.8871159088257827,2.235851473112819,-0.002737,0.041277041374412966,0.0413676844121713,0.089729,0.155506,-0.5259511595968677,-0.3701491033051476,2.1690602525869136,3.725290625,86.58473026359448,86.6648331508238,118.01720700000001,233.65022800000003,-0.0931277757947176,-1.7021652825287894,1.3617658132983805,-0.5282552213067317,0.18534662613595487,-0.028310595881420805,-0.9946130742685708,0.00033430924296158615,0.0004773295338857763,0.7003741005508062,train
normal_0498_32,normal,0,B,498,normal_0498,32,16639,16654,2022-07-12 01:03:33.048000,2022-07-12 01:03:34.548000,0.0036186875,0.029130134887944543,0.0293540398891277,0.052438,0.101997,0.01621915021945843,-0.6731108236484427,1.7863980630285323,0.0049570625000000005,0.04022484840162352,0.040529136402870716,0.081513,0.132129,0.5829804385022673,-0.6057748843580963,2.0112197602667488,1.9371511250000006,87.58423668445663,87.60565661006147,116.82511400000001,232.45813500000003,-0.0543683925953538,-1.7787786702973565,1.3335339123134053,-0.20618783884273553,-0.043577361679494775,-0.18146682750445964,-0.965805472857869,0.0003350701430135323,0.0004626315008774897,0.724270055925705,train
normal_0499_00,normal,0,B,499,normal_0499,0,16657,16672,2022-07-12 01:03:36.502000,2022-07-12 01:03:38.002000,-0.0009814999999999997,0.050820406095878456,0.05082988312007023,0.103926,0.16828900000000002,0.5343205289277816,-0.6200218356935876,2.04458467383264,-0.00019343750000000003,0.039177569259987194,0.039178046801589025,0.062923,0.119868,0.3990762010944443,-1.4019974060019293,1.6060780242226855,5.215406875000001,84.6353236313419,84.79586354919547,115.63302100000001,231.26604200000003,-0.08203482650954258,-1.6899178313933472,1.3636634637598088,-0.0865555176396276,-0.008571456613234146,0.03543069898491831,-0.9976660647172463,0.0005994382389959456,0.0004620278060952743,1.2974072795790477,train
normal_0499_16,normal,0,B,499,normal_0499,16,16673,16688,2022-07-12 01:03:38.102000,2022-07-12 01:03:39.602000,-0.0028441875000000012,0.04228765938518404,0.04238319877985262,0.068345,0.131073,0.034328998208683854,-1.085105023034715,1.6125493584143689,-0.003443937499999999,0.04756232153510375,0.04768684446797145,0.110146,0.179336,-0.29271256978975646,-0.02953330083099326,2.3097774916513676,4.619360375,85.18135857952917,85.30651991335978,116.82511400000001,232.45813500000003,-0.08658358398400492,-1.6832810211500728,1.3694746206814157,-0.4056980405713775,0.0074569435535001855,0.15320454911560386,-0.9983899865420709,0.0004968342258352403,0.0005590058592989591,0.88878178568345,train
normal_0499_32,normal,0,B,499,normal_0499,32,16689,16704,2022-07-12 01:03:39.702000,2022-07-12 01:03:41.202000,-0.002707875,0.05358449391367222,0.05365287107881553,0.104676,0.189748,0.15217210918588772,-0.6616942298810904,1.9509859937640992,0.0026016249999999998,0.0497034039790976,0.04977144582740188,0.11181,0.17622500000000002,0.5022517804913659,-0.3916665085706268,2.246468796340301,3.725290625,86.35361879461776,86.43393586530047,116.82511400000001,231.26604200000003,-0.08915145889432173,-1.7112169636666135,1.3516116422380842,-0.35525564550350874,0.06383770680930143,-0.12123280116493361,-0.9959494395388971,0.0006207384928349058,0.0005758322275751298,1.0779849808838928,train
normal_0500_00,normal,0,B,500,normal_0500,0,16707,16722,2022-07-12 01:03:44.460000,2022-07-12 01:03:45.960000,0.0020820625000000006,0.04447833373462402,0.04452703848295438,0.092667,0.15855999999999998,0.5464269635599929,-0.2097709309806346,2.081139980496891,-0.0054345625,0.0389546900561549,0.0393319507136056,0.065459,0.124216,0.21834340492200766,-1.1882753554932586,1.6642703657552536,-1.8626453125000002,86.889974169992,86.90993647922001,116.82511400000001,232.45813500000003,0.0799605548082059,-1.7325413111380565,1.3442089447152301,-0.44665015434262234,0.003001105497377937,0.04633525774524181,-0.9922697371602942,0.0005123354162570434,0.00045255988333405114,1.1320831455113085,test
normal_0500_16,normal,0,B,500,normal_0500,16,16723,16738,2022-07-12 01:03:46.060000,2022-07-12 01:03:47.560000,-0.00023187499999999944,0.0447973992672496,0.04479799936520603,0.107892,0.191882,0.8093502964221142,1.51233420930442,2.408411123908319,0.0063763125,0.0382102186802149,0.038738587644459886,0.074924,0.135763,0.08340040430754052,-0.849344882903281,1.93409219478127,-0.22351743749999953,87.72947899727079,87.72976373601746,115.63302100000001,231.26604200000003,0.03547982291247253,-1.7947091079782842,1.3180591862522806,-0.1350252556303191,0.03856919832450441,0.16259269094102355,-0.9615577685478227,0.0005106362704908803,0.0004415672172676302,1.1564179824096585,test
normal_0501_00,normal,0,B,501,normal_0501,0,16744,16759,2022-07-12 01:03:52.400000,2022-07-12 01:03:53.900000,7.087499999999932e-05,0.03330035672833513,0.03330043215185052,0.064957,0.11888,-0.09726589129007554,-0.5068235321710528,1.9506353462259889,-0.0035781875,0.040156624340229895,0.04031572775217508,0.095284,0.17813299999999999,-0.04432057055686618,1.2828460688339192,2.363444871582637,-4.246831312500001,84.1966778818585,84.30371369363435,114.44092800000001,227.68976300000003,0.06885289034791572,-1.7014130326388464,1.3574838282437525,-0.73730479698675,0.11603657007738709,-0.12085740783945344,-0.997878978085014,0.00039500551865208035,0.0004782200686755661,0.8259910959948856,test
normal_0504_00,normal,0,B,504,normal_0504,0,16792,16807,2022-07-12 01:04:17.855000,2022-07-12 01:04:19.355000,-0.0008595625000000001,0.03770924886876022,0.0377190442341465,0.06176,0.11851700000000001,0.08876227826831358,-1.1823487783605462,1.6373691660004888,0.00032506249999999983,0.04728722363845856,0.047288340899871925,0.092268,0.15546,0.20502627710881138,-1.0552299294331535,1.951178625517181,-2.235174375,86.74870159969194,86.77749266785167,116.82511400000001,232.45813500000003,0.08660236300165673,-1.7289865448841824,1.346260538399723,-0.4194687244466722,-0.027880740465703484,0.17146240687165254,-0.9937698711111537,0.0004346639096674456,0.0005449378571108539,0.797639407861921,test
normal_0504_16,normal,0,B,504,normal_0504,16,16808,16823,2022-07-12 01:04:19.455000,2022-07-12 01:04:20.955000,-0.0021296250000000004,0.03665583023694014,0.03671764144113835,0.066108,0.11560999999999999,0.5581988570171436,-0.859809669576229,1.8004424414345082,0.0069353125000000005,0.04486373340282598,0.045396620296146495,0.101975,0.155858,0.4551010798251976,-0.6401148524696634,2.2463125962849744,-0.5960464999999995,87.68064845218704,87.68267436857849,115.63302100000001,231.26604200000003,0.04229077463921141,-1.7966285838810478,1.3187670407260943,0.2125498135021609,-0.006822274295590024,0.08092597743662841,-0.9596987821386526,0.0004187559481453989,0.0005177376331533815,0.8088188328031798,test
normal_0504_32,normal,0,B,504,normal_0504,32,16824,16839,2022-07-12 01:04:21.055000,2022-07-12 01:04:22.555000,-0.0022708750000000003,0.036851586849949554,0.03692148868375976,0.073817,0.140519,0.18040329969965785,-0.31184541778260844,1.999296416031812,4.543750000000034e-05,0.03209326536823721,0.03209329753332462,0.059832,0.108992,0.42665971907361716,-0.8166431338383235,1.8643145017389513,1.1920930000000007,87.63403944873406,87.64214714292963,116.82511400000001,230.07394900000003,-0.014983777887219297,-1.816640599877508,1.332978684439096,-0.7421609513709717,0.06331237450121326,-0.15083446635998754,-0.9427127941679948,0.0004212754922987796,0.0003661856604332826,1.150442351566451,test
normal_0505_00,normal,0,B,505,normal_0505,0,16842,16857,2022-07-12 01:04:24.809000,2022-07-12 01:04:26.309000,0.0006739375000000009,0.04382798033857588,0.04383316155962857,0.073007,0.13600099999999998,-0.11595715382501591,-1.1512782063289975,1.6655654623653993,0.0012241874999999987,0.04909434437669316,0.0491096048122208,0.09013,0.14681,0.5313132900662172,-1.3442256810573447,1.8352825347430077,-4.2468313124999995,84.98624961770255,85.09229224952914,115.63302100000001,231.26604200000003,0.06875535348224977,-1.7041782863276125,1.358912986629995,-0.3033002468898831,-0.003884028140026136,-0.041242356390530886,-0.997727370966294,0.0005151249355357579,0.0005771334102530602,0.8925578148558182,train
normal_0505_16,normal,0,B,505,normal_0505,16,16858,16873,2022-07-12 01:04:26.409000,2022-07-12 01:04:27.909000,0.004298937499999999,0.03854773274699297,0.038786706015882556,0.066263,0.122502,-0.4076847172226239,-1.0895460894867628,1.7083946229635052,0.002163000000000001,0.04596348945902606,0.0460143557191666,0.10951,0.161603,0.7600840482072191,-0.1709103020797631,2.379909449745598,-4.1723255,85.1220348567813,85.22422846959097,116.82511400000001,233.65022800000003,0.06682866693156526,-1.7013508790772025,1.3707969681612855,-0.16750296388872268,0.1424292419153544,0.04861190050375852,-0.9981368476242689,0.0004551136069213243,0.0005399210593685231,0.8429262000886069,train
normal_0505_32,normal,0,B,505,normal_0505,32,16874,16889,2022-07-12 01:04:28.009000,2022-07-12 01:04:29.509000,-0.0014896249999999996,0.041658992481928496,0.04168561667110132,0.06472,0.126771,-0.047685766909880384,-1.4708003288568376,1.552573889229935,0.000870875000000001,0.04013863786907044,0.040148084303612795,0.072824,0.142654,-0.2333655239522307,-0.5044730425060546,1.8138848033017307,-4.172325500000001,85.27632088681533,85.37832982712327,116.82511400000001,232.45813500000003,0.07638319111625612,-1.6964152924653193,1.3683227844413353,-0.37025815787497507,-0.004763765590275634,0.05884845724352286,-0.9980570656753115,0.00048824586701927376,0.00047023740549745937,1.038296531307975,train
normal_0506_00,normal,0,B,506,normal_0506,0,16892,16907,2022-07-12 01:04:32.499000,2022-07-12 01:04:33.999000,-0.002986125,0.03570216359493322,0.03582682553443718,0.057723,0.106652,0.12405090181099722,-1.5828754332995396,1.6111670274698477,-0.0026833124999999973,0.04877038697267886,0.04884414818007885,0.090278,0.17926799999999998,0.058220671729980085,-0.27359923702489164,1.848286915909816,1.1920929999999998,87.39350780022536,87.40163780701538,116.82511400000001,231.26604200000003,-0.027584836498479245,-1.8066207902506146,1.3366467371921826,-0.23407759920268886,0.06566830017078902,-0.15067971597711444,-0.9568129005066517,0.00040991023089914576,0.0005588470583117417,0.7334926878517906,train
normal_0506_16,normal,0,B,506,normal_0506,16,16908,16923,2022-07-12 01:04:34.099000,2022-07-12 01:04:35.599000,-0.002456937500000001,0.03249196733515214,0.03258472775991078,0.069604,0.13306099999999998,0.4253111775695345,0.11109517162601223,2.1360927276377093,0.006227499999999999,0.038473192449418596,0.038973943776579756,0.078874,0.130903,0.33274891493367614,-1.1645546977266117,2.0237623488182126,-0.0745058124999991,87.40516269211669,87.40519444719224,115.63302100000001,230.07394900000003,0.025183835797295887,-1.805118391600088,1.3229536497383143,-0.5522668082733491,-0.12585414001832781,-0.03531839889133118,-0.9566035456913269,0.00037280081539773426,0.0004458996289989002,0.8360644215711014,train
normal_0507_00,normal,0,B,507,normal_0507,0,16930,16945,2022-07-12 01:04:40.439000,2022-07-12 01:04:41.939000,-0.0007003749999999987,0.03537143459218717,0.03537836782908448,0.066033,0.13121,-0.015473172264457253,-0.669706986069337,1.866479548152428,-0.0033476250000000016,0.05017912011344335,0.0502906620407805,0.112145,0.19642300000000001,0.3954365575427352,0.34824583146362853,2.2299368401446387,4.097819687500001,86.19826645180981,86.29561556352944,116.82511400000001,231.26604200000003,-0.09322872743676638,-1.6971483783408168,1.3537780944849422,0.01605999510703917,0.08882611977183943,0.21593863393114282,-0.9971613307918336,0.00040996715300141174,0.0005827719254607707,0.7034778703131072,train
normal_0509_00,normal,0,B,509,normal_0509,0,16970,16985,2022-07-12 01:04:58.256000,2022-07-12 01:04:59.756000,0.0013146249999999998,0.042439356794246715,0.042459713187914964,0.085112,0.149341,0.26290597980790886,-0.8179245869631329,2.00453544335822,0.0032693124999999988,0.042417079795052416,0.042542884981657036,0.097866,0.158049,0.5497943179398678,-0.12275602544396325,2.300408165600342,-3.725290624999999,85.9494867850551,86.03018115089073,116.82511400000001,233.65022800000003,0.08262055521851558,-1.6837352884266632,1.3579549925054464,0.06796720119876183,0.09512481988338614,0.051306961466840356,-0.9969390526205453,0.0004935443889562861,0.0004945111635536358,0.9980449893377487,train
normal_0509_16,normal,0,B,509,normal_0509,16,16986,17001,2022-07-12 01:04:59.856000,2022-07-12 01:05:01.356000,-0.0076956874999999985,0.035994109444669464,0.0368076013998807,0.067045,0.11798299999999999,-0.01880566239539704,-1.4110252088714739,1.8214987516197483,-0.0009560000000000003,0.03981138358560275,0.039822860256390424,0.082483,0.134105,0.8845376559650733,-0.28863457398176573,2.071247506305473,-4.1723255,85.40433301036941,85.50618923226565,118.01720700000001,234.84232100000003,0.07330645596891586,-1.688296734397356,1.3802182983435585,-0.44042831733692267,-0.13108028674411396,0.09074729606835669,-0.997509336605731,0.00043046710104104833,0.0004657307338094225,0.9242832173003982,train
normal_0509_32,normal,0,B,509,normal_0509,32,17002,17017,2022-07-12 01:05:01.456000,2022-07-12 01:05:02.956000,0.0032502499999999997,0.039186764169327634,0.03932132514457009,0.067556,0.133855,0.02601265812435771,-0.7315609993746293,1.7180499322345157,0.0010193749999999999,0.05125178696991331,0.05126192342275112,0.120982,0.2099,0.4733101806772936,0.566486276374226,2.3600753136450914,-4.321337125000001,85.09372743855751,85.20338258505596,115.63302100000001,230.07394900000003,0.06644105635047867,-1.6985824776244305,1.3571412013433513,-0.2723997278322102,0.15032225250877118,-0.12512389264489082,-0.9979159170761261,0.0004614995784388818,0.0006016418816656474,0.7670669089080349,train
normal_0510_00,normal,0,B,510,normal_0510,0,17020,17035,2022-07-12 01:05:04.844000,2022-07-12 01:05:06.344000,0.0017333750000000005,0.049899837141361245,0.049929934264176634,0.089681,0.16186299999999998,0.3956997355450664,-0.9689865338736219,1.7961369531452331,-0.002551562499999999,0.05942040331187675,0.059475161209848776,0.097724,0.192586,-0.1359421243886597,-1.3242008678922634,1.6431060969334106,-4.395842937499999,84.86153171525378,84.97530817943641,116.82511400000001,232.45813500000003,0.07520673713481715,-1.702893696140092,1.3748124779178041,-0.4477897959652334,0.0019675921780155773,-0.17332864081696842,-0.9977250539685997,0.0005875816791242826,0.0006999110975185785,0.8395090193704006,train
normal_0510_16,normal,0,B,510,normal_0510,16,17036,17051,2022-07-12 01:05:06.444000,2022-07-12 01:05:07.944000,-0.0029879999999999993,0.053124232643869784,0.05320819709405685,0.082025,0.158911,0.2548295495869404,-1.3594035225065628,1.541585779630971,0.0006685000000000007,0.027318545637533487,0.027326723696777116,0.056397,0.09446,0.54692959841287,-0.35707677901481105,2.06380393880337,-3.7252906249999995,85.44371275673109,85.52488433137741,115.63302100000001,231.26604200000003,0.08531466215541444,-1.6930557387723337,1.3520394900736104,-0.027918796686510636,-0.06559405515441907,0.15319741981412227,-0.9978364613870181,0.0006221370249142308,0.00031951780947047097,1.9471121999280203,train
normal_0510_32,normal,0,B,510,normal_0510,32,17052,17067,2022-07-12 01:05:08.044000,2022-07-12 01:05:09.544000,-0.0034513749999999996,0.042623887215496606,0.04276339264780099,0.084807,0.140849,-0.21043108757235113,-1.1987490535152958,1.9831681901029197,0.003624500000000001,0.04826234751853664,0.048398256045543625,0.081067,0.15640199999999999,0.06054321889862331,-1.2820566739760606,1.6749983702659554,-2.9802325000000005,86.19520742633,86.24671338098693,116.82511400000001,231.26604200000003,0.09187716454540859,-1.698454661215607,1.3545456913115728,-0.3779667634315355,-0.07166908056093746,0.19848413178684854,-0.9973356515552425,0.0004958263448126729,0.0005611605839604435,0.8835730074149754,train
normal_0511_00,normal,0,B,511,normal_0511,0,17070,17085,2022-07-12 01:05:12.740000,2022-07-12 01:05:14.240000,0.000237625,0.029128130125522563,0.029129099372448848,0.053186,0.101396,0.08138549832335043,-0.7271509415587691,1.8258717621151332,0.0030738750000000002,0.023039390074053066,0.02324354109209696,0.053664,0.084695,0.5430731366559274,-0.43403393425200454,2.3087704144290777,-2.0116569374999997,87.63071381035401,87.65380063948373,118.01720700000001,234.84232100000003,0.08485311116907135,-1.7264826238164763,1.3464014810424438,-0.5118416907060598,-0.006398320044421777,-0.04184152146401511,-0.9906917783802118,0.0003323198670215746,0.0002651743669130405,1.25321263472858,cal
normal_0511_16,normal,0,B,511,normal_0511,16,17086,17101,2022-07-12 01:05:14.340000,2022-07-12 01:05:15.840000,-0.0013616875,0.033098592762228485,0.03312659106650577,0.076449,0.132106,0.5444958934977516,0.39999901695320883,2.307783491712718,-0.0029519374999999997,0.03699708017612462,0.03711465851334887,0.068679,0.131357,0.4134080974916768,-0.5644901049464379,1.850454853984404,-0.4470348749999995,88.31940509411268,88.32053643608288,116.82511400000001,233.65022800000003,0.03148354707134296,-1.795795102168279,1.3227400864412293,-0.6298572035461089,-0.10204666871871897,0.0179766363770606,-0.9584826054083931,0.00037507234900548093,0.0004202268239189032,0.8925473759806053,cal
normal_0512_00,normal,0,B,512,normal_0512,0,17108,17123,2022-07-12 01:05:20.820000,2022-07-12 01:05:22.320000,-0.0025585625,0.035017717547637134,0.03511106355997352,0.060995,0.11760899999999999,-0.08267300135334511,-0.9411525610149098,1.737201719788804,0.0019750625000000037,0.06446442253820003,0.0644946714470467,0.126441,0.19994299999999998,0.6452973685212444,-0.8585638063478633,1.960487543592098,-1.0430813749999999,88.03838339991451,88.0445624125943,118.01720700000001,234.84232100000003,0.05987875270023887,-1.7718928530192606,1.3404258453457687,-0.13894545806316358,-0.0286922811005684,0.12562947697246202,-0.9820707621860415,0.00039878741625673714,0.0007325230505980807,0.5444025494230392,train
normal_0514_00,normal,0,B,514,normal_0514,0,17147,17162,2022-07-12 01:05:45.204000,2022-07-12 01:05:46.704000,-0.0009695625000000025,0.04172686522039601,0.04173812804334306,0.070686,0.130892,0.19160089134557115,-1.161096919046433,1.6935594218934773,-0.0035525624999999993,0.037578419829352776,0.037745971138487086,0.063491,0.12072000000000001,0.401382815762018,-0.7752709801769142,1.6820603122663442,-2.3841859999999997,86.27142531675281,86.30436355750881,115.63302100000001,231.26604200000003,0.0895542788639935,-1.7144635232913297,1.3398282106900434,-0.2669191086347763,-0.0719320134040009,0.11375147902639457,-0.9943016434140084,0.0004836155012664094,0.00043735877981806916,1.1057637884109288,cal
normal_0514_16,normal,0,B,514,normal_0514,16,17163,17178,2022-07-12 01:05:46.804000,2022-07-12 01:05:48.304000,-0.0016883125000000001,0.037697127182848345,0.037734914826159344,0.072832,0.132845,0.05841515365938916,-0.8856602692521607,1.9300957835874046,0.005059000000000001,0.04174810521748263,0.04205351079577067,0.098538,0.157697,0.5948797255605084,-0.17709168603069525,2.343157518489752,-0.9685755624999999,87.58154297984669,87.58689861703635,116.82511400000001,231.26604200000003,0.05675199927350662,-1.7894863166742714,1.3338195077645618,-0.38857640509172,0.05067795728964284,0.09042292937150989,-0.9704772131151963,0.000430828302200206,0.0004801347171755083,0.8973071239977033,cal
normal_0514_32,normal,0,B,514,normal_0514,32,17179,17194,2022-07-12 01:05:48.404000,2022-07-12 01:05:49.904000,0.00039643750000000096,0.03521464434537276,0.03521687577089286,0.060729,0.111466,-0.0952365304207209,-1.2843860456906786,1.7244289469366614,-0.00017281250000000066,0.02791047539728307,0.027911010391286448,0.051626,0.097047,0.26435064964307875,-0.6839029782253512,1.849664317996784,0.5215406874999999,87.51839148125914,87.51994545334024,116.82511400000001,231.26604200000003,-0.0025635988261057344,-1.8161877777744309,1.33483988586674,-0.4148065859680222,-0.063981298570016,-0.14106589428377042,-0.940483083408059,0.00040238685694414804,0.00031891028092752554,1.261755675526789,cal
normal_0515_00,normal,0,B,515,normal_0515,0,17197,17212,2022-07-12 01:05:53.230000,2022-07-12 01:05:54.730000,0.0019039999999999994,0.03178508904344929,0.03184206496915676,0.055384,0.107436,-0.02574354749161034,-0.9833124125543442,1.7393344324134354,0.0007169375000000014,0.03512930306287891,0.035136618122159964,0.080194,0.135149,0.7189019257487012,0.28263596745154906,2.282348281817801,3.427267374999999,87.03082607096628,87.09828269406077,118.01720700000001,233.65022800000003,-0.090989840928533,-1.712762887149783,1.3549889085017242,-0.2973517064841125,-0.08963553129828106,0.04767621967358396,-0.994915931886122,0.00036558774736126994,0.0004034134432429622,0.9062359063257315,train
normal_0515_16,normal,0,B,515,normal_0515,16,17213,17228,2022-07-12 01:05:54.830000,2022-07-12 01:05:56.330000,5.400000000000023e-05,0.049033556846306794,0.04903358658103647,0.087804,0.169981,-0.1058724896469015,-0.5685388286563211,1.7906909553697181,-0.0026436875000000006,0.030527449770081413,0.03064170806372419,0.064537,0.11899299999999999,-0.15005741293532213,-0.15320386475129366,2.106181543985253,2.0861627500000006,87.91180736335733,87.93655638533689,116.82511400000001,232.45813500000003,-0.04785379885030795,-1.7856503281740075,1.3285159074011703,-0.3165699342568597,0.08113519559813191,-0.15477004628028593,-0.9716034093179929,0.0005576018506589218,0.00034845244484503816,1.6002236715741667,train
normal_0515_32,normal,0,B,515,normal_0515,32,17229,17244,2022-07-12 01:05:56.430000,2022-07-12 01:05:57.930000,0.0011120625000000002,0.04180128347381924,0.04181607326211417,0.082461,0.154041,0.014760132604079976,-0.40128821216376664,1.9719929100734235,0.0012185625000000026,0.05592057438788602,0.05593384963005407,0.113766,0.183299,0.45087272509675314,-1.031136619650668,2.033938317359653,0.37252906249999995,88.149130028315,88.14991720161281,116.82511400000001,233.65022800000003,0.004160880462144452,-1.8137160281544422,1.3253003259526892,-0.41238384073681406,-0.031024478262658,-0.03507769686803612,-0.9439191334034449,0.0004743745041356556,0.0006345309378127322,0.7475986998693147,train
normal_0516_00,normal,0,B,516,normal_0516,0,17247,17262,2022-07-12 01:06:01.096000,2022-07-12 01:06:02.596000,0.0005209999999999998,0.03300638933032512,0.033010501020508606,0.057159,0.109139,-0.26487855257116993,-0.9462926580813642,1.7315399110267526,0.0010796249999999994,0.03699240300026987,0.037008154099806165,0.084388,0.144708,0.48806095667480726,0.24899987557581182,2.2802542318759422,-3.2782557499999996,85.65615423221642,85.71886442677396,116.82511400000001,231.26604200000003,0.09132321160074398,-1.6876508256689153,1.3628868602173192,-0.4502700257983588,0.08380714264210098,-0.05626858620591263,-0.9979286021203003,0.00038510194041018933,0.00043173873507646246,0.8919791279371457,train
normal_0516_16,normal,0,B,516,normal_0516,16,17263,17278,2022-07-12 01:06:02.696000,2022-07-12 01:06:04.196000,0.001739999999999999,0.035646238625204205,0.03568868067223836,0.066458,0.126623,-0.11105627501479935,-0.7851159404379526,1.8621590585077747,-0.001472125,0.042548427679344095,0.042573886949631455,0.077633,0.148455,0.49261148748598166,-0.5291911022375264,1.8234886584785286,-2.08616275,86.812796671282,86.83785891481226,116.82511400000001,232.45813500000003,0.0848722345283338,-1.7282525649747944,1.345324671288881,-0.26954740328705673,0.030550721013568736,-0.2311034594980104,-0.9929589989570722,0.00041098066117969213,0.0004902687316530494,0.8382763057190695,train
normal_0517_00,normal,0,B,517,normal_0517,0,17287,17302,2022-07-12 01:06:09.221000,2022-07-12 01:06:10.721000,-0.0016379375000000005,0.037483124348613124,0.03751889457576675,0.07454,0.127656,0.38704447903910927,-1.0672734139212097,1.9867323076236094,0.00015675000000000064,0.028860634473058627,0.028861060145982165,0.054299,0.098217,0.3781679226237653,-0.6074157195694201,1.8813931201885918,4.097819687500001,85.65456644665554,85.75253278682673,115.63302100000001,230.07394900000003,-0.0913382662278348,-1.6939829526729562,1.3484502118141928,-0.4012322595604543,-0.04493506157254837,0.03201092680571315,-0.9976196549497726,0.0004375252060371841,0.00033656218898779616,1.2999832433733336,test
normal_0519_00,normal,0,B,519,normal_0519,0,17325,17340,2022-07-12 01:06:26.758000,2022-07-12 01:06:28.258000,0.0024578125,0.04643811893022093,0.04650311529416604,0.075615,0.136863,0.07473659724552306,-1.745609000346117,1.6260200961092628,0.0034108124999999998,0.0426772888478444,0.04281336970284516,0.075,0.13247,0.3022757250677043,-1.0001947798514652,1.7517892312740773,-2.3096801875,86.16064899765287,86.1916008568426,115.63302100000001,231.26604200000003,0.08754292584854578,-1.7282478918496331,1.3415810804124322,0.05773822161176521,0.1702922188899023,0.20448145093810585,-0.9918170624097412,0.0005395318665841237,0.0004967232221844303,1.0861820879068924,train
normal_0519_16,normal,0,B,519,normal_0519,16,17341,17356,2022-07-12 01:06:28.358000,2022-07-12 01:06:29.858000,0.003244500000000001,0.051653921079381764,0.05175571797516676,0.108108,0.216075,-0.07967261731408604,0.2282218400140219,2.0888126805983442,0.0016277500000000007,0.05264390000809686,0.052669059020690696,0.107993,0.175408,0.43744706490650226,-0.7793969512810515,2.050406861409384,-0.8940697499999994,87.00390534113696,87.00849904076834,115.63302100000001,230.07394900000003,0.043178316679142015,-1.7950643646601714,1.3289853551642064,-0.27132445966314017,0.016317480241353675,-0.12899197243467647,-0.9638326657159312,0.0005948352005350227,0.0006053323480044438,0.982658869125322,train
normal_0519_32,normal,0,B,519,normal_0519,32,17357,17372,2022-07-12 01:06:29.958000,2022-07-12 01:06:31.458000,-0.006158875,0.046219274869737786,0.046627814775625075,0.09801,0.17691800000000002,0.08398187794025003,-0.41506591909619095,2.1019642561339853,-0.0018568750000000018,0.06436021944384104,0.06438700048631711,0.135591,0.229506,-0.1876721547706691,-0.5620561618834703,2.1058753937266337,0.8195639375000008,87.41557773826682,87.4194195608883,116.82511400000001,230.07394900000003,-0.008275619728467165,-1.8089150764570943,1.336374853400055,-0.00362250122941973,0.026542017651551446,-0.06816608969672293,-0.9457680975357222,0.0005333805121315,0.0007365297185652333,0.7241805709761857,train
normal_0520_00,normal,0,B,520,normal_0520,0,17375,17390,2022-07-12 01:06:33.408000,2022-07-12 01:06:34.908000,-0.0022326250000000002,0.042443619141861295,0.04250229899958354,0.092029,0.167914,0.4137647336536281,-0.012523458555996125,2.1652711068853416,-0.0014519375,0.02633738708202835,0.0263773782020219,0.04814,0.087386,0.5849416292123493,-0.8714457401147762,1.82504870769567,-3.8743022499999995,85.00561414358198,85.09385790908706,115.63302100000001,231.26604200000003,0.08557388392727926,-1.68515944078224,1.3588879837078314,-0.4261809844277959,-0.08510806984885258,0.0483318865241556,-0.9980810140129094,0.0004994755208418489,0.0003099798134690646,1.6113162829930392,test
normal_0520_16,normal,0,B,520,normal_0520,16,17391,17406,2022-07-12 01:06:35.008000,2022-07-12 01:06:36.508000,0.0017397500000000002,0.032059622809501365,0.032106792813203874,0.057527,0.112647,0.10006478427092841,-1.0663011889337528,1.7917392227461006,0.0012990624999999999,0.030139877559615166,0.030167860094602334,0.069889,0.132345,-0.13729128319147035,1.1529228707137653,2.3166707807858278,-3.2037499374999996,85.65638105632249,85.71627400516165,116.82511400000001,230.07394900000003,0.09726159209205898,-1.690135078646924,1.362928047863642,-0.49772528130795546,-0.025462937263834765,0.3040789661459923,-0.9977472299442088,0.000374570560676383,0.00035195020367760843,1.064271470118242,test
normal_0520_32,normal,0,B,520,normal_0520,32,17407,17422,2022-07-12 01:06:36.608000,2022-07-12 01:06:38.108000,0.0012188124999999985,0.04444622734161296,0.04446293544979346,0.064884,0.12908599999999998,0.10379626575553641,-1.7140331124914883,1.4592828688349995,-0.0013697500000000012,0.031684332245015046,0.03171392635538842,0.053964,0.10417799999999999,0.38372881066054804,-1.0626073123205555,1.7015868484802463,-2.0116569375,86.98779357462112,87.01105099132575,116.82511400000001,232.45813500000003,0.08234572007803878,-1.7359256528218456,1.3426468554166353,-0.3774244597435922,0.032983629035217635,-0.15478302239146705,-0.9901982320802033,0.0005110033144436566,0.0003644815916377107,1.4020003373766712,test
normal_0521_00,normal,0,B,521,normal_0521,0,17425,17440,2022-07-12 01:06:41.133000,2022-07-12 01:06:42.633000,0.0043424375,0.023585306768645044,0.023981731772590987,0.037036,0.07294400000000001,-0.24981010573900034,-1.1235449923834757,1.5443421830915853,0.0016716249999999995,0.05391660279992032,0.05394251002340362,0.085904,0.167563,0.035033037119056316,-1.4928032712091275,1.5925102477198316,-4.2468313124999995,84.72352719048638,84.82989824227019,118.01720700000001,233.65022800000003,0.07517748852669262,-1.6855342253856063,1.391221838589838,-0.40558728846597586,0.23875259676538896,0.08021706300333509,-0.9978781687248007,0.00028270376682641176,0.0006358903068508506,0.44457945620599076,train
normal_0521_16,normal,0,B,521,normal_0521,16,17441,17456,2022-07-12 01:06:42.733000,2022-07-12 01:06:44.233000,-0.0006153125000000013,0.03191630753572292,0.03192223827032653,0.062479,0.124761,0.031519008834376125,-0.3243420562771888,1.9572249123294607,0.0014331249999999995,0.03284560922306626,0.0328768595291582,0.066546,0.13119799999999998,-0.0503344233488806,0.23367024093481747,2.024098437412519,-3.7252906249999995,85.29806005732729,85.37937010650833,116.82511400000001,232.45813500000003,0.08693331053037627,-1.6807506368791392,1.3683061125218423,-0.03262162679641328,-0.02931194988785031,-0.09529115187582046,-0.9980671233022052,0.00037388702013735223,0.00038506795597279827,0.9709637333825932,train
normal_0522_00,normal,0,B,522,normal_0522,0,17464,17479,2022-07-12 01:06:49.173000,2022-07-12 01:06:50.673000,0.0007905625000000005,0.05091437672574509,0.05092051400405832,0.080893,0.159979,0.028582953109186123,-1.528677626028902,1.5886131862995905,0.003360812500000001,0.05384778030153465,0.05395255790101614,0.087243,0.168096,-0.05804109692682879,-1.4469360938186642,1.6170317663169935,-0.8940697499999999,87.18440838922335,87.18899257874669,116.82511400000001,231.26604200000003,0.055372393259850355,-1.7824259884311116,1.3399066848316523,-0.06257125873931144,0.015546459517491085,0.11030480544610645,-0.9762093177023091,0.000584024571198805,0.0006188001065878549,0.9438016654832094,train
normal_0524_00,normal,0,B,524,normal_0524,0,17500,17515,2022-07-12 01:07:07.819000,2022-07-12 01:07:09.319000,-0.0019188749999999987,0.04164588048186009,0.041690064072570095,0.081729,0.15999,0.15897842869095924,0.22315694653958174,1.9603951641267314,0.0009323750000000003,0.02985546353867873,0.02987001885252167,0.061934,0.10866200000000001,0.20480313521494636,-0.4176506115166334,2.0734503150396053,5.289912687499999,84.78640340586426,84.95126472715592,118.01720700000001,233.65022800000003,-0.06934074244572767,-1.6929571852322747,1.3892342554174368,-0.2591774970890629,0.14718578711880156,0.00797504396051332,-0.9977049493352735,0.0004907527181198428,0.0003516135863127801,1.3957160281152805,test
normal_0524_16,normal,0,B,524,normal_0524,16,17516,17531,2022-07-12 01:07:09.419000,2022-07-12 01:07:10.919000,-0.0034231875000000017,0.035510574333955,0.03567518888790219,0.091799,0.129382,-0.9379671360745807,0.726649223678109,2.5731888985493208,0.0003000625000000017,0.03139565419661762,0.031397088080544984,0.057609,0.100216,0.498240475523857,-1.226566224051801,1.8348516859975008,5.513430125000002,84.67728995890944,84.8565928288927,116.82511400000001,230.07394900000003,-0.06965753873337541,-1.6926604011756594,1.376735856406226,-0.4959726063840845,-5.520838715497554e-05,-0.12851804244010762,-0.9978080231593562,0.0004204174089317807,0.0003700017527672244,1.1362578846924376,test
normal_0524_32,normal,0,B,524,normal_0524,32,17532,17547,2022-07-12 01:07:11.019000,2022-07-12 01:07:12.519000,0.0037201249999999995,0.03814500942763516,0.038325984321997526,0.073039,0.141814,0.049607440252611275,-0.21410213384085042,1.9057305713627464,-0.0027099999999999997,0.036295191745946184,0.036396222934186456,0.089409,0.156811,0.7555156402094071,1.4483711614788435,2.4565461136358575,5.513430125000001,84.73915235577361,84.91832460498894,116.82511400000001,233.65022800000003,-0.07897361629026109,-1.6825671398238913,1.3757350317900237,-0.08283368360077467,-0.21445902540472125,0.2426807252420785,-0.9977209986818552,0.00045132760803132804,0.00042860269680883675,1.0530209244871525,test
normal_0525_00,normal,0,B,525,normal_0525,0,17550,17565,2022-07-12 01:07:14.504000,2022-07-12 01:07:16.004000,0.003062937499999998,0.03439345724928789,0.03452957410231843,0.069502,0.124943,0.10500441511107182,-0.4974542696446429,2.012825289824047,-0.001865687500000001,0.04747635590443778,0.047512999903315936,0.082175,0.14976099999999998,0.5902664654943244,-1.1637316983434738,1.7295266593820147,2.831220875,87.19803291283634,87.24398406486905,116.82511400000001,231.26604200000003,-0.0758496412066181,-1.7543529970985283,1.3390621170295973,-0.22872042415200278,-0.07592827999175349,0.06096040514048903,-0.9837054659362223,0.0003957817203378109,0.0005445991538853648,0.7267395065052209,test
normal_0525_16,normal,0,B,525,normal_0525,16,17566,17581,2022-07-12 01:07:16.104000,2022-07-12 01:07:17.604000,0.0006977500000000005,0.038065190802260535,0.03807158528187394,0.064966,0.125215,-0.2144895973755718,-1.2560023924744885,1.706416991018512,0.0020909375000000008,0.04959917219000327,0.04964322613975143,0.088078,0.16245300000000001,-0.017898136204599607,-0.9115270243026137,1.7742199056936838,3.7252906250000004,86.35876132449775,86.43907361686774,116.82511400000001,232.45813500000003,-0.09396824500855974,-1.7095829945378938,1.351531305365618,-0.34130752449078816,0.004968111523310527,0.07518871734268971,-0.993554240178228,0.0004404441612900932,0.0005743146480235304,0.76690393115665,test
normal_0525_32,normal,0,B,525,normal_0525,32,17582,17597,2022-07-12 01:07:17.704000,2022-07-12 01:07:19.204000,-0.0018212500000000008,0.02943983723099535,0.029496117842014394,0.050411,0.099693,0.1372832855216065,-1.107899866819597,1.7090723691168048,-0.0011568749999999995,0.03380483689850278,0.03382462649461188,0.058038,0.106301,0.2671586917606486,-1.1534812691291405,1.7158504325020472,4.246831312500001,85.92788012016791,86.03276212085008,115.63302100000001,231.26604200000003,-0.08995443259355619,-1.6962783839124667,1.3440579861607895,-0.09540061637684528,0.01601306970624504,-0.05604407073318655,-0.9957461580554706,0.0003428475050072349,0.000393159834239641,0.8720308514482192,test
normal_0526_00,normal,0,B,526,normal_0526,0,17600,17615,2022-07-12 01:07:21.267000,2022-07-12 01:07:22.767000,-0.0006847499999999987,0.046365232281985816,0.046370288408904684,0.085018,0.165621,-0.25137449958626246,-0.44210120630494654,1.8334585122760123,0.004706062500000002,0.06441176879797351,0.0645834575099344,0.102651,0.181561,0.12307066625270573,-1.726916947392468,1.5894317826544044,5.06639525,85.09020465863927,85.24090150671998,116.82511400000001,231.26604200000003,-0.08082237330120469,-1.6825260894847942,1.3705288416123813,-0.2196031532905161,0.05017079904707311,-0.08328109063848375,-0.9981429511467798,0.0005439910605033791,0.0007576580769132639,0.7179901819559891,train
normal_0526_16,normal,0,B,526,normal_0526,16,17616,17631,2022-07-12 01:07:22.867000,2022-07-12 01:07:24.367000,-0.001943499999999999,0.04588230569620494,0.045923449002116555,0.089902,0.175522,0.2040090427974508,-0.4442969001435104,1.9576491303137211,-0.00037512500000000024,0.0354685317744388,0.03547051543183437,0.087325,0.139487,0.789686177440095,0.5372046973456226,2.461903892200756,4.395842937500001,86.0236961221716,86.1359375037556,116.82511400000001,232.45813500000003,-0.08644462994329725,-1.682983822044379,1.3562877166676957,-0.09377217093187107,-0.02633852557893258,0.10332325588478611,-0.9983701231949267,0.0005331508582014825,0.00041179693934703876,1.2946935910860997,train
normal_0526_32,normal,0,B,526,normal_0526,32,17632,17647,2022-07-12 01:07:24.467000,2022-07-12 01:07:25.967000,0.0036500624999999992,0.04280789615606674,0.04296322764367803,0.076743,0.12861,0.3732238242442805,-1.3739913482991728,1.7862484782679642,-8.70625000000012e-05,0.04395616911405717,0.04395625533484967,0.069839,0.122831,-0.4744941507014832,-1.5836368780735466,1.5888296095284034,3.2037499375,87.01739864370947,87.0763554610566,118.01720700000001,233.65022800000003,-0.08611738727832877,-1.725559675300999,1.3553301165984282,-0.22749569999088531,-0.006199324523826677,-0.1303428676952025,-0.993013445959023,0.0004933971732761897,0.0005048012758699846,0.9774087286642831,train
normal_0527_00,normal,0,B,527,normal_0527,0,17649,17664,2022-07-12 01:07:29.260000,2022-07-12 01:07:30.760000,-0.0009314375000000004,0.03809663629831502,0.03810802111186699,0.068929,0.13678400000000002,0.08401579129995887,-0.37829678289128843,1.8087793065312239,0.0027213750000000007,0.05157124664829594,0.051642999164940064,0.113394,0.190871,0.2484693673093928,-0.46033949982912725,2.1957284014012513,0.07450581250000088,87.71555730912397,87.71558895182947,115.63302100000001,231.26604200000003,0.02226158379241145,-1.8100760877668505,1.3182721837905218,-0.3759575374669672,-0.06146345422011716,-0.15605874618441468,-0.9551444950211192,0.00043444981179793096,0.0005887550865479648,0.737912625681472,train
normal_0527_16,normal,0,B,527,normal_0527,16,17665,17680,2022-07-12 01:07:30.860000,2022-07-12 01:07:32.360000,-0.0014056249999999998,0.03293429299164284,0.03296427515508266,0.06865,0.137295,0.056410198625718964,0.4963863529255099,2.0825575468300586,-0.0047163749999999975,0.03790895787092247,0.03820122092289722,0.077711,0.13697700000000002,0.8585966026251226,-0.14482461117821366,2.034254354248171,1.4901162500000003,87.75608226082996,87.76873258859369,116.82511400000001,231.26604200000003,-0.026675100003541084,-1.807545220334952,1.3310561808794132,-0.0906684003530135,0.003047183402148587,0.05997647339933447,-0.9498844659781293,0.00037558107748461046,0.00043524863349640985,0.8629115603822073,train
normal_0528_00,normal,0,B,528,normal_0528,0,17685,17700,2022-07-12 01:07:37.255000,2022-07-12 01:07:38.755000,-0.002828749999999998,0.043247757912260605,0.04334017063879652,0.091237,0.156426,-0.1165862817911397,-0.5761857120814016,2.105137073879631,-0.0020341875000000013,0.04812023136532433,0.04816320779845857,0.102438,0.17241099999999998,0.7290405769162361,-0.30465565695299945,2.126893217508624,5.289912687500002,85.38141811950767,85.5451327448825,116.82511400000001,232.45813500000003,-0.10015845550996176,-1.6746884120043521,1.3656547164220603,-0.30669711536191147,0.14534896862852612,0.19518915267787137,-0.9949667290819204,0.0005066351439075794,0.000563015174014559,0.8998605495745986,train
normal_0531_00,normal,0,B,531,normal_0531,0,17722,17737,2022-07-12 01:07:54.616000,2022-07-12 01:07:56.116000,-0.0016456250000000004,0.040134551135640906,0.04016827450239803,0.071225,0.141167,0.12896835585257663,-0.7130647076102852,1.773165536292775,-0.002881687499999999,0.04263316154667448,0.04273044097961663,0.074953,0.142177,-0.056579071042534956,-1.2148276396466855,1.7540890822014743,5.4389243125,83.64102950062158,83.81768139003222,115.63302100000001,228.88185600000003,-0.07121540145706462,-1.7041059949827504,1.3795779014921705,-0.07672786210755163,0.15580301355371953,0.054277223193980886,-0.9975846387013731,0.0004792339019195886,0.0005098022311160976,0.9400388477516342,train
normal_0531_16,normal,0,B,531,normal_0531,16,17738,17753,2022-07-12 01:07:56.216000,2022-07-12 01:07:57.716000,0.0015016250000000004,0.034518069345769835,0.03455071618649894,0.055183,0.11032,0.09420836614149192,-1.2750368626452782,1.597159367178714,0.0013921249999999993,0.04534074505739154,0.045362111661330314,0.105008,0.159025,0.9497422887594654,0.06613637134352324,2.3148834160098377,5.215406875000001,83.62393790736157,83.78641572478239,115.63302100000001,228.88185600000003,-0.06805161224747017,-1.7039113099609557,1.380092703569345,-0.13974812362501712,-0.05552891897607701,-0.19221691787525516,-0.9978556007077776,0.0004123665619017465,0.0005414017447689087,0.7616646342315734,train
normal_0531_32,normal,0,B,531,normal_0531,32,17754,17769,2022-07-12 01:07:57.816000,2022-07-12 01:07:59.316000,0.00032850000000000153,0.037915722800706306,0.037917145828107894,0.064095,0.115769,-0.07138226714738774,-1.4776662338392574,1.690396220500503,0.0025274375,0.04308708547083562,0.0431611500621508,0.068856,0.137556,-0.040119773995273354,-1.216992874827267,1.5953235699430939,4.991889437500001,83.83539563163322,83.98388250651843,114.44092800000001,228.88185600000003,-0.0729931296218265,-1.6910034977382913,1.3626534590267085,0.009240436040866861,-0.06153744453362176,0.04171353782097042,-0.9981300604774317,0.0004514812211160272,0.0005139218237356536,0.8785017492237419,train
normal_0532_00,normal,0,B,532,normal_0532,0,17772,17787,2022-07-12 01:08:01.324000,2022-07-12 01:08:02.824000,0.003755374999999999,0.022108554825776717,0.022425232169924127,0.03969,0.075919,-0.5507172552748388,-0.1519278447301331,1.769881341662573,-0.0018287499999999992,0.04454279331370564,0.0445803181095649,0.112495,0.168812,1.2172756733395722,1.2037816818573805,2.5234229985421237,-4.0233138749999995,84.12376030975169,84.21991512219257,115.63302100000001,228.88185600000003,0.07990449074607855,-1.6926796513172975,1.372989046975777,-0.23253722524289913,0.019003600483480133,0.09029502979339628,-0.9974763580912597,0.00026626994502889153,0.0005293322611983689,0.5030298822635071,train
normal_0532_16,normal,0,B,532,normal_0532,16,17788,17803,2022-07-12 01:08:02.924000,2022-07-12 01:08:04.424000,0.0022352499999999994,0.02157664644789593,0.021692118718557668,0.039168,0.076078,-0.07963822911027856,-0.8681030441114936,1.805632751147156,0.0009501875000000014,0.048131382687414494,0.048140760854887825,0.116492,0.177804,0.8039744914297697,0.22970988252095603,2.4198204999531563,-4.470348749999999,83.6660134483791,83.78535566727028,114.44092800000001,228.88185600000003,0.0760934095834423,-1.7054818317822007,1.3658822247466444,-0.16989635317999754,0.18641604216454027,-0.05084744043883461,-0.9974238796573539,0.00025890107580018814,0.0005745724950558803,0.45059775403103597,train
normal_0532_32,normal,0,B,532,normal_0532,32,17804,17819,2022-07-12 01:08:04.524000,2022-07-12 01:08:06.024000,-0.003448374999999999,0.024023443773413814,0.024269675335179087,0.048114,0.078462,-0.5389320624986429,-0.7437815631725058,1.9824739859728726,0.00014675000000000018,0.021373373003868622,0.02137387679212641,0.039914,0.06290899999999999,0.747514301542927,-0.7405913694352093,1.8674197661092207,-4.0978196874999995,83.9240761155612,84.02406011400409,114.44092800000001,228.88185600000003,0.07406153746995515,-1.7060460367461296,1.3620018818981876,-0.35575115861039347,-0.29645017943984886,0.04870303867621808,-0.9975278817709118,0.00028884197338536035,0.0002543780527045024,1.1354830745594742,train
normal_0533_00,normal,0,B,533,normal_0533,0,17822,17837,2022-07-12 01:08:09.198000,2022-07-12 01:08:10.698000,-1.2437499999999428e-05,0.036285158165854724,0.03628516029746183,0.065117,0.12506699999999998,-0.2483745118144861,-0.6186937341950047,1.794590390842368,0.0010194999999999996,0.04325198298777757,0.043263996725048416,0.080499,0.141632,0.2599695733504381,-0.8614596876730185,1.8606464056381031,-4.0978196874999995,85.31377519848668,85.41213242162488,116.82511400000001,232.45813500000003,0.07997004875561485,-1.6885496184057487,1.367781258794821,0.21220209566419446,0.020477675354929514,-0.046393108826836456,-0.997973879593566,0.00042482442796703965,0.0005065322161901056,0.838691823320473,cal
normal_0533_16,normal,0,B,533,normal_0533,16,17838,17853,2022-07-12 01:08:10.798000,2022-07-12 01:08:12.298000,-0.0010868124999999975,0.04138377512718413,0.041398043494681,0.098859,0.176634,-0.20819194789677428,1.1717800287807592,2.3880114047588226,-0.0023616875,0.03907085968902967,0.03914217220195501,0.069339,0.123285,0.41699262540031445,-1.042939970640059,1.771465304537615,-3.6507848124999995,85.92943055506983,86.00694893591881,116.82511400000001,232.45813500000003,0.09572739903693947,-1.6828193154936222,1.3583218035910434,-0.4604939188437604,-0.09174087789205072,-0.007243663943056937,-0.9975229523588515,0.0004813337062511709,0.00045510476404782903,1.0576327568405444,cal
normal_0534_00,normal,0,B,534,normal_0534,0,17860,17875,2022-07-12 01:08:17.218000,2022-07-12 01:08:18.718000,0.0028593125000000003,0.02727099272743557,0.02742047979727014,0.057683,0.102486,0.47429328840369156,-0.39213212476653236,2.1036466329718513,-0.002349437499999999,0.043911551011619865,0.04397435808300674,0.08031,0.15764,0.015295423562624701,-0.5910032295288148,1.8262915822081018,-2.0861627499999993,87.16301231693508,87.18797389079336,116.82511400000001,232.45813500000003,0.09121757885952822,-1.7351806278143806,1.3399223400503426,-0.5146472751417815,-0.011216054140195759,-0.08537792993879639,-0.9925179570526452,0.00031449841731172074,0.0005043626560021511,0.6235561129854535,train
normal_0536_00,normal,0,B,536,normal_0536,0,17895,17910,2022-07-12 01:08:34.704000,2022-07-12 01:08:36.204000,-0.003926562500000002,0.02864320250288179,0.028911086847220047,0.055322,0.09861400000000001,-0.10896511151547422,-1.0042923416748042,1.9135219748862367,-0.005532375000000001,0.032047789340442424,0.03252180767961707,0.062789,0.122615,0.3001552653839772,-0.5227059452087701,1.9306737380208046,-4.2468313124999995,85.15747108360928,85.2633007662299,116.82511400000001,233.65022800000003,0.07045108267523897,-1.689231992479827,1.3701687941955767,-0.20902618628808303,-0.146945066288947,-0.40495529708972694,-0.997638455272894,0.00033908008002747663,0.0003814279694470605,0.8889753955878649,val
normal_0536_16,normal,0,B,536,normal_0536,16,17911,17926,2022-07-12 01:08:36.304000,2022-07-12 01:08:37.804000,-0.0050306875000000004,0.028428278269002568,0.02886996401214418,0.060681,0.110274,-0.3912243260709032,0.15085572387748947,2.1018730738449993,-0.0009016874999999997,0.044698099714527505,0.04470719358713428,0.080682,0.156925,0.127871654526043,-0.6604794981625508,1.8046760157904087,-4.3213371249999994,85.18969970116679,85.29923147205302,116.82511400000001,232.45813500000003,0.07449047212548376,-1.6941478925691091,1.3695916362186213,-0.17078975279711658,-0.29619887079626284,0.11157427647769579,-0.9975292375984885,0.00033845514799981497,0.0005241218802983225,0.6457565706037138,val
normal_0536_32,normal,0,B,536,normal_0536,32,17927,17942,2022-07-12 01:08:37.904000,2022-07-12 01:08:39.404000,0.0025127499999999994,0.03141273016529286,0.03151306917772371,0.084868,0.137227,0.9109279457942184,1.9781094648387079,2.6931048677414253,0.004571312500000001,0.038544030388503014,0.038814162061836396,0.096338,0.15143,0.7723559315798944,0.9818570036434284,2.4820321986217317,-4.172325500000001,85.31172556163575,85.41369221841312,118.01720700000001,233.65022800000003,0.07438834509592,-1.6824270025503714,1.3817129775658892,-0.2686150108292205,0.14921720869582414,0.2123785875287745,-0.9981055385023159,0.00036894634056025804,0.0004544255265605882,0.811896161187738,val
normal_0537_00,normal,0,B,537,normal_0537,0,17945,17960,2022-07-12 01:08:41.601000,2022-07-12 01:08:43.101000,6.93125000000008e-05,0.03166378444832272,0.0316638603112839,0.068989,0.125635,-0.32085275308796896,0.15058687253348157,2.178793088454054,-0.00779925,0.03508302945068313,0.03593949437596473,0.067578,0.12285399999999999,0.44077159771550345,-0.507337599979846,1.880326954326719,-3.9488080625000004,85.60140724758338,85.69243845218251,116.82511400000001,232.45813500000003,0.07519023645416902,-1.692634776976088,1.3633071495005937,-0.6905456010428075,0.049383213587963104,-0.3747968383969576,-0.9982211531354285,0.0003695058850373682,0.0004194009999612676,0.8810324369076199,val
normal_0537_16,normal,0,B,537,normal_0537,16,17961,17976,2022-07-12 01:08:43.201000,2022-07-12 01:08:44.701000,-0.002808624999999999,0.02942926421921511,0.029562983051021764,0.062936,0.102384,0.7329140474101077,-0.1849480444893019,2.1288785333801012,0.0018866249999999994,0.052002688540924255,0.052036900074610516,0.08837,0.170764,-0.08042917906474985,-1.2233379323498512,1.6982179928722712,-3.5762789999999995,86.10963952378573,86.18387198543682,118.01720700000001,233.65022800000003,0.09295891147825774,-1.6845833065478193,1.369365338098784,-0.1065240075293953,-0.27778661858085163,0.12318125446489994,-0.9976381244313621,0.00034302221947068307,0.0006037893039129596,0.5681157603284276,val
normal_0537_32,normal,0,B,537,normal_0537,32,17977,17992,2022-07-12 01:08:44.801000,2022-07-12 01:08:46.301000,-0.0006204999999999995,0.04649862593399939,0.046502765874730505,0.077981,0.154336,0.05746448655215111,-1.089018566862138,1.6769110080476888,0.005737499999999998,0.05372567327986686,0.05403116578073251,0.102921,0.20069199999999998,-0.029575786868443105,0.022486314240850902,1.904845074371902,-2.5331976249999997,87.54873651613185,87.58537752261152,116.82511400000001,233.65022800000003,0.08747161675924893,-1.7198639491074619,1.3338426721953651,0.06053199100820562,0.02108090702196984,0.11382648421713026,-0.9941663281971388,0.0005309421183087907,0.0006168971043914669,0.8606656029493512,val
normal_0538_00,normal,0,B,538,normal_0538,0,17995,18010,2022-07-12 01:08:49.676000,2022-07-12 01:08:51.176000,-0.004906062500000001,0.04264891299386883,0.04293016688544898,0.072437,0.137022,0.33890305641622087,-1.2430574995220978,1.687321649442557,0.0016849999999999981,0.04986826854573958,0.04989672767577048,0.112259,0.19817200000000001,0.005640266595011494,0.26231738016005535,2.24982689705546,0.8195639374999999,88.61742135707058,88.62121107852363,118.01720700000001,234.84232100000003,-0.006166432531444771,-1.805408504943917,1.3317038388860405,-0.00211445097847132,0.0270441544499855,0.06391777077575826,-0.9418900073928956,0.00048442315742458443,0.0005630336921435099,0.8603804073968477,train
normal_0538_16,normal,0,B,538,normal_0538,16,18011,18026,2022-07-12 01:08:51.276000,2022-07-12 01:08:52.776000,-0.002196874999999999,0.032161624729394114,0.03223656875351345,0.055344,0.107482,0.1088177370374349,-1.0212717529811468,1.7168080270319734,-0.003021687500000001,0.03616918661256904,0.036295187774173315,0.072743,0.125272,-0.20067462641754985,-1.0248554390279714,2.004205087809519,-0.7450581250000003,88.34856394936665,88.35170549301783,118.01720700000001,233.65022800000003,0.043046873733132034,-1.7831300664299157,1.3357660312434665,-0.5219689716722031,0.14116090466021158,-0.05542381599355345,-0.9698815532746278,0.00036486640041216874,0.00041080347653324717,0.8881774893709775,train
normal_0539_00,normal,0,B,539,normal_0539,0,18030,18045,2022-07-12 01:08:57.709000,2022-07-12 01:08:59.209000,-0.003089375,0.029634659230947383,0.0297952557569993,0.046916,0.08281,-0.2076487243341391,-1.5617779619139396,1.5746130988984315,0.0014512499999999994,0.04958102857255484,0.04960226326363546,0.084493,0.147082,0.4356318464269279,-1.169430201376308,1.703410176082504,-4.2468313124999995,84.73400979977222,84.8403677086841,116.82511400000001,232.45813500000003,0.07797201837292517,-1.6962766440766577,1.3769991474004657,-0.2221516333126443,-0.3196378558761616,-0.1340176033353521,-0.997099096013468,0.0003511919686546751,0.0005846540344326945,0.600683392179866,train
normal_0542_00,normal,0,B,542,normal_0542,0,18071,18086,2022-07-12 01:09:23.128000,2022-07-12 01:09:24.628000,0.00016837500000000034,0.023644156841265772,0.02364475635051036,0.04168,0.077429,-0.35995582421835304,-0.8250054145024954,1.7627587014277,-0.002357874999999999,0.03595856156201712,0.0360357839393706,0.079801,0.144289,0.4853666105577494,0.15535775581413347,2.2144932418915433,5.215406875000001,84.50404452922263,84.66483337648896,115.63302100000001,228.88185600000003,-0.07244593535379028,-1.7047353484752108,1.3657739156681643,-0.6719626124963034,-0.060712405412887784,0.0911563279945155,-0.9975198139448551,0.0002792748229405528,0.00042562871149968593,0.6561465789197797,test
normal_0542_16,normal,0,B,542,normal_0542,16,18087,18102,2022-07-12 01:09:24.728000,2022-07-12 01:09:26.228000,0.0015777500000000002,0.03387949170866499,0.033916209303222554,0.064995,0.119039,0.008259919365749753,-0.6893078129475461,1.9163403380054176,0.007032750000000001,0.04819958225635882,0.0487099507518741,0.107401,0.162988,0.3767935717791368,-0.9035697932775624,2.2049088192902304,5.215406874999999,84.61328297711464,84.77386463431448,116.82511400000001,232.45813500000003,-0.0735779659376773,-1.6962056514953745,1.3780793703807617,-0.24195851411402616,0.028957074583289017,-0.3305391932260934,-0.997631474380951,0.0004000786026392156,0.0005745868843185598,0.6962891314752077,test
normal_0542_32,normal,0,B,542,normal_0542,32,18103,18118,2022-07-12 01:09:26.328000,2022-07-12 01:09:27.828000,-0.0020227500000000002,0.024800686524015823,0.024883037789325484,0.039444,0.072979,0.029280514098323475,-1.3953547572737748,1.585176228640419,-0.00040649999999999974,0.03245765015947704,0.032460195565107125,0.074808,0.145844,0.027027953987010543,1.2853489514846776,2.304607187284305,4.991889437500001,85.00636512401738,85.15281012247326,116.82511400000001,231.26604200000003,-0.07803203835413014,-1.6903501285328915,1.371946666609983,-0.33359124852408534,-0.01694931468596791,0.026949604305569096,-0.9981486898474857,0.00029221628450707386,0.00038119934642697525,0.7665707909681648,test
normal_0543_00,normal,0,B,543,normal_0543,0,18121,18136,2022-07-12 01:09:29.681000,2022-07-12 01:09:31.181000,0.0002994999999999994,0.03882530847591555,0.03882646363628807,0.089697,0.17241,0.14360790196506729,1.2137557425982317,2.3102026710505563,0.0007493750000000005,0.03141874093768518,0.03142767641745091,0.055521,0.093755,0.2502550942742895,-1.5515012682022775,1.7666275820878297,2.3096801875000006,87.41430767712525,87.4448157939603,115.63302100000001,231.26604200000003,-0.05719056857439153,-1.7783245541659132,1.322354217915645,-0.45169688707818145,-0.051795495496425994,0.007681946398545393,-0.977555791271818,0.0004440110403774189,0.0003594001100248367,1.2354226612416317,val
normal_0543_16,normal,0,B,543,normal_0543,16,18137,18152,2022-07-12 01:09:31.281000,2022-07-12 01:09:32.781000,0.0033038749999999995,0.03312939639858196,0.03329373057724232,0.064709,0.11265900000000001,0.032622303532829765,-0.893077546948958,1.9435791327100893,-0.005406249999999999,0.04646314002585813,0.04677660654777129,0.084408,0.159956,0.03669372981493333,-0.8548026497854142,1.8044917369924451,0.8195639374999999,87.6692201407384,87.67305084878079,116.82511400000001,232.45813500000003,-0.00180860692900726,-1.81400999673741,1.3325088253344912,-0.5257470520952497,0.018766138321435692,0.18885791417355635,-0.9488286097883352,0.00037974873983417803,0.0005335346049318162,0.7117602800716338,val
normal_0543_32,normal,0,B,543,normal_0543,32,18153,18168,2022-07-12 01:09:32.881000,2022-07-12 01:09:34.381000,-0.0029730625,0.03333166292819177,0.03346399339868898,0.056476,0.10957,-0.06469096340653295,-1.436850359928502,1.6876646886444986,-0.00022337500000000048,0.048033709759234454,0.04803422914573523,0.083132,0.15354099999999998,0.2661501689290723,-1.0155451587111441,1.730682504506913,-0.8195639375000012,87.61550928452081,87.61934234079597,116.82511400000001,231.26604200000003,0.046434927751140866,-1.791623401542508,1.3333256205645554,-0.16103882128554411,-0.012596509598497152,-0.03935341269740942,-0.9690116489581858,0.0003819247269459131,0.0005482149016698368,0.6966697289376637,val
normal_0544_00,normal,0,B,544,normal_0544,0,18171,18186,2022-07-12 01:09:37.774000,2022-07-12 01:09:39.274000,-0.0030775625000000004,0.03819663298965098,0.03832041443783587,0.063444,0.126078,0.21222332122452559,-1.0666588043111762,1.6556188373933196,-0.0031625000000000004,0.03680876893995506,0.036944375446405914,0.074368,0.145764,-0.008715500713847949,-0.13918058304108483,2.0129721805118455,-4.1723255,84.4821010406614,84.5850678094099,116.82511400000001,232.45813500000003,0.07460957818232115,-1.6988769623768074,1.3811552916554317,-0.47177605977726794,-0.1358049051594532,-0.09554912014877152,-0.9977044962590244,0.0004530399446410659,0.00043677183695886254,1.037246237750754,train
normal_0544_16,normal,0,B,544,normal_0544,16,18187,18202,2022-07-12 01:09:39.374000,2022-07-12 01:09:40.874000,0.00021487500000000066,0.03892402331285109,0.03892461640305528,0.08987,0.16068300000000002,0.20073498324759131,0.37532197768732045,2.3088217252911942,0.0066785625,0.04470807042913051,0.045204145369230245,0.088537,0.146003,0.2920512278598458,-0.903784945160325,1.9586035589617796,-3.9488080624999995,84.79766380295553,84.88955690515495,115.63302100000001,231.26604200000003,0.0814483541370722,-1.685676853201438,1.3621583763146978,-0.30221206407715495,-0.031189887839469698,0.35427113847425407,-0.9980608013702641,0.00045853244877393825,0.0005325053754225122,0.861085108127067,train
normal_0545_00,normal,0,B,545,normal_0545,0,18207,18222,2022-07-12 01:09:45.835000,2022-07-12 01:09:47.335000,0.00153775,0.028097914525592467,0.028139962255660546,0.049617,0.083776,0.25561466313933007,-1.222605124026779,1.7632219812242003,-0.003013812500000001,0.05271668106398907,0.05280276061142542,0.105989,0.180483,0.3427552048520937,-0.7979172632900893,2.0072624759143025,4.768372,85.74890759859865,85.88138637611407,116.82511400000001,232.45813500000003,-0.08625549677147973,-1.6887484931264667,1.36030773290465,-0.22546073162651653,-0.0820618418584713,0.11582466858004632,-0.9983745083533238,0.0003276607824240601,0.0006148335843133442,0.5329259669346084,test
normal_0548_00,normal,0,B,548,normal_0548,0,18244,18259,2022-07-12 01:10:11.168000,2022-07-12 01:10:12.668000,0.0006416250000000007,0.034440615601123846,0.034446591785327614,0.081247,0.135093,-0.5849593024590753,0.4871096542015936,2.358636828465765,-0.004849625000000001,0.037602327938032976,0.03791376964903385,0.066703,0.127668,0.17861719761370495,-1.1406297382416295,1.7593344217013194,-3.7997964374999986,84.80551900850665,84.89060317413595,116.82511400000001,231.26604200000003,0.08508940704114228,-1.6799864899092691,1.376184284618132,-0.44227349907916896,0.10848359148259326,-0.32638564164347605,-0.9970489252366265,0.0004057762637717084,0.00044661915726127425,0.9085509593004929,train
normal_0548_16,normal,0,B,548,normal_0548,16,18260,18275,2022-07-12 01:10:12.768000,2022-07-12 01:10:14.268000,-0.0013026249999999997,0.0220856868012832,0.022124068192242583,0.044405,0.073728,-0.35731124480422266,-0.9355810990762579,2.0070901795344236,-0.0028401249999999993,0.03785482072813679,0.037961213921251256,0.077159,0.14611600000000002,-0.2298698798078174,0.04897963591179133,2.0325746210345828,-4.2468313124999995,84.65955516642606,84.76600649537507,116.82511400000001,232.45813500000003,0.0771353047190052,-1.6955831276230062,1.3782071237055875,-0.4761256085189831,-0.20575609666436692,-0.1540581206049829,-0.9973029019630407,0.00026100165746807593,0.0004478353468654025,0.582807184146901,train
normal_0548_32,normal,0,B,548,normal_0548,32,18276,18291,2022-07-12 01:10:14.368000,2022-07-12 01:10:15.868000,-0.0012131249999999998,0.03130440247767676,0.03132789949469961,0.056219,0.102974,0.20766909388269336,-1.2170602842262954,1.7945346131333106,0.004888687500000001,0.03926387339004958,0.039567044608644956,0.07527,0.133015,0.26488998009034875,-0.6975706295087978,1.9023407167376447,-4.2468313125,84.5115000763251,84.61813766177751,115.63302100000001,230.07394900000003,0.07169339052928148,-1.698588128127653,1.3665276050176192,-0.35335351868586246,0.019815478110082423,0.14504846246328437,-0.9975132723691,0.00037022676651096514,0.0004675953135106354,0.7917674874270193,train
normal_0549_00,normal,0,B,549,normal_0549,0,18294,18309,2022-07-12 01:10:18.055000,2022-07-12 01:10:19.555000,0.0006564999999999991,0.04520037892540283,0.04520514624741303,0.076254,0.142677,-0.12126601482525719,-1.3837063109284964,1.68684334262858,-0.0012745625000000005,0.0656650456635499,0.06567741416622994,0.147532,0.2318,1.2378662687211406,0.924349502479811,2.2463125546720764,5.140901062500001,84.51018637127034,84.66640694065893,115.63302100000001,231.26604200000003,-0.07544954399884342,-1.6894738673707002,1.365748532130872,-0.007077463553906758,0.008774837554349558,-0.0379218377310386,-0.9979903042478445,0.0005339206880374226,0.000775719869773876,0.6882905915418431,val
normal_0549_16,normal,0,B,549,normal_0549,16,18310,18325,2022-07-12 01:10:19.655000,2022-07-12 01:10:21.155000,-0.0004618749999999996,0.04338789006721086,0.043390348385326426,0.095986,0.16009299999999999,0.59968903912193,-0.14954558779554583,2.2121509407483844,0.0034413125000000017,0.051770984282606056,0.05188523340327669,0.08778,0.149148,0.4224812350481387,-1.423149217940276,1.6918108340716542,4.991889437499999,85.07842838192508,85.22474955137493,116.82511400000001,232.45813500000003,-0.08450371136364039,-1.6799990632403543,1.3707885868244865,0.28168359047508174,-0.039738448538475864,-0.03424920703200465,-0.9985102704631842,0.0005091284939379023,0.0006088047624240819,0.836275478382761,val
normal_0549_32,normal,0,B,549,normal_0549,32,18326,18341,2022-07-12 01:10:21.255000,2022-07-12 01:10:22.755000,0.0002937500000000006,0.05586148840603426,0.05586226074909608,0.085724,0.16882399999999997,-0.06915134936609253,-1.6308135983086323,1.5345601637038493,-0.001148249999999999,0.04073860703389968,0.0407547859904208,0.090046,0.160319,-0.41576720257398564,-0.11565492207685413,2.2094582957978197,3.948808062500001,86.10625500929773,86.19675305277268,116.82511400000001,231.26604200000003,-0.09481380865579009,-1.6968339333163243,1.355330796839593,-0.21190457616997624,0.05202072961709312,0.010435813712383963,-0.9970290175123812,0.0006480784805768176,0.0004728111506180435,1.3706920400030125,val
normal_0550_00,normal,0,B,550,normal_0550,0,18343,18358,2022-07-12 01:10:26.247000,2022-07-12 01:10:27.747000,-0.0031134374999999995,0.02115188862421258,0.021379800874598905,0.046835,0.087727,-0.04048008737458214,0.30244387927674854,2.190619092979679,0.00031368749999999886,0.043033328413450006,0.043034471696391255,0.088221,0.138169,0.7284213076484299,-0.7776138360860703,2.050007738503223,3.0547383125000005,84.58713505395804,84.6422757420569,113.248835,226.49767,-0.08039209216945442,-1.7317951480977543,1.3379701101742605,-0.5284677858293231,0.14126227487889206,-0.029394859329154192,-0.9925325371034935,0.00025259009977180645,0.0005084276305086202,0.49680639802978577,train
normal_0550_16,normal,0,B,550,normal_0550,16,18359,18374,2022-07-12 01:10:27.847000,2022-07-12 01:10:29.347000,0.0006160625000000003,0.036732700168699735,0.036737865951732965,0.092123,0.168448,-0.4772607405262359,1.8059218347449866,2.5075762462913134,0.0036091250000000012,0.039236040628921456,0.03940168356174645,0.092785,0.169004,0.3518596027380605,0.870506466761849,2.3548486159124766,2.9802325000000005,84.92773737215657,84.98001153746719,115.63302100000001,230.07394900000003,-0.07652656988254183,-1.6973490475137076,1.3607084643547982,-0.012261357741654847,0.037431023851877125,-0.11155837553630897,-0.9970497011110034,0.0004323118494227958,0.00046365825149805343,0.9323933048231553,train
normal_0551_00,normal,0,B,551,normal_0551,0,18389,18404,2022-07-12 01:10:34.272000,2022-07-12 01:10:35.772000,-0.001685312500000001,0.04219251170041722,0.0422261568439812,0.06434,0.126726,-0.051695735503735706,-1.5008663939731783,1.5237001140720872,0.0027284375,0.040328189759101435,0.040420381745321254,0.079714,0.138158,0.39781014650922975,-0.740472879435099,1.97212387805385,-4.2468313124999995,84.25889314209644,84.36585002077592,116.82511400000001,232.45813500000003,0.07860248858374634,-1.693784736801845,1.3847441111685674,-0.2276251305826718,0.021990203924541846,0.03227818950460781,-0.9975052777756833,0.0005005124328574013,0.000479108332759847,1.0446748650232371,val
normal_0551_16,normal,0,B,551,normal_0551,16,18405,18420,2022-07-12 01:10:35.872000,2022-07-12 01:10:37.372000,-0.0006840624999999993,0.04138362930022684,0.04138928261715223,0.088498,0.162931,-0.19960874244761745,-0.0891902198884873,2.1381863710613174,-0.001689500000000001,0.027813584677725378,0.027864850670244044,0.05204,0.099295,0.11790108581363415,-0.5703900742083512,1.8675858204247189,-4.0978196874999995,84.5986844430954,84.69787208480325,115.63302100000001,230.07394900000003,0.08271727761325064,-1.6903350125701697,1.365241158410959,-0.6305861357623785,-0.15815079550980737,-0.02883901632776525,-0.9977815744082306,0.0004886696867155228,0.00032899115390224354,1.4853581347683475,val
normal_0552_00,normal,0,B,552,normal_0552,0,18434,18449,2022-07-12 01:10:42.242000,2022-07-12 01:10:43.742000,0.0026566875,0.025962434062792413,0.026098007029991772,0.045377,0.082811,-0.498824945004917,-1.0512651000914184,1.7387151420356677,0.0004171875000000009,0.034595753218817825,0.03459826854320169,0.060705,0.118244,0.3085521048071647,-0.9108118702202703,1.7545675710389874,1.1175871874999999,87.87236499541699,87.87947161316715,116.82511400000001,231.26604200000003,-0.017141911290821942,-1.8104436836800428,1.3293788851422257,-0.5656259460559224,0.10039878637552728,-0.22497075773772993,-0.9508575427156417,0.0002969750107837637,0.00039370137198250707,0.7543154073564134,test
normal_0553_00,normal,0,B,553,normal_0553,0,18465,18480,2022-07-12 01:10:50.426000,2022-07-12 01:10:51.926000,0.005692187500000001,0.048623159506580235,0.04895521053920103,0.10891,0.17517,0.38656487527394795,-0.22360910293346992,2.224686581886723,-0.0027290625,0.05339276900066706,0.053462468739177205,0.087547,0.159195,0.4476340149207355,-1.3818814688898038,1.6375412895185986,-4.2468313124999995,84.42948572255057,84.53622676445407,114.44092800000001,228.88185600000003,0.0714155955948479,-1.6999169409425805,1.3537501303301642,0.05243787263401566,0.20364546750681747,-0.16330462770201126,-0.9976430291701369,0.0005791033313517348,0.0006324208068588317,0.9156930402528669,train
normal_0555_00,normal,0,B,555,normal_0555,0,18485,18500,2022-07-12 01:11:00.537000,2022-07-12 01:11:02.037000,0.0006241249999999997,0.043890970754067116,0.04389540802578328,0.083436,0.15317799999999998,0.1586170757002708,-0.8482884631712082,1.9007910793537075,0.0034002500000000005,0.04855773459308517,0.048676640073807474,0.090506,0.157186,0.42648358185694,-0.985864926705073,1.859331290384206,3.7997964375000004,86.17791384063754,86.26164435536101,116.82511400000001,232.45813500000003,-0.09542978343106111,-1.695451332498089,1.3543112338402756,-0.08883293489773436,0.0711161525620208,-0.01585453353842494,-0.9941476022378035,0.0005088635668125339,0.0005642906582360124,0.9017756352785545,train
normal_0555_16,normal,0,B,555,normal_0555,16,18501,18516,2022-07-12 01:11:02.137000,2022-07-12 01:11:03.637000,0.0017942500000000011,0.029512238574657464,0.02956673060637581,0.061627,0.10561999999999999,0.3357235066114935,-0.6286426225553416,2.0843359660033114,-0.0006704375000000009,0.04306657162749426,0.04307178981871429,0.079471,0.139486,0.4043955301056066,-0.959838085107517,1.8450823690978961,4.619360375000001,85.4603429731947,85.58509631571486,115.63302100000001,231.26604200000003,-0.09271624717201742,-1.6761195704223504,1.351088284967763,-0.47154566198827097,-0.2210800909649271,-0.1309970292372589,-0.9952861595958905,0.0003454658799156701,0.0005032627370053632,0.6864523329729229,train
normal_0555_32,normal,0,B,555,normal_0555,32,18517,18532,2022-07-12 01:11:03.737000,2022-07-12 01:11:05.237000,0.0014458125000000007,0.02541619065974175,0.025457280322876204,0.043893,0.086898,0.07915029514667526,-1.2282431783149184,1.7241826087980516,-0.005226749999999999,0.045124109086080576,0.04542580914386666,0.094314,0.184763,-0.12782566493752087,0.2988647650115679,2.076220584234418,5.066395249999999,84.9826244016726,85.13351168033057,116.82511400000001,231.26604200000003,-0.0799559771585142,-1.6820088018520052,1.3722576655673366,-0.16680390307453244,-0.05990252989148265,0.337373143139716,-0.9969926000541233,0.0002990277250451764,0.0005335831712714599,0.560414460472267,train
normal_0556_00,normal,0,B,556,normal_0556,0,18535,18550,2022-07-12 01:11:07.348000,2022-07-12 01:11:08.848000,-0.0001238124999999998,0.0380273113600915,0.0380275129191024,0.078508,0.135184,-0.42870976435077357,-0.47891381448066195,2.0645052482662622,0.004224624999999999,0.04002037105162039,0.04024273295267109,0.089719,0.14975,0.6029003927395358,0.40962291836271847,2.2294459997415492,-4.2468313125,84.55037650187431,84.65696511690889,116.82511400000001,232.45813500000003,0.07537302300939762,-1.6960457483981959,1.3799823066970072,-0.4666077366329717,0.010286919738896146,0.145438629922547,-0.9974820692902456,0.00044919532452631,0.0004753623390242847,0.9449535389116345,train
normal_0556_16,normal,0,B,556,normal_0556,16,18551,18566,2022-07-12 01:11:08.948000,2022-07-12 01:11:10.448000,-0.0034851874999999987,0.03764166761917362,0.037802667538977985,0.065156,0.11976500000000001,0.0820469441978393,-1.4070195087670065,1.7235820708371505,-0.0037481875000000002,0.03779828467374338,0.037983670620577205,0.07236,0.136035,0.14602153204326135,-0.871945093187473,1.9050291564185957,-4.1723254999999995,84.914140817993,85.01658432879962,115.63302100000001,231.26604200000003,0.07973395678626262,-1.6869857832778714,1.3601231090723669,-0.16856675285103376,-0.03514246021844267,-0.2398570420703969,-0.9981199874091123,0.00044465050951443855,0.0004467795421382287,0.9952347132690972,train
normal_0556_32,normal,0,B,556,normal_0556,32,18567,18582,2022-07-12 01:11:10.548000,2022-07-12 01:11:12.048000,0.0006508750000000004,0.03297093519274779,0.032977358986886744,0.077259,0.146525,0.2554067173632521,1.3233049202592637,2.3427891854748464,0.0015338749999999996,0.0399757529226702,0.04000516959406621,0.076254,0.14325500000000002,0.08821679471221859,-0.8236484842167417,1.9061036554463304,-3.3527615624999996,85.52718847909314,85.59287925542228,116.82511400000001,231.26604200000003,0.09384110970006176,-1.6850992489681156,1.364892909506829,-0.7697196061249473,-0.07689100441302131,0.07478979247785657,-0.998092314420679,0.0003852815710110329,0.0004673889924263986,0.8243274387162735,train
normal_0557_00,normal,0,B,557,normal_0557,0,18585,18600,2022-07-12 01:11:14.704000,2022-07-12 01:11:16.204000,0.0007475624999999995,0.03159328811228888,0.03160213131162992,0.055746,0.10764,0.31192710106501814,-0.8602559240876921,1.7639949486408493,-0.004413499999999999,0.04967910337355134,0.049874766107221,0.098854,0.168766,-0.19005869105150938,-0.7805452022528163,1.9820443826740606,4.693866187499999,85.10060948597155,85.22996019399508,116.82511400000001,232.45813500000003,-0.09088360265026928,-1.6756240940321443,1.3707047819110794,-0.21206927965509492,-0.01828536182300174,0.2008437391894285,-0.9963175937319437,0.000370786648728911,0.0005851788032482848,0.6336296644217141,train
normal_0557_16,normal,0,B,557,normal_0557,16,18601,18616,2022-07-12 01:11:16.304000,2022-07-12 01:11:17.804000,-0.00029824999999999947,0.02942640914743931,0.02942792055811963,0.057446,0.104746,-0.495905014942127,-0.7597427826568817,1.9520917180181028,-0.0022265625000000002,0.031969789442473556,0.03204723104360968,0.063895,0.11435,0.4405746271416169,-0.18822616382251844,1.993775996217959,4.991889437500001,84.62204088866555,84.7691498383652,115.63302100000001,231.26604200000003,-0.07746804020041465,-1.6821168099184574,1.3640932016008767,-0.455499910226094,0.11107460220302205,0.002697745485785112,-0.9972453772626234,0.00034715365925259067,0.00037805299575041396,0.9182671825242652,train
normal_0558_00,normal,0,B,558,normal_0558,0,18630,18645,2022-07-12 01:11:22.827000,2022-07-12 01:11:24.327000,0.0012245625000000017,0.03730133977648918,0.03732143489253193,0.063404,0.104643,0.3450403703762709,-1.5919730899101099,1.6988628701595616,0.0071844375,0.061383845895081335,0.06180285332460387,0.127148,0.222921,-0.09152351080596681,-0.6578503063628256,2.057316016336451,2.0861627499999997,86.38202744526942,86.40721463266112,115.63302100000001,230.07394900000003,-0.0626685757943815,-1.7710095739373568,1.3382334043700537,-0.41164218819836706,0.01101189458237841,-0.09862616188261059,-0.9786660887218215,0.0004319249850975381,0.0007152510769771181,0.6038788322039199,test
normal_0559_00,normal,0,B,559,normal_0559,0,18660,18675,2022-07-12 01:11:30.788000,2022-07-12 01:11:32.288000,-0.0019068125,0.04220389132565081,0.04224694517876411,0.065576,0.127441,0.16185189531281408,-1.4475957646288198,1.552206904487913,0.004910687500000001,0.03281031384854226,0.03317576746003776,0.065038,0.119482,0.16424741117594796,-0.733690578808659,1.960406796266047,-1.490116249999999,85.45163849793792,85.46462992619098,115.63302100000001,228.88185600000003,0.07339489231354776,-1.7439806240605862,1.3529927070398957,-0.21473928250654817,0.03572995710065324,0.007750237797436843,-0.9892967709248797,0.0004943208110214652,0.00038818125683910454,1.273427818351245,val
normal_0561_00,normal,0,A,561,normal_0561,0,18684,18699,2022-07-12 01:11:47.790000,2022-07-12 01:11:49.290000,0.0043936249999999965,0.057577351643110286,0.05774474316225677,0.101319,0.200351,-0.07347594701001804,-0.9637265626162677,1.7546012753975555,0.0161924375,0.03726537775698904,0.040631310729073215,0.084268,0.120333,0.5997880519952029,-0.852996633783242,2.0739670586039725,-3.5017731874999996,86.06782337981738,86.13903085591416,121.59348600000001,238.41860000000003,0.08353034968641512,-1.5886282149470528,1.4115957051268777,0.7402848018060728,0.06221122587060488,-0.1227763038014999,-0.9965940949505118,0.0006703667616001755,0.00047169454224575295,1.4211882936116618,train
normal_0561_16,normal,0,A,561,normal_0561,16,18700,18715,2022-07-12 01:11:49.390000,2022-07-12 01:11:50.890000,-0.0069589375,0.05950014358015108,0.059905708385658035,0.109221,0.218108,0.13341589787135177,-0.8168023847443044,1.8232152317916415,-0.011807625,0.04826545149726018,0.04968876951963089,0.107875,0.164032,-0.8960030793693834,-0.035769872722396734,2.171013712814544,-3.9488080625,86.10109739806343,86.1916008568426,121.59348600000001,241.99487900000003,0.07129503768716726,-1.5856838893180711,1.4107347443512175,0.6940345683195757,-0.16802274096187114,0.08398919876147697,-0.9974973928953766,0.0006950295364064145,0.0005764920134406134,1.2056186732897596,train
normal_0561_32,normal,0,A,561,normal_0561,32,18716,18731,2022-07-12 01:11:50.990000,2022-07-12 01:11:52.490000,0.0037386875,0.06790299186129314,0.06800583863123445,0.126291,0.220514,0.16791490613714677,-1.1105425837046419,1.8570611368359142,-0.00813475,0.04358628304509918,0.044338901962610665,0.073372,0.134389,0.3265922010673503,-1.2823270700405107,1.6547996624244747,-4.1723255,86.55407932519049,86.65458411364813,125.16976500000001,247.95534400000003,0.060988154511778137,-1.5803890285264228,1.444467898384221,0.6503626019341642,-0.01730742308464419,-0.016733781198106538,-0.9978019058457874,0.0007847921645096616,0.0005116740495166403,1.5337736304020615,train
normal_0562_00,normal,0,A,562,normal_0562,0,18734,18749,2022-07-12 01:11:55.696000,2022-07-12 01:11:57.196000,-0.023950562499999998,0.05834494861914863,0.06306950509903736,0.129583,0.207879,0.09323519686177072,-0.7475148461578356,2.054606260133439,-0.013924437499999998,0.04450243970274094,0.046630002135829886,0.127375,0.155801,-1.2718028717551373,0.8644219970925828,2.7316104260292686,-3.5762790000000004,84.28948961990858,84.36532363400569,113.248835,225.305577,0.11456944558541854,-1.6543702248089522,1.3423623607644415,-0.14838332022707373,0.22540617916879754,0.0156862938183044,-0.983083090128639,0.0007475761649732535,0.000552715264130563,1.3525520525459203,train
normal_0562_16,normal,0,A,562,normal_0562,16,18750,18765,2022-07-12 01:11:57.296000,2022-07-12 01:11:58.796000,0.0166729375,0.06285268446382059,0.0650265083576498,0.133575,0.222331,0.32615658999279323,-0.605382016381375,2.0541622697212847,0.0044380625,0.03980199976519514,0.04004866519701375,0.07351,0.137522,-0.06402906596602377,-1.1084987536849362,1.8355168552654113,-4.0978196875,81.50700925198335,81.60995456066716,112.056742,221.729298,0.11104754014074758,-1.6333925480693647,1.373076882633225,0.36586633803903634,-0.08715797355637156,-0.2540649002788302,-0.9942483772400389,0.0007967962818715997,0.0004907326001173349,1.623687282404072,train
normal_0562_32,normal,0,A,562,normal_0562,32,18766,18781,2022-07-12 01:11:58.896000,2022-07-12 01:12:00.396000,0.0061313125,0.05142957175195846,0.05179376259321676,0.107501,0.209275,-0.3663855823008095,0.07726240379534266,2.0755588051075287,0.0017253124999999994,0.06092679272979864,0.06095121635835088,0.116351,0.211194,-0.5573790048298489,-0.5027823884660747,1.9089200667618642,-3.3527615625000005,80.8409352719726,80.91043088342961,109.672556,219.345112,0.07995443186156209,-1.646767488495672,1.355481052350456,0.2733787946761767,-0.41223315028207574,0.0751897331513939,-0.9974273904937242,0.0006401370259396811,0.0007533171643365162,0.8497576535422257,train
normal_0563_00,normal,0,A,563,normal_0563,0,18784,18799,2022-07-12 01:12:03.184000,2022-07-12 01:12:04.684000,-0.024776812500000002,0.05874571133412501,0.06375695285859025,0.10808,0.184479,0.33497949229439394,-1.276838256126558,1.6951876643119388,-0.013300687500000002,0.12517381313583462,0.12587848022175,0.22273,0.409705,0.33426735702172955,-1.0008384907447028,1.7694049023124085,6.705523125000001,138.42073158068123,138.58305441759794,206.232089,404.119527,-0.0942119851556087,-1.4666838425051727,1.488147954789281,0.2736015433598057,-0.004706148867438775,0.16092655283640683,-0.9930059686823718,0.0004600631233488969,0.0009083251971228406,0.5064960487787488,train
normal_0563_16,normal,0,A,563,normal_0563,16,18800,18815,2022-07-12 01:12:04.784000,2022-07-12 01:12:06.284000,-0.003280875000000001,0.05541404225225205,0.05551108195216519,0.133772,0.217812,-0.5146779938292367,0.4196152211523292,2.4098251249232274,-0.009063875000000002,0.10309161145607035,0.10348929501462942,0.172265,0.305187,0.4258054428976246,-1.3462932028061267,1.664568301249403,8.1211335625,134.39111783511208,134.63627060829833,201.463717,400.543248,-0.09135334600937346,-1.433153752580459,1.4963554478282077,0.01045907482841084,-0.2581381517085906,0.1350937793486344,-0.9964245787961148,0.0004123040671088208,0.0007686583603887408,0.5363944352342728,train
normal_0564_00,normal,0,A,564,normal_0564,0,18828,18843,2022-07-12 01:12:11.247000,2022-07-12 01:12:12.747000,-0.017447625,0.04924039025139195,0.05224017276244403,0.136546,0.192972,-0.8005420328056293,0.38047749335597914,2.6138121828372713,-0.013162624999999997,0.1451127285896533,0.14570847159868572,0.21007,0.416846,0.31405052963044594,-1.3975553594327232,1.441714388292951,-8.791685874999999,149.72569143099213,149.9835871521059,227.689763,454.187433,0.06185289188678841,-1.4978422758497778,1.5180978620619892,0.5059176480744291,-0.15299755754933944,-0.11679126906645043,-0.9986571660409602,0.0003483059296979252,0.0009714961107772107,0.35852529498988467,train
normal_0565_00,normal,0,A,565,normal_0565,0,18858,18873,2022-07-12 01:12:19.195000,2022-07-12 01:12:20.695000,-0.0091631875,0.07217333834701249,0.07275269598655777,0.116295,0.22899599999999998,0.18312914478879833,-1.2409019277645768,1.5984974635371225,-0.0010461249999999984,0.05232368934917888,0.05233414606760103,0.11889,0.2084,-0.3252442935919084,0.08079212220082477,2.2717481593456688,4.5448545625,83.3381068062774,83.46194191994802,112.056742,222.921391,-0.08865654602598698,-1.6385183590800272,1.342608851678511,0.8005365091892471,-0.13631578392822236,-0.004615632619654865,-0.996339520784029,0.0008716870745271905,0.000627042036929802,1.390157315122362,test
normal_0567_00,normal,0,A,567,normal_0567,0,18880,18895,2022-07-12 01:12:29.385000,2022-07-12 01:12:30.885000,-0.010935562499999997,0.07702597128077057,0.07779837259825877,0.211745,0.328132,-1.1507701269487203,1.9304080393044423,2.7217150298686215,-0.013436624999999997,0.1455447246844913,0.14616364039963906,0.238529,0.420604,0.3991444445216554,-1.4353435899131335,1.6319311652871846,-6.705523124999999,160.59105262262747,160.73098712701113,240.80278600000003,480.41347900000005,0.09548520737115934,-1.4585079617104795,1.498172756257108,0.507866314447483,0.05954329062153533,-0.10634552722075495,-0.9962757919312761,0.0004840284626434961,0.0009093681499270528,0.532268985539381,train
normal_0567_16,normal,0,A,567,normal_0567,16,18896,18911,2022-07-12 01:12:30.985000,2022-07-12 01:12:32.485000,0.007354625000000002,0.06473732411143802,0.0651537538596204,0.139718,0.257833,-0.10415620064955565,0.11011757087983964,2.144435151058755,-0.000698312500000001,0.1412462093538791,0.14124793555017892,0.234249,0.421797,0.6610143655369174,-1.1504434634003429,1.6584242388221107,-5.215406874999999,159.86433548472328,159.94938645972965,234.84232100000003,469.68464200000005,0.10385061453418008,-1.48390996153395,1.4682289579092953,0.3591445210402648,-0.00037132178300466575,-0.02614252782933073,-0.9931384477225663,0.0004073398173116726,0.0008830789456372239,0.46127225580917786,train
normal_0567_32,normal,0,A,567,normal_0567,32,18912,18927,2022-07-12 01:12:32.585000,2022-07-12 01:12:34.085000,0.0102313125,0.06488676626604876,0.06568844793369302,0.124824,0.22792800000000002,-0.6398139830752197,-0.17861488970151518,1.900242796511182,0.0022655625,0.13818069137951616,0.13819926281844813,0.272816,0.422114,0.6567139404584355,-1.1267872728649526,1.974077100240378,-2.9802324999999987,158.85394050194176,158.8818938669492,237.22650700000003,463.72417700000005,0.08754514080241443,-1.543194316181245,1.4930996932769325,0.3803853823504253,0.1479955539197164,0.022187914142325085,-0.9850761798205365,0.0004134419998083722,0.0008698238638455486,0.4753169198882609,train
normal_0568_00,normal,0,A,568,normal_0568,0,18930,18945,2022-07-12 01:12:36.055000,2022-07-12 01:12:37.555000,-0.0016984999999999986,0.03758504640146131,0.037623405152245326,0.083541,0.148898,-0.5737870040016337,0.19608983432211824,2.220452924501289,0.005617374999999999,0.04471354390992035,0.045065018704922334,0.095011,0.179586,-0.041687610471366036,-0.14614675055789217,2.108309343486907,4.6938661875,81.94552195354015,82.07984495614187,110.864649,221.729298,-0.09490926939924729,-1.6458570064311155,1.3506927195006138,0.41895214624804045,-0.23673648253204263,-0.11341557678821959,-0.9983732476663684,0.0004583756849485867,0.0005490387893520285,0.8348694005564857,train
normal_0568_16,normal,0,A,568,normal_0568,16,18946,18961,2022-07-12 01:12:37.655000,2022-07-12 01:12:39.155000,0.00018524999999999792,0.05917460438767209,0.059174894355630246,0.104037,0.191359,-0.20857129890678203,-1.1965298135213747,1.7581273466202871,-0.0048318125,0.035905899459940334,0.03622954634083209,0.066115,0.124058,-0.2432236000212535,-0.7549439622876752,1.8248917438274916,3.2037499375000005,83.22772824932568,83.28936764801156,110.864649,221.729298,-0.08800905687800024,-1.6932759466541598,1.3310780491037473,-0.06130513791924705,-0.07345597498868317,-0.13457470707470137,-0.9942805605960044,0.0007104735697563311,0.0004349840485515684,1.6333324684482142,train
normal_0568_32,normal,0,A,568,normal_0568,32,18962,18977,2022-07-12 01:12:39.255000,2022-07-12 01:12:40.755000,0.00867975,0.043479704128046914,0.0443375995192004,0.126744,0.190894,1.064547655322059,2.4311965427737547,2.858612134495768,0.0010322499999999997,0.04498464406675349,0.04499648588362207,0.083374,0.157958,-0.10282061979828241,-0.8325769088960264,1.8529002512693258,1.8626453124999998,84.35265646186518,84.3732190907377,112.056742,221.729298,-0.04573480711318889,-1.759192567423135,1.3281079376560296,0.23043470285494677,0.09932044094243961,-0.010627493038767827,-0.970158385831153,0.0005254937526031608,0.0005333029410105993,0.9853569372922634,train
normal_0569_00,normal,0,A,569,normal_0569,0,18980,18995,2022-07-12 01:12:43.312000,2022-07-12 01:12:44.812000,0.0748120625,0.11011373450577631,0.13312354871438975,0.300395,0.388622,0.18556803540118993,-0.6552630797054162,2.2565128626827944,0.029464562500000003,0.13272326066338594,0.1359544937265315,0.337095,0.537044,0.5887240752135149,0.45057357196672765,2.479469348604664,0.3725290625000004,125.39500894176832,125.39556230349048,180.006043,358.819993,0.015060968694715519,-1.5855811385064336,1.435505688505449,-0.3686612328265322,0.39967311817315776,-0.2302598371309434,-0.9605155455646618,0.00106162886683498,0.0010842049848421719,0.9791772604601351,train
normal_0569_16,normal,0,A,569,normal_0569,16,18996,19011,2022-07-12 01:12:44.912000,2022-07-12 01:12:46.412000,-0.00248725,0.10316538619402586,0.10319536482383788,0.190961,0.360432,0.4420892662975139,-0.49556163443988677,1.8504804002193755,-0.011923125000000001,0.11175009806252688,0.11238436424498739,0.180376,0.35037300000000005,0.07262021433322084,-1.4024386979234151,1.604991950720095,-0.8940697500000017,126.30807585031314,126.31124014008542,184.774415,367.164644,0.055898467986025054,-1.553666761201728,1.4628501374468024,0.06058094113494334,-0.5694820510454888,0.07779628421327697,-0.9785675402351831,0.000816992729304131,0.0008897415948125247,0.9182359620674782,train
normal_0570_00,normal,0,A,570,normal_0570,0,19024,19039,2022-07-12 01:12:51.468000,2022-07-12 01:12:52.968000,0.0143513125,0.04508484766071461,0.04731388442162089,0.094502,0.148387,0.020534525976783662,-1.2640539161271374,1.9973418195360788,0.00672275,0.05595440028775664,0.056356812180294584,0.124843,0.21010299999999998,-0.6066182285017699,0.013678606628284573,2.2152246582118056,4.0978196874999995,81.28659263837125,81.38981673985863,110.864649,220.537205,-0.08302382943582443,-1.6342291156663158,1.3621439811610585,0.19476519090302802,0.10913011837945753,-0.02124468332600947,-0.9962490690462777,0.0005813243759086891,0.0006924307540883704,0.839541531736325,train
normal_0570_16,normal,0,A,570,normal_0570,16,19040,19055,2022-07-12 01:12:53.068000,2022-07-12 01:12:54.568000,-0.0055935625000000004,0.04273986443732705,0.04310433799007358,0.094241,0.165463,0.5535349360508428,0.27154609847705435,2.1863460708224447,-0.009979562499999999,0.05165234323819291,0.052607568178803896,0.083239,0.16627999999999998,0.1751997520733986,-1.2714836112691563,1.5822628355883175,4.768371999999999,80.62616816762267,80.76704999518154,109.672556,219.345112,-0.08251397951664505,-1.629270180101198,1.3578873563729632,-0.2733795014171867,0.0919749364103324,-0.08448067112383824,-0.9969843750102534,0.0005336871656528886,0.0006513493829716747,0.8193562158883584,train
normal_0571_00,normal,0,A,571,normal_0571,0,19066,19081,2022-07-12 01:12:59.519000,2022-07-12 01:13:01.019000,0.009960374999999997,0.0643823433043515,0.06514825553689063,0.186993,0.29470799999999997,1.021078879124891,2.598666225490753,2.8702687195379157,0.013509187500000002,0.17072116415159938,0.17125482193558084,0.275069,0.5347500000000001,-0.0624268752879083,-1.398890269672021,1.6061971096117216,6.482005687500003,159.7682428851598,159.89968052608543,239.61069300000003,470.87673500000005,-0.09265932097207602,-1.463347737309528,1.4985063898292832,0.6448346661330125,0.010083962725801657,-0.1007490895300823,-0.9959811131994689,0.00040743205566481786,0.0010710141594538268,0.38041705804579784,train
normal_0572_00,normal,0,A,572,normal_0572,0,19096,19111,2022-07-12 01:13:07.457000,2022-07-12 01:13:08.957000,0.005015187499999999,0.08570179511554786,0.08584841170160051,0.167167,0.322898,-0.24980709962453426,-0.34999562169025156,1.9472346277186097,-0.0022204999999999985,0.10153911526291234,0.10156339177393102,0.176731,0.29615,0.7679117591036053,-0.9231473554800353,1.740105336314327,2.6822092499999997,116.46533555413458,116.49621724415755,172.853485,344.514877,-0.07140882182676249,-1.5517724540445437,1.4837690792802876,0.45662547777855605,-0.07624213686868668,0.02360782410980454,-0.9774295104255846,0.0007369201655850841,0.0008718170784985258,0.8452692471386705,cal
normal_0574_00,normal,0,A,574,normal_0574,0,19124,19139,2022-07-12 01:13:24.740000,2022-07-12 01:13:26.240000,-0.006152062500000003,0.08785477750631206,0.08806991429363094,0.15975,0.282333,-0.2163472820540249,-1.2128851930080176,1.813899800871645,-0.012350562500000002,0.1080273765463926,0.10873109250606516,0.213084,0.336045,0.8628321016015396,-0.63831535805181,1.959733826716713,-3.7252906250000013,125.4737167197204,125.52900612090161,184.774415,364.780458,0.08107210618079423,-1.5360495951598396,1.4719658882827205,0.40939648533985395,0.027094259449414175,-0.0912781978475243,-0.9908073948685484,0.0007015901504773132,0.0008661830111308476,0.8099791169551459,train
normal_0574_16,normal,0,A,574,normal_0574,16,19140,19155,2022-07-12 01:13:26.340000,2022-07-12 01:13:27.840000,0.0033334375000000005,0.06043149991205823,0.06052336728229436,0.114904,0.200521,-0.5928840364153196,-0.3156701130378705,1.8985063977696806,-0.003993749999999997,0.1098286905642715,0.10990127983843045,0.217887,0.34443599999999996,0.8322481239077165,-0.7987964685924194,1.9825701786214225,-5.215406874999999,121.4976681031047,121.60955481936435,180.006043,356.435807,0.08872002046112759,-1.4833199033612317,1.4801965459652926,0.38173029660623137,-0.14060827890283573,-0.07346568883117134,-0.9958134990771407,0.0004976859538067892,0.000903722408997179,0.5507066648475049,train
normal_0574_32,normal,0,A,574,normal_0574,32,19156,19171,2022-07-12 01:13:27.940000,2022-07-12 01:13:29.440000,-0.001727999999999997,0.07198102294615574,0.07200176142550263,0.11965,0.216586,-0.23388203596455948,-1.3309022456120285,1.6617649017350378,0.0014884375000000006,0.10888798290845089,0.10889815548512519,0.201334,0.311375,0.6096055575795117,-1.3717504271549559,1.8488283764136022,-5.960465,117.8100646228222,117.9607496985746,178.81395,355.243714,0.08090016222319077,-1.4701183007306453,1.5158766831927037,0.3268300186803712,0.040998510647968264,-0.029409574634262154,-0.9968199905867666,0.0006103874518387592,0.0009231727991165953,0.6611843984385725,train
normal_0575_00,normal,0,A,575,normal_0575,0,19174,19189,2022-07-12 01:13:32.840000,2022-07-12 01:13:34.340000,0.0062266249999999995,0.08952517057849918,0.08974144541960531,0.183039,0.35463100000000003,-0.1508633754209159,-0.1885006454397704,2.039626163186497,-0.004182624999999995,0.17304434808015076,0.1730948894519275,0.307006,0.590654,-0.11645590348282311,-1.1731945029822632,1.7736283316744759,2.2351743750000006,186.24038980228283,186.25380210399172,264.644646,528.097199,-0.03877462480981516,-1.6296542585305924,1.4208818451514889,0.6055429889571002,0.3251802576640294,0.023450135671494655,-0.9721257190488249,0.0004818234280634962,0.0009293495622456225,0.518452310774482,train
normal_0575_16,normal,0,A,575,normal_0575,16,19190,19205,2022-07-12 01:13:34.440000,2022-07-12 01:13:35.940000,-0.0386876875,0.08647421046453586,0.09473397616252839,0.211467,0.384819,0.6560235073652882,1.5714557115538303,2.2322191949084984,-0.018280499999999998,0.17674308273168712,0.17768594196995438,0.292712,0.54348,-0.13091093279997543,-1.4394396945196133,1.6473559852556927,5.8859591874999975,185.13815906411645,185.23169938541028,262.26046,523.328827,-0.07085607534745371,-1.5814397558387883,1.4158508552810745,0.3979126067601948,-0.12431300894128343,0.057452467843997886,-0.9874872405596786,0.000511435010729001,0.0009592631421053073,0.5331540307141874,train
normal_0575_32,normal,0,A,575,normal_0575,32,19206,19221,2022-07-12 01:13:36.040000,2022-07-12 01:13:37.540000,0.029438374999999996,0.09970327243743997,0.10395845543954085,0.262679,0.420684,0.46025475886113315,0.9094353468365384,2.5267689760239493,0.005957874999999997,0.1801370791719722,0.1802355779726217,0.284192,0.5496570000000001,0.2773801332187468,-1.3274857640080224,1.576780806524057,9.089709125,178.83127176242402,179.06213048029744,261.068367,511.40789700000005,-0.08668927656048839,-1.5232303872935198,1.4579764370039476,0.6161317110572871,-0.2813101163722771,-0.03319681956096491,-0.9947957626921106,0.0005805719789030412,0.0010065532979484648,0.5767920884928304,train
normal_0576_00,normal,0,A,576,normal_0576,0,19224,19239,2022-07-12 01:13:39.456000,2022-07-12 01:13:40.956000,0.004723374999999998,0.08424437014637462,0.08437668026623234,0.155757,0.296059,-0.2705192312355768,-0.5696623493753443,1.845972127708065,-0.0026050624999999997,0.10201159233419796,0.10204484955737599,0.184229,0.32950599999999997,0.8287635118899844,-0.5167348463355332,1.8053728414427712,-6.258488250000001,108.29731885127045,108.47800673661517,164.508834,327.825575,0.07815711499785921,-1.4554635348755955,1.5165178541621602,0.32172656703629693,0.03313652397161288,-0.04030016146006447,-0.9992261714723628,0.0007778229228630564,0.0009406962077127864,0.8268587844680049,train
normal_0576_16,normal,0,A,576,normal_0576,16,19240,19255,2022-07-12 01:13:41.056000,2022-07-12 01:13:42.556000,-0.006352500000000001,0.05607623420063976,0.056434903192749436,0.107809,0.19853500000000002,0.3363457307138094,-0.9097164844532983,1.910324885856293,-0.007821124999999996,0.09873214677276786,0.09904143982508029,0.191995,0.312567,0.7936785476424834,-0.5889030064953795,1.9385319956887486,-4.321337125,108.2713791400308,108.35758162414018,159.740462,317.096738,0.11799637095027457,-1.4420446488657106,1.4741973713855259,0.14241288992968054,0.016289471110308384,-0.0645304221285903,-0.9959017635160716,0.0005208209923741665,0.00091402408895231,0.569811013374004,train
normal_0576_32,normal,0,A,576,normal_0576,32,19256,19271,2022-07-12 01:13:42.656000,2022-07-12 01:13:44.156000,0.0009214375000000021,0.06851902749690114,0.06852522291964835,0.158471,0.264202,-0.6237039475947229,0.20589740965508785,2.3125937172918167,-0.0026377499999999995,0.10261674636146138,0.10265064227210173,0.188146,0.32761,0.7509093118264223,-0.713938026049147,1.8328769877666329,-2.533197624999999,107.25763194912759,107.28754215444503,158.548369,309.94418,0.09653698781222529,-1.5226485129381886,1.4777891805160641,0.24303265551787095,-0.001974238034568,0.02171834540634389,-0.9875313390202596,0.0006387062425291032,0.0009567806309173502,0.6675576635751072,train
normal_0577_00,normal,0,A,577,normal_0577,0,19273,19288,2022-07-12 01:13:47.379000,2022-07-12 01:13:48.879000,-0.022085124999999997,0.06049582909473491,0.06440107207279239,0.149044,0.216337,-0.22460819916457705,-0.7063855758105255,2.3143092995647017,-0.004291125000000001,0.06127216029412848,0.06142223848798577,0.123488,0.217222,0.5552003419578977,-0.5841511242390411,2.0104770363286963,-3.9488080625,81.41078678742142,81.50649845540816,112.056742,221.729298,0.08178471780211184,-1.6399826228531418,1.37481972754977,-0.026930071647748792,0.2876137823026178,-0.6614963719417362,-0.9967176671652914,0.0007901342014836513,0.0007535870102626185,1.0484976395868295,train
normal_0577_16,normal,0,A,577,normal_0577,16,19289,19304,2022-07-12 01:13:48.979000,2022-07-12 01:13:50.479000,-0.0383965,0.04906159942485569,0.062300335074339686,0.144412,0.20079400000000003,-0.30474675055459405,0.24426206369334302,2.3179971637019423,-0.012720937499999998,0.05741991124216924,0.05881214549680618,0.112978,0.187068,-0.053341281149488835,-1.3008009466582422,1.9209977640780902,-4.1723255,80.57437629162858,80.68233025181479,110.864649,220.537205,0.06595042017643106,-1.6587295322550542,1.3740883369875936,0.3201341221088321,-0.18380158223730464,0.16459758468285035,-0.9978285878280571,0.0007721682663341068,0.0007289346417393952,1.0593107010136695,train
normal_0578_00,normal,0,A,578,normal_0578,0,19308,19323,2022-07-12 01:13:55.330000,2022-07-12 01:13:56.830000,-0.00011337499999999803,0.10202515381504884,0.10202521680876253,0.193697,0.344946,-0.32126730386055624,-0.7815254371651941,1.8985208368933764,-0.005362999999999998,0.09738464871451764,0.09753220788155059,0.175043,0.289179,0.9785206902638371,-0.6964093752648521,1.7947199576634574,5.438924312499999,107.61732110001202,107.75467367321102,158.548369,315.904645,-0.08874019451746415,-1.5049672463308787,1.4713827585876385,0.35235789397263384,-0.01593618537039787,0.08940317862248634,-0.991613001393116,0.0009468286927226537,0.0009051320426001917,1.0460669252219588,train
normal_0578_16,normal,0,A,578,normal_0578,16,19324,19339,2022-07-12 01:13:56.930000,2022-07-12 01:13:58.430000,0.010047875000000001,0.09959135392873908,0.10009694085922406,0.193992,0.38761199999999996,0.05822403669209189,-0.13193546048158122,1.938041246163852,0.0019407500000000024,0.09415493069304709,0.09417493023291815,0.180924,0.282401,0.674321130307047,-1.1808588805697344,1.9211482244003761,6.109476625000001,104.79988751561947,104.977817313554,152.587904,305.175808,-0.08062404308518761,-1.4768816563819152,1.453525210418896,0.27568732270709045,-0.04995652681346167,0.03693359861778596,-0.9963878932667415,0.0009535056397700531,0.0008970936207563818,1.0628830901351274,train
normal_0579_00,normal,0,A,579,normal_0579,0,19343,19358,2022-07-12 01:14:03.369000,2022-07-12 01:14:04.869000,-0.0008973750000000006,0.0619707939313704,0.06197729086024171,0.135262,0.240814,0.2155327891870951,0.0853630980643656,2.1824445393235195,-0.007550125000000001,0.07587863720678815,0.07625334072599704,0.133295,0.263861,0.6115530723123979,-0.6025098202675006,1.7480545603762085,-3.427267375,92.75551746270851,92.81881372563734,134.706509,268.220925,0.08182652067222182,-1.5045846632790898,1.4512845358935345,0.46761923239042263,-0.01043283087928525,0.08950227566506702,-0.9972975697856324,0.0006677233674138529,0.0008215289300226773,0.8127813190892998,test
normal_0581_00,normal,0,A,581,normal_0581,0,19377,19392,2022-07-12 01:14:28.769000,2022-07-12 01:14:30.269000,-0.0073633125,0.06133540138219399,0.061775802978897,0.139714,0.19964700000000002,-0.8158013259444279,-0.5547619585185379,2.2616298495986715,-0.0045754375000000005,0.05995842144349778,0.060132744243984904,0.135954,0.23451299999999997,0.9079384618914108,0.4476548336087389,2.2608979801150437,3.0547383124999996,96.1465395201806,96.19505438359867,135.898602,265.836739,-0.05522707976975239,-1.6468622441207346,1.4127400090453177,0.5475396152040111,-0.0178994795568717,0.03612918636455569,-0.95942937597488,0.000642193129103629,0.0006251126383711217,1.0273238608277295,cal
normal_0581_16,normal,0,A,581,normal_0581,16,19393,19408,2022-07-12 01:14:30.369000,2022-07-12 01:14:31.869000,0.008041,0.06394907828987842,0.06445263606032728,0.133979,0.21195399999999998,0.6307886941210997,-0.671912278494966,2.078720253964422,-0.00013143750000000134,0.057309963985297474,0.057310114707724145,0.129721,0.200839,0.8563261283441781,0.12085620829437849,2.2634922414928695,4.1723255,93.05104867866497,93.14454337360417,131.13023,259.876274,-0.0894511989596818,-1.5868410894035216,1.4078144059822666,0.5633374577279154,0.11394916782626625,0.009352758097375125,-0.9864602689480433,0.0006919636269170034,0.0006152815036931622,1.1246293326933523,cal
normal_0581_32,normal,0,A,581,normal_0581,32,19409,19424,2022-07-12 01:14:31.969000,2022-07-12 01:14:33.469000,-0.0037551250000000015,0.05574659915622096,0.05587292977149131,0.102078,0.183423,-0.08335634457198197,-1.060563040223744,1.8269670199411028,-0.0012796249999999986,0.06252961021275741,0.06254270216020412,0.117065,0.230494,0.135128687547555,-0.3964187450646022,1.871761148089447,4.991889437500002,90.83328088418742,90.97034613730956,126.36185800000001,251.53162300000002,-0.10107111761345865,-1.5541722299392855,1.3890444893907616,0.5533631571632126,-0.015484792750456498,-0.04450449560449443,-0.9921082497084869,0.0006141883827413097,0.0006875064767347692,0.8933565043028029,cal
normal_0582_00,normal,0,A,582,normal_0582,0,19427,19442,2022-07-12 01:14:35.252000,2022-07-12 01:14:36.752000,-0.033754124999999996,0.05543487909010333,0.06490274858779095,0.111355,0.18509199999999998,0.41481647827591517,-0.9029466491260321,1.715720865802397,-0.0025103750000000005,0.041631683123966715,0.04170730178727701,0.090229,0.146367,-0.25946479688318225,-0.6916693909116707,2.1633861730063955,4.917383625,80.91633097039683,81.06561095449919,110.864649,221.729298,-0.08184978623222906,-1.6384911686032733,1.3675916050546577,-0.06449375858316132,0.10095176878015731,-0.30644247013927944,-0.9983681402123482,0.0008006199894579196,0.000514488218816813,1.5561483434919736,cal
normal_0582_16,normal,0,A,582,normal_0582,16,19443,19458,2022-07-12 01:14:36.852000,2022-07-12 01:14:38.352000,-0.00015549999999999765,0.08039854257307778,0.08039869295035212,0.162513,0.308695,-0.14596073612226107,-0.4112389129297864,2.0213388307239666,-0.004066437500000001,0.06180779711125526,0.061941421501992514,0.109078,0.201498,0.502430830008814,-1.0018895207843965,1.7609863860888502,4.321337125,82.0044697645303,82.1182501999992,112.056742,220.537205,-0.09604198652503028,-1.6408268527268544,1.3645778097692722,0.3185165733661726,-0.06212777603402154,0.5133811166808436,-0.9975258973089776,0.000979059986720868,0.0007542954379950137,1.2979794618979785,cal
normal_0582_32,normal,0,A,582,normal_0582,32,19459,19474,2022-07-12 01:14:38.452000,2022-07-12 01:14:39.952000,0.036855375,0.08054730850319813,0.08857870835307997,0.16059,0.29674100000000003,-0.31373369127131706,-0.4922210509917564,1.8129638937596466,0.008672625,0.058548449830967984,0.05918729088241833,0.139774,0.255301,-0.47642101262431524,1.848716396981283,2.361554278226309,2.6077034375,83.37007327276936,83.4108460257111,110.864649,221.729298,-0.07354752314853134,-1.7103970189886102,1.3291394858388843,0.39435071331483196,0.24078523715833736,0.07303972682171499,-0.9844106673470041,0.0010619567187434582,0.0007095874661692564,1.4965832534732961,cal
normal_0583_00,normal,0,A,583,normal_0583,0,19477,19492,2022-07-12 01:14:43.335000,2022-07-12 01:14:44.835000,-0.006028437499999997,0.0853717616113261,0.0855843428397537,0.167701,0.33352499999999996,-0.11756563557268473,-0.01672614622168256,1.9594822421432827,-0.008394875,0.19139645655153698,0.19158047266553552,0.300348,0.577677,0.1552706591158826,-1.566268591884712,1.567738067565752,-5.066395249999998,168.6503539306461,168.72643610816124,244.37906500000003,487.56603700000005,0.09858233137098188,-1.5098643151651294,1.4483744849760356,0.2632141117199073,0.08434501640491802,-0.029833961892605947,-0.9928203181420266,0.0005072373056282081,0.001135450241731674,0.4467279031572718,val
normal_0583_16,normal,0,A,583,normal_0583,16,19493,19508,2022-07-12 01:14:44.935000,2022-07-12 01:14:46.435000,0.008496687500000003,0.06835923840886354,0.06888526093666555,0.139802,0.23764600000000002,0.47841248494864164,-0.6249056969960027,2.029490751708652,0.003048374999999999,0.18747538705549957,0.18750016891125723,0.335395,0.573249,0.3245701403903511,-1.2499754762099051,1.788771721900371,-6.705523125000003,169.33746890141114,169.47018149018515,250.33953000000002,493.52650200000005,0.09917934242219151,-1.4684520818287368,1.4771892482719646,0.46812904217532647,0.14441829609510695,0.05041657998900482,-0.9968628989128957,0.0004064742265037052,0.0011063903234334843,0.3673877273639607,val
normal_0584_00,normal,0,A,584,normal_0584,0,19514,19529,2022-07-12 01:14:51.439000,2022-07-12 01:14:52.939000,0.0012957499999999983,0.08051877626095977,0.08052920152730313,0.155877,0.283366,-0.12801177096978736,-0.9030285908127511,1.9356580848147422,0.002738875,0.09758547850274331,0.09762390614432,0.175438,0.28072,0.6685817120170519,-1.1223307813151566,1.797080314945044,-1.5646220625000007,106.26083130244581,106.2723497024758,152.587904,305.175808,0.07503977793322611,-1.5804674331576505,1.4358194245934248,0.12038221002148904,0.04101417055837005,0.03880882390987136,-0.9765726377700206,0.0007577625012786093,0.0009186200024524882,0.8248922288384434,train
normal_0586_00,normal,0,A,586,normal_0586,0,19550,19565,2022-07-12 01:15:17.019000,2022-07-12 01:15:18.519000,-0.01022825,0.05644113027028693,0.05736042437299431,0.105076,0.202179,0.04758105834270257,-0.5489255949396159,1.831855345363702,-0.0157410625,0.16574398132906243,0.16648978465791076,0.28192,0.506106,-0.06383011880337018,-1.4276926269145092,1.6933171039848816,8.568168437499999,180.35909055639146,180.5624962629338,261.068367,517.368362,-0.09488889974560132,-1.4921194176500956,1.4458615294054984,0.3667480364124268,0.07679306721912901,0.08801153774919243,-0.9964870373305703,0.0003176762924758554,0.0009220618240427378,0.3445281912692343,train
normal_0586_16,normal,0,A,586,normal_0586,16,19566,19581,2022-07-12 01:15:18.619000,2022-07-12 01:15:20.119000,-0.017324687499999998,0.0859031933542918,0.08763277597701387,0.16285,0.25754900000000003,-0.4580028114793853,-1.0946055486949444,1.8583229640324945,-0.012436625000000001,0.16834418431663856,0.16880294438967883,0.288593,0.534977,0.3943588745608873,-1.0466291752965673,1.7096443491754965,10.356307937500002,178.71145961367705,179.01128151976135,263.452553,519.752548,-0.07826083091531971,-1.4826519116509913,1.471709217225603,0.49587190306590007,-0.15312428878605544,0.09065368846258254,-0.9980287421866363,0.0004895377276394725,0.000942973777722743,0.5191424610148686,train
normal_0586_32,normal,0,A,586,normal_0586,32,19582,19597,2022-07-12 01:15:20.219000,2022-07-12 01:15:21.719000,0.027335437499999993,0.07319829762618181,0.07813588752095607,0.1677,0.24881799999999998,0.07250022871263324,-1.145644882696581,2.146260896505755,0.008324312499999997,0.1805829799298368,0.18077474054451717,0.27949,0.5493840000000001,-0.05039332426702913,-1.5470936141109088,1.5460677700774985,11.473895125000002,177.93903607342764,178.3085831587478,263.452553,524.52092,-0.0603205447857898,-1.508664524966792,1.4775090931290094,0.6219768672426101,0.028932697073817754,0.03225784762538929,-0.9987881163023579,0.00043820598053539485,0.0010138308394474413,0.432227905766041,train
normal_0587_00,normal,0,A,587,normal_0587,0,19600,19615,2022-07-12 01:15:23.633000,2022-07-12 01:15:25.133000,0.0008197500000000019,0.08241543972650088,0.08241951647137345,0.159412,0.287374,-0.05408578668572196,-0.5065099440387746,1.9341535454817687,-0.0035692499999999995,0.10817927092533718,0.1082381365485382,0.232562,0.36769799999999997,1.0585117003383235,-0.01851020847411844,2.1486142261485637,1.4901162500000007,120.06416922798374,120.07341578736083,174.045578,343.322784,-0.036405190192857276,-1.600338480362631,1.4494930194058857,0.5185893420088028,0.026012901893577925,0.028810931478169755,-0.9566936576859367,0.0006864093598980391,0.0009014329761403486,0.7614646657780673,train
normal_0587_16,normal,0,A,587,normal_0587,16,19616,19631,2022-07-12 01:15:25.233000,2022-07-12 01:15:26.733000,-0.0065425625,0.07995799208331894,0.08022521811788672,0.139441,0.258548,0.020813748122434136,-1.0181411630984922,1.7381193005308984,-0.010798000000000002,0.09319492787432157,0.09381839577343028,0.171016,0.30490300000000004,0.7659441701170125,-0.5924534863046422,1.8228408041958055,-1.2665988124999994,117.91139800288968,117.91820067974105,171.661392,337.362319,0.02321166657684235,-1.604170910774376,1.45576671803382,0.316348938040538,-0.060948104909288356,0.0020368447172391694,-0.9493189843336152,0.0006803463558248631,0.0007956226878684789,0.8551118088997083,train
normal_0587_32,normal,0,A,587,normal_0587,32,19632,19647,2022-07-12 01:15:26.833000,2022-07-12 01:15:28.333000,0.004372750000000002,0.06710894895755334,0.06725126000864222,0.121707,0.208843,-0.49947991991515367,-1.094657764643845,1.8097356091820416,-0.000798937500000001,0.09795613990867849,0.09795939795107715,0.20368,0.31729,0.9064976336677685,-0.5207102432586366,2.0792287851924303,-3.0547383124999996,114.3073361923509,114.34814617451825,166.89302,331.401854,0.0643906421422069,-1.5619396725975403,1.4595166216799678,0.3546485039127575,0.12475571511300507,0.03817759508660091,-0.9776663413111938,0.0005881272434972691,0.0008566767475318001,0.6865217775453134,train
normal_0588_00,normal,0,A,588,normal_0588,0,19650,19665,2022-07-12 01:15:31.236000,2022-07-12 01:15:32.736000,-0.0103971875,0.06358579944572801,0.0644302366832724,0.121254,0.207765,-0.10289063378303065,-1.066982810220642,1.8819424891462548,-0.0071454375,0.03163379300283312,0.032430759115575754,0.052473,0.095401,0.14009755788420516,-1.6529143216306421,1.6180009790396308,0.5215406874999999,85.47187179014071,85.47346296950282,113.248835,224.113484,0.012761562961917059,-1.7523989932059767,1.3249590114350172,0.29837642874244297,0.15509105606329307,-0.18815506872903645,-0.9477229786208722,0.0007538039813159471,0.00037942488801637935,1.9867014661500175,train
normal_0588_16,normal,0,A,588,normal_0588,16,19666,19681,2022-07-12 01:15:32.836000,2022-07-12 01:15:34.336000,0.003566000000000003,0.06765506582843593,0.06774897997940633,0.116565,0.216507,-0.21293883777512013,-1.0280513450744526,1.7205425090596533,0.0043680625,0.03808392597682904,0.038333606506725924,0.073625,0.141678,-0.20904180103261277,-0.6343223963674487,1.9206384869391804,-0.5215406874999986,85.57260970470118,85.57419901092757,114.44092800000001,226.49767000000003,0.05720214686472201,-1.7195016374993721,1.3373298181311197,0.422155741539072,0.1600670509134044,0.29372955933274697,-0.9736443582770669,0.0007916986750966257,0.0004479575263313985,1.7673521005000992,train
normal_0589_00,normal,0,A,589,normal_0589,0,19692,19707,2022-07-12 01:15:39.216000,2022-07-12 01:15:40.716000,0.011235625,0.08361211336498663,0.08436364602422065,0.213772,0.31301,0.8957423888527608,0.37363129039305143,2.5339350546635506,0.0065181250000000005,0.1929447115276404,0.19305477891002853,0.304815,0.571422,-0.1931760890842665,-1.3976535932192002,1.5789041935193757,-6.332994062500001,171.1534415153645,171.27056768852307,247.95534400000003,491.14231600000005,0.09207534660896408,-1.4970588572887604,1.4477405391154994,0.5473797565488782,-0.02835459650301046,0.018222530670212046,-0.9949213840824592,0.0004925752694277658,0.0011271917966729857,0.43699330573700834,train
normal_0590_00,normal,0,A,590,normal_0590,0,19721,19736,2022-07-12 01:15:47.224000,2022-07-12 01:15:48.724000,-0.0014976250000000007,0.10295430073270069,0.10296519275949519,0.188863,0.370821,0.0425216408155271,-0.7618161976681703,1.8342412123788652,-0.00828075,0.08553969182527196,0.08593957003688697,0.151308,0.268698,0.6238111792185639,-0.9164568335400465,1.7606324995000044,-3.5762789999999995,102.50266960239807,102.56503813241734,150.203718,298.02325,0.09017337796880537,-1.5011981308186568,1.464472891884254,0.031725715653752776,-0.036311842763138265,-0.11595460104165599,-0.9933656134978379,0.0010039014720255963,0.0008379031646820436,1.1981115650834706,test
normal_0592_00,normal,0,A,592,normal_0592,0,19745,19760,2022-07-12 01:16:04.244000,2022-07-12 01:16:05.744000,0.006883875000000001,0.07684972126159192,0.07715741955897695,0.128762,0.24537799999999999,-0.5503767634610448,-1.0294695487490693,1.6688220100670674,0.0055534375,0.10227448229823065,0.10242514533764402,0.21388,0.32498699999999997,0.7351560796386644,-0.9036928268037863,2.0881591067793512,-5.885959187500002,114.88049755591081,115.03118374706287,165.700927,330.209761,0.08792895071839615,-1.4809936870782487,1.4404870192795083,0.3198503447478268,0.10233225981406567,-0.006138134604934638,-0.9963735692386443,0.000670752199930717,0.0008904119909159787,0.7533054437426266,val
normal_0592_16,normal,0,A,592,normal_0592,16,19761,19776,2022-07-12 01:16:05.844000,2022-07-12 01:16:07.344000,-0.005314562499999995,0.08780998009051189,0.0879706608936326,0.139799,0.256856,0.1645289580867686,-1.5856426536568138,1.589154822526959,-0.00899925,0.08987008925978932,0.09031954076568924,0.167979,0.285489,1.097033560112336,-0.11473309636876028,1.8598300940853785,-6.7800289375,110.18699347034996,110.39539085681199,160.932555,319.480924,0.07212227341768009,-1.4857365453444267,1.4577832801800312,0.36216045002065794,0.027073915906061723,-0.061757424953694004,-0.9978050806618667,0.0007968689653695297,0.0008181459394698636,0.9739936690095646,val
normal_0592_32,normal,0,A,592,normal_0592,32,19777,19792,2022-07-12 01:16:07.444000,2022-07-12 01:16:08.944000,-0.0019980625,0.11120541979287069,0.11122336825084242,0.216875,0.398432,-0.11931962178237616,-0.348685252315895,1.949904983194549,-0.008831000000000004,0.0937276908196025,0.09414279891406989,0.191265,0.31427,0.9222122331787227,-0.3815879650295759,2.0316476905958543,-6.25848825,106.72270422655674,106.90605348905414,157.356276,312.328366,0.06393220634602081,-1.5006644493952412,1.4719117474120522,0.35304190746209585,-0.10270063104621228,-0.06828992691766791,-0.9983026076132954,0.001040384193606308,0.0008806124241010257,1.181432563443998,val
normal_0593_00,normal,0,A,593,normal_0593,0,19795,19810,2022-07-12 01:16:11.294000,2022-07-12 01:16:12.794000,-0.027685312499999996,0.07358394941299932,0.07861980755151655,0.165119,0.318755,0.825146095812449,1.7182411359726064,2.100221370954181,-0.0098504375,0.05308660372797542,0.053992764462587946,0.112246,0.184751,-0.15727588471154286,-0.9687641733852725,2.0789081855176397,5.215406875000001,82.21215918985062,82.37742158825523,114.44092800000001,227.68976300000003,-0.0757179171608529,-1.6663620685679787,1.3892268754417554,-0.2529311406612623,-0.2209792380668624,0.16238530903756274,-0.9975505929921906,0.0009543853890508949,0.0006554315906178573,1.456117469332264,train
normal_0593_16,normal,0,A,593,normal_0593,16,19811,19826,2022-07-12 01:16:12.894000,2022-07-12 01:16:14.394000,0.037613812499999996,0.0497646322316597,0.06238042571141608,0.1309,0.171514,0.28366590292696386,-0.8443563300623751,2.0984146630478078,0.021726375,0.055709303739226314,0.05979600232247972,0.130066,0.203757,0.2232466085565122,-0.29255743535208323,2.1751621337251663,5.3644185,82.1171686079993,82.29220112524473,114.44092800000001,224.11348400000003,-0.0631957535593001,-1.6817513361999707,1.3906655361645568,-0.22439209531858656,0.1518739669223961,0.058946670593146115,-0.9981199780343618,0.0007580356930357969,0.0007266302456957386,1.0432206717599377,train
normal_0594_00,normal,0,A,594,normal_0594,0,19841,19856,2022-07-12 01:16:19.392000,2022-07-12 01:16:20.892000,-0.011670000000000002,0.09304187207717286,0.0937708849250395,0.168186,0.29612700000000003,0.6407689651540324,-0.9579806429126507,1.793584438650099,0.006950500000000003,0.1808854804092219,0.1810189671640102,0.291851,0.554891,0.1008666449984541,-1.3741908100547466,1.6122675130257025,7.376075437500001,177.81187956284572,177.9648027069725,255.10790200000002,509.02371100000005,-0.08869141553433288,-1.5131854839597554,1.4334739123670837,0.5167230692624057,-0.03019571516021537,-0.006185248982268691,-0.9952476249845054,0.0005269069136071683,0.0010171616207844565,0.5180169039417811,train
normal_0594_16,normal,0,A,594,normal_0594,16,19857,19872,2022-07-12 01:16:20.992000,2022-07-12 01:16:22.492000,-0.004129999999999998,0.09252928934532027,0.09262141375918423,0.190123,0.372024,0.2126865302511159,0.10652683742389746,2.052689462226521,-0.012749499999999993,0.1978490954553495,0.1982594621266536,0.30611,0.582831,0.0943496052706571,-1.4749156910580832,1.5439868378360095,6.183982437499999,179.81213401298493,179.91844034753902,261.068367,519.752548,-0.06173567314402473,-1.5607438124761988,1.4510372949860388,0.5811572388464148,-0.06901103720162467,0.05140797925817115,-0.9896326377191036,0.0005147966688699185,0.0011019407557317981,0.4671727279276846,train
normal_0595_00,normal,0,A,595,normal_0595,0,19876,19891,2022-07-12 01:16:27.377000,2022-07-12 01:16:28.877000,0.004887124999999999,0.06501860413073611,0.06520201587278572,0.099503,0.194175,-0.110531618182503,-1.4488477035435492,1.5260724483448211,0.00042937500000000007,0.09341187037849832,0.093412857201244,0.158604,0.253904,0.7057659938679874,-1.4061861385008556,1.6978819056814787,-4.2468313125,104.89484389961153,104.98077849263977,150.203718,299.215343,0.09209876840695756,-1.4783771731609388,1.430773520226189,0.0995551859028911,0.12060967945144577,0.06255680588996308,-0.9956022737547102,0.0006210852768381504,0.0008898091492795816,0.6979983037272669,train
normal_0597_00,normal,0,A,597,normal_0597,0,19906,19921,2022-07-12 01:16:44.524000,2022-07-12 01:16:46.024000,0.011856374999999997,0.07986778483052084,0.08074302868901438,0.125228,0.24008800000000002,-0.4534096975858377,-1.4751522786175224,1.5509450417363164,-0.00020706249999999718,0.14319922402001206,0.1431993737235345,0.25636,0.42095699999999997,0.5949505347400404,-1.3236500829317934,1.790231293154516,4.619360375,149.52149005578016,149.59282896841975,213.384647,424.385108,-0.07479221270393421,-1.546578235693424,1.4264363370322197,0.38803819335810424,-0.06487660453989087,0.022937763675728758,-0.9891652965179865,0.0005397520004522401,0.0009572609510163421,0.5638504316708784,train
normal_0597_16,normal,0,A,597,normal_0597,16,19922,19937,2022-07-12 01:16:46.124000,2022-07-12 01:16:47.624000,-0.005221,0.053505143284314265,0.053759270817924976,0.124774,0.214656,-0.7252430725058854,0.8578558118645785,2.320976421398866,0.006552375000000003,0.1250467172289396,0.12521826986456489,0.241317,0.388146,0.42912907596443317,-1.1001208996082779,1.9271708534306264,6.109476625000001,148.8045785167348,148.9299442428369,215.768833,426.769294,-0.09265513532532797,-1.4861768819797048,1.448794156856591,-0.001896398452346329,0.03949217511455618,-0.07961678930506093,-0.9953819330790632,0.0003609701936789024,0.0008407863878629466,0.4293244977435848,train
normal_0597_32,normal,0,A,597,normal_0597,32,19938,19953,2022-07-12 01:16:47.724000,2022-07-12 01:16:49.224000,0.0035421874999999993,0.0738452310995933,0.0739301376194952,0.188886,0.30677699999999997,-1.0762509906806685,2.03311461090711,2.5549255835578375,0.0060514375,0.130415097255345,0.1305554192208715,0.235822,0.37485100000000005,0.5503330521319241,-1.3631873892912694,1.8062980564678075,8.493662624999999,146.80655242494578,147.05205248375717,216.960926,430.345573,-0.08244431790656709,-1.4604529980546215,1.4754022289077857,0.4570998368947928,-0.05335734556834764,-0.06654391617354685,-0.9976171457683675,0.0005027480838981234,0.0008878177285916643,0.5662739858727842,train
normal_0598_00,normal,0,A,598,normal_0598,0,19956,19971,2022-07-12 01:16:51.528000,2022-07-12 01:16:53.028000,-0.0499785,0.055901373644795166,0.07498542550139327,0.150149,0.211614,0.14274502300661818,-0.4861898014061259,2.002375781640529,-0.0197740625,0.04690004116665138,0.050898206345484316,0.087244,0.160501,0.7361720366075425,-0.1032820631105813,1.7140879072989235,4.768372,81.53428114110054,81.6735965458018,114.44092800000001,225.30557700000003,-0.0737269176082325,-1.645981640695425,1.4011985860794387,0.20162983972758078,0.14893849636332296,-0.13533346805182292,-0.9983081893983254,0.000918110976774999,0.0006231904617661972,1.4732429860575227,val
normal_0598_16,normal,0,A,598,normal_0598,16,19972,19987,2022-07-12 01:16:53.128000,2022-07-12 01:16:54.628000,0.01075725,0.060086187208979236,0.061041529476865176,0.127511,0.23634100000000002,-0.4703872122870634,0.04989626846641215,2.0889221009497616,0.00035812499999999907,0.036003762709394344,0.03600554377800729,0.077968,0.135092,0.811314919870356,0.27314447766257244,2.1654443127067555,4.321337125,82.21648047391511,82.32996791002392,113.248835,225.305577,-0.09121332879373067,-1.6381813964353011,1.3755481494146387,0.3390007109469176,0.041459164416494505,0.4425457239134822,-0.9982114226389577,0.0007414254010590132,0.0004373321731080562,1.6953369695849512,val
anomaly_0001_00,anomaly,1,anom,1,anomaly_0001,0,4,19,2022-07-17 10:51:16.724000,2022-07-17 10:51:18.224000,-0.006982663368750031,0.5159142951119083,0.5159615465211903,1.0141485,2.0225514,0.15601773820765813,0.057050410906319904,1.96555054700835,0.08048621075,0.27249808723146585,0.2841359492667216,0.63460179,0.9875507000000001,-1.6213638785908149,1.825219960812051,2.2334442073864165,29.653313375,88.74777612153228,93.57075804242247,185.966508,293.254878,0.1704454311496846,-1.0736013899462349,1.9874425717026658,-0.4442399332529632,0.0016797587780347414,0.49645429151365855,-0.3066767862279112,0.005514132377630918,0.003036589156816513,1.8158967489075148,test
anomaly_0001_16,anomaly,1,anom,1,anomaly_0001,16,20,35,2022-07-17 10:51:18.324000,2022-07-17 10:51:19.824000,-0.038703512375000027,0.44941920118871975,0.45108267564523996,0.97580285,1.7588449800000001,0.44791977617563455,0.25886104674650845,2.163246124680331,0.026057905687500004,0.2934249876727415,0.29457976481687803,0.61829442,0.99321025,-0.8365955700390059,-0.39589608319542613,2.098903230452218,16.912819437500005,110.75020247588388,112.03415019437044,183.582322,364.780458,-0.6487637469174404,-0.714418545811284,1.6386282368500953,-0.45821863084982406,0.057719767928486765,0.02056022207674813,-0.08879919338033618,0.004026296221845277,0.002629374742485263,1.5312751570891168,test
anomaly_0001_32,anomaly,1,anom,1,anomaly_0001,32,36,51,2022-07-17 10:51:19.924000,2022-07-17 10:51:21.424000,0.0807106819375,0.029903276374588006,0.08607217969095056,0.14821433,0.108370088,0.6297533519066816,0.07571916079285179,1.7219771885895778,-0.077798861,0.15473428499840333,0.17319169069809445,0.25953743,0.44255586,1.704176479609531,1.1865689223115634,1.4985559004237816,75.99592875,36.31850771073743,84.22835145549254,135.898602,143.05116,-0.37139371966595724,0.41021557781428974,1.6134543731609274,-0.4402248925831148,-0.19566119040474436,-0.2054336976258624,-0.8784781145591553,0.0010218908265874386,0.002056216080515495,0.49697638116478976,test
anomaly_0002_00,anomaly,1,anom,2,anomaly_0002,0,54,69,2022-07-17 10:51:23.615000,2022-07-17 10:51:25.115000,-0.1065583040625,0.33818640639773606,0.3545768148608858,0.90681008,1.02449358,-1.7662418692032567,1.5270120544652137,2.5574432450011617,-0.07350356468750001,0.14433950782510208,0.16197736737261229,0.32970889,0.49831804,2.3817962622306994,4.5860445069788724,2.0355244399147354,55.73034775000001,86.13181286139614,102.5892823209447,165.700927,263.452553,-0.4933559283941644,-1.011787996543665,1.6151875054707385,-0.7952755348491555,0.6792643729228005,-0.5128615717501891,0.15567513181820994,0.003456275420190703,0.0015788917098169704,2.189051597839705,test
anomaly_0002_16,anomaly,1,anom,2,anomaly_0002,16,70,85,2022-07-17 10:51:25.215000,2022-07-17 10:51:26.715000,0.13986622850000002,0.5980606552490061,0.6141979397813743,1.0029671,1.8123015,-0.15380058987473147,-1.34666476375395,1.6329704726085688,-0.010620655000000007,0.39327410190021356,0.39341748504362206,0.67001737,1.0727448499999999,-0.6021581673099516,-1.4449679063192693,1.7030696282492592,-92.46171331250002,50.72171635900975,105.46023392296634,163.316741,171.661392,0.7267165133346495,-0.38773917874025754,1.5486096979387993,-0.3080913869064438,0.1460930156080984,-0.13815776858933412,-0.6672014517972396,0.005823976649151153,0.0037304818167859816,1.561186177867189,test
anomaly_0003_00,anomaly,1,anom,3,anomaly_0003,0,101,116,2022-07-17 10:51:31.734000,2022-07-17 10:51:33.234000,0.04576538448125,0.03068907195032976,0.05510253672825921,0.11274956,0.1166816233,0.717532394303133,0.2009943901863136,2.046177303161737,-0.0547006114375,0.07952970126871664,0.09652528308960127,0.19192376,0.31333529,2.297876824291877,5.421465518449409,1.988326310546465,77.78406825,64.87398692511162,101.28669929008554,208.616275,302.791622,-0.8659235441981336,2.5886928987509865,2.0596611051814624,0.02361505202267917,0.3431758467706842,0.1882264272661048,-0.5036177398654693,0.0005440253963696192,0.0009529907062441876,0.5708611771395616,test
anomaly_0004_00,anomaly,1,anom,4,anomaly_0004,0,132,147,2022-07-17 10:51:39.999000,2022-07-17 10:51:41.499000,-0.13986033319374996,0.7032296893685622,0.7170027258040734,1.214663,2.3208175,0.5015492932320689,-0.55491073369961,1.6940842151441362,0.004449772187499992,0.2612102095771718,0.26124810824170697,0.54426892,0.90584025,-0.65539233215051,-0.23779640432174087,2.083341095417395,-113.099823375,98.72253511319805,150.12564400072634,259.876274,345.70697,0.5796205174789779,-0.4092730786182508,1.7310585125532763,-0.32340218118376635,-0.17692224589514358,-0.31902829262619353,0.21005121462118942,0.0047760176522580276,0.0017401964200096486,2.7445279149761417,test
anomaly_0006_00,anomaly,1,anom,6,anomaly_0006,0,153,168,2022-07-17 10:51:56.684000,2022-07-17 10:51:58.184000,-0.37154168612500005,0.3164320880904526,0.48802919062479444,1.1479882,1.168924522,-1.6551319905294093,2.1500434619936746,2.352294129230876,0.16404339803125,0.13189475324945119,0.2104910030675248,0.33098199,0.43752129,-0.6820485557798394,-0.7528540307731753,1.5724282044198445,-39.5625864375,88.43130635034767,96.87772803102735,267.028832,371.933016,-1.3487421828721962,1.9515069193416483,2.7563490332316407,0.09528427913996004,0.7283515669094247,0.027839586406379194,-0.7242512768722678,0.005037578817584282,0.002172749168932927,2.3185275546824027,test
anomaly_0006_16,anomaly,1,anom,6,anomaly_0006,16,169,184,2022-07-17 10:51:58.284000,2022-07-17 10:51:59.784000,0.04144404771375,0.07611601063137424,0.08666750351391841,0.30700554,0.361667785,2.726521329805272,9.569466911537337,3.54233741082315,-0.0695207583125,0.09340605583829044,0.11643808270325852,0.2794558,0.41830892,3.524316776992965,13.418461251738012,2.4000378013110257,30.025842437500003,48.00343064662179,56.62049600565686,135.898602,177.621857,0.4422463205343337,-0.41891755859554713,2.4001662222532034,-0.0013896559978266605,-0.16854506160776703,-0.21017011579557016,-0.062303874143349126,0.0015306736893519902,0.002056465254059685,0.7443226606091567,test
anomaly_0006_32,anomaly,1,anom,6,anomaly_0006,32,185,200,2022-07-17 10:51:59.884000,2022-07-17 10:52:01.384000,0.1649360541875,0.8358649029518168,0.8519824164603353,1.5525772,2.6246467,0.25353875357236527,-1.1757951100029025,1.8223113177034462,0.0036945874374999937,0.358869835920203,0.3588888534208422,0.70039838,1.18503307,-0.767261907036875,-0.47160606195325405,1.9515746263055294,-198.03644962500002,113.18440835979216,228.09898218938056,399.351155,450.611154,0.6081535044108806,0.3550434901874988,1.7507800831326652,-0.6703231386278046,-0.39242064431393225,0.30454087157719184,0.2774352299116124,0.0037351434376544992,0.0015733908585478587,2.3739450482773257,test
anomaly_0007_00,anomaly,1,anom,7,anomaly_0007,0,203,218,2022-07-17 10:52:04.407000,2022-07-17 10:52:05.907000,-0.11303203190625002,0.4957602884372705,0.50848255017086,0.9826353,1.69003471,0.817913049161074,-0.0352898663086596,1.9324857847527226,0.10375806656249999,0.26567158444608174,0.2852141776961302,0.50135357,0.92335129,-1.2093328062834163,0.7198504502108554,1.757814334651157,-191.18191487500002,136.284226998956,234.78482724395698,349.283249,414.848364,0.7041155749859547,-0.8854758129695015,1.4876738548231296,-0.584270413401856,0.10289634509425138,0.042871260614037204,0.03514870153212007,0.002165738545116942,0.0012147896482244732,1.7828095162667612,test
anomaly_0007_16,anomaly,1,anom,7,anomaly_0007,16,219,234,2022-07-17 10:52:06.007000,2022-07-17 10:52:07.507000,-0.037039549312499996,0.14695865387889248,0.15155452538004016,0.24953634,0.40390982,-0.2226402106388646,-1.9599376516680695,1.6465119690372776,0.0467669045625,0.19940476738531698,0.20481553802958982,0.36077275,0.51172041,0.34507230606864275,-2.0059254520005707,1.7614520532513451,-7.525087062500002,46.40312681456424,47.0093300682613,119.20930000000001,166.89302,-1.0084795466165757,0.3362401753904609,2.5358646853060574,-0.9623236000888155,-0.027143123439427253,0.08659287497418877,0.4095624353481325,0.0032239243818189046,0.004356912505074659,0.7399561910100052,test
anomaly_0008_00,anomaly,1,anom,8,anomaly_0008,0,243,258,2022-07-17 10:52:12.567000,2022-07-17 10:52:14.067000,0.088341318625,0.031368396149975976,0.09374521242935877,0.16477118,0.12678130499999998,0.8396701285108449,1.0506638060241427,1.7576490119339425,-0.151691990625,0.016040913604326933,0.15253776886081877,0.17960418,0.060958769999999995,-0.014015946736489586,-0.2676530269593651,1.1774407174126014,17.657877562500005,77.00913715784662,79.0076442238868,168.085113,288.486506,-0.9673379301422509,1.064780490374659,2.1274538008460446,0.41644048216904406,-0.17374986672669698,-0.2564392995164442,0.4918325973076811,0.0011865334468612885,0.0019306710174596146,0.6145704970609308,test
anomaly_0011_00,anomaly,1,anom,11,anomaly_0011,0,280,295,2022-07-17 10:52:38.172000,2022-07-17 10:52:39.672000,0.12221731856250001,0.28470805289656037,0.30983180653502673,0.9721493,1.08261916,2.145910661862403,4.53793434256222,3.137667855576015,0.0853507916875,0.14018083159370823,0.1641201486350369,0.24605405,0.41916538000000003,-0.7833580045912857,-0.7690693511311775,1.4992312159499932,-19.446017062500005,57.54352617612501,60.74047237532341,107.28837,209.808368,0.13663313008006436,-0.20036915466434202,1.766340724797973,-0.030513803473299912,-0.5810429037118041,-0.3181885694344668,0.2513080223271026,0.005100912034739128,0.0027019899947586315,1.8878352786775556,test
anomaly_0011_16,anomaly,1,anom,11,anomaly_0011,16,296,311,2022-07-17 10:52:39.772000,2022-07-17 10:52:41.272000,0.0760057770625,0.023991549133778448,0.07970240006871158,0.12435039,0.09076463600000001,0.07822206550157565,-0.3216858414781094,1.5601837572368875,-0.16140234250000002,0.013724130160458483,0.16198477679445225,0.19228898,0.05064658999999999,-1.030971074980471,0.41289679885268793,1.1870805627864756,16.4657845625,50.884742711692596,53.48251211465123,120.40139300000001,206.23208900000003,-0.2382492009378578,0.025788174434262512,2.2512292007131944,-0.29869912811015314,-0.13410212321779633,-0.30347134569897255,0.39578986777334846,0.0014902516152916004,0.003028742861726524,0.4920363607368398,test
anomaly_0011_32,anomaly,1,anom,11,anomaly_0011,32,312,327,2022-07-17 10:52:41.372000,2022-07-17 10:52:42.872000,-0.06228874333124999,0.47240435835516364,0.47649319547999874,1.0064882,2.00192157,-0.14858153039760702,1.32625742971467,2.1122824198698305,-0.15564007712500003,0.22870755826203135,0.27664233373375163,0.70132428,0.92218234,-0.7879676813636634,1.385328265744885,2.535130001740711,-20.265581000000005,71.76731539341024,74.5737308443448,151.395811,275.373483,0.8750143445092409,0.5015943421105331,2.030149347308415,-0.5576179476521147,0.36471226038922844,-0.031860949974768155,0.5258993357262195,0.00638955822760922,0.003709648566613594,1.7224160490873721,test
anomaly_0012_00,anomaly,1,anom,12,anomaly_0012,0,330,345,2022-07-17 10:52:45.655000,2022-07-17 10:52:47.155000,-0.196684120375,0.7153712617907158,0.7419168992574089,1.3702583,2.5016624,0.283387095262768,-0.37337693840942165,1.8469161456916583,0.04723853287499999,0.2826884190764845,0.28660813189465606,0.67905645,1.09034848,-1.270853393661886,1.2847377124409496,2.369285356668072,-62.435870875000006,57.7240724397314,85.03120904084001,187.158601,237.226507,-0.048999184415606065,0.31138763449121454,2.2010577423415065,-0.191452666659595,-0.02725855428673832,0.07051415214351443,0.6848319865282679,0.00872523050802524,0.003370622799882803,2.588610777903899,test
anomaly_0012_16,anomaly,1,anom,12,anomaly_0012,16,346,361,2022-07-17 10:52:47.255000,2022-07-17 10:52:48.755000,-0.0570526395,0.12337716710704563,0.135929868083791,0.23867505,0.336677979,-0.1067275593194356,-1.990405981129366,1.755869062220188,0.051162024437499995,0.16814074514113186,0.17575227714359326,0.27229167,0.41551965999999996,0.10269716584025566,-2.0700842329548133,1.5492924155829402,36.4333423125,51.59499273272207,63.161948253275455,157.356276,190.73488,0.8047355151864526,0.07093258150500681,2.4913144757506718,-0.9763799083242451,0.12310394026687117,-0.11418179662628153,-0.5456627947297538,0.0021520847890682654,0.0027825658011503642,0.7734173934641739,test
anomaly_0013_00,anomaly,1,anom,13,anomaly_0013,0,372,387,2022-07-17 10:52:53.769000,2022-07-17 10:52:55.269000,0.19474321737499994,0.9288960334079585,0.9490904917839003,1.7322521,2.9479688,0.1657970234230875,-0.9793687820475094,1.8251706396763892,-0.07620819743750001,0.2847687354159283,0.2947896233368128,0.57166391,0.9422743200000001,-0.2204731429183298,-0.849300872281614,1.9392267052318992,81.58386468750001,66.36485793404005,105.16758695507674,184.774415,301.599529,-1.5377417691045057,4.10777347626165,1.756952121369182,-0.5801358541701467,0.0655430496450329,0.10224126883024304,-0.5159986230050619,0.0090245532797982,0.002803046374571043,3.2195518995575836,test
anomaly_0015_00,anomaly,1,anom,15,anomaly_0015,0,415,430,2022-07-17 10:53:11.764000,2022-07-17 10:53:13.264000,-0.022212202812499998,0.04533426449294094,0.05048343778804648,0.10146293,0.150082301,-0.3750688063697078,-0.7052707295010325,2.009826082486492,0.026506386537500003,0.019265725653590023,0.032768227175646196,0.0671475,0.0733773771,0.4962160027467629,0.00028799728645090283,2.0491648705946766,53.49517337500001,45.44610274582251,70.19317508992711,139.474881,174.045578,-0.06699280404117638,-0.29465729891313375,1.9870148461202035,-0.22979222389423137,-0.22924979743531387,0.2800747804188548,-0.662435368000291,0.0007192072124301295,0.00046682924847986417,1.5406215758161759,test
anomaly_0015_16,anomaly,1,anom,15,anomaly_0015,16,431,446,2022-07-17 10:53:13.364000,2022-07-17 10:53:14.864000,-0.0948146701875,0.0492117725244271,0.10682518540943592,0.18893828,0.211033581,0.09687132835290774,1.1575015939998377,1.7686679342127403,0.10554041918750001,0.06181145181729593,0.12230877179513788,0.19453942,0.281519133,-1.8736575194434262,5.221553756678134,1.590559835935933,86.4267425,52.71053234016781,101.23231716574102,154.97209,196.695345,-0.8437145104258182,0.5551276653813795,1.530855899962009,0.17000552190483684,-0.30033990398571553,-0.18652009880168158,-0.500295343573009,0.0010552478536526835,0.0012081988758085005,0.8734057569342915,test
anomaly_0015_32,anomaly,1,anom,15,anomaly_0015,32,447,462,2022-07-17 10:53:14.964000,2022-07-17 10:53:16.464000,0.1896064464375,0.548710338609685,0.580545984593651,1.1404441,1.8582964,-0.06619821044235373,-1.084163119876303,1.9644337059677464,-0.05062449237500001,0.3599934431206714,0.3635355805393779,0.65263365,1.07761739,-0.34547832439482135,-1.4854724708001863,1.79524009460556,303.68569175000005,56.74115365400892,308.94102655954237,385.046039,195.503252,-0.1682941218790292,-0.6736653874939282,1.2463415535579243,-0.641774159549975,0.04988679883582782,0.06982210116943814,0.10314708157119508,0.0018791482344018239,0.0011767151310002962,1.5969440562937325,test
anomaly_0016_00,anomaly,1,anom,16,anomaly_0016,0,465,480,2022-07-17 10:53:18.444000,2022-07-17 10:53:19.944000,-0.01862212668750001,0.26532567025635606,0.2659783729917714,0.67080878,1.28214022,-0.09630767226813473,2.6384951069117824,2.5220425723137754,-0.1621387198125,0.19272370159216498,0.25185589057598445,0.66757532,0.8605407199999999,-0.6801810220407645,1.9498928980950048,2.650624206061973,223.666449125,93.93631854714396,242.59165774275237,429.15348,398.159062,0.19184093358604948,0.5732763582859985,1.7690364293362488,-0.5395441837034206,-0.17213939932523886,-0.06317537777775167,0.26522568544492936,0.0010964036251972795,0.0010381885878493645,1.056073663329809,test
anomaly_0016_16,anomaly,1,anom,16,anomaly_0016,16,481,496,2022-07-17 10:53:20.044000,2022-07-17 10:53:21.544000,-0.0033670609875,0.037800113712849415,0.03794977860802209,0.059083299,0.109639446,0.24104656838061403,-1.540435277761686,1.5568812564168837,0.053556337499999995,0.018373774676760934,0.05662046345877335,0.083165527,0.059720389,0.12733898967718432,-0.958264424699685,1.4688245542277258,194.98171131250004,44.927375611654945,200.09082144291835,276.565576,152.587904,0.14717188347657809,-0.9890805161204521,1.382200212911307,-0.31974722979781883,0.049178471614501736,-0.16283693493112383,-0.49050971610400773,0.00018966276580981677,0.0002829738168420982,0.6702484630076224,test
anomaly_0016_32,anomaly,1,anom,16,anomaly_0016,32,497,512,2022-07-17 10:53:21.644000,2022-07-17 10:53:23.144000,-0.012968652768749995,0.18095838428260105,0.18142249804477373,0.47744173,0.888308,0.549766531628959,3.464488736577298,2.631656686163427,0.13640391086874998,0.1672404524163587,0.21581333560444832,0.4960348,0.70554547,0.5314227682328767,0.9087273996616085,2.2984436926045815,250.93557650000002,141.05097562513023,287.8611493032508,538.826036,486.37394400000005,0.3302101954398322,-0.7978963991231653,1.8718261818386868,0.10573806319530522,-0.0945646662049701,0.7476516687286936,-0.3184085058499453,0.0006302430824162799,0.0007497133118755709,0.8406454473105056,test
anomaly_0017_00,anomaly,1,anom,17,anomaly_0017,0,515,530,2022-07-17 10:53:26.553000,2022-07-17 10:53:28.053000,0.09344703687499999,0.5393665613791668,0.5474017137666854,0.90092174,1.65968049,0.03198855587467156,-1.3681199359415226,1.6458146135508676,-0.027105250062499975,0.38402128881339154,0.3849766809078817,0.67675328,1.12857647,-0.5039049443023658,-1.3759287966819227,1.757907202077872,389.2183645,66.15042105163377,394.79971310699216,474.45301400000005,226.49767000000003,-0.7327471924441549,-0.1195106266822461,1.2017562279013652,-0.11879869159974736,0.1898030878731011,-0.010300476288793702,0.33199792657051513,0.0013865301711056147,0.0009751189479804702,1.421908756851871,test
anomaly_0017_16,anomaly,1,anom,17,anomaly_0017,16,531,546,2022-07-17 10:53:28.153000,2022-07-17 10:53:29.653000,0.016929563749999998,0.10590718499905208,0.10725176904456521,0.13810361,0.27407102,-0.2831553011935015,-1.9428425952287338,1.2876581079293454,0.06535646675,0.052331301584817976,0.08372593906075362,0.13039787,0.16401116599999999,-0.70213585689452,-0.9396653208148411,1.5574369360656566,183.8058394375,45.23521482022775,189.2902830869989,239.61069300000003,159.74046200000004,-0.8929089661708361,-0.16156119173835837,1.265837258481322,-0.5706932219165365,0.43548378890683387,-0.3490817805776909,-0.2937001617677372,0.0005665994434340387,0.00044231503960651114,1.2809861585038855,test
anomaly_0018_00,anomaly,1,anom,18,anomaly_0018,0,551,566,2022-07-17 10:53:34.639000,2022-07-17 10:53:36.139000,0.021978017625000013,0.8115250186545017,0.8118225724632903,1.8032037,3.3059389,0.11031115296948672,1.0096510514863208,2.221179554700715,-0.006300043081250005,0.2189857884189743,0.2190763932337425,0.50931629,0.88312104,-0.4109909342616989,0.6962264109349832,2.3248341935983374,231.48955943750002,103.99962633429128,253.77812830549456,385.046039,307.559994,0.018339689376709746,-1.598189001140642,1.5172546254123482,0.0303707780979563,0.16899177951913927,-0.23586229182094196,-0.30628086748600525,0.0031989461735096006,0.0008632595515481988,3.705659749460637,test
