window_id,source,label,state,segment,group_id,offset,start_raw_row,end_raw_row,start_time,end_time,split,score,threshold,prediction,top_error_feature,error_AI2_period8,error_AI2_kurt,error_ratio_AI0_AI2,error_AI0_rms,error_ratio_AI1_AI2,error_AI1_rms,error_AI1_skew,error_AI2_rms
normal_0000_00,normal,0,A,0,normal_0000,0,0,15,2022-07-12 00:00:00.019000,2022-07-12 00:00:01.519000,train,0.04347545158270218,0.2425813279525978,0,AI2_rms,0.023101946845948764,0.0083726128617606,0.029844543656081652,0.06577310207352398,0.05631928918898847,0.014032079049592578,0.040290121262718644,0.1100699177230028
normal_0000_16,normal,0,A,0,normal_0000,16,16,31,2022-07-12 00:00:01.619000,2022-07-12 00:00:03.119000,train,0.059544720081168866,0.2425813279525978,0,AI1_skew,0.02566730131894818,0.016581470212862784,0.03918125607591009,0.06406754276225533,0.011646185141469628,0.02297649387566896,0.21833257638560818,0.0779049348766278
normal_0002_00,normal,0,A,2,normal_0002,0,78,93,2022-07-12 00:00:15.267000,2022-07-12 00:00:16.767000,train,0.051606094624480986,0.2425813279525978,0,ratio_AI1_AI2,0.0020403134746907084,0.0015429904441815352,0.00028658764310226544,9.049832654390717e-07,0.3115528912426861,0.030507784845157305,0.06369493661967468,0.0032223477430898097
normal_0004_00,normal,0,A,4,normal_0004,0,112,127,2022-07-12 00:00:32.752000,2022-07-12 00:00:34.252000,train,0.012292895971633803,0.2425813279525978,0,AI1_skew,0.014907475075188319,0.012930131618902932,0.008937987042846094,7.630676924606872e-05,0.012007948153614141,0.004825696287409241,0.033891975287034005,0.010765647538829632
normal_0004_16,normal,0,A,4,normal_0004,16,128,143,2022-07-12 00:00:34.352000,2022-07-12 00:00:35.852000,train,0.026886293251392683,0.2425813279525978,0,AI2_kurt,0.03025362397183513,0.09408317897045526,0.008916300608399975,0.01032971658189969,0.024339706658580557,0.003258610482230416,0.03848008514285505,0.005429123594885393
normal_0004_32,normal,0,A,4,normal_0004,32,144,159,2022-07-12 00:00:35.952000,2022-07-12 00:00:37.452000,train,0.030185177829694543,0.2425813279525978,0,ratio_AI1_AI2,0.0004970279311508143,0.01801386837767679,0.0006096484788399338,0.0011426647709975697,0.16291340966590573,0.017241439821461736,0.03731773829619778,0.0037456252953260018
normal_0008_00,normal,0,A,8,normal_0008,0,303,318,2022-07-12 00:01:03.576000,2022-07-12 00:01:05.076000,train,0.12036977121606857,0.2425813279525978,0,AI1_skew,0.0015515275197606913,0.13244190226254984,0.00021413484945303894,0.08210891937637936,0.025470642052910025,0.009195420453806195,0.6197905683582027,0.09218505485548664
normal_0010_00,normal,0,A,10,normal_0010,0,342,357,2022-07-12 00:01:21.222000,2022-07-12 00:01:22.722000,train,0.08797712345765529,0.2425813279525978,0,ratio_AI1_AI2,0.04749490632092292,0.029713580969363988,0.003926808479805168,0.060002752683135006,0.26298980677883466,0.004511910043226311,0.05963405320206547,0.23554316918388882
normal_0010_16,normal,0,A,10,normal_0010,16,358,373,2022-07-12 00:01:22.822000,2022-07-12 00:01:24.322000,train,0.08751727870299902,0.2425813279525978,0,ratio_AI1_AI2,0.0017249175421487689,0.094617222997426,3.3344120327141213e-05,0.02616554799299514,0.38678607633884593,0.04063151191699088,0.0042931687134146485,0.1458864400018437
normal_0010_32,normal,0,A,10,normal_0010,32,374,389,2022-07-12 00:01:24.422000,2022-07-12 00:01:25.922000,train,0.04790473994659679,0.2425813279525978,0,ratio_AI1_AI2,0.0061254187015316874,0.004814661589508305,0.004112460660281041,0.08044406373531876,0.17441326842893096,0.015041433285411163,0.034299273818562744,0.06398733935322967
normal_0015_00,normal,0,A,15,normal_0015,0,521,536,2022-07-12 00:02:01.294000,2022-07-12 00:02:02.794000,train,0.06686953477072875,0.2425813279525978,0,AI1_skew,0.011174482719771192,0.005555325740339028,0.017724685759835802,0.009773510125078181,0.05197698118550579,0.008362376580897637,0.4211686990166577,0.009220217037744723
normal_0015_16,normal,0,A,15,normal_0015,16,537,552,2022-07-12 00:02:02.894000,2022-07-12 00:02:04.394000,train,0.06949715195685992,0.2425813279525978,0,AI1_skew,0.09546721581186551,0.0030896574452581233,0.0029485386444730397,0.08821803684446418,0.09682782363329648,0.0015872347594369468,0.14393861144377765,0.12390009707230745
normal_0015_32,normal,0,A,15,normal_0015,32,553,568,2022-07-12 00:02:04.494000,2022-07-12 00:02:05.994000,train,0.03481136488911434,0.2425813279525978,0,AI1_skew,0.006132455355588727,6.348591721612259e-05,0.0728575572494691,0.07652286906593259,0.027474325126561474,0.005172266022990516,0.08334783047269638,0.006920129902459823
normal_0023_00,normal,0,A,23,normal_0023,0,799,814,2022-07-12 00:03:04,2022-07-12 00:03:05.500000,train,0.1499950861901504,0.2425813279525978,0,ratio_AI1_AI2,0.001385521897130805,0.01496412259279244,0.05147821601442664,0.005503844745575822,0.7388628132612283,0.09259543724640922,0.29401898475428767,0.0011517490093524783
normal_0023_16,normal,0,A,23,normal_0023,16,815,830,2022-07-12 00:03:05.600000,2022-07-12 00:03:07.100000,train,0.21476516188233774,0.2425813279525978,0,ratio_AI1_AI2,0.12489075927523348,0.0006103589995820738,0.13673689680207704,0.005612901536838861,1.0341902707701875,0.14981964889364494,0.26242763727202695,0.003832821509110931
normal_0023_32,normal,0,A,23,normal_0023,32,831,846,2022-07-12 00:03:07.200000,2022-07-12 00:03:08.700000,train,0.05938853055231441,0.2425813279525978,0,ratio_AI1_AI2,6.180492476773936e-06,0.025295412620135353,0.03127477847787411,0.0005905466384642338,0.24116348473305033,0.026964767644587207,0.14900607561729048,0.0008069981946367421
normal_0024_00,normal,0,A,24,normal_0024,0,849,864,2022-07-12 00:03:12.129000,2022-07-12 00:03:13.629000,train,0.015699612143116683,0.2425813279525978,0,ratio_AI0_AI2,0.007289758844256306,0.004824112949444888,0.03566797106607418,0.034562744179709955,0.02163182667913312,0.00215954761899302,0.012512415340812162,0.006948520466509838
normal_0024_16,normal,0,A,24,normal_0024,16,865,880,2022-07-12 00:03:13.729000,2022-07-12 00:03:15.229000,train,0.008212839548576746,0.2425813279525978,0,ratio_AI0_AI2,0.0002737842336630683,2.9893584904354775e-06,0.04212211429461275,0.008918959409897575,0.00920604294601559,0.003074802317316539,0.0020766402315812046,2.7383597036795282e-05
normal_0029_00,normal,0,A,29,normal_0029,0,1023,1038,2022-07-12 00:04:00.140000,2022-07-12 00:04:01.640000,train,0.023512033524993356,0.2425813279525978,0,AI2_kurt,0.0037684462429413527,0.09538449989900834,0.011527285663425481,0.0006914795721511011,0.05049855578440439,0.0012271903495593504,0.02311367510263299,0.0018851355858238571
normal_0029_16,normal,0,A,29,normal_0029,16,1039,1054,2022-07-12 00:04:01.740000,2022-07-12 00:04:03.240000,train,0.04157929055720559,0.2425813279525978,0,ratio_AI1_AI2,0.0014014692609898836,0.0037887082423812266,0.0018789761815417745,0.001979789997568098,0.23324274853138274,0.006319230653106966,0.04509146925183918,0.03893193233883489
normal_0030_00,normal,0,A,30,normal_0030,0,1065,1080,2022-07-12 00:04:08.213000,2022-07-12 00:04:09.713000,train,0.04691729134350716,0.2425813279525978,0,AI1_skew,0.005061744000969082,0.06602135366590524,0.023841524882814984,0.060694495783354036,0.009000956537989964,0.0033888481375623776,0.2031567648211723,0.0041726429182893125
normal_0033_00,normal,0,A,33,normal_0033,0,1107,1122,2022-07-12 00:04:25.827000,2022-07-12 00:04:27.327000,train,0.1295219678126468,0.2425813279525978,0,AI1_skew,0.18329194381607103,0.013496305385502302,0.040092741290195806,0.008216876471869857,0.0028105168527703243,0.011381112488039065,0.7306336032782329,0.04625264291849297
normal_0033_16,normal,0,A,33,normal_0033,16,1123,1138,2022-07-12 00:04:27.427000,2022-07-12 00:04:28.927000,train,0.2715125738647595,0.2425813279525978,1,AI1_skew,0.0752241518345725,0.018508586915712097,0.006721334737265614,0.018986244470788973,0.4079044750913873,0.15532453782958452,1.4873719775704821,0.0020592824682833044
normal_0033_32,normal,0,A,33,normal_0033,32,1139,1154,2022-07-12 00:04:29.027000,2022-07-12 00:04:30.527000,train,0.16906823778412994,0.2425813279525978,0,AI1_skew,0.16254138283124042,0.030321774540238083,0.0013723091015937152,0.07223000556279612,0.036838703333882845,0.1010338293235421,0.5163831065850969,0.4318247909946492
normal_0034_00,normal,0,A,34,normal_0034,0,1157,1172,2022-07-12 00:04:32.537000,2022-07-12 00:04:34.037000,train,0.04875925208132873,0.2425813279525978,0,AI2_rms,0.055859802359869086,0.001020238074973679,1.3339943325820722e-05,0.008612875854899739,0.12647644402076072,0.0003688597616105397,0.016708859407731078,0.18101359722745922
normal_0034_16,normal,0,A,34,normal_0034,16,1173,1188,2022-07-12 00:04:34.137000,2022-07-12 00:04:35.637000,train,0.14312425548461544,0.2425813279525978,0,AI2_rms,0.18750623608514785,0.1619571593783757,0.07299660200534325,0.19622452780569463,0.10951564171626318,0.012071702572194745,0.12047031741910856,0.2842518568947955
normal_0034_32,normal,0,A,34,normal_0034,32,1189,1204,2022-07-12 00:04:35.737000,2022-07-12 00:04:37.237000,train,0.05636585873854353,0.2425813279525978,0,AI2_rms,0.07521214223772137,0.009260990784780609,0.0033365312218098814,0.05942551596662505,0.05166531425022613,0.004553927986191229,0.09064892636840957,0.1568235210925844
normal_0036_00,normal,0,A,36,normal_0036,0,1245,1260,2022-07-12 00:04:48.455000,2022-07-12 00:04:49.955000,train,0.04386796670892071,0.2425813279525978,0,ratio_AI1_AI2,3.4886408276136184e-05,0.024917635017099544,0.013622440052150159,0.09420381438819689,0.1085317903135162,0.002159004972857433,0.03791156770082418,0.06956259481844512
normal_0036_16,normal,0,A,36,normal_0036,16,1261,1276,2022-07-12 00:04:50.055000,2022-07-12 00:04:51.555000,train,0.0952254062310317,0.2425813279525978,0,AI1_skew,0.003807084887426701,0.00016417862197234617,0.005884156281223625,4.5548313148897334e-05,0.29587295765665017,0.09281473204463152,0.3497698020968059,0.013444789946394397
normal_0037_00,normal,0,A,37,normal_0037,0,1282,1297,2022-07-12 00:04:56.641000,2022-07-12 00:04:58.141000,train,0.05234254845326628,0.2425813279525978,0,AI1_skew,0.021266329890608657,0.018840903903451788,0.04528741286447005,0.0014886607673675742,0.13481199007942138,0.02297166575497833,0.17351801014614832,0.0005554142196841516
normal_0043_00,normal,0,A,43,normal_0043,0,1431,1446,2022-07-12 00:05:36.499000,2022-07-12 00:05:37.999000,train,0.05590576786588519,0.2425813279525978,0,AI1_skew,0.010386771486185454,0.012406484673258262,0.08283284164479282,0.1001217788774909,0.015502547068489822,7.513572605734546e-05,0.21589196211539546,0.010028621335411486
normal_0043_16,normal,0,A,43,normal_0043,16,1447,1462,2022-07-12 00:05:38.099000,2022-07-12 00:05:39.599000,train,0.012397356136731102,0.2425813279525978,0,ratio_AI1_AI2,0.0013068048492054873,0.003493246360180084,0.02661884712466352,0.0031591068625726184,0.03191375433733697,0.0022889735449389418,0.0018201309235746713,0.028577985091376518
normal_0048_00,normal,0,A,48,normal_0048,0,1575,1590,2022-07-12 00:06:09.177000,2022-07-12 00:06:10.677000,train,0.331997349685039,0.2425813279525978,1,AI1_skew,0.2125037838657716,0.025166211720222858,0.017990967392224232,0.0051113850970271124,0.09620434944719218,0.013310158715379161,2.285480744732275,0.0002111965102199075
normal_0048_16,normal,0,A,48,normal_0048,16,1591,1606,2022-07-12 00:06:10.777000,2022-07-12 00:06:12.277000,train,0.04331258979767375,0.2425813279525978,0,ratio_AI1_AI2,4.649560658133621e-05,0.015746736146293537,0.001999673281715495,0.0011372473079685741,0.21996574333725452,0.013732297085571875,0.08484695800980074,0.009025567606203908
normal_0048_32,normal,0,A,48,normal_0048,32,1607,1622,2022-07-12 00:06:12.377000,2022-07-12 00:06:13.877000,train,0.039267222604592956,0.2425813279525978,0,ratio_AI1_AI2,0.05038988985625115,0.010285032108892523,0.0003318903266605292,0.0007289482816860367,0.21362259345921425,0.013751966702493354,0.014496265387663562,0.010531194713882258
normal_0049_00,normal,0,A,49,normal_0049,0,1625,1640,2022-07-12 00:06:16.934000,2022-07-12 00:06:18.434000,train,0.23378342158969975,0.2425813279525978,0,AI1_skew,0.08074712936828196,0.009614330656764291,0.07086381617145077,0.019991729846050244,0.32496558392167696,0.045217990576567085,1.3054109849290774,0.013455807247729351
normal_0049_16,normal,0,A,49,normal_0049,16,1641,1656,2022-07-12 00:06:18.534000,2022-07-12 00:06:20.034000,train,0.00821771199726132,0.2425813279525978,0,AI1_skew,0.01339564352060097,0.001078059273112409,0.0020580406695748744,2.2881450428880507e-05,0.003717001964795413,0.000631959013931466,0.028316167332313107,0.01652194275333344
normal_0051_00,normal,0,A,51,normal_0051,0,1687,1702,2022-07-12 00:06:29.384000,2022-07-12 00:06:30.884000,train,0.013077252483144803,0.2425813279525978,0,ratio_AI1_AI2,0.01625467360175483,0.00835842206315707,4.591841566479286e-05,0.005932115979780026,0.05885870624156529,0.009377340090564191,0.00579084345848466,1.4187566257033096e-11
normal_0051_16,normal,0,A,51,normal_0051,16,1703,1718,2022-07-12 00:06:30.984000,2022-07-12 00:06:32.484000,train,0.03892696954129718,0.2425813279525978,0,ratio_AI1_AI2,0.06458396178022584,0.04417257163815835,0.010675303836504769,0.0006814449370399826,0.1683995030455227,0.02184515197426178,0.000566018679346596,0.0004918004393174001
normal_0051_32,normal,0,A,51,normal_0051,32,1719,1734,2022-07-12 00:06:32.584000,2022-07-12 00:06:34.084000,train,0.0032324961895824253,0.2425813279525978,0,ratio_AI0_AI2,0.004290668450687211,0.0019673559133160314,0.013192407388820802,0.005268845985549063,2.782983729836934e-07,0.0006691678207050131,6.810174674156851e-05,0.0004031439124667289
normal_0055_00,normal,0,A,55,normal_0055,0,1887,1902,2022-07-12 00:06:57.798000,2022-07-12 00:06:59.298000,train,0.008425142310577116,0.2425813279525978,0,AI2_period8,0.03410303207218765,0.0017736906888936844,0.010179913988923806,0.0007968672277745115,0.009716384617955905,0.0005368427818795333,0.0024435827396811407,0.007850824367320704
normal_0055_16,normal,0,A,55,normal_0055,16,1903,1918,2022-07-12 00:06:59.398000,2022-07-12 00:07:00.898000,train,0.06937555381102012,0.2425813279525978,0,AI1_skew,0.019275577317788724,0.0019609354389865203,0.0012650790671063705,0.034289258554705875,0.04166053491096043,0.04429709495174878,0.39152583230405463,0.020730117942809594
normal_0055_32,normal,0,A,55,normal_0055,32,1919,1934,2022-07-12 00:07:00.998000,2022-07-12 00:07:02.498000,train,0.022007820930334033,0.2425813279525978,0,AI1_skew,0.011773679948627625,0.017037564966457808,0.0255599602472612,0.02215400864853622,0.030217709496250633,0.0004580830489145263,0.0399359609778775,0.028925600108746764
normal_0056_00,normal,0,A,56,normal_0056,0,1937,1952,2022-07-12 00:07:04.844000,2022-07-12 00:07:06.344000,train,0.007794493805985661,0.2425813279525978,0,AI1_skew,0.0005244789597243322,0.0005038311648225914,0.003024129974665853,5.723187533597491e-06,0.0054795583945199166,0.0015420075309820788,0.04914784015534278,0.0021283810802941354
normal_0056_16,normal,0,A,56,normal_0056,16,1953,1968,2022-07-12 00:07:06.444000,2022-07-12 00:07:07.944000,train,0.1158109737395439,0.2425813279525978,0,ratio_AI1_AI2,0.0009005399609708678,0.02867645164076121,0.02491390049361278,0.008831480842261836,0.7445946607676931,0.07679059656040285,0.03737309422124787,0.00440706542940063
normal_0056_32,normal,0,A,56,normal_0056,32,1969,1984,2022-07-12 00:07:08.044000,2022-07-12 00:07:09.544000,train,0.014622273110014898,0.2425813279525978,0,AI2_period8,0.07706418325488926,0.008341983849095017,0.0012912685358336346,0.01848939261881229,0.0008662410729995385,0.0006166297686351048,0.008935225491178998,0.0013732602886753539
normal_0057_00,normal,0,A,57,normal_0057,0,1987,2002,2022-07-12 00:07:12.647000,2022-07-12 00:07:14.147000,train,0.12224419195934544,0.2425813279525978,0,AI1_skew,0.020873891315510738,0.1467192258163913,0.020823502432000415,0.01316867347841649,0.34211126845936096,0.031026248268170686,0.40052322831641474,0.0027074975884980993
normal_0057_16,normal,0,A,57,normal_0057,16,2003,2018,2022-07-12 00:07:14.247000,2022-07-12 00:07:15.747000,train,0.04864507708912178,0.2425813279525978,0,AI1_skew,0.02091922460424821,0.058288330046050094,0.014852567519805978,0.0008927026563068019,0.026554837631687988,0.0016101092964714955,0.26525301979387084,0.0007898251645328756
normal_0057_32,normal,0,A,57,normal_0057,32,2019,2034,2022-07-12 00:07:15.847000,2022-07-12 00:07:17.347000,train,0.022942341753613264,0.2425813279525978,0,AI1_skew,0.0023469680368600203,0.0006561694080807794,0.0029528580954479608,2.043927523604856e-06,0.04663142252099964,3.405225930003974e-06,0.12213774860560538,0.008808118208458702
normal_0058_00,normal,0,A,58,normal_0058,0,2037,2052,2022-07-12 00:07:19.348000,2022-07-12 00:07:20.848000,train,0.025322962876449886,0.2425813279525978,0,AI2_kurt,0.021496033098996812,0.1534169849288014,0.00045911616894407295,0.006661104914861227,0.0028472700240601027,7.844668700098344e-06,0.009227882866508698,0.008467466340726678
normal_0058_16,normal,0,A,58,normal_0058,16,2053,2068,2022-07-12 00:07:20.948000,2022-07-12 00:07:22.448000,train,0.43992273503933454,0.2425813279525978,1,AI1_skew,0.7048957179439214,0.002880601347220772,0.4090662421215322,0.012356624483877688,0.29652457185815306,0.0779553969625213,1.9848117455345156,0.030890980062934687
normal_0058_32,normal,0,A,58,normal_0058,32,2069,2084,2022-07-12 00:07:22.548000,2022-07-12 00:07:24.048000,train,0.027053526835964632,0.2425813279525978,0,AI2_kurt,0.01953838397447422,0.18126230879515243,0.0012072346084181977,0.005462422168012664,0.007422658011523949,1.0553909920415008e-05,0.0006134168759194753,0.0009112363442957007
normal_0061_00,normal,0,A,61,normal_0061,0,2187,2202,2022-07-12 00:07:39.560000,2022-07-12 00:07:41.060000,train,0.13531236444184938,0.2425813279525978,0,ratio_AI1_AI2,0.0006584168535696018,0.00881826081690945,0.0761153164998717,0.00028645856585255504,0.6353873725518734,0.08744504153142452,0.2722681876339009,0.0015198610813929082
normal_0061_16,normal,0,A,61,normal_0061,16,2203,2218,2022-07-12 00:07:41.160000,2022-07-12 00:07:42.660000,train,0.17731941804408113,0.2425813279525978,0,ratio_AI1_AI2,0.0008761014514770443,0.018880675620938474,0.08678330622292672,0.00043567622124217624,0.9200802303886799,0.12050442480873574,0.2702827530782542,0.00071217656039483
normal_0061_32,normal,0,A,61,normal_0061,32,2219,2234,2022-07-12 00:07:42.760000,2022-07-12 00:07:44.260000,train,0.04060822814435896,0.2425813279525978,0,ratio_AI1_AI2,0.006117222859673081,8.868532241594482e-06,1.0687649635795674e-06,0.0049868608667797765,0.16800778841445113,0.019878664385426396,0.12567887191615107,0.0001864794151849885
normal_0062_00,normal,0,A,62,normal_0062,0,2237,2252,2022-07-12 00:07:46.324000,2022-07-12 00:07:47.824000,train,0.010892776528138321,0.2425813279525978,0,AI0_rms,2.3897038487242654e-06,0.013706031157938257,0.022751179304834415,0.03497352962793659,0.0010152101343041588,0.00526377732310781,0.0012807388749630456,0.008149356098173563
normal_0062_16,normal,0,A,62,normal_0062,16,2253,2268,2022-07-12 00:07:47.924000,2022-07-12 00:07:49.424000,train,0.061023737425349,0.2425813279525978,0,AI0_rms,0.006587030191517495,0.14540436932497622,0.012166549563903095,0.15942416354611966,0.05712915325233318,0.03291874538010028,0.07148168065633928,0.0030782074875027533
normal_0062_32,normal,0,A,62,normal_0062,32,2269,2284,2022-07-12 00:07:49.524000,2022-07-12 00:07:51.024000,train,0.08228802250846878,0.2425813279525978,0,AI1_skew,0.04891265998183992,0.12342471845885311,0.00030238858168274034,0.03313619040339691,0.0032388172841449317,0.004351060213267891,0.44490914482102956,2.9200323535253945e-05
normal_0064_00,normal,0,A,64,normal_0064,0,2337,2352,2022-07-12 00:07:59.767000,2022-07-12 00:08:01.267000,train,0.058896037030075774,0.2425813279525978,0,AI1_skew,0.002021394843669878,0.01795788910215442,8.163117544347206e-07,0.12357917042255932,0.11572831608076671,0.01497777182917242,0.17251581145604422,0.024387126194484826
normal_0064_16,normal,0,A,64,normal_0064,16,2353,2368,2022-07-12 00:08:01.367000,2022-07-12 00:08:02.867000,train,0.06807217324868108,0.2425813279525978,0,AI1_skew,0.06212946249659747,0.03559145111772014,0.06865330004102922,0.03408688107695251,0.03852108420989825,0.007907649906848429,0.2962855648282126,0.0014019923121899632
normal_0064_32,normal,0,A,64,normal_0064,32,2369,2384,2022-07-12 00:08:02.967000,2022-07-12 00:08:04.467000,train,0.10968716392894462,0.2425813279525978,0,AI1_skew,0.0883490060937898,0.034127467268336396,0.15302021918597755,0.03321765051401945,0.035177016770640765,0.006230759578035794,0.5186724959798495,0.00870269604090763
normal_0065_00,normal,0,A,65,normal_0065,0,2387,2402,2022-07-12 00:08:06.337000,2022-07-12 00:08:07.837000,train,0.03216345327095823,0.2425813279525978,0,AI2_rms,0.0008682460895152999,0.009073556018880003,0.0002910753570971043,0.007980169520087654,0.09119059588508747,0.00977076526270614,0.008801146725627191,0.12933207130866498
normal_0065_16,normal,0,A,65,normal_0065,16,2403,2418,2022-07-12 00:08:07.937000,2022-07-12 00:08:09.437000,train,0.06330568535060915,0.2425813279525978,0,ratio_AI1_AI2,0.051574949538125095,0.09964064103503188,0.0069002849814934035,0.0755190543476383,0.174283428356469,0.003301854256952265,0.043947539436064505,0.05127773085309874
normal_0065_32,normal,0,A,65,normal_0065,32,2419,2434,2022-07-12 00:08:09.537000,2022-07-12 00:08:11.037000,train,0.03460762565273616,0.2425813279525978,0,AI2_rms,0.1026575723124307,0.006452208551030258,0.002190322911612679,0.0024856495385260063,0.010471513918097784,0.01019378278913324,0.0345097886172245,0.10790016658383413
normal_0066_00,normal,0,A,66,normal_0066,0,2437,2452,2022-07-12 00:08:13.092000,2022-07-12 00:08:14.592000,train,0.1697312811604787,0.2425813279525978,0,ratio_AI1_AI2,0.008797379020907934,0.018287608733130217,0.003590729642958065,0.18438388651661936,0.6938024025356277,0.09145637887020125,0.1963576089329325,0.16117425503145272
normal_0066_16,normal,0,A,66,normal_0066,16,2453,2468,2022-07-12 00:08:14.692000,2022-07-12 00:08:16.192000,train,0.08128150376912491,0.2425813279525978,0,ratio_AI1_AI2,0.004865149326994541,0.010005895706676163,0.003129117481256548,0.12838170896184065,0.27630928979828395,0.006742727452391219,0.012979372473405469,0.20783876895215078
normal_0066_32,normal,0,A,66,normal_0066,32,2469,2484,2022-07-12 00:08:16.292000,2022-07-12 00:08:17.792000,train,0.15801740315996657,0.2425813279525978,0,AI1_skew,0.0019400640679351447,0.00047500509070810137,0.023094926012050696,0.002629579127380975,0.4911823196469306,0.17353061874589376,0.5467499242075538,0.02453678838127933
normal_0067_00,normal,0,A,67,normal_0067,0,2487,2502,2022-07-12 00:08:26.424000,2022-07-12 00:08:27.924000,train,0.01940729519143159,0.2425813279525978,0,AI0_rms,0.008997592916442011,0.007117334647806925,0.023309884021975865,0.0587111415414154,1.4627660397040435e-07,0.00016680891534164984,0.055723030860262236,0.0012324223516046757
normal_0067_16,normal,0,A,67,normal_0067,16,2503,2518,2022-07-12 00:08:28.024000,2022-07-12 00:08:29.524000,train,0.057780856413611345,0.2425813279525978,0,AI1_skew,0.008765741709626906,0.09310282145597866,0.010769406186213781,0.0003026636396583205,0.010140005622235613,0.01305878442057832,0.3201155253328583,0.0059919029417408185
normal_0067_32,normal,0,A,67,normal_0067,32,2519,2534,2022-07-12 00:08:29.624000,2022-07-12 00:08:31.124000,train,0.018158059016576345,0.2425813279525978,0,AI1_skew,0.02049793247622246,0.009052195893856599,0.00014640508162985552,0.0070921892774755526,0.03379414655520965,0.005693955762405186,0.06852743717290571,0.00046020991290574107
normal_0069_00,normal,0,A,69,normal_0069,0,2587,2602,2022-07-12 00:08:39.956000,2022-07-12 00:08:41.456000,train,0.0645723290602477,0.2425813279525978,0,AI2_kurt,0.1380545377146642,0.1672962351526243,0.00026466838501389747,0.006222586164519989,0.07547487828871778,0.014288030811326558,0.09639355515936225,0.018584140805752564
normal_0069_16,normal,0,A,69,normal_0069,16,2603,2618,2022-07-12 00:08:41.556000,2022-07-12 00:08:43.056000,train,0.02873383085587802,0.2425813279525978,0,AI1_skew,0.028815994420896364,0.0047053736407026625,0.01842127928039765,0.02113149242236641,0.031529697970611364,0.0004653818872670797,0.11433289732292802,0.010468529901854593
normal_0069_32,normal,0,A,69,normal_0069,32,2619,2634,2022-07-12 00:08:43.156000,2022-07-12 00:08:44.656000,train,0.029795607387165156,0.2425813279525978,0,AI1_skew,0.03251919114418004,0.004287686833622633,0.015174607609776678,0.01758802171909846,0.03060085632788261,0.0056741214653652705,0.1304958032678014,0.0020245707295941367
normal_0071_00,normal,0,A,71,normal_0071,0,2687,2702,2022-07-12 00:08:53.480000,2022-07-12 00:08:54.980000,train,0.12799569955145682,0.2425813279525978,0,AI2_rms,0.028429816841694905,0.020279190209123877,1.8945921281170762e-05,0.09868871198643038,0.15733304056029643,0.005574756407098586,0.31804532147833736,0.3955958130073918
normal_0071_16,normal,0,A,71,normal_0071,16,2703,2718,2022-07-12 00:08:55.080000,2022-07-12 00:08:56.580000,train,0.10717328984791004,0.2425813279525978,0,AI2_rms,0.011510963453684258,0.03960840503248816,0.0004831659548860006,0.1018719593814238,0.1851600373939354,1.5139348023553278e-05,0.245314808621463,0.2734218395973762
normal_0071_32,normal,0,A,71,normal_0071,32,2719,2734,2022-07-12 00:08:56.680000,2022-07-12 00:08:58.180000,train,0.0335818098642032,0.2425813279525978,0,ratio_AI1_AI2,0.020446749306305904,0.021484868161829887,0.005714016216130808,4.043658185011656e-05,0.10574350435406162,0.005903017155126113,0.008427991859523495,0.10089389527879766
normal_0072_00,normal,0,A,72,normal_0072,0,2737,2752,2022-07-12 00:09:00.084000,2022-07-12 00:09:01.584000,train,0.026295491935477998,0.2425813279525978,0,ratio_AI1_AI2,0.05614542871370711,0.008815236948741263,0.004993910047618363,0.00033016695539384396,0.12464413218016789,0.011599777510112886,0.00042095382391751696,0.0034143293041650953
normal_0072_16,normal,0,A,72,normal_0072,16,2753,2768,2022-07-12 00:09:01.684000,2022-07-12 00:09:03.184000,train,0.04400171085167331,0.2425813279525978,0,ratio_AI1_AI2,0.08826232740146903,0.02295847820949281,0.009375509134436301,0.0026538713569092434,0.19889388387585427,0.019741713807128275,0.004980990535172375,0.00514691249292416
normal_0072_32,normal,0,A,72,normal_0072,32,2769,2784,2022-07-12 00:09:03.284000,2022-07-12 00:09:04.784000,train,0.04798117128674113,0.2425813279525978,0,AI2_kurt,0.04536236086396023,0.13993608498149127,0.11833412044350741,0.0005049720736072192,0.06387618396976,0.009819727597233945,0.0007842205486258013,0.005231699815743162
normal_0073_00,normal,0,A,73,normal_0073,0,2787,2802,2022-07-12 00:09:06.833000,2022-07-12 00:09:08.333000,train,0.04197209285915224,0.2425813279525978,0,ratio_AI1_AI2,0.0008614022916381853,0.013537945517854928,1.116549921726864e-06,0.010368743832486817,0.27335181026901434,0.012835957095405455,0.000668126425059168,0.024151640891837252
normal_0073_16,normal,0,A,73,normal_0073,16,2803,2818,2022-07-12 00:09:08.433000,2022-07-12 00:09:09.933000,train,0.08891073571236163,0.2425813279525978,0,AI1_skew,0.00772742706838556,0.0015954915797475884,0.005257411268461065,0.007926323083525486,0.0060459292778096115,0.0010706833458429283,0.6749539164910635,0.0067087035840573675
normal_0073_32,normal,0,A,73,normal_0073,32,2819,2834,2022-07-12 00:09:10.033000,2022-07-12 00:09:11.533000,train,0.12730054088331372,0.2425813279525978,0,AI1_skew,0.007793493547264849,0.0016964464792067354,0.00035562995454351817,0.05172544164240869,0.23069883842474745,0.004301236960849623,0.6594081278850534,0.062425112172435404
normal_0075_00,normal,0,A,75,normal_0075,0,2887,2902,2022-07-12 00:09:20.084000,2022-07-12 00:09:21.584000,train,0.008860498414571828,0.2425813279525978,0,ratio_AI1_AI2,0.00013337804114244147,0.017768806253545145,0.00037507353984994737,0.0030816677981754066,0.02501161988297062,0.0024451350196878483,0.01885414471148462,0.003214162069718595
normal_0075_16,normal,0,A,75,normal_0075,16,2903,2918,2022-07-12 00:09:21.684000,2022-07-12 00:09:23.184000,train,0.002632797068304141,0.2425813279525978,0,AI0_rms,0.006494369948328614,0.0002843738342989384,8.148533185633996e-05,0.00821570807672425,0.0009391029555060827,0.0023748992692531504,0.0011923851931389662,0.0014800519373267848
normal_0075_32,normal,0,A,75,normal_0075,32,2919,2934,2022-07-12 00:09:23.284000,2022-07-12 00:09:24.784000,train,0.017692315896513273,0.2425813279525978,0,ratio_AI1_AI2,0.017987331607346217,0.014243606743772482,0.0006584556497153953,0.0037083746434627618,0.07131662821447315,0.01026757605144808,0.01957418173206233,0.003782372529825764
normal_0079_00,normal,0,A,79,normal_0079,0,3049,3064,2022-07-12 00:09:48.366000,2022-07-12 00:09:49.866000,train,0.14075878942421027,0.2425813279525978,0,ratio_AI1_AI2,0.0008030021400522162,0.0035874872363288843,0.004589016482921512,0.10601696914400009,0.6992570047329627,0.1302040009821627,0.03772006589219926,0.1438927687830548
normal_0079_16,normal,0,A,79,normal_0079,16,3065,3080,2022-07-12 00:09:49.966000,2022-07-12 00:09:51.466000,train,0.06872091471946276,0.2425813279525978,0,ratio_AI1_AI2,0.0049811151209715205,0.0018356350299300963,0.0448233028770597,0.13850729246259813,0.2115028784963993,0.01355497775207912,0.04227464599632608,0.09228747002033814
normal_0079_32,normal,0,A,79,normal_0079,32,3081,3096,2022-07-12 00:09:51.566000,2022-07-12 00:09:53.066000,train,0.05461960841955467,0.2425813279525978,0,AI1_skew,0.03768241089836827,0.02696954530208712,0.016354962708257894,0.0011576031779329762,0.11253945162531657,0.02575476231048993,0.1843313518312514,0.03216677950273318
normal_0080_00,normal,0,A,80,normal_0080,0,3099,3114,2022-07-12 00:09:55.827000,2022-07-12 00:09:57.327000,train,0.22834050460503047,0.2425813279525978,0,AI1_skew,0.5186182098932899,0.49597522098608665,0.0004318584320370901,0.0059986828141060065,0.20335555589526144,0.014307711444603985,0.5444828063566441,0.04355399101821472
normal_0080_16,normal,0,A,80,normal_0080,16,3115,3130,2022-07-12 00:09:57.427000,2022-07-12 00:09:58.927000,train,0.11670632941972996,0.2425813279525978,0,AI2_period8,0.4602906409491062,0.41306249810985735,0.017489452140449394,0.017419592453957473,0.0006387483883784444,0.001983179526316628,0.0009797281594828581,0.02178679563029129
normal_0082_00,normal,0,A,82,normal_0082,0,3172,3187,2022-07-12 00:10:11.896000,2022-07-12 00:10:13.396000,train,0.03577705823200167,0.2425813279525978,0,ratio_AI1_AI2,0.03754735757190332,0.0010524749379294755,0.0005323829812846436,0.022780748786474014,0.16408834823787974,0.02139947688987024,0.009238712514726733,0.02957696393594517
normal_0085_00,normal,0,A,85,normal_0085,0,3243,3258,2022-07-12 00:10:35.872000,2022-07-12 00:10:37.372000,train,0.3064058918195744,0.2425813279525978,1,AI1_skew,0.24367508437876512,0.06946516280572877,0.16317847998185014,0.00860770204569729,0.08530471734327343,0.0695311951726856,1.7790867224375186,0.032398070391076075
normal_0085_16,normal,0,A,85,normal_0085,16,3259,3274,2022-07-12 00:10:37.472000,2022-07-12 00:10:38.972000,train,0.1320221625965632,0.2425813279525978,0,AI1_skew,0.13016156973443924,0.06009956330122923,0.06461773347312601,0.009464334885702677,3.0705337971126323e-05,0.0004587150759722071,0.7913441401969992,5.387670658084498e-07
normal_0086_00,normal,0,A,86,normal_0086,0,3289,3304,2022-07-12 00:10:43.851000,2022-07-12 00:10:45.351000,train,0.10567013294597513,0.2425813279525978,0,ratio_AI1_AI2,0.012625956565598277,0.0074150616424664,0.09098205650475166,0.01190413898595805,0.6137246130473198,0.08708253914193234,0.02125318205782203,0.000373515621952551
normal_0086_16,normal,0,A,86,normal_0086,16,3305,3320,2022-07-12 00:10:45.451000,2022-07-12 00:10:46.951000,train,0.12380764844688354,0.2425813279525978,0,ratio_AI1_AI2,0.20407566738817415,0.08477673415888054,0.12287361919815663,0.01107504422627968,0.37521704268215844,0.05891627703571175,0.1334885204776583,3.828240804873758e-05
normal_0089_00,normal,0,A,89,normal_0089,0,3357,3372,2022-07-12 00:11:09.294000,2022-07-12 00:11:10.794000,train,0.018879155916201512,0.2425813279525978,0,AI1_skew,0.0031290918373439915,0.00042393378254950684,0.006019922868430861,0.008102195993320606,0.028377104639836195,0.00914908632895959,0.09582693618047729,4.975698694063037e-06
normal_0089_16,normal,0,A,89,normal_0089,16,3373,3388,2022-07-12 00:11:10.894000,2022-07-12 00:11:12.394000,train,0.15921386647702052,0.2425813279525978,0,AI1_skew,0.005941890349209508,0.0068249219076387336,0.09272901091926379,0.151326710902456,0.0056290541988868814,0.01835580668057565,0.9866228898078041,0.006280647050329299
normal_0089_32,normal,0,A,89,normal_0089,32,3389,3404,2022-07-12 00:11:12.494000,2022-07-12 00:11:13.994000,train,0.04313591446452987,0.2425813279525978,0,AI2_period8,0.10286066398111512,0.03534838439185221,0.009845850856031542,0.0901684427725089,0.08797468271696145,0.0066603668376473526,0.0006413874915419018,0.01158753666858049
normal_0091_00,normal,0,A,91,normal_0091,0,3456,3471,2022-07-12 00:11:24.056000,2022-07-12 00:11:25.556000,train,0.5740938191858549,0.2425813279525978,1,AI1_skew,0.8312071102190404,0.07202895375208607,0.16082919759884595,0.0013389695191226856,0.3276897730526285,0.003637250241733895,3.0656457929864396,0.13037350611694276
normal_0091_16,normal,0,A,91,normal_0091,16,3472,3487,2022-07-12 00:11:25.656000,2022-07-12 00:11:27.156000,train,0.03525897939077268,0.2425813279525978,0,AI1_skew,0.03313660215701856,0.01678060728291417,0.047530235258407695,0.004996751472134406,0.03814842133550235,0.01309839818781574,0.11769057581476276,0.010690243617625746
normal_0095_00,normal,0,A,95,normal_0095,0,3573,3588,2022-07-12 00:11:56.244000,2022-07-12 00:11:57.744000,train,0.08100634268430984,0.2425813279525978,0,AI1_skew,0.09977759494899062,0.009085884031616611,0.0127383962261534,0.0010116867995607613,0.14660135015237838,0.09468274878537215,0.27903533878001313,0.005117741750393681
normal_0095_16,normal,0,A,95,normal_0095,16,3589,3604,2022-07-12 00:11:57.844000,2022-07-12 00:11:59.344000,train,0.039430932099850526,0.2425813279525978,0,AI1_rms,0.032740109873930716,0.007974407274163547,0.002212012372828488,4.770465616284261e-06,0.047605408254952825,0.0916442243833317,0.050283000948341594,0.08298352322563904
normal_0095_32,normal,0,A,95,normal_0095,32,3605,3620,2022-07-12 00:11:59.444000,2022-07-12 00:12:00.944000,train,0.07189828875986762,0.2425813279525978,0,AI1_skew,0.12507461127293548,0.022643883525438314,0.0035240524418755008,0.008382221260107615,0.035139205158831684,0.058896259110246825,0.2719245863534336,0.04960149095607199
normal_0097_00,normal,0,A,97,normal_0097,0,3661,3676,2022-07-12 00:12:12.164000,2022-07-12 00:12:13.664000,train,0.05836620451329684,0.2425813279525978,0,ratio_AI1_AI2,0.00021151316596360078,0.020767430463345723,0.020377412432381274,0.03624344341019797,0.24081233017622236,0.00340957809852162,0.06223547572160125,0.0828724526381409
normal_0098_00,normal,0,A,98,normal_0098,0,3686,3701,2022-07-12 00:12:20.177000,2022-07-12 00:12:21.677000,train,0.014823508908937565,0.2425813279525978,0,AI1_skew,0.0020299610703084707,0.0019987416361335803,0.024440492802255947,0.004808318706548943,0.0015352344631361504,0.003224999220082595,0.06954623234258983,0.011004091030444996
normal_0100_00,normal,0,A,100,normal_0100,0,3722,3737,2022-07-12 00:12:38.192000,2022-07-12 00:12:39.692000,train,0.008710256147089172,0.2425813279525978,0,AI1_skew,3.780714615757938e-05,0.003589769369696761,0.0003066886425667984,0.004626164934120793,0.013179590457586007,0.00026256830735528155,0.042099423508448204,0.005580036810781951
normal_0100_16,normal,0,A,100,normal_0100,16,3738,3753,2022-07-12 00:12:39.792000,2022-07-12 00:12:41.292000,train,0.08540028794205214,0.2425813279525978,0,ratio_AI1_AI2,0.04475423635882597,0.029403461936579077,0.04656935076048076,0.0006777927866842085,0.3557713078716738,0.03423506178319035,0.16858951208404627,0.0032015799549365725
normal_0100_32,normal,0,A,100,normal_0100,32,3754,3769,2022-07-12 00:12:41.392000,2022-07-12 00:12:42.892000,train,0.09109575742640746,0.2425813279525978,0,AI1_skew,0.028585536372093257,0.052748845319402014,0.00958458963498585,0.00018402195192263838,0.01417820770023263,0.003953364638348852,0.6012746177516555,0.018256876042619084
normal_0102_00,normal,0,A,102,normal_0102,0,3822,3837,2022-07-12 00:12:52.064000,2022-07-12 00:12:53.564000,train,0.011521074947462665,0.2425813279525978,0,AI2_kurt,4.04149031477514e-05,0.050591914609199554,0.0016640631156955108,0.00017591222846451076,0.0033680132371913655,0.0003110668729395223,0.03182119668011544,0.004196017932947668
normal_0102_16,normal,0,A,102,normal_0102,16,3838,3853,2022-07-12 00:12:53.664000,2022-07-12 00:12:55.164000,train,0.027744769771548508,0.2425813279525978,0,AI1_skew,0.0006553725651094921,0.005006915654047539,0.004169520507943502,0.004434467571471753,0.00014175336791630793,0.000544861053094695,0.20700233093119785,2.936521606931682e-06
normal_0104_00,normal,0,A,104,normal_0104,0,3901,3916,2022-07-12 00:13:07.971000,2022-07-12 00:13:09.471000,train,0.06218970660238296,0.2425813279525978,0,ratio_AI1_AI2,0.02855965433958658,0.005952833829273937,0.006682210248726868,0.0004991382682567829,0.3650787603555267,0.03216323336554091,0.04122645256756236,0.017355369844589595
normal_0104_16,normal,0,A,104,normal_0104,16,3917,3932,2022-07-12 00:13:09.571000,2022-07-12 00:13:11.071000,train,0.10322328326164246,0.2425813279525978,0,AI1_skew,0.08332266393214724,0.004104192802455555,0.003881344558230701,6.2657742561340455e-06,0.04782124054111905,0.0002077665330987019,0.64373198642698,0.04271080552485229
normal_0105_00,normal,0,A,105,normal_0105,0,3935,3950,2022-07-12 00:13:15.873000,2022-07-12 00:13:17.373000,train,0.11168116464168244,0.2425813279525978,0,AI1_skew,0.28235635952551585,0.0026321718945026317,0.009838443729984353,0.0013646833003068608,0.0004337762954536066,0.0069858024236051095,0.5858789639397426,0.0039591160243485305
normal_0108_00,normal,0,A,108,normal_0108,0,4016,4031,2022-07-12 00:13:39.886000,2022-07-12 00:13:41.386000,train,0.007228430673592062,0.2425813279525978,0,AI0_rms,0.00014676328814987406,0.007982453264994162,0.007997166265792529,0.013514899854343714,8.851935197159617e-05,0.011605234984741933,0.004714694221638811,0.011777714157103865
normal_0108_16,normal,0,A,108,normal_0108,16,4032,4047,2022-07-12 00:13:41.486000,2022-07-12 00:13:42.986000,train,0.04108838151132043,0.2425813279525978,0,AI1_skew,2.506698174690874e-07,0.0011722663403370022,0.025105799662218983,0.02227647278069533,0.013783514726676709,0.0007951112399858972,0.2574979853897666,0.00807565128106547
normal_0108_32,normal,0,A,108,normal_0108,32,4048,4063,2022-07-12 00:13:43.086000,2022-07-12 00:13:44.586000,train,0.10677686847960907,0.2425813279525978,0,AI1_skew,0.20440346379564192,0.03682039939549003,0.0553318205843345,0.1796987501739581,0.0195506473836253,0.02561969930746115,0.2585937669527922,0.07419640024356935
normal_0109_00,normal,0,A,109,normal_0109,0,4066,4081,2022-07-12 00:13:47.957000,2022-07-12 00:13:49.457000,train,0.09181599031058896,0.2425813279525978,0,AI1_skew,0.07273490795730397,0.006965371212863749,0.01118991480280687,0.0039166840066734475,0.07437215824711611,0.016393067110200218,0.5485202883012554,0.00043553084649183843
normal_0109_16,normal,0,A,109,normal_0109,16,4082,4097,2022-07-12 00:13:49.557000,2022-07-12 00:13:51.057000,train,0.07478108779799134,0.2425813279525978,0,ratio_AI1_AI2,0.052207326420106906,3.839754423847879e-05,0.004228509723748463,0.003548307819954872,0.29830658378648445,0.032841603909108404,0.18717773025813092,0.019900242922158157
normal_0113_00,normal,0,A,113,normal_0113,0,4186,4201,2022-07-12 00:14:20.310000,2022-07-12 00:14:21.810000,train,0.05307315522482087,0.2425813279525978,0,AI0_rms,0.05589506668849357,0.0006822681125404758,0.09114293811628389,0.12663424129112616,0.0017932292109808597,0.0056989036193544175,0.11764453618077805,0.025094058579009492
normal_0113_16,normal,0,A,113,normal_0113,16,4202,4217,2022-07-12 00:14:21.910000,2022-07-12 00:14:23.410000,train,0.012061425631896163,0.2425813279525978,0,AI1_skew,0.0005664484202803031,0.00830429781170521,0.022793092664965965,0.0020027588678678196,0.004650745132362966,0.002918816577009114,0.053719716430568394,0.001535529150409523
normal_0113_32,normal,0,A,113,normal_0113,32,4218,4233,2022-07-12 00:14:23.510000,2022-07-12 00:14:25.010000,train,0.016314478278241222,0.2425813279525978,0,AI1_skew,0.004395309007553234,0.0009386328808558925,0.0038622135705967953,0.0029432320722000403,0.0017143058518379638,0.010018414632564265,0.06222274819978477,0.04442097001053682
normal_0114_00,normal,0,A,114,normal_0114,0,4236,4251,2022-07-12 00:14:27.908000,2022-07-12 00:14:29.408000,train,0.06543723272687564,0.2425813279525978,0,AI1_skew,0.11815290562669409,0.048566790372179355,0.012258674467992605,0.0675637260807484,0.0002674121222388094,0.026505419674268286,0.1579988834123819,0.0921840500585017
normal_0114_16,normal,0,A,114,normal_0114,16,4252,4267,2022-07-12 00:14:29.508000,2022-07-12 00:14:31.008000,train,0.0234524554122435,0.2425813279525978,0,AI2_period8,0.09629777698327895,0.027052014522847563,0.0035676143922697004,0.0008464170460047888,0.0018439331555738518,0.007165596454470771,0.0010391828192250123,0.049807107924277366
normal_0116_00,normal,0,A,116,normal_0116,0,4303,4318,2022-07-12 00:14:43.837000,2022-07-12 00:14:45.337000,train,0.013137420815881443,0.2425813279525978,0,AI2_rms,0.0017397122008097293,0.03226754243746322,0.0005261649202540565,0.023783144709833375,0.0030950670038302104,0.006241546528967175,0.00033736372826329903,0.03710882499763048
normal_0119_00,normal,0,A,119,normal_0119,0,4349,4364,2022-07-12 00:15:01.577000,2022-07-12 00:15:03.077000,train,0.060235692274298036,0.2425813279525978,0,AI1_skew,0.0005680003167309742,0.016171209285000057,0.0006484053960624937,0.07825226100465482,0.09481927285774669,0.00030695947081090257,0.1751320685529598,0.11598736131041856
normal_0119_16,normal,0,A,119,normal_0119,16,4365,4380,2022-07-12 00:15:03.177000,2022-07-12 00:15:04.677000,train,0.010518810560267246,0.2425813279525978,0,AI0_rms,0.0001429916741327148,0.02348505577198148,0.020468341800050163,0.0357058773127583,0.00012760165130275725,0.003737122288711375,0.00046157029693766056,2.1923686263498363e-05
normal_0119_32,normal,0,A,119,normal_0119,32,4381,4396,2022-07-12 00:15:04.777000,2022-07-12 00:15:06.277000,train,0.0030912965896413395,0.2425813279525978,0,AI2_kurt,0.0070771485793056045,0.008894441206373453,0.0018988836616578692,3.3628587517287495e-06,0.00029171490507178915,0.002936396236969063,0.001426262167571154,0.0022021631014300554
normal_0120_00,normal,0,A,120,normal_0120,0,4399,4414,2022-07-12 00:15:08.384000,2022-07-12 00:15:09.884000,train,0.06274498680216563,0.2425813279525978,0,ratio_AI1_AI2,0.004919787510098236,0.04535292078502109,0.0003070786085637871,0.016316540364054964,0.33270604595979253,0.024105709106773555,0.0683946825187741,0.00985712956424678
normal_0120_16,normal,0,A,120,normal_0120,16,4415,4430,2022-07-12 00:15:09.984000,2022-07-12 00:15:11.484000,train,0.09041957261044128,0.2425813279525978,0,ratio_AI1_AI2,0.09273649366059222,0.203934210188506,0.057796527498738245,0.05779907364598933,0.2817226363071776,0.022494869565979788,1.742955263773161e-06,0.0068710270612833985
normal_0120_32,normal,0,A,120,normal_0120,32,4431,4446,2022-07-12 00:15:11.584000,2022-07-12 00:15:13.084000,train,0.03574446469896404,0.2425813279525978,0,AI1_skew,0.0015397686221928703,0.03315740244094845,0.003276114039821196,0.00739343482758459,0.01633986961203436,0.0006305767836551114,0.22080176261034085,0.0028167886551349226
normal_0123_00,normal,0,A,123,normal_0123,0,4520,4535,2022-07-12 00:15:31.742000,2022-07-12 00:15:33.242000,train,0.019202404355928116,0.2425813279525978,0,ratio_AI1_AI2,0.017404039955764224,0.040388651045203824,0.002105936915426221,7.713190977015242e-05,0.055874976006330235,0.00883555424698176,0.02328042861316613,0.005652516154782385
normal_0127_00,normal,0,A,127,normal_0127,0,4645,4660,2022-07-12 00:15:55.785000,2022-07-12 00:15:57.285000,train,0.5906764193634501,0.2425813279525978,1,ratio_AI1_AI2,0.27919638627327537,0.004450963828435559,0.012207893942937371,0.5931508888245736,1.4507253745837134,0.0765376062033888,1.0771443680601074,1.2319978731911694
normal_0127_16,normal,0,A,127,normal_0127,16,4661,4676,2022-07-12 00:15:57.385000,2022-07-12 00:15:58.885000,train,0.22789812017150743,0.2425813279525978,0,AI1_skew,0.019515122031358235,0.027587829923145398,3.774983048127992e-05,0.08951987795330553,0.20050872977477716,0.0031094373138039907,1.3173272349798164,0.16557897956537151
normal_0127_32,normal,0,A,127,normal_0127,32,4677,4692,2022-07-12 00:15:58.985000,2022-07-12 00:16:00.485000,train,0.08087976775999701,0.2425813279525978,0,AI1_skew,0.04405551163601233,0.012599587978926206,0.0038101756770589352,0.0021086191542852907,0.16951068069858902,0.0290505754851813,0.3808402259546873,0.005062765495235738
normal_0128_00,normal,0,A,128,normal_0128,0,4693,4708,2022-07-12 00:16:03.804000,2022-07-12 00:16:05.304000,train,0.11458109055147975,0.2425813279525978,0,ratio_AI1_AI2,0.03222550228924519,0.04657809077950849,0.0017550343520819427,0.15109845980270448,0.4308737531211246,0.03309350833466856,0.03288678371789519,0.18813759201460956
normal_0128_16,normal,0,A,128,normal_0128,16,4709,4724,2022-07-12 00:16:05.404000,2022-07-12 00:16:06.904000,train,0.03403520097413602,0.2425813279525978,0,ratio_AI1_AI2,0.0001927035578798008,0.005627501998616337,0.014315953613337599,0.00582139705508441,0.14218943458425273,0.02285489844330819,0.031938327765698216,0.04934139077491093
normal_0137_00,normal,0,A,137,normal_0137,0,4971,4986,2022-07-12 00:17:16.447000,2022-07-12 00:17:17.947000,train,0.07848647487794143,0.2425813279525978,0,AI2_period8,0.23720471088416362,0.05346669881705342,0.20995349346242503,0.0059244964277965165,0.0182380677761331,0.0013270311206290918,0.08451505416632805,0.017262246369002622
normal_0137_16,normal,0,A,137,normal_0137,16,4987,5002,2022-07-12 00:17:18.047000,2022-07-12 00:17:19.547000,train,0.04436093642757944,0.2425813279525978,0,ratio_AI1_AI2,0.0201264133675446,0.002991013928280023,0.05794590066438331,7.293650607072169e-05,0.23686558941738342,0.034240917168516634,0.000911563825702477,0.0017331565427543604
normal_0137_32,normal,0,A,137,normal_0137,32,5003,5018,2022-07-12 00:17:19.647000,2022-07-12 00:17:21.147000,train,0.037470375865347225,0.2425813279525978,0,AI1_skew,0.03602171351942355,0.07086285030532932,0.027576636987820043,0.041219627731538755,0.0009064516534545013,0.00033325131412432005,0.11465436015550276,0.008188115255584567
normal_0140_00,normal,0,A,140,normal_0140,0,5102,5117,2022-07-12 00:17:40.504000,2022-07-12 00:17:42.004000,train,0.08828974897619943,0.2425813279525978,0,ratio_AI1_AI2,2.2326864527985617e-05,0.032756932368425404,0.0007109274290433697,0.02964220514484903,0.2984089774203538,0.03892611462745756,0.2160169055350715,0.08983360241986676
normal_0144_00,normal,0,A,144,normal_0144,0,5141,5156,2022-07-12 00:18:06.304000,2022-07-12 00:18:07.804000,train,0.05413388562369767,0.2425813279525978,0,AI1_skew,0.016410174193111762,0.11531996785217247,0.012174887468360098,0.0015874599714247098,0.0035637074158001636,0.003919831310310886,0.26154504442436627,0.018550012354035028
normal_0144_16,normal,0,A,144,normal_0144,16,5157,5172,2022-07-12 00:18:07.904000,2022-07-12 00:18:09.404000,train,0.08458940289063777,0.2425813279525978,0,AI1_skew,0.04165776750423152,0.02245472763688022,0.03519277773807277,0.0013477602100419605,0.007615412645373512,0.017739043839846813,0.5367735018406398,0.013934231710015664
normal_0144_32,normal,0,A,144,normal_0144,32,5173,5188,2022-07-12 00:18:09.504000,2022-07-12 00:18:11.004000,train,0.006510408207578736,0.2425813279525978,0,AI1_rms,0.000780982106895465,0.008170773989543119,0.0027387830845215454,0.0016324200240471504,0.007720709127498602,0.012880484883023268,0.0074237164924501236,0.010735395952650616
normal_0145_00,normal,0,A,145,normal_0145,0,5191,5206,2022-07-12 00:18:13.063000,2022-07-12 00:18:14.563000,train,0.01174933991885067,0.2425813279525978,0,AI2_kurt,0.0007282266385625131,0.02863766318408055,0.007764109933109381,0.0009647215132044019,0.027507923227171886,0.0020842059873649025,0.02223200226828791,0.004075866599023802
normal_0145_16,normal,0,A,145,normal_0145,16,5207,5222,2022-07-12 00:18:14.663000,2022-07-12 00:18:16.163000,train,0.05284998329655246,0.2425813279525978,0,AI1_skew,0.14535895370804466,0.06480414711050586,0.007533132877237139,0.03299271096718668,0.0010462507436789963,0.0068796789995433025,0.1580242165684834,0.00616077539773963
normal_0145_32,normal,0,A,145,normal_0145,32,5223,5238,2022-07-12 00:18:16.263000,2022-07-12 00:18:17.763000,train,0.013595660567421959,0.2425813279525978,0,AI2_period8,0.029375486373567978,0.00577154554520702,0.00922630396651775,0.0037045773775058566,0.013370434687435801,0.019616332303956534,0.005107132963418871,0.022593471321765857
normal_0152_00,normal,0,A,152,normal_0152,0,5354,5369,2022-07-12 00:19:09.428000,2022-07-12 00:19:10.928000,train,0.06313189821569104,0.2425813279525978,0,AI2_period8,0.23146628195217847,0.027508013810411822,0.09963893710629478,0.01068483331610963,0.010268594265803161,0.004896449667705336,0.12019163450214448,0.000400441104880651
normal_0152_16,normal,0,A,152,normal_0152,16,5370,5385,2022-07-12 00:19:11.028000,2022-07-12 00:19:12.528000,train,0.01016361697301171,0.2425813279525978,0,AI1_skew,0.010281549190689776,0.002476377820655372,0.013062898559142954,0.0037661568972673968,0.0023827540420404626,0.0001766325311859321,0.04912403614797446,3.853059513732919e-05
normal_0152_32,normal,0,A,152,normal_0152,32,5386,5401,2022-07-12 00:19:12.628000,2022-07-12 00:19:14.128000,train,0.041929163886924616,0.2425813279525978,0,ratio_AI1_AI2,0.0002772088659870645,0.000721171306999663,0.054126766359958396,0.0039662023521630126,0.19072985150876756,0.03405987654730191,0.04910963947563112,0.0024425946785881815
normal_0154_00,normal,0,A,154,normal_0154,0,5454,5469,2022-07-12 00:19:24.471000,2022-07-12 00:19:25.971000,train,0.01848571783629039,0.2425813279525978,0,ratio_AI1_AI2,0.026573272751339663,0.04266829599555128,0.012671975156507228,0.0003073652474505666,0.0590805143953951,0.004483703775843637,0.001613343167375345,0.0004872722008602965
normal_0154_16,normal,0,A,154,normal_0154,16,5470,5485,2022-07-12 00:19:26.071000,2022-07-12 00:19:27.571000,train,0.013602131696401596,0.2425813279525978,0,AI2_kurt,0.019987627732955076,0.07292574422697608,0.0005654041055252139,0.002738435982644338,8.551842041403933e-05,0.002113425271470515,0.0007582251132303342,0.009642672717997168
normal_0155_00,normal,0,A,155,normal_0155,0,5501,5516,2022-07-12 00:19:32.476000,2022-07-12 00:19:33.976000,train,0.045710106997375044,0.2425813279525978,0,AI1_skew,0.07128840578706516,0.010571270795548336,0.037415856389666276,0.09561084455090342,6.581561777886448e-06,0.0014986852141636235,0.13728842419274354,0.012000787487132108
normal_0155_16,normal,0,A,155,normal_0155,16,5517,5532,2022-07-12 00:19:34.076000,2022-07-12 00:19:35.576000,train,0.03326144452157398,0.2425813279525978,0,ratio_AI1_AI2,0.04964367583521049,0.0023744037092482684,4.915486375434507e-05,0.0517007947538413,0.10932166177380623,0.0089432962085462,0.024101231727963794,0.019957337300221187
normal_0160_00,normal,0,A,160,normal_0160,0,5660,5675,2022-07-12 00:20:12.569000,2022-07-12 00:20:14.069000,train,0.010836478730998677,0.2425813279525978,0,AI2_period8,0.025592275158159487,0.023905084755118076,0.0020485019462726296,0.021528132320446106,0.012774396923125066,0.0002709972607371546,0.00014170088576356178,0.00043074059836732567
normal_0160_16,normal,0,A,160,normal_0160,16,5676,5691,2022-07-12 00:20:14.169000,2022-07-12 00:20:15.669000,train,0.03368653322224144,0.2425813279525978,0,AI1_skew,0.006074688355542279,0.00010244993266364003,0.01127029640642046,0.07077678847024955,0.07140154728896542,0.01658929796614249,0.08299578679710784,0.010281410560839841
normal_0161_00,normal,0,A,161,normal_0161,0,5698,5713,2022-07-12 00:20:20.537000,2022-07-12 00:20:22.037000,train,0.06046525074840883,0.2425813279525978,0,ratio_AI1_AI2,0.04618637213212635,0.04767135639653492,0.0007971506641774754,0.0009733434583775605,0.26741904008293416,0.026733519844260794,0.07733350511340471,0.01660771829545472
normal_0164_00,normal,0,A,164,normal_0164,0,5739,5754,2022-07-12 00:20:45.131000,2022-07-12 00:20:46.631000,train,0.03764558112189017,0.2425813279525978,0,ratio_AI1_AI2,0.05297476798713569,0.00017775356293434858,0.06270528857635434,0.005292848350667099,0.1537587830146709,0.022204283404687955,2.4719278303052312e-06,0.004048452150840693
normal_0164_16,normal,0,A,164,normal_0164,16,5755,5770,2022-07-12 00:20:46.731000,2022-07-12 00:20:48.231000,train,0.14239654531112994,0.2425813279525978,0,ratio_AI1_AI2,0.014722075816177344,0.00021983596484101227,0.005551283925555246,0.033125213139324844,0.8900119809744379,0.0878139441994314,0.10124637569949627,0.006481652769775405
normal_0164_32,normal,0,A,164,normal_0164,32,5771,5786,2022-07-12 00:20:48.331000,2022-07-12 00:20:49.831000,train,0.3296465348544747,0.2425813279525978,1,AI1_skew,0.29905501509283805,0.7105457280835428,0.017275168366719516,0.043386049908860504,0.4004669883420272,0.043537133040404505,1.1094781709615213,0.013428025039883915
normal_0165_00,normal,0,A,165,normal_0165,0,5789,5804,2022-07-12 00:20:52.436000,2022-07-12 00:20:53.936000,train,0.034995708295011606,0.2425813279525978,0,AI2_rms,0.00019163777836238904,0.001149061632645474,0.0004503817816589083,0.004389393746956561,0.04048915586606516,0.08958018614291427,0.04859251380437147,0.09512333560711864
normal_0165_16,normal,0,A,165,normal_0165,16,5805,5820,2022-07-12 00:20:54.036000,2022-07-12 00:20:55.536000,train,0.02129207982343822,0.2425813279525978,0,AI2_rms,0.030650173878795064,0.011389481622578631,0.037836786333658085,0.01661530453882199,0.027687747899843077,0.0012022684720375406,0.004789639457423003,0.04016523638434837
normal_0166_00,normal,0,A,166,normal_0166,0,5832,5847,2022-07-12 00:21:00.416000,2022-07-12 00:21:01.916000,train,0.12524644592748627,0.2425813279525978,0,AI1_skew,0.020778412450317883,0.0006464530538339392,0.03197844280747319,0.22001085557066682,0.16062255755887864,0.002541108751558763,0.4975814630897952,0.06781227413736574
normal_0166_16,normal,0,A,166,normal_0166,16,5848,5863,2022-07-12 00:21:02.016000,2022-07-12 00:21:03.516000,train,0.021117285147191626,0.2425813279525978,0,AI1_skew,0.04139606513877642,0.027816984615324225,0.0008418777225789882,0.006679133856966,0.0068306836431712824,0.0032221211446174154,0.05687951176332319,0.0252719032927755
normal_0170_00,normal,0,A,170,normal_0170,0,5940,5955,2022-07-12 00:21:33.358000,2022-07-12 00:21:34.858000,train,0.07829261156011286,0.2425813279525978,0,AI1_skew,0.016464396258500928,0.010775643446076613,0.04289642855489456,0.13582994854815883,0.09056126347657178,0.00012770528567170573,0.254597364139396,0.07508814277163252
normal_0170_16,normal,0,A,170,normal_0170,16,5956,5971,2022-07-12 00:21:34.958000,2022-07-12 00:21:36.458000,train,0.1002247926552283,0.2425813279525978,0,AI1_skew,0.22346555316470557,0.05573685517236141,0.025682705457918405,0.06851257243037814,0.012507131746322524,0.01896614274470604,0.3968915245555047,3.585596992968164e-05
normal_0172_00,normal,0,A,172,normal_0172,0,6009,6024,2022-07-12 00:21:49.428000,2022-07-12 00:21:50.928000,train,0.10269730504565557,0.2425813279525978,0,AI1_skew,8.644556133263889e-05,0.02190824015476485,0.022741629072983882,0.2605408694262902,0.15969145855104316,0.0025656759584930713,0.2847220763135072,0.06932204532682953
normal_0177_00,normal,0,A,177,normal_0177,0,6152,6167,2022-07-12 00:22:21.169000,2022-07-12 00:22:22.669000,train,0.11105147315158197,0.2425813279525978,0,ratio_AI1_AI2,0.012585794695588964,0.04836923270002401,0.0019525686825077294,0.07521627069701427,0.5997580799183925,0.05636597185633635,0.09403230988602274,0.00013155677676915983
normal_0177_16,normal,0,A,177,normal_0177,16,6168,6183,2022-07-12 00:22:22.769000,2022-07-12 00:22:24.269000,train,0.09227724454717956,0.2425813279525978,0,ratio_AI1_AI2,0.006738846677671396,0.05626142816177355,0.0017989998714264535,0.07753362400756268,0.5208467125015225,0.051441116648511996,0.02343643713783787,0.00016079137113010356
normal_0178_00,normal,0,A,178,normal_0178,0,6198,6213,2022-07-12 00:22:29.076000,2022-07-12 00:22:30.576000,train,0.21303745435010732,0.2425813279525978,0,ratio_AI1_AI2,0.011679175794765313,0.0009169737163073291,0.26423323217564393,0.18817761758474585,0.6910914497596116,0.0016305955804965869,0.18124841513274104,0.3653221750565468
normal_0178_16,normal,0,A,178,normal_0178,16,6214,6229,2022-07-12 00:22:30.676000,2022-07-12 00:22:32.176000,train,0.238736610857165,0.2425813279525978,0,ratio_AI1_AI2,0.001206574177598409,0.038899109627579954,0.0281885798209539,0.0014174783276701306,1.3183287066443896,0.011151473351285822,0.09509039752899329,0.4156105673788486
normal_0179_00,normal,0,A,179,normal_0179,0,6230,6245,2022-07-12 00:22:37.072000,2022-07-12 00:22:38.572000,train,0.05985647435525125,0.2425813279525978,0,ratio_AI1_AI2,0.0013138628673466572,0.04213335670943084,0.0005572872809111167,0.07825465997327151,0.17955332570919957,0.015316082771790196,0.07368656991065818,0.08803664961940195
normal_0181_00,normal,0,A,181,normal_0181,0,6257,6272,2022-07-12 00:22:53.936000,2022-07-12 00:22:55.436000,train,0.08503634159928772,0.2425813279525978,0,AI1_skew,0.008183816926765052,0.006682597088050458,0.039094369213372816,0.11483354538901897,0.005693791295098033,0.05798152094809942,0.39120048227412674,0.056620609659770206
normal_0181_16,normal,0,A,181,normal_0181,16,6273,6288,2022-07-12 00:22:55.536000,2022-07-12 00:22:57.036000,train,0.041295625577263496,0.2425813279525978,0,ratio_AI1_AI2,0.022765514837550987,0.002280856718306465,0.003401684107057723,0.0674974935926382,0.14870695656356206,0.06789465532509112,0.017687624864263906,0.0001302186096375016
normal_0181_32,normal,0,A,181,normal_0181,32,6289,6304,2022-07-12 00:22:57.136000,2022-07-12 00:22:58.636000,train,0.020447353170408366,0.2425813279525978,0,AI1_skew,0.02286603641081384,0.0012938470936216238,0.006840609006103989,0.018418441219472597,0.002082731099143891,0.027222299156023484,0.05246301466540245,0.03239184671268505
normal_0182_00,normal,0,A,182,normal_0182,0,6307,6322,2022-07-12 00:23:01.103000,2022-07-12 00:23:02.603000,train,0.08240225242038206,0.2425813279525978,0,AI1_skew,0.000466841232548238,0.1660929393999712,0.024548730761815653,0.007114321396206207,0.08894907104713325,0.0077658311927226754,0.36427026756504144,1.0016767617844871e-05
normal_0182_16,normal,0,A,182,normal_0182,16,6323,6338,2022-07-12 00:23:02.703000,2022-07-12 00:23:04.203000,train,0.10758030746746149,0.2425813279525978,0,AI1_skew,0.005441517753688556,0.2180932515120306,0.01703395763625475,0.0061106542284670926,0.2238894153991359,0.02262565757663922,0.3673682079118652,7.979772161067236e-05
normal_0183_00,normal,0,A,183,normal_0183,0,6354,6369,2022-07-12 00:23:09.220000,2022-07-12 00:23:10.720000,train,0.004160863418652608,0.2425813279525978,0,AI1_skew,2.736350526156574e-05,0.0005154968153123927,0.00036137497848943897,0.00010718268677714338,0.005717089114278772,0.0002167352607634846,0.02144127878262162,0.004900386205716443
normal_0183_16,normal,0,A,183,normal_0183,16,6370,6385,2022-07-12 00:23:10.820000,2022-07-12 00:23:12.320000,train,0.07269589591850804,0.2425813279525978,0,ratio_AI1_AI2,0.004170610509042495,8.718955789361395e-05,0.032734539785791446,0.0005482478995160866,0.4468800141334132,0.05771923748275986,0.03909536081819884,0.0003319671614487984
normal_0184_00,normal,0,A,184,normal_0184,0,6386,6401,2022-07-12 00:23:17.204000,2022-07-12 00:23:18.704000,train,0.006676237908999209,0.2425813279525978,0,AI1_skew,0.007932131249908981,0.007400798170315822,0.00022858561228554977,0.00012084621824697015,0.004177679541391522,0.001554790795706956,0.024725480190757744,0.007269591493380128
normal_0184_16,normal,0,A,184,normal_0184,16,6402,6417,2022-07-12 00:23:18.804000,2022-07-12 00:23:20.304000,train,0.05435350406757049,0.2425813279525978,0,ratio_AI1_AI2,0.01875460483073307,0.026369669159448907,0.0032899788004235827,0.0011943291617142406,0.33118926850516395,0.039136314932728566,0.01357148775277091,0.0013223793975806453
normal_0185_00,normal,0,A,185,normal_0185,0,6419,6434,2022-07-12 00:23:25.144000,2022-07-12 00:23:26.644000,train,0.008520460609073764,0.2425813279525978,0,ratio_AI1_AI2,0.01180624311219452,0.004807824277022469,9.481288620123482e-05,0.0003807411945315124,0.030489786323212566,0.003025725853666473,0.012001278985780404,0.005557272239980944
normal_0187_00,normal,0,A,187,normal_0187,0,6450,6465,2022-07-12 00:23:42.270000,2022-07-12 00:23:43.770000,train,0.08677098407982449,0.2425813279525978,0,ratio_AI1_AI2,0.07643607994151515,0.0030190320213156247,0.09458889324810772,0.014704865173703424,0.24763645029582973,0.04495316170245135,0.2076687813886719,0.005160608867000918
normal_0187_16,normal,0,A,187,normal_0187,16,6466,6481,2022-07-12 00:23:43.870000,2022-07-12 00:23:45.370000,train,0.027784803834636253,0.2425813279525978,0,ratio_AI1_AI2,0.0036954112782841063,0.017534717150355022,0.009467866465360148,0.004461445375166515,0.13467566439709544,0.013691954376109235,0.0386893607348383,6.201089988126012e-05
normal_0187_32,normal,0,A,187,normal_0187,32,6482,6497,2022-07-12 00:23:45.470000,2022-07-12 00:23:46.970000,train,0.09902683663244222,0.2425813279525978,0,ratio_AI1_AI2,0.00322695478266766,0.014098318655396234,0.029266344251547505,0.0002471325177363685,0.6281705975910643,0.07612537475961065,0.040902337595437425,0.00017763290607758565
normal_0188_00,normal,0,A,188,normal_0188,0,6500,6515,2022-07-12 00:23:48.975000,2022-07-12 00:23:50.475000,train,0.00976810996590401,0.2425813279525978,0,AI2_kurt,0.0031555978435694504,0.029075756149946702,0.0002079155602395845,0.0033817887463017263,0.022447873111157285,0.007383071298825615,0.008211731804345328,0.004281145212846383
normal_0188_16,normal,0,A,188,normal_0188,16,6516,6531,2022-07-12 00:23:50.575000,2022-07-12 00:23:52.075000,train,0.02320402764430517,0.2425813279525978,0,ratio_AI1_AI2,2.9871027116235164e-07,0.0060706493001767,0.014263901786086327,0.045673014851189075,0.07252183489467681,0.03211430942571327,0.01465304820631207,0.0003351639800159435
normal_0188_32,normal,0,A,188,normal_0188,32,6532,6547,2022-07-12 00:23:52.175000,2022-07-12 00:23:53.675000,train,0.05950540136090242,0.2425813279525978,0,AI1_skew,0.0012537995831204659,0.016910834010847847,0.005746889034473017,0.04941504270447717,0.006504773261634105,0.03511426533076446,0.3234648320447109,0.03763277491719142
normal_0190_00,normal,0,A,190,normal_0190,0,6586,6601,2022-07-12 00:24:04.940000,2022-07-12 00:24:06.440000,train,0.018401737423822662,0.2425813279525978,0,ratio_AI1_AI2,0.05518002822005753,0.0029490667882248007,4.288590071566679e-05,0.0026817640965816755,0.0739038348744198,0.010375120471894443,0.0003541556134910804,0.001727043425196305
normal_0193_00,normal,0,A,193,normal_0193,0,6674,6689,2022-07-12 00:24:29.596000,2022-07-12 00:24:31.096000,train,0.04672067720126787,0.2425813279525978,0,AI1_skew,0.012410821245656838,0.0003490073799324489,0.02901845155389091,0.01637638093072365,0.0010182845791207949,0.0038697457834021565,0.26681511889394827,0.043907607243467914
normal_0193_16,normal,0,A,193,normal_0193,16,6690,6705,2022-07-12 00:24:31.196000,2022-07-12 00:24:32.696000,train,0.0033856165497636315,0.2425813279525978,0,AI2_rms,0.006032687102972328,0.00394317076863714,0.0025019939283855734,0.0032832713316651332,0.00263335511440294,0.0007369717125070131,0.0011889388561650495,0.006764543583373876
normal_0193_32,normal,0,A,193,normal_0193,32,6706,6721,2022-07-12 00:24:32.796000,2022-07-12 00:24:34.296000,train,0.02567825358559585,0.2425813279525978,0,AI1_skew,0.00684114318238358,0.0005342239177646187,0.01700406079937602,0.000924330700269668,0.019704298983476313,0.0060725070751809765,0.15417756113628914,0.0001679028900264825
normal_0195_00,normal,0,A,195,normal_0195,0,6766,6781,2022-07-12 00:24:45.075000,2022-07-12 00:24:46.575000,train,0.29831867019146685,0.2425813279525978,1,ratio_AI1_AI2,0.43412066574117575,0.3019505422913431,0.03945932659392584,0.12189772620282924,0.898590644140051,0.04213647761033723,0.4881344252807367,0.0602595536713359
normal_0196_00,normal,0,A,196,normal_0196,0,6795,6810,2022-07-12 00:24:53.136000,2022-07-12 00:24:54.636000,train,0.009954631791479422,0.2425813279525978,0,AI1_skew,0.00019214403601452174,0.028637872064961552,0.001958140170897463,0.00042888610589681997,0.0015696333669243713,0.00033546531403477297,0.039629671512866844,0.006885241760239035
normal_0200_00,normal,0,A,200,normal_0200,0,6918,6933,2022-07-12 00:25:25.093000,2022-07-12 00:25:26.593000,train,0.021640870642539008,0.2425813279525978,0,AI1_skew,0.0037812784647200705,0.011423013713585152,5.362332375379682e-06,0.018642074182125174,0.054725271463554256,0.006429416351657488,0.0756230376076861,0.002497511024608447
normal_0200_16,normal,0,A,200,normal_0200,16,6934,6949,2022-07-12 00:25:26.693000,2022-07-12 00:25:28.193000,train,0.019546287695015405,0.2425813279525978,0,ratio_AI1_AI2,0.05932464559032297,0.0052030471091058725,0.0023777092063314996,0.018576463852204374,0.06219450649431701,0.0035554371434423485,0.002467533725349069,0.002670958439050099
normal_0203_00,normal,0,A,203,normal_0203,0,6981,6996,2022-07-12 00:25:50.128000,2022-07-12 00:25:51.628000,train,0.08824946107421573,0.2425813279525978,0,AI1_skew,0.10621328597413261,0.008352976506755703,0.044813404176650445,0.0013266117457416543,0.011126014441112908,0.0029576151352821416,0.5234811671681509,0.007724613445899454
normal_0203_16,normal,0,A,203,normal_0203,16,6997,7012,2022-07-12 00:25:51.728000,2022-07-12 00:25:53.228000,train,0.0649891867859257,0.2425813279525978,0,ratio_AI1_AI2,0.03682804220716917,0.02216835628016124,0.024526992371065325,1.931686917025558e-06,0.3072010193084096,0.024750098029344726,0.09893544832785227,0.005501606076486268
normal_0203_32,normal,0,A,203,normal_0203,32,7013,7028,2022-07-12 00:25:53.328000,2022-07-12 00:25:54.828000,train,0.011035794183068853,0.2425813279525978,0,ratio_AI1_AI2,0.0011320835252625525,0.028014298102543803,0.0006970039840442194,0.000139335175348673,0.05607590670283628,0.0015427166107290539,0.00017108823653202006,0.0005139211272542223
normal_0204_00,normal,0,A,204,normal_0204,0,7031,7046,2022-07-12 00:25:57.187000,2022-07-12 00:25:58.687000,train,0.07422312926066414,0.2425813279525978,0,AI1_skew,0.20433215447964057,0.023680764105612144,0.0038371642920925044,0.014554754938479807,0.005983616152709007,0.02572522508460643,0.30655990450440973,0.009111450527762936
normal_0204_16,normal,0,A,204,normal_0204,16,7047,7062,2022-07-12 00:25:58.787000,2022-07-12 00:26:00.287000,train,0.020864131330782795,0.2425813279525978,0,AI2_period8,0.0420153796370565,0.037322939514194596,0.0028755984285338564,0.0013887124825098186,0.00031220532536937367,0.022589578388865723,0.024880566802270854,0.03552807006746163
normal_0204_32,normal,0,A,204,normal_0204,32,7063,7078,2022-07-12 00:26:00.387000,2022-07-12 00:26:01.887000,train,0.10209604800423988,0.2425813279525978,0,AI1_skew,0.01891825540164508,4.373157244042604e-06,0.0408009735286835,0.16787390773949704,0.12330540991987489,0.005474756360775136,0.25091247812483075,0.2094782298013686
normal_0205_00,normal,0,A,205,normal_0205,0,7079,7094,2022-07-12 00:26:05.260000,2022-07-12 00:26:06.760000,train,0.22627092423445044,0.2425813279525978,0,AI1_skew,0.07933400799029545,0.22860919794589046,0.06561093385825278,0.008873372192469984,0.33673782541788533,0.04241065900300365,1.0482679530987418,0.00032344436906399534
normal_0205_16,normal,0,A,205,normal_0205,16,7095,7110,2022-07-12 00:26:06.860000,2022-07-12 00:26:08.360000,train,0.058738634895802784,0.2425813279525978,0,ratio_AI1_AI2,0.0010975351819183603,0.03977241067255323,0.00037836040508901176,0.0015335748510693693,0.3098373309001343,0.01202426117459556,0.07676246338455739,0.028503142596505035
normal_0209_00,normal,0,A,209,normal_0209,0,7157,7172,2022-07-12 00:26:31.913000,2022-07-12 00:26:33.413000,train,0.03290787406807859,0.2425813279525978,0,ratio_AI1_AI2,0.00823735502500302,0.004669250831980897,0.034142127931880095,0.004157625234686992,0.13042140456472448,0.032268859030269846,0.029811130310303385,0.01955523961577997
normal_0209_16,normal,0,A,209,normal_0209,16,7173,7188,2022-07-12 00:26:33.513000,2022-07-12 00:26:35.013000,train,0.03024210027022038,0.2425813279525978,0,AI1_skew,0.027793394080142253,0.0056676353427812555,0.003098038755709098,0.010457526305103373,0.07169066825928537,0.005140910629818564,0.0887725888289968,0.029316039959926345
normal_0209_32,normal,0,A,209,normal_0209,32,7189,7204,2022-07-12 00:26:35.113000,2022-07-12 00:26:36.613000,train,0.0432623541653475,0.2425813279525978,0,ratio_AI1_AI2,0.009306353856067038,0.0032665996329366586,0.011739811003793042,0.027475623097197942,0.18899092947553228,0.05150760862395027,0.04197090624176228,0.011841001391540552
normal_0210_00,normal,0,A,210,normal_0210,0,7207,7222,2022-07-12 00:26:38.648000,2022-07-12 00:26:40.148000,train,0.05324096319733504,0.2425813279525978,0,ratio_AI1_AI2,0.0004862836749097809,0.007006673427845615,0.016259813873515234,0.00035939208010396246,0.2984366822886813,0.034904620088962654,0.06478038575691583,0.003693854387745901
normal_0210_16,normal,0,A,210,normal_0210,16,7223,7238,2022-07-12 00:26:40.248000,2022-07-12 00:26:41.748000,train,0.04860984350127756,0.2425813279525978,0,ratio_AI1_AI2,0.010681191056451626,0.010285155272200383,0.0015216575250159544,0.01138107649987527,0.3158669892847409,0.032708038206019814,0.004672535743373977,0.00176210442254259
normal_0210_32,normal,0,A,210,normal_0210,32,7239,7254,2022-07-12 00:26:41.848000,2022-07-12 00:26:43.348000,train,0.17404706658550934,0.2425813279525978,0,ratio_AI1_AI2,0.027351097737252764,0.010619627427174403,0.02166903277827657,0.008311298528566342,1.1797783620267122,0.13894673657671572,0.005673898898718463,2.6478710658516043e-05
normal_0212_00,normal,0,A,212,normal_0212,0,7307,7322,2022-07-12 00:26:53.334000,2022-07-12 00:26:54.834000,train,0.03613205817115479,0.2425813279525978,0,ratio_AI1_AI2,0.005238982509073193,0.04164533283133001,0.008959045146649618,0.01726540864556064,0.1607184008857789,0.049833147632310795,0.0047432813086164,0.0006528664099187377
normal_0212_16,normal,0,A,212,normal_0212,16,7323,7338,2022-07-12 00:26:54.934000,2022-07-12 00:26:56.434000,train,0.07309794754790595,0.2425813279525978,0,ratio_AI1_AI2,0.03935870261335386,0.026460066666927257,0.00016270320752301452,0.08925361470181895,0.26863832108239705,0.03932765806403086,0.07888330933567177,0.04269920471152487
normal_0213_00,normal,0,A,213,normal_0213,0,7345,7360,2022-07-12 00:27:01.423000,2022-07-12 00:27:02.923000,train,0.039993323864084884,0.2425813279525978,0,AI1_skew,0.08526049428937078,6.143397392258371e-05,0.0037057937900109553,0.001671753938658089,0.0014803957654652392,0.0018940195358624254,0.21869330025786848,0.007179399361520516
normal_0217_00,normal,0,A,217,normal_0217,0,7440,7455,2022-07-12 00:27:33.464000,2022-07-12 00:27:34.964000,train,0.052850452939609285,0.2425813279525978,0,ratio_AI1_AI2,5.143028118165434e-07,0.01657445049085967,0.004085418352822706,0.0038923994690628866,0.23737847648789234,0.023051394747233556,0.11555242104984483,0.022268548616346473
normal_0217_16,normal,0,A,217,normal_0217,16,7456,7471,2022-07-12 00:27:35.064000,2022-07-12 00:27:36.564000,train,0.05663881520989034,0.2425813279525978,0,AI1_skew,0.027731912957967127,0.001343124054111375,0.029870273647254864,0.0033003762173403877,0.026898987794296166,0.0008566421798243098,0.36069698559758984,0.0024122192307387087
normal_0217_32,normal,0,A,217,normal_0217,32,7472,7487,2022-07-12 00:27:36.664000,2022-07-12 00:27:38.164000,train,0.01771982193798502,0.2425813279525978,0,AI1_skew,0.009617294714210292,0.005212016753601476,0.017093132566886358,0.0013445989535582291,0.0038543778721782237,9.352696171355438e-06,0.10422260366396172,0.0004051982833124877
normal_0219_00,normal,0,A,219,normal_0219,0,7528,7543,2022-07-12 00:27:49.507000,2022-07-12 00:27:51.007000,train,0.03924596175971424,0.2425813279525978,0,AI0_rms,5.804354774638865e-05,0.0005283448977192292,0.029778655149601294,0.14886895302402434,0.10597587404930439,0.01998545547625739,0.0038740793352055607,0.004898288597855317
normal_0222_00,normal,0,A,222,normal_0222,0,7616,7631,2022-07-12 00:28:14.008000,2022-07-12 00:28:15.508000,train,0.024065659372015102,0.2425813279525978,0,AI1_skew,0.004548438916977941,0.003132599189939028,0.022669861282352613,0.006083183148485133,0.02356814020439198,0.001026042670232481,0.11639136296514341,0.015105646598598218
normal_0222_16,normal,0,A,222,normal_0222,16,7632,7647,2022-07-12 00:28:15.608000,2022-07-12 00:28:17.108000,train,0.1329030401974138,0.2425813279525978,0,AI1_skew,0.1794386840174185,0.007646997715836151,0.023531287748218943,0.009495708271111073,0.133710440741743,0.02802564529695144,0.6758139629739519,0.00556159481407952
normal_0222_32,normal,0,A,222,normal_0222,32,7648,7663,2022-07-12 00:28:17.208000,2022-07-12 00:28:18.708000,train,0.03224140758589886,0.2425813279525978,0,AI1_skew,0.02078528465402979,0.08753472068250927,0.03214166838833459,3.891238347066821e-05,0.007567680637723172,0.0007921398109221436,0.10906813556807991,2.7185621213397833e-06
normal_0223_00,normal,0,A,223,normal_0223,0,7666,7681,2022-07-12 00:28:21.540000,2022-07-12 00:28:23.040000,train,0.2579127629895825,0.2425813279525978,1,ratio_AI1_AI2,0.0006942729150928127,0.08503641084322933,0.0169328642113004,0.08405957357439742,1.7017954544147376,0.1484098090300689,0.0003908549057262962,0.025982864022106943
normal_0223_16,normal,0,A,223,normal_0223,16,7682,7697,2022-07-12 00:28:23.140000,2022-07-12 00:28:24.640000,train,0.13514060332819963,0.2425813279525978,0,AI1_skew,0.22425754702942777,0.08336080592598484,0.07059055660148614,0.019135070694218128,0.1267662091657424,0.0009249029189219816,0.5082800515736999,0.04780968271611575
normal_0224_00,normal,0,A,224,normal_0224,0,7706,7721,2022-07-12 00:28:29.532000,2022-07-12 00:28:31.032000,train,0.019453341468952397,0.2425813279525978,0,AI2_kurt,0.0003841858946170132,0.06813920265514767,0.025047280584540216,0.05740434906363273,0.00043821958006868503,7.741061350395495e-07,0.0008159157398088326,0.0033968041276690023
normal_0227_00,normal,0,A,227,normal_0227,0,7752,7767,2022-07-12 00:28:54.024000,2022-07-12 00:28:55.524000,train,0.015652237769304713,0.2425813279525978,0,AI0_rms,0.0033051641180712895,0.006768389871221383,0.012135988273487773,0.03969345467672219,0.016580613011742695,0.00018025823253341706,0.03869174894401399,0.007862285026644975
normal_0227_16,normal,0,A,227,normal_0227,16,7768,7783,2022-07-12 00:28:55.624000,2022-07-12 00:28:57.124000,train,0.02387418986012287,0.2425813279525978,0,AI1_skew,0.0029479329329635848,0.005733079238901315,0.01658522359210719,0.0009212806205748636,0.001959355677855622,0.010303180625771048,0.08465516023356659,0.06788830595924276
normal_0227_32,normal,0,A,227,normal_0227,32,7784,7799,2022-07-12 00:28:57.224000,2022-07-12 00:28:58.724000,train,0.2579297259991245,0.2425813279525978,1,AI1_skew,0.02485655735761799,0.025313750763298726,0.05704191846330479,0.34332740094351066,0.03514583181064258,0.06181436880419656,1.1751662121146027,0.34077176773582213
normal_0229_00,normal,0,A,229,normal_0229,0,7852,7867,2022-07-12 00:29:09.592000,2022-07-12 00:29:11.092000,train,0.027089623979426485,0.2425813279525978,0,AI2_kurt,0.0589183075342016,0.07034606121362057,0.008812321865508363,0.0015562412230806567,0.001354964270121054,0.004190931085118206,0.06361706733852987,0.007921097305231568
normal_0229_16,normal,0,A,229,normal_0229,16,7868,7883,2022-07-12 00:29:11.192000,2022-07-12 00:29:12.692000,train,0.011233252751245787,0.2425813279525978,0,ratio_AI1_AI2,0.011541674055672404,0.001074963976177616,0.0045634681574948845,0.0015764060468949376,0.043926861120106124,0.0026789784839204543,0.019088718664985023,0.005414951504714845
normal_0230_00,normal,0,A,230,normal_0230,0,7895,7910,2022-07-12 00:29:17.574000,2022-07-12 00:29:19.074000,train,0.03921106552631508,0.2425813279525978,0,AI1_skew,0.034174105978257874,6.861671638007101e-05,0.007521016675509382,0.012891959645633352,0.10216938599957041,0.005383455960922972,0.14154517445016207,0.009934808784084507
normal_0230_16,normal,0,A,230,normal_0230,16,7911,7926,2022-07-12 00:29:19.174000,2022-07-12 00:29:20.674000,train,0.019896302637934373,0.2425813279525978,0,AI1_skew,2.1088659786292196e-05,0.005527876911910711,0.019317056815280554,0.02259083664209757,0.0027610555048000864,0.0013628007936691833,0.1066747445753545,0.0009149612005760959
normal_0231_00,normal,0,A,231,normal_0231,0,7927,7942,2022-07-12 00:29:25.707000,2022-07-12 00:29:27.207000,train,0.024658344446890246,0.2425813279525978,0,AI2_rms,0.04464508363884339,0.02589538623799396,0.012336918862271375,0.0010151692208176936,0.0010928088403411973,0.03722259221827492,4.344383645804577e-05,0.07501535272012139
normal_0233_00,normal,0,A,233,normal_0233,0,7947,7962,2022-07-12 00:29:35.745000,2022-07-12 00:29:37.245000,train,0.1951277369995413,0.2425813279525978,0,ratio_AI1_AI2,0.01511718627361779,0.011240779125866577,0.021262014341210243,0.015047913020614763,1.3276170601814885,0.13342673339568553,0.03627018105474246,0.0010400286031045205
normal_0233_16,normal,0,A,233,normal_0233,16,7963,7978,2022-07-12 00:29:37.345000,2022-07-12 00:29:38.845000,train,0.11095608793408385,0.2425813279525978,0,ratio_AI1_AI2,0.10579121006174583,0.19650479188255715,0.06887886140977503,0.05963927029513746,0.410212530379155,0.034726062987629265,0.000618296420029243,0.011277680036641863
normal_0233_32,normal,0,A,233,normal_0233,32,7979,7994,2022-07-12 00:29:38.945000,2022-07-12 00:29:40.445000,train,0.18666366861028214,0.2425813279525978,0,ratio_AI1_AI2,0.005006006281345333,0.061011250087105354,0.02675995680457826,0.02489215526874116,1.1964354687910235,0.10541590317791258,0.04598920013498526,0.027799408336565756
normal_0240_00,normal,0,A,240,normal_0240,0,8182,8197,2022-07-12 00:30:22.688000,2022-07-12 00:30:24.188000,train,0.03762122128664799,0.2425813279525978,0,ratio_AI1_AI2,0.02604758646445758,0.09983178471693784,0.0013459458008675278,0.02209218630093273,0.13857355746109803,0.007539962402651368,4.464513557924384e-05,0.00549410201065962
normal_0240_16,normal,0,A,240,normal_0240,16,8198,8213,2022-07-12 00:30:24.288000,2022-07-12 00:30:25.788000,train,0.012464902176786165,0.2425813279525978,0,ratio_AI1_AI2,0.003649183562174027,0.023667771419537836,0.0071754906382730564,0.0037464297024446787,0.027780449479681397,0.0003213427800686419,0.014539881721248673,0.018838668110861025
normal_0240_32,normal,0,A,240,normal_0240,32,8214,8229,2022-07-12 00:30:25.888000,2022-07-12 00:30:27.388000,train,0.09380560697263793,0.2425813279525978,0,ratio_AI1_AI2,0.00044651527264765904,0.06881911079206997,0.016511496875753404,0.012275653302506493,0.564229356098808,0.04605413032293593,0.019839331615416036,0.022269261500965906
normal_0241_00,normal,0,A,241,normal_0241,0,8232,8247,2022-07-12 00:30:29.999000,2022-07-12 00:30:31.499000,train,0.03571011474648115,0.2425813279525978,0,ratio_AI1_AI2,0.0008366452097126766,0.006784991057865634,0.0003387808758747353,0.0003869688637091512,0.15753259324695418,0.04941137394740144,0.06473138203275114,0.005658182737580257
normal_0241_16,normal,0,A,241,normal_0241,16,8248,8263,2022-07-12 00:30:31.599000,2022-07-12 00:30:33.099000,train,0.03899267778489823,0.2425813279525978,0,AI1_skew,0.000267073715375959,0.019327020062576323,0.0012424341158589387,0.0008512701365591014,0.1114344663946366,0.06079023073906821,0.11801150983391523,1.741728119553461e-05
normal_0242_00,normal,0,A,242,normal_0242,0,8275,8290,2022-07-12 00:30:38.043000,2022-07-12 00:30:39.543000,train,0.028016293784797853,0.2425813279525978,0,AI1_skew,0.006561756876235708,0.03411215423148752,0.00027183343507806713,4.941849460046583e-06,0.03932631178806667,0.008161781682332734,0.1356915092012227,6.121449937405797e-08
normal_0246_00,normal,0,A,246,normal_0246,0,8376,8391,2022-07-12 00:31:10.998000,2022-07-12 00:31:12.498000,train,0.06747156569125025,0.2425813279525978,0,AI1_skew,0.08834208616166309,0.03186486407851348,0.041397714830717414,0.00019221205482890838,0.05742900826052279,0.009109604470894246,0.31139545270960206,4.158296326001889e-05
normal_0246_16,normal,0,A,246,normal_0246,16,8392,8407,2022-07-12 00:31:12.598000,2022-07-12 00:31:14.098000,train,0.034452565941876935,0.2425813279525978,0,AI1_skew,0.004153982234090694,0.009309921628323985,0.022748584789437077,0.01721947793227856,0.07729542843935137,0.003510443409641544,0.11093354085787792,0.030449148244014335
normal_0246_32,normal,0,A,246,normal_0246,32,8408,8423,2022-07-12 00:31:14.198000,2022-07-12 00:31:15.698000,train,0.005794397932800645,0.2425813279525978,0,AI2_rms,0.000694012536716267,0.0004426315089536808,0.0009700118169043816,0.00045862780919389253,0.01949307756168492,4.725728062739278e-05,0.003786683017501339,0.020462881930823292
normal_0247_00,normal,0,A,247,normal_0247,0,8426,8441,2022-07-12 00:31:17.932000,2022-07-12 00:31:19.432000,train,0.2045163240175604,0.2425813279525978,0,AI1_skew,0.152326069600702,0.07530020179847188,0.13239207507039163,0.00025505803899295216,0.027415135573714115,0.007759957489127805,1.234724144984668,0.0059579495844149745
normal_0247_16,normal,0,A,247,normal_0247,16,8442,8457,2022-07-12 00:31:19.532000,2022-07-12 00:31:21.032000,train,0.125503708732706,0.2425813279525978,0,ratio_AI1_AI2,0.004805810061874998,0.0802422527697718,0.03190293376320451,0.006623683141725482,0.7348894476720975,0.08114117891043078,0.059880902202341234,0.004543461340201518
normal_0247_32,normal,0,A,247,normal_0247,32,8458,8473,2022-07-12 00:31:21.132000,2022-07-12 00:31:22.632000,train,0.08640699573336526,0.2425813279525978,0,ratio_AI1_AI2,0.0820935704825468,0.02090746621108097,0.0013333650218969458,1.6522965229840993e-05,0.3362754445610641,0.020977432396462232,0.19122362816382962,0.038428536064811517
normal_0248_00,normal,0,A,248,normal_0248,0,8476,8491,2022-07-12 00:31:25.907000,2022-07-12 00:31:27.407000,train,0.04355529203719343,0.2425813279525978,0,AI1_skew,0.03749835331367233,0.007401066163956942,0.056598446396906955,0.10506036375416974,0.0035765397587325717,0.004323205182406513,0.12184064575093281,0.012143715976769573
normal_0248_16,normal,0,A,248,normal_0248,16,8492,8507,2022-07-12 00:31:27.507000,2022-07-12 00:31:29.007000,train,0.016579765080293508,0.2425813279525978,0,AI1_skew,0.024094531433091936,4.429028273412959e-05,0.010901465723656365,0.0023743126077434107,0.0007146207907479621,0.012848674515778539,0.04572944221622706,0.03593078307236866
normal_0251_00,normal,0,A,251,normal_0251,0,8543,8558,2022-07-12 00:31:51.200000,2022-07-12 00:31:52.700000,train,0.04267049963981205,0.2425813279525978,0,AI1_skew,0.0020308035882755033,0.003186038564650021,0.0035503160729595438,0.055091959959989556,0.0018375446441196036,0.005451257075360512,0.23530022721498092,0.034915849998160726
normal_0251_16,normal,0,A,251,normal_0251,16,8559,8574,2022-07-12 00:31:52.800000,2022-07-12 00:31:54.300000,train,0.011081710746837291,0.2425813279525978,0,AI1_skew,0.015409319460301643,0.003864236519948636,0.0007934883833407593,0.0009430562480420935,0.012074709321092255,0.003909180989102889,0.02730455552258,0.024355139530290056
normal_0251_32,normal,0,A,251,normal_0251,32,8575,8590,2022-07-12 00:31:54.400000,2022-07-12 00:31:55.900000,train,0.03943271536033495,0.2425813279525978,0,AI1_skew,0.018322402512743384,0.0012440819962937044,0.004005562756017959,0.00866696953808993,0.10521890449781245,0.022458575787011294,0.15551845145907744,2.6774335633464e-05
normal_0252_00,normal,0,A,252,normal_0252,0,8593,8608,2022-07-12 00:31:58.020000,2022-07-12 00:31:59.520000,train,0.015188338426896555,0.2425813279525978,0,ratio_AI1_AI2,1.541833980511034e-05,0.002010438186244713,0.01671046252185854,4.8758794907449055e-06,0.08667601045115347,0.00319573772145975,0.008615176692630564,0.004278587622529548
normal_0252_16,normal,0,A,252,normal_0252,16,8609,8624,2022-07-12 00:31:59.620000,2022-07-12 00:32:01.120000,train,0.04055258530292876,0.2425813279525978,0,AI1_skew,0.0024701603265991417,2.917177355669957e-05,0.02179607866263971,3.6092862271427064e-05,0.057830762439423165,0.000414169914167501,0.21281813731164959,0.02902610913312286
normal_0252_32,normal,0,A,252,normal_0252,32,8625,8640,2022-07-12 00:32:01.220000,2022-07-12 00:32:02.720000,train,0.02185205608193365,0.2425813279525978,0,AI2_period8,0.07872739526954901,0.04979881872471489,0.000562107071870792,0.0005954390667457422,0.01718202294362992,0.004925039206388123,0.01476016521338257,0.008265461159188152
normal_0254_00,normal,0,A,254,normal_0254,0,8681,8696,2022-07-12 00:32:13.976000,2022-07-12 00:32:15.476000,train,0.13004507136900167,0.2425813279525978,0,AI1_skew,0.04703677656081728,0.018546215043856954,0.00027132722473873947,0.02296404936634244,0.17990225520429537,0.07088824381443101,0.6946001516073981,0.006151552130133382
normal_0257_00,normal,0,A,257,normal_0257,0,8727,8742,2022-07-12 00:32:38.608000,2022-07-12 00:32:40.108000,train,0.06247570706017464,0.2425813279525978,0,ratio_AI1_AI2,0.0001287336988399333,0.0036228029554509393,0.0011320789417692426,1.997898254743393e-05,0.38317548354155484,0.03749898304791604,0.06909327767217949,0.0051343176411391975
normal_0257_16,normal,0,A,257,normal_0257,16,8743,8758,2022-07-12 00:32:40.208000,2022-07-12 00:32:41.708000,train,0.018183640405897004,0.2425813279525978,0,AI1_skew,0.00425901908880892,0.006249776579472128,0.02277300357596643,0.0006346210687508777,0.018597237566608252,0.006764214157809684,0.07947434413546217,0.006716907074297573
normal_0257_32,normal,0,A,257,normal_0257,32,8759,8774,2022-07-12 00:32:41.808000,2022-07-12 00:32:43.308000,train,0.01978637179521388,0.2425813279525978,0,ratio_AI1_AI2,2.8021250719578543e-05,0.010016071205972312,0.0034858017884626022,0.006536337529445401,0.09714531473838163,0.005113780271187328,0.028884042063976746,0.0070816055135654475
normal_0265_00,normal,0,A,265,normal_0265,0,8961,8976,2022-07-12 00:33:41.534000,2022-07-12 00:33:43.034000,train,0.24150020540862036,0.2425813279525978,0,AI1_skew,0.5000900339914576,0.0003554937637001241,0.08042385211956282,0.046074816762286364,0.000489718455258738,0.00751533568014968,1.2791021902248734,0.017950202271674272
normal_0265_16,normal,0,A,265,normal_0265,16,8977,8992,2022-07-12 00:33:43.134000,2022-07-12 00:33:44.634000,train,0.01839774055372386,0.2425813279525978,0,ratio_AI1_AI2,0.023780941069040513,0.037622357458538216,0.0030395012977025553,0.021743135556744928,0.03810874990153965,0.010890555164143839,0.011612622929668364,0.00038406105241281903
normal_0265_32,normal,0,A,265,normal_0265,32,8993,9008,2022-07-12 00:33:44.734000,2022-07-12 00:33:46.234000,train,0.019902123745448475,0.2425813279525978,0,AI1_skew,0.02987328858273491,0.00012062748974907506,0.008317028147094592,0.007254497217321421,0.0007226005146304679,0.021600276826847217,0.050826005756872225,0.0405026654283379
normal_0266_00,normal,0,A,266,normal_0266,0,9011,9026,2022-07-12 00:33:49.428000,2022-07-12 00:33:50.928000,train,0.05856352353122782,0.2425813279525978,0,ratio_AI1_AI2,0.00012029652975139844,0.01173347861552503,6.269355375984983e-05,0.019020823910150846,0.3736899155649197,0.028889169350587596,0.029260904923623588,0.0057309058015045785
normal_0266_16,normal,0,A,266,normal_0266,16,9027,9042,2022-07-12 00:33:51.028000,2022-07-12 00:33:52.528000,train,0.2561330433945299,0.2425813279525978,1,ratio_AI1_AI2,0.007046550743759571,0.0016590934655868925,0.03768042572309427,0.05332774289061116,1.7651254441021575,0.18110131394449583,0.0021874177196713543,0.0009363585668628874
normal_0270_00,normal,0,A,270,normal_0270,0,9095,9110,2022-07-12 00:34:15.359000,2022-07-12 00:34:16.859000,train,0.09547114058997962,0.2425813279525978,0,ratio_AI1_AI2,0.038142972839561196,0.03306542467446354,0.0045794702319557,1.2809454286788531e-05,0.32637845535591414,0.08375723468264847,0.2634641689362087,0.014368588544798491
normal_0270_16,normal,0,A,270,normal_0270,16,9111,9126,2022-07-12 00:34:16.959000,2022-07-12 00:34:18.459000,train,0.12431379144363071,0.2425813279525978,0,AI1_skew,0.000154023066587692,0.031623080810413436,0.001038592851823475,0.005660067363217676,0.3775243191609692,0.10854875483521369,0.4565486537310417,0.013412839729778803
normal_0270_32,normal,0,A,270,normal_0270,32,9127,9142,2022-07-12 00:34:18.559000,2022-07-12 00:34:20.059000,train,0.04445899427962774,0.2425813279525978,0,ratio_AI1_AI2,0.020418620269436662,0.08521612081737381,0.009155120999876195,0.016650417268416047,0.14238076566337143,0.019160076411370203,0.04260143751884028,0.0200893952883373
normal_0271_00,normal,0,A,271,normal_0271,0,9145,9160,2022-07-12 00:34:21.987000,2022-07-12 00:34:23.487000,train,0.07143726280226372,0.2425813279525978,0,AI1_skew,0.004321027087842485,0.0014250444916188033,0.0025435481630935192,0.014983459689651538,0.04284480476713782,0.022145217568889375,0.48091528909170705,0.002319711558169059
normal_0271_16,normal,0,A,271,normal_0271,16,9161,9176,2022-07-12 00:34:23.587000,2022-07-12 00:34:25.087000,train,0.02297462919064601,0.2425813279525978,0,AI2_rms,0.01683230638618557,0.00096025872488563,0.011167305524925116,0.011673264504337595,0.006219759833783736,0.02426899188646641,2.5066592948494365e-05,0.11265008007163552
normal_0271_32,normal,0,A,271,normal_0271,32,9177,9192,2022-07-12 00:34:25.187000,2022-07-12 00:34:26.687000,train,0.0636148115974894,0.2425813279525978,0,AI1_skew,0.0016949392686068936,0.009972061021605787,0.0006879638061163324,0.05799287120400416,0.10593417783173525,0.015218987722513878,0.30185722852163716,0.01556026340369569
normal_0272_00,normal,0,A,272,normal_0272,0,9195,9210,2022-07-12 00:34:29.244000,2022-07-12 00:34:30.744000,train,0.15548381392611443,0.2425813279525978,0,ratio_AI1_AI2,0.017645766925496475,0.0036846355667232364,0.04067389024775544,0.015684996592078063,1.0390724239102747,0.10715499879408068,0.009229664781425603,0.01072413459108109
normal_0272_16,normal,0,A,272,normal_0272,16,9211,9226,2022-07-12 00:34:30.844000,2022-07-12 00:34:32.344000,train,0.07692636973536444,0.2425813279525978,0,ratio_AI1_AI2,0.05856844976038588,0.01822471519631943,0.01878528086486853,0.0011686747193768484,0.4599843922281354,0.05155525345693794,0.004482716623628049,0.0026414750332634067
normal_0274_00,normal,0,A,274,normal_0274,0,9283,9298,2022-07-12 00:34:45.928000,2022-07-12 00:34:47.428000,train,0.06625493025335419,0.2425813279525978,0,ratio_AI1_AI2,0.020028105700883387,0.0018042764504995154,0.003622496603990137,0.024215703077961684,0.4224508937387157,0.0424249720920738,0.008845566682757109,0.0066474276799521025
normal_0274_16,normal,0,A,274,normal_0274,16,9299,9314,2022-07-12 00:34:47.528000,2022-07-12 00:34:49.028000,train,0.0809142522716399,0.2425813279525978,0,ratio_AI1_AI2,7.997033281631362e-05,0.009290568963700957,0.0009783991817877103,0.013696639661593107,0.5202230345242779,0.03956491738143708,0.03944104752881028,0.02403944059869587
normal_0274_32,normal,0,A,274,normal_0274,32,9315,9330,2022-07-12 00:34:49.128000,2022-07-12 00:34:50.628000,train,0.12852044435863236,0.2425813279525978,0,AI1_skew,0.07823196287791585,0.023238116798502732,0.02767167989005837,0.01864770652295325,0.3426609801278215,0.010802783513585629,0.4623671688321363,0.06454315630608537
normal_0276_00,normal,0,A,276,normal_0276,0,9380,9395,2022-07-12 00:35:01.171000,2022-07-12 00:35:02.671000,train,0.029184847187970493,0.2425813279525978,0,AI0_rms,0.05160941126084317,0.00222598560965058,0.011439250274178137,0.09478357238290934,0.02553703654441921,0.00012842336302736236,0.046210901323045464,0.0015441967456906892
normal_0276_16,normal,0,A,276,normal_0276,16,9396,9411,2022-07-12 00:35:02.771000,2022-07-12 00:35:04.271000,train,0.06550261073720294,0.2425813279525978,0,AI1_skew,0.15406670986786244,0.0001511218757156245,0.008677615165239835,0.09628504702215379,0.020547894297797055,0.004163258871715789,0.220746934409009,0.019382304388129955
normal_0281_00,normal,0,A,281,normal_0281,0,9499,9514,2022-07-12 00:35:41.235000,2022-07-12 00:35:42.735000,train,0.11682182074230243,0.2425813279525978,0,ratio_AI1_AI2,0.00016220131748738775,0.018394852569173413,0.019417840907005934,0.0008782951782267697,0.7958238444834166,0.08510904740735667,0.0047874079348433456,0.010001076140909428
normal_0281_16,normal,0,A,281,normal_0281,16,9515,9530,2022-07-12 00:35:42.835000,2022-07-12 00:35:44.335000,train,0.0630453773253404,0.2425813279525978,0,ratio_AI1_AI2,0.05327799277871633,0.04203768887261482,0.038948566807800226,6.416237678869618e-05,0.28735115508748055,0.04309253456243589,0.03948897585028443,0.00010194226660218923
normal_0281_32,normal,0,A,281,normal_0281,32,9531,9546,2022-07-12 00:35:44.435000,2022-07-12 00:35:45.935000,train,0.03879226661748127,0.2425813279525978,0,AI2_period8,0.0944936561267024,0.0625639897977069,0.019154348591363723,0.004016887101180858,0.07622663385691643,0.011469725148854915,0.03984828586099438,0.002564606456130567
normal_0285_00,normal,0,A,285,normal_0285,0,9612,9627,2022-07-12 00:36:07.998000,2022-07-12 00:36:09.498000,train,0.1308764181613951,0.2425813279525978,0,ratio_AI1_AI2,0.01760061907787271,0.20696243904776757,0.04040107477962496,0.0008158200745646162,0.6806184849835144,0.05601323111472572,0.01875004480568512,0.025849631407405874
normal_0285_16,normal,0,A,285,normal_0285,16,9628,9643,2022-07-12 00:36:09.598000,2022-07-12 00:36:11.098000,train,0.013896013189497137,0.2425813279525978,0,ratio_AI0_AI2,0.005694205593376001,0.0052440419232145695,0.030575818555039647,0.02004027175197205,0.021597952685114337,0.008874142254094976,0.011999000925175007,0.007142671827990504
normal_0285_32,normal,0,A,285,normal_0285,32,9644,9659,2022-07-12 00:36:11.198000,2022-07-12 00:36:12.698000,train,0.037819260783949434,0.2425813279525978,0,AI2_kurt,0.014413100397598026,0.16091053729784988,0.011950777673894792,0.00018928742533585617,0.047254543543525825,0.0002639393554165026,0.013687235833494802,0.05388466474447977
normal_0286_00,normal,0,A,286,normal_0286,0,9662,9677,2022-07-12 00:36:14.644000,2022-07-12 00:36:16.144000,train,0.0612007693324358,0.2425813279525978,0,AI1_skew,0.13476325328173142,0.0006002596486480912,0.0012950944110697272,0.06462902720943024,0.08774052287776139,4.263503004685118e-05,0.13483553137856957,0.06569983082222906
normal_0286_16,normal,0,A,286,normal_0286,16,9678,9693,2022-07-12 00:36:16.244000,2022-07-12 00:36:17.744000,train,0.03467547158402046,0.2425813279525978,0,AI1_skew,0.0028137098428371423,0.0002452424420518718,0.009612407755621425,0.007322130808380285,0.029987970788412397,0.06682918130640322,0.12977006229904092,0.030823067429416432
normal_0286_32,normal,0,A,286,normal_0286,32,9694,9709,2022-07-12 00:36:17.844000,2022-07-12 00:36:19.344000,train,0.061558601493454934,0.2425813279525978,0,AI1_skew,2.1930904257781926e-05,0.03379876105776891,0.004388257646765444,0.03504284922518948,0.0005089016926561864,0.05496723606064873,0.27881991985651605,0.08492095550383694
normal_0288_00,normal,0,A,288,normal_0288,0,9762,9777,2022-07-12 00:36:29.468000,2022-07-12 00:36:30.968000,train,0.22397301074393347,0.2425813279525978,0,AI1_skew,0.030755369877720293,0.0018598839480622673,0.22799841208222382,0.006295407153230071,0.6594875881279006,0.0957504862460993,0.7686062115342964,0.0010307269819348468
normal_0288_16,normal,0,A,288,normal_0288,16,9778,9793,2022-07-12 00:36:31.068000,2022-07-12 00:36:32.568000,train,0.034131372163723264,0.2425813279525978,0,ratio_AI1_AI2,0.005773280447540272,0.012319336438719915,0.04148301725124316,0.005950251421712273,0.17252692480192286,0.025651520223020786,0.00633051760688026,0.0030161291187466104
normal_0289_00,normal,0,A,289,normal_0289,0,9798,9813,2022-07-12 00:36:37.428000,2022-07-12 00:36:38.928000,train,0.006069136301987754,0.2425813279525978,0,AI1_skew,0.011698097897970577,0.0009565494060509504,0.00830986077763431,2.9444653045207163e-06,5.17901777966743e-05,0.0009921873850532665,0.026467495859970498,7.416444612124004e-05
normal_0292_00,normal,0,A,292,normal_0292,0,9836,9851,2022-07-12 00:36:55.156000,2022-07-12 00:36:56.656000,train,0.10235457448887947,0.2425813279525978,0,AI1_skew,0.0701210840479759,0.0005032059534310053,0.05242560164169386,0.15185652448711534,0.06803621074530185,0.00025618543469292735,0.40489861111961095,0.07073917248121395
normal_0292_16,normal,0,A,292,normal_0292,16,9852,9867,2022-07-12 00:36:56.756000,2022-07-12 00:36:58.256000,train,0.02043190945603364,0.2425813279525978,0,AI1_skew,0.038566449590092734,0.017073464002084704,0.002771589391099528,0.0029634528540371774,0.013671933266597255,0.007365093379537405,0.0789089457461473,0.0021343474186730125
normal_0292_32,normal,0,A,292,normal_0292,32,9868,9883,2022-07-12 00:36:58.356000,2022-07-12 00:36:59.856000,train,0.021150794649062013,0.2425813279525978,0,AI2_kurt,0.03628321535247517,0.10221220687018819,0.0004447705516095134,0.0017394395625869637,3.1363977399722017e-06,6.290964486118418e-05,0.028429682067093433,3.0996745941660226e-05
normal_0293_00,normal,0,A,293,normal_0293,0,9886,9901,2022-07-12 00:37:02.032000,2022-07-12 00:37:03.532000,train,0.10781833506178673,0.2425813279525978,0,AI1_skew,0.11438729475442512,0.026011679821741646,0.003232815985745651,0.0009446814106269443,0.18095067187966254,0.03233699104892167,0.5035025866508692,0.0011799589423011332
normal_0293_16,normal,0,A,293,normal_0293,16,9902,9917,2022-07-12 00:37:03.632000,2022-07-12 00:37:05.132000,train,0.03510103007162249,0.2425813279525978,0,ratio_AI1_AI2,0.049705513746674555,0.03299589328878714,0.00016950853916944866,0.003761710382553269,0.1565978341773973,0.022661754286240694,0.007899664057879419,0.007016362094278049
normal_0293_32,normal,0,A,293,normal_0293,32,9918,9933,2022-07-12 00:37:05.232000,2022-07-12 00:37:06.732000,train,0.055648793945430985,0.2425813279525978,0,AI1_skew,0.027352352258530627,0.032651169660210984,0.00841042092871894,0.014816282331621258,0.0007934705188440824,0.0035340094630513254,0.3552851469891998,0.0023474994132708675
normal_0294_00,normal,0,A,294,normal_0294,0,9936,9951,2022-07-12 00:37:09.360000,2022-07-12 00:37:10.860000,train,0.01867824488029319,0.2425813279525978,0,AI1_skew,0.00013621908510846124,0.004404394598550659,0.004577850452075355,0.004835465747079701,0.035794758372875476,0.0029307787126858034,0.0966693131918071,7.717888216294047e-05
normal_0294_16,normal,0,A,294,normal_0294,16,9952,9967,2022-07-12 00:37:10.960000,2022-07-12 00:37:12.460000,train,0.005540985174353789,0.2425813279525978,0,ratio_AI0_AI2,0.0023177090526858716,0.002330464528514194,0.022760010095924536,0.00960141007241804,3.394139066707027e-07,0.0009698873336175238,0.005175072073107941,0.0011729888246555362
normal_0295_00,normal,0,A,295,normal_0295,0,9978,9993,2022-07-12 00:37:17.426000,2022-07-12 00:37:18.926000,train,0.06618924159208515,0.2425813279525978,0,AI1_skew,0.13993431083893124,0.012691010444458852,0.003964205474480378,0.0001405499099920521,0.03169460821239818,0.007336965355426695,0.32353607564530207,0.010216206855691742
normal_0296_00,normal,0,A,296,normal_0296,0,10007,10022,2022-07-12 00:37:25.356000,2022-07-12 00:37:26.856000,train,0.04615398400957526,0.2425813279525978,0,AI1_skew,0.0003747058494812992,0.025599093473901834,0.00935640146277816,0.004554509013093681,0.006640816577804273,0.0049252749942893526,0.31772292714179906,5.8143563454417376e-05
normal_0298_00,normal,0,A,298,normal_0298,0,10035,10050,2022-07-12 00:37:42.318000,2022-07-12 00:37:43.818000,train,0.03286325795635879,0.2425813279525978,0,ratio_AI1_AI2,0.005075922692171827,0.013016335579496519,0.00025406841311621597,0.04055919004129883,0.09484895116972467,0.003617645405835602,0.038375954269232945,0.06715799607999373
normal_0298_16,normal,0,A,298,normal_0298,16,10051,10066,2022-07-12 00:37:43.918000,2022-07-12 00:37:45.418000,train,0.17894695473306188,0.2425813279525978,0,AI1_skew,0.10115274804630665,0.019313436257368942,0.03557082763496234,0.17943930892477844,0.026171734837906625,0.07882488996555027,0.8962955359904667,0.09480715620715513
normal_0298_32,normal,0,A,298,normal_0298,32,10067,10082,2022-07-12 00:37:45.518000,2022-07-12 00:37:47.018000,train,0.01793870033995027,0.2425813279525978,0,AI2_period8,0.044283355036384295,0.042447100085167375,0.0010461521092465854,0.008653474459623483,0.012511960644262344,0.0051598393495344095,0.026551839004335116,0.0028558820310485805
normal_0299_00,normal,0,A,299,normal_0299,0,10085,10100,2022-07-12 00:37:49.246000,2022-07-12 00:37:50.746000,train,0.015279924664814898,0.2425813279525978,0,AI1_skew,0.007442194456843955,0.004954647774054605,0.003071339088156942,0.00440331287115268,0.00010443676303721421,0.00022531472900653188,0.09694023916566999,0.005097912470597262
normal_0299_16,normal,0,A,299,normal_0299,16,10101,10116,2022-07-12 00:37:50.846000,2022-07-12 00:37:52.346000,train,0.013082545464318737,0.2425813279525978,0,ratio_AI1_AI2,0.006687315351790291,0.0004867559037432833,0.0018814324839695645,0.0014374439391173545,0.045724866162552946,0.0026083262568564036,0.038439354687674704,0.007394868928845342
normal_0299_32,normal,0,A,299,normal_0299,32,10117,10132,2022-07-12 00:37:52.446000,2022-07-12 00:37:53.946000,train,0.021794285109499073,0.2425813279525978,0,AI1_skew,0.0016060346645787142,0.005951392921452831,0.00019422784584936824,0.008021837236824642,0.021872491781445614,0.001324120938922106,0.12874135599860376,0.006642819488315537
normal_0301_00,normal,0,A,301,normal_0301,0,10169,10184,2022-07-12 00:38:05.247000,2022-07-12 00:38:06.747000,train,0.20392926002078166,0.2425813279525978,0,AI1_skew,0.0015089130004679527,0.027569994516214634,0.14193303451176914,0.4031953055924206,0.24555322004405322,2.5389837487429978e-05,0.5821078838597277,0.22954033880411248
normal_0303_00,normal,0,A,303,normal_0303,0,10198,10213,2022-07-12 00:38:22.496000,2022-07-12 00:38:23.996000,train,0.14372856610350027,0.2425813279525978,0,AI1_skew,0.013320108708203821,7.008668633533894e-05,0.1481888962100254,0.327534556203334,0.01634806595692715,0.029822403143674337,0.5154628418436963,0.09908157007580581
normal_0303_16,normal,0,A,303,normal_0303,16,10214,10229,2022-07-12 00:38:24.096000,2022-07-12 00:38:25.596000,train,0.03903105229462798,0.2425813279525978,0,AI1_skew,0.023053703462290315,3.659504023959259e-06,0.000110558289014656,0.01468143444575422,0.0016421914210820426,0.03795560820913591,0.12463432926052276,0.11016693376519994
normal_0303_32,normal,0,A,303,normal_0303,32,10230,10245,2022-07-12 00:38:25.696000,2022-07-12 00:38:27.196000,train,0.05448260108075609,0.2425813279525978,0,AI0_rms,0.019951316760669285,0.00014721855993301576,0.04219613142744354,0.13958426873925392,0.10958998431708868,0.0029527391788882864,0.010773871937547534,0.11066527772522447
normal_0305_00,normal,0,A,305,normal_0305,0,10298,10313,2022-07-12 00:38:37.296000,2022-07-12 00:38:38.796000,train,0.018679772831208728,0.2425813279525978,0,AI2_period8,0.06012607401568138,0.00565618311171947,0.010085132609839063,0.005171524833714499,0.008187554350108808,4.2673477211152566e-07,0.05944376155469168,0.000767525439142812
normal_0305_16,normal,0,A,305,normal_0305,16,10314,10329,2022-07-12 00:38:38.896000,2022-07-12 00:38:40.396000,train,0.0801994034247823,0.2425813279525978,0,AI1_skew,0.03627057991503971,0.13651372825959482,0.015521973158464824,6.648432231530023e-05,0.018639089765551824,0.001940258170683062,0.42707287929778204,0.005570234508826819
normal_0306_00,normal,0,A,306,normal_0306,0,10336,10351,2022-07-12 00:38:45.418000,2022-07-12 00:38:46.918000,train,0.10425728588534164,0.2425813279525978,0,ratio_AI1_AI2,0.05229840009961861,0.0014292737194521905,0.008212866997477749,0.004991667281631355,0.6877141700192428,0.058599214900846804,0.00394980062651589,0.016862893437947633
normal_0306_16,normal,0,A,306,normal_0306,16,10352,10367,2022-07-12 00:38:47.018000,2022-07-12 00:38:48.518000,train,0.10396497071710177,0.2425813279525978,0,ratio_AI1_AI2,0.009586640221397283,0.003572283889087689,0.0020901602104466143,0.00011893548976769869,0.744235729843398,0.060302382983927455,0.0036186401286253302,0.008194992970164119
normal_0307_00,normal,0,A,307,normal_0307,0,10371,10386,2022-07-12 00:38:53.456000,2022-07-12 00:38:54.956000,train,0.6509661593655166,0.2425813279525978,1,AI1_skew,0.5553262274730947,0.020004120232294184,0.20140075074157157,0.008292937441293998,0.01917097728749117,0.03906167073555668,4.3302156867709165,0.03425690424191427
normal_0309_00,normal,0,A,309,normal_0309,0,10403,10418,2022-07-12 00:39:10.908000,2022-07-12 00:39:12.408000,train,0.12070432741160914,0.2425813279525978,0,AI1_skew,0.0755155509367437,0.0009760477734294159,0.028025786615937527,0.007981198185608376,0.016264625953081716,0.020525625778398983,0.8017463921728862,0.014599391876787146
normal_0309_16,normal,0,A,309,normal_0309,16,10419,10434,2022-07-12 00:39:12.508000,2022-07-12 00:39:14.008000,train,0.12908002885689873,0.2425813279525978,0,AI1_skew,0.10553042798502713,0.06789147912872114,0.04986333091557772,0.05724562392955594,0.14706165665230242,0.03408725908824021,0.5698477724878748,0.001112680667890522
normal_0309_32,normal,0,A,309,normal_0309,32,10435,10450,2022-07-12 00:39:14.108000,2022-07-12 00:39:15.608000,train,0.21278668257579367,0.2425813279525978,0,AI1_skew,0.5972224197633437,0.12686602087520338,0.006470617219071557,0.004219372466449079,0.140402808418575,0.00321341784349622,0.7880098178774283,0.03588898614278214
normal_0310_00,normal,0,A,310,normal_0310,0,10453,10468,2022-07-12 00:39:17.687000,2022-07-12 00:39:19.187000,train,0.07231101109410727,0.2425813279525978,0,AI0_rms,0.0035563526052672712,0.05202147640630909,0.04416387769157853,0.15042102693032527,0.11385737336876448,0.001171436266429603,0.0862271248662966,0.12706942061788734
normal_0310_16,normal,0,A,310,normal_0310,16,10469,10484,2022-07-12 00:39:19.287000,2022-07-12 00:39:20.787000,train,0.039519261153810666,0.2425813279525978,0,AI2_rms,5.3705619004079787e-05,0.0887990501872859,0.004217568025920582,0.002139399726833536,0.010965993616525551,0.016190241419202455,0.07995607734021935,0.11383205329549385
normal_0310_32,normal,0,A,310,normal_0310,32,10485,10500,2022-07-12 00:39:20.887000,2022-07-12 00:39:22.387000,train,0.03064858521595415,0.2425813279525978,0,AI2_kurt,0.0029080196824299324,0.0639675388640854,0.03497904773441437,0.03956016535944868,0.0010642289324815225,0.019107262605425328,0.060807738016152954,0.022794680533195003
normal_0311_00,normal,0,A,311,normal_0311,0,10503,10518,2022-07-12 00:39:25.531000,2022-07-12 00:39:27.031000,train,0.029810350653248933,0.2425813279525978,0,AI1_skew,0.00378772229913707,0.018598792489087378,0.006042980729186251,4.228034599806642e-05,0.05050145539128485,0.007512700958142003,0.14779492109300324,0.004201951920152598
normal_0311_16,normal,0,A,311,normal_0311,16,10519,10534,2022-07-12 00:39:27.131000,2022-07-12 00:39:28.631000,train,0.008488838300132018,0.2425813279525978,0,ratio_AI1_AI2,0.009007069547404793,0.003306110533106462,0.000423538509738838,0.0044329937691687925,0.03814654200169672,0.007947473098750109,0.0038758675764380126,0.0007711113647524179
normal_0312_00,normal,0,A,312,normal_0312,0,10541,10556,2022-07-12 00:39:33.471000,2022-07-12 00:39:34.971000,train,0.03581519708676923,0.2425813279525978,0,AI1_skew,0.0054959637432982775,0.00019370047683537608,0.005842449769830979,0.007346824234942691,0.00040759729388241015,0.000263157686819026,0.2560747719803103,0.010897111508234738
normal_0313_00,normal,0,A,313,normal_0313,0,10565,10580,2022-07-12 00:39:41.284000,2022-07-12 00:39:42.784000,train,0.024130488888575247,0.2425813279525978,0,AI2_rms,0.013109519541960704,0.002607754361375665,0.026414688420551106,0.004545485372122589,0.005687411345524444,0.02256665009718965,0.03817104488007526,0.07994135708980256
normal_0315_00,normal,0,A,315,normal_0315,0,10583,10598,2022-07-12 00:39:51.184000,2022-07-12 00:39:52.684000,train,0.018365021507400478,0.2425813279525978,0,ratio_AI1_AI2,0.002151843557377276,0.004132679378167844,0.0065664353717144125,0.023230881786121076,0.0687852874599259,0.003520568827036465,0.03758167985308202,0.0009507958257788089
normal_0315_16,normal,0,A,315,normal_0315,16,10599,10614,2022-07-12 00:39:52.784000,2022-07-12 00:39:54.284000,train,0.07651643224938179,0.2425813279525978,0,AI1_skew,0.12024602940450313,0.025727494455217437,0.08754618831895689,0.015867812416397058,0.0033087839397155957,0.009013129197868132,0.32102037394827143,0.02940164631412457
normal_0315_32,normal,0,A,315,normal_0315,32,10615,10630,2022-07-12 00:39:54.384000,2022-07-12 00:39:55.884000,train,0.014673423566925387,0.2425813279525978,0,AI1_skew,8.332954579663325e-05,0.004511780994180245,0.005504785920250655,0.00010302729802941999,0.032303503543746004,0.0006388316502492691,0.06654262440587855,0.0076995051772723215
normal_0316_00,normal,0,A,316,normal_0316,0,10633,10648,2022-07-12 00:39:57.839000,2022-07-12 00:39:59.339000,train,0.03346937222258757,0.2425813279525978,0,AI2_rms,0.0031867537057047417,0.059645080342959796,0.010220359267272912,0.017060059501158274,0.038332113794229974,0.0030172186468997927,0.053686509148392916,0.08260688337408215
normal_0316_16,normal,0,A,316,normal_0316,16,10649,10664,2022-07-12 00:39:59.439000,2022-07-12 00:40:00.939000,train,0.06663145055201444,0.2425813279525978,0,AI1_skew,0.009446440898010848,0.09304395890982979,0.040910155562327626,0.048991464657961455,0.05005330155648725,0.003712190411486568,0.20957780736416057,0.07731628505585146
normal_0316_32,normal,0,A,316,normal_0316,32,10665,10680,2022-07-12 00:40:01.039000,2022-07-12 00:40:02.539000,train,0.06527696074696296,0.2425813279525978,0,AI1_skew,0.00829322547456623,0.02503452704721368,0.02598193830852293,0.07139520822845993,0.03838934289100053,0.01698524198647437,0.22491663744057405,0.11121956459889185
normal_0318_00,normal,0,A,318,normal_0318,0,10725,10740,2022-07-12 00:40:13.200000,2022-07-12 00:40:14.700000,train,0.11128921183272009,0.2425813279525978,0,ratio_AI1_AI2,0.0191451027684363,0.0017975491964689113,0.0006270001435211004,0.0022077305924859546,0.7191394497454354,0.06543047234106293,0.0703508996687103,0.011615490205639777
normal_0319_00,normal,0,A,319,normal_0319,0,10756,10771,2022-07-12 00:40:21.200000,2022-07-12 00:40:22.700000,train,0.45475551003361836,0.2425813279525978,1,AI1_skew,0.15828425180824499,0.15972866103983205,0.012663860540135186,0.07838829318450542,0.07311146264145364,0.0013520895104805928,3.0732615377899983,0.08125392375429676
normal_0322_00,normal,0,A,322,normal_0322,0,10778,10793,2022-07-12 00:40:39.236000,2022-07-12 00:40:40.736000,train,0.012265256919611101,0.2425813279525978,0,ratio_AI1_AI2,1.022483211708349e-06,5.262938154570647e-05,0.009719340257064621,0.0006240378906535067,0.043993571379219346,0.04338742304366598,0.0003310878678611925,1.2943053666756992e-05
normal_0322_16,normal,0,A,322,normal_0322,16,10794,10809,2022-07-12 00:40:40.836000,2022-07-12 00:40:42.336000,train,0.025104448382257498,0.2425813279525978,0,AI1_skew,0.07593772674646734,0.004403307684511315,6.762079977035058e-05,0.00422221708528247,0.0030843849702197317,0.016343683125167652,0.09466508641273615,0.002111560233904981
normal_0322_32,normal,0,A,322,normal_0322,32,10810,10825,2022-07-12 00:40:42.436000,2022-07-12 00:40:43.936000,train,0.022007484521609576,0.2425813279525978,0,AI1_skew,1.688373166503316e-05,0.005913714421153533,0.004689692418837447,0.05908497820004499,0.00018182033072829668,0.0020459655784003457,0.1037466143879171,0.0003802071041298686
normal_0323_00,normal,0,A,323,normal_0323,0,10828,10843,2022-07-12 00:40:45.865000,2022-07-12 00:40:47.365000,train,0.024516425168514835,0.2425813279525978,0,AI2_period8,0.10670682521814336,0.0171685686354466,0.0018714829537648376,0.005951119715994384,0.0400049043133445,0.0035144748234935356,0.01766053278121643,0.0032534929067150214
normal_0323_16,normal,0,A,323,normal_0323,16,10844,10859,2022-07-12 00:40:47.465000,2022-07-12 00:40:48.965000,train,0.031401998470149003,0.2425813279525978,0,AI2_period8,0.09168404557249814,0.025273097879873856,0.0010146192049195547,0.0282138071412487,0.08067349652930937,0.007138364355933551,0.013764902667880528,0.0034536544095283006
normal_0323_32,normal,0,A,323,normal_0323,32,10860,10875,2022-07-12 00:40:49.065000,2022-07-12 00:40:50.565000,train,0.10663796078174864,0.2425813279525978,0,ratio_AI1_AI2,0.053811831614780516,0.02863041618872736,0.0017947502621424773,0.07228205076271449,0.6177821336833227,0.061297109073614624,0.01746644916315367,3.89455055334367e-05
normal_0324_00,normal,0,A,324,normal_0324,0,10878,10893,2022-07-12 00:40:53.176000,2022-07-12 00:40:54.676000,train,0.010493231059804048,0.2425813279525978,0,AI1_skew,0.0002783829260913899,0.013784397402798344,0.00033313779478498924,0.002926199661962635,0.004913246634937714,0.0008087099693060769,0.05915076980449682,0.001751004284054413
normal_0324_16,normal,0,A,324,normal_0324,16,10894,10909,2022-07-12 00:40:54.776000,2022-07-12 00:40:56.276000,train,0.029941742020691248,0.2425813279525978,0,AI1_skew,0.0002510213496034209,0.00022453187872259966,0.002009100852340014,0.006422674848589974,0.011520231149884697,0.007906545321572943,0.21118573866189155,1.4092102924809634e-05
normal_0325_00,normal,0,A,325,normal_0325,0,10922,10937,2022-07-12 00:41:01.166000,2022-07-12 00:41:02.666000,train,0.011683897005696837,0.2425813279525978,0,AI0_rms,0.00476436736113004,0.00377836756190867,0.02218425434310794,0.04921422233140855,0.0003134389045646091,0.00012324855641530363,0.009606543966273536,0.0034867330207660487
normal_0326_00,normal,0,A,326,normal_0326,0,10952,10967,2022-07-12 00:41:09.181000,2022-07-12 00:41:10.681000,train,0.08495657705933238,0.2425813279525978,0,AI2_period8,0.32248429519394317,0.07468528760180351,0.004270458156902424,0.0024392210598978992,0.006658630656130817,0.00030377074453205165,0.26036094709140367,0.008450005970045586
normal_0328_00,normal,0,A,328,normal_0328,0,10974,10989,2022-07-12 00:41:19.199000,2022-07-12 00:41:20.699000,train,0.029822035764669304,0.2425813279525978,0,AI2_rms,0.03704064860849877,0.015601330779748325,0.00945928039113015,0.020878992589102165,0.022141761070923614,0.01253909180342134,0.036200805043037736,0.08471437583149237
normal_0328_16,normal,0,A,328,normal_0328,16,10990,11005,2022-07-12 00:41:20.799000,2022-07-12 00:41:22.299000,train,0.10184003618156498,0.2425813279525978,0,AI2_rms,0.1262798592806487,0.0029349375986391884,0.10253326340211039,0.14697208079831964,0.13174662676208496,0.002332990535795002,0.13554588597048517,0.16637464510443686
normal_0328_32,normal,0,A,328,normal_0328,32,11006,11021,2022-07-12 00:41:22.399000,2022-07-12 00:41:23.899000,train,0.0213444028694097,0.2425813279525978,0,AI2_rms,0.0066876652027182655,3.507491310593152e-05,0.0003565596296074428,0.01182285701472019,0.009781252376753246,0.048149493058073804,0.002373254734079192,0.09154906602621952
normal_0329_00,normal,0,A,329,normal_0329,0,11024,11039,2022-07-12 00:41:25.865000,2022-07-12 00:41:27.365000,train,0.012159880197447048,0.2425813279525978,0,AI1_skew,3.578389971728467e-06,0.003976745265065058,6.980971887948229e-05,0.016996917432064346,0.0006616077853775596,0.0001478675509941134,0.07537673998240238,4.57754548217137e-05
normal_0329_16,normal,0,A,329,normal_0329,16,11040,11055,2022-07-12 00:41:27.465000,2022-07-12 00:41:28.965000,train,0.02081964659371107,0.2425813279525978,0,AI2_period8,0.055292185870476934,0.05064988198775755,5.273335188623766e-05,0.0016684053272359308,0.025680399102016638,0.009228493735077888,0.021341913354075474,0.0026431600211619167
normal_0329_32,normal,0,A,329,normal_0329,32,11056,11071,2022-07-12 00:41:29.065000,2022-07-12 00:41:30.565000,train,0.04398101978391412,0.2425813279525978,0,AI1_skew,0.04769786173732085,0.04637826463648625,0.001435694034196507,0.07631339068804646,0.019034251067974246,0.0008085852119303712,0.14992189471859246,0.010258216176765754
normal_0331_00,normal,0,A,331,normal_0331,0,11116,11131,2022-07-12 00:41:41.292000,2022-07-12 00:41:42.792000,train,0.20884791740069267,0.2425813279525978,0,AI2_rms,0.17432802764462055,0.010217877057454182,0.003190665566693447,0.08898997337156608,0.1626682982300096,0.10161316686593154,0.5398664858566151,0.5899088446126508
normal_0335_00,normal,0,A,335,normal_0335,0,11212,11227,2022-07-12 00:42:13.314000,2022-07-12 00:42:14.814000,train,0.028325244494535606,0.2425813279525978,0,AI1_skew,0.01185767565532404,0.06621167185750289,0.0004665698021242014,4.500581193566218e-06,0.04565204947452375,6.42507053106286e-05,0.0702029706545315,0.03214226722577427
normal_0335_16,normal,0,A,335,normal_0335,16,11228,11243,2022-07-12 00:42:14.914000,2022-07-12 00:42:16.414000,train,0.04523624671696547,0.2425813279525978,0,AI1_skew,0.05855076552046655,0.02678896926447716,0.006204223466675129,0.0003748461954227742,0.0037813445150205816,0.002304691240445711,0.25714518780317824,0.006739945730037626
normal_0336_00,normal,0,A,336,normal_0336,0,11257,11272,2022-07-12 00:42:21.316000,2022-07-12 00:42:22.816000,train,0.015203941480058977,0.2425813279525978,0,AI2_kurt,0.0006836346320610151,0.09151498614230943,0.00041285799995737855,0.0018340756515290062,0.01205613504588997,0.0012654797878147639,0.004691095424294526,0.009173267156615716
normal_0336_16,normal,0,A,336,normal_0336,16,11273,11288,2022-07-12 00:42:22.916000,2022-07-12 00:42:24.416000,train,0.4918585794615039,0.2425813279525978,1,AI1_skew,0.01646637261649148,0.01967747473532976,0.0006462060571081516,0.06995705218297817,0.07887409489922174,0.005276609852260766,3.631383060255639,0.11258776509300192
normal_0340_00,normal,0,A,340,normal_0340,0,11349,11364,2022-07-12 00:42:47.528000,2022-07-12 00:42:49.028000,train,0.11436767106835256,0.2425813279525978,0,AI1_skew,0.015317843103169556,0.000964947900917276,0.07862275481125466,0.034975485388445325,0.19954827705647998,0.04362993264044293,0.539551590784694,0.0023305368614168144
normal_0340_16,normal,0,A,340,normal_0340,16,11365,11380,2022-07-12 00:42:49.128000,2022-07-12 00:42:50.628000,train,0.15634287184467058,0.2425813279525978,0,AI1_skew,0.09841011139580468,0.15584683749118453,0.09043851958033537,0.025030905951805564,0.010307866812065632,0.005754605059498587,0.864237510099415,0.0007166183672553103
normal_0340_32,normal,0,A,340,normal_0340,32,11381,11396,2022-07-12 00:42:50.728000,2022-07-12 00:42:52.228000,train,0.03604781590808714,0.2425813279525978,0,AI1_skew,0.007036193447562283,0.0018763711423665894,0.0039476323323763855,0.0025306328374301787,0.009497829749554225,0.0031117875029028587,0.2602958052091419,8.627504336268711e-05
normal_0341_00,normal,0,A,341,normal_0341,0,11399,11414,2022-07-12 00:42:54.375000,2022-07-12 00:42:55.875000,train,0.12312072930420143,0.2425813279525978,0,ratio_AI1_AI2,0.22819115222197406,0.08983757436731638,0.0464557146501114,0.037812452465348416,0.48417366899526365,0.06589171719238786,0.03238518408928666,0.0002183704519230197
normal_0341_16,normal,0,A,341,normal_0341,16,11415,11430,2022-07-12 00:42:55.975000,2022-07-12 00:42:57.475000,train,0.08338290366331466,0.2425813279525978,0,ratio_AI1_AI2,0.13198333031575404,0.21777330458168057,0.014056112067464476,0.0005399390408874804,0.2578619430576974,0.027135674736266286,0.0017798109046192967,0.0159331146021478
normal_0341_32,normal,0,A,341,normal_0341,32,11431,11446,2022-07-12 00:42:57.575000,2022-07-12 00:42:59.075000,train,0.027298488981483713,0.2425813279525978,0,AI2_kurt,0.012203585151356222,0.1305432312894645,0.024946002922125628,0.0004183163107147998,0.04151036587283305,0.003975987673162366,0.0008921624822466198,0.003898260149966511
normal_0342_00,normal,0,A,342,normal_0342,0,11449,11464,2022-07-12 00:43:01.514000,2022-07-12 00:43:03.014000,train,0.04253156404450863,0.2425813279525978,0,ratio_AI1_AI2,0.005385505653388274,0.011956448929987557,0.0010909342990398883,0.01658939518058323,0.15331977324609491,0.09673832607944732,0.052247631908635794,0.0029244970588920274
normal_0342_16,normal,0,A,342,normal_0342,16,11465,11480,2022-07-12 00:43:03.114000,2022-07-12 00:43:04.614000,train,0.08222892472708787,0.2425813279525978,0,AI1_skew,0.008374010625029746,0.01397588520148237,0.006156190613742429,0.06511204387583448,5.347729718563268e-09,0.049715073284160596,0.4053171156462885,0.10918107322243525
normal_0343_00,normal,0,A,343,normal_0343,0,11494,11509,2022-07-12 00:43:09.436000,2022-07-12 00:43:10.936000,train,0.013292958779631098,0.2425813279525978,0,ratio_AI1_AI2,0.001697941373070631,0.008492337311983214,0.0050264592924927605,0.004051470749951286,0.06096197635567286,0.003164553763803073,0.0026610706093203257,0.020287860780754632
normal_0343_16,normal,0,A,343,normal_0343,16,11510,11525,2022-07-12 00:43:11.036000,2022-07-12 00:43:12.536000,train,0.013719872067646199,0.2425813279525978,0,AI2_period8,0.04632901581317565,0.016197340930557417,0.0014995331988434987,0.0002627462350300478,0.016342430530279818,0.004455582929025807,0.023577650309177012,0.0010946765950803445
normal_0347_00,normal,0,A,347,normal_0347,0,11566,11581,2022-07-12 00:43:35.064000,2022-07-12 00:43:36.564000,train,0.035132068206510714,0.2425813279525978,0,AI1_skew,0.014067050649652914,0.01095925264904578,0.007774655823800989,0.001383955732381151,0.04557554399740958,1.875474869002267e-05,0.1898351522283184,0.011442179822786861
normal_0347_16,normal,0,A,347,normal_0347,16,11582,11597,2022-07-12 00:43:36.664000,2022-07-12 00:43:38.164000,train,0.09554846354057657,0.2425813279525978,0,AI1_skew,0.011907731728032986,0.027256769603564122,0.021620240439130647,1.5603004757591652e-06,0.018819237684575916,0.0015114292008885075,0.6751648214707586,0.008105917897185934
normal_0347_32,normal,0,A,347,normal_0347,32,11598,11613,2022-07-12 00:43:38.264000,2022-07-12 00:43:39.764000,train,0.10099176664358701,0.2425813279525978,0,AI1_skew,0.005304004427630808,0.00937629697384267,0.013208527121898614,0.029109918416892203,0.052018935671349575,0.0026226893090232225,0.6724403593138806,0.023853401914178358
normal_0350_00,normal,0,A,350,normal_0350,0,11707,11722,2022-07-12 00:43:57.268000,2022-07-12 00:43:58.768000,train,0.029141463733928688,0.2425813279525978,0,ratio_AI1_AI2,0.0025699996922047648,0.02016005398570037,0.011739308270807202,0.014164095118393958,0.12963398257564737,0.01638821697214141,0.03710900286402411,0.0013670503925103346
normal_0355_00,normal,0,A,355,normal_0355,0,11858,11873,2022-07-12 00:44:29.332000,2022-07-12 00:44:30.832000,train,0.00725368814805364,0.2425813279525978,0,AI1_skew,0.0071141704902211115,0.01581873922292909,3.6577261667386428e-06,0.0008455225504181148,2.206907506142242e-06,0.00013551804184699107,0.031105031506041745,0.00300465873929919
normal_0355_16,normal,0,A,355,normal_0355,16,11874,11889,2022-07-12 00:44:30.932000,2022-07-12 00:44:32.432000,train,0.027050229991623546,0.2425813279525978,0,ratio_AI1_AI2,0.000718946011923294,0.009688579732454652,0.002114931479525073,5.837552787325794e-05,0.10798988548207675,0.01012244256171702,0.07493279523856629,0.010775883898852031
normal_0356_00,normal,0,A,356,normal_0356,0,11904,11919,2022-07-12 00:44:37.312000,2022-07-12 00:44:38.812000,train,0.013356911800455479,0.2425813279525978,0,AI1_skew,0.014524168800370947,0.006090151160967442,5.395103046470388e-10,0.0011960520217468005,0.024672163420908493,0.0009744119223949023,0.05233953841660874,0.0070588081211362
normal_0356_16,normal,0,A,356,normal_0356,16,11920,11935,2022-07-12 00:44:38.912000,2022-07-12 00:44:40.412000,train,0.015766030655361293,0.2425813279525978,0,AI1_skew,0.0016795198045278777,0.0007490187532446671,0.002872558616810966,0.004498410067893881,0.02130286511411631,0.005431432906635236,0.08216149364743376,0.0074329463322276605
normal_0357_00,normal,0,A,357,normal_0357,0,11936,11951,2022-07-12 00:44:45.286000,2022-07-12 00:44:46.786000,train,0.026586455737750668,0.2425813279525978,0,AI0_rms,0.0260215599678873,0.038101921556726544,0.02812025583299588,0.07363145633618047,0.02676923189460332,0.011128039050333851,0.008740354353883642,0.00017882690939433987
normal_0359_00,normal,0,A,359,normal_0359,0,11963,11978,2022-07-12 00:45:02.356000,2022-07-12 00:45:03.856000,train,0.19072279032338993,0.2425813279525978,0,AI1_skew,0.08718549308719156,0.0009489368331534699,0.012793495158493037,0.0034098190139898073,0.006196738869790557,0.1944604346182024,0.9194328039603183,0.3013546010459802
normal_0359_16,normal,0,A,359,normal_0359,16,11979,11994,2022-07-12 00:45:03.956000,2022-07-12 00:45:05.456000,train,0.20281391157073295,0.2425813279525978,0,ratio_AI1_AI2,0.04290410432515785,0.012922174162081008,0.009274718272563582,0.16836361043814893,0.8635743391511348,0.001734386083818103,0.016464676235807565,0.5072732838971515
normal_0359_32,normal,0,A,359,normal_0359,32,11995,12010,2022-07-12 00:45:05.556000,2022-07-12 00:45:07.056000,train,0.06296894402032514,0.2425813279525978,0,AI1_skew,0.015425195850788893,0.06768791018777683,0.00024371064914014144,0.0018501156165067949,0.027674360723976207,0.07281418799195002,0.26891502152530466,0.04914104961715759
normal_0360_00,normal,0,A,360,normal_0360,0,12013,12028,2022-07-12 00:45:10.440000,2022-07-12 00:45:11.940000,train,0.03735083665027729,0.2425813279525978,0,AI1_skew,0.00246889019231362,4.069050519310907e-05,0.03689929802862221,0.010420181195102138,0.045201597444597855,0.008882802187847606,0.19489220877653793,1.0248720038162343e-06
normal_0360_16,normal,0,A,360,normal_0360,16,12029,12044,2022-07-12 00:45:12.040000,2022-07-12 00:45:13.540000,train,0.11904339381799117,0.2425813279525978,0,ratio_AI1_AI2,0.01874008315544284,0.0006886277915691027,0.07702834580413068,0.0022067269075319454,0.46556533359575347,0.06185556322263807,0.3260651021512016,0.00019736791566171276
normal_0360_32,normal,0,A,360,normal_0360,32,12045,12060,2022-07-12 00:45:13.640000,2022-07-12 00:45:15.140000,train,0.013797444560005007,0.2425813279525978,0,AI1_skew,0.0011437534870900109,0.03426210410824945,0.004151477703680258,0.00413879944047347,0.022448323358264743,0.0015118294150507762,0.042572102629656,0.00015116633757535392
normal_0361_00,normal,0,A,361,normal_0361,0,12063,12078,2022-07-12 00:45:17.244000,2022-07-12 00:45:18.744000,train,0.028018210801415172,0.2425813279525978,0,ratio_AI1_AI2,0.015244440559679202,0.0022883101313115784,0.0003789165683330767,0.04549709012820448,0.07417777734300945,2.4236799172004347e-05,0.029003728625860748,0.057531186255750856
normal_0361_16,normal,0,A,361,normal_0361,16,12079,12094,2022-07-12 00:45:18.844000,2022-07-12 00:45:20.344000,train,0.0646924402836094,0.2425813279525978,0,ratio_AI1_AI2,0.07988369353823749,0.0014002600081248835,3.0263652770629096e-06,0.1349245440093056,0.22618534042171273,0.037512069538537494,0.019936326450801973,0.017694261936877915
normal_0361_32,normal,0,A,361,normal_0361,32,12095,12110,2022-07-12 00:45:20.444000,2022-07-12 00:45:21.944000,train,0.0068808182335493495,0.2425813279525978,0,AI0_rms,0.007392764585308667,0.0029229048881485712,0.0035889943238620234,0.01728112978259588,0.007169096075592781,0.0064007629338453005,0.0045647437827513225,0.00572614949629025
normal_0365_00,normal,0,A,365,normal_0365,0,12177,12192,2022-07-12 00:45:50.892000,2022-07-12 00:45:52.392000,train,0.14623052519213817,0.2425813279525978,0,ratio_AI1_AI2,0.022858915885964008,0.17546422730904002,0.07295497433711873,0.11983075502226384,0.656046909341918,0.0658011166755744,0.05686602746885874,2.1275496367467327e-05
normal_0365_16,normal,0,A,365,normal_0365,16,12193,12208,2022-07-12 00:45:52.492000,2022-07-12 00:45:53.992000,train,0.13852018629662524,0.2425813279525978,0,AI1_skew,0.13708125586983236,0.16800130634142904,0.04299960007978685,0.07238079938013811,0.20097380149501295,0.017035450795876855,0.4693134726331319,0.00037580377779383327
normal_0365_32,normal,0,A,365,normal_0365,32,12209,12224,2022-07-12 00:45:54.092000,2022-07-12 00:45:55.592000,train,0.16598165927218278,0.2425813279525978,0,ratio_AI1_AI2,0.08846851574727291,3.356195714121652e-07,0.019188333301338126,0.013755272434664208,1.0692331484643312,0.10845312506935657,0.026741073608670476,0.0020134699322571985
normal_0368_00,normal,0,A,368,normal_0368,0,12314,12329,2022-07-12 00:46:13.485000,2022-07-12 00:46:14.985000,train,0.41610916563440575,0.2425813279525978,1,ratio_AI1_AI2,0.0020805110023905896,0.09009614008162961,0.10260837105388702,0.1463413908352244,2.538485501595923,0.27637923160675615,0.17287988377270025,2.295126734994085e-06
normal_0371_00,normal,0,A,371,normal_0371,0,12357,12372,2022-07-12 00:46:31.584000,2022-07-12 00:46:33.084000,train,0.03114610974495322,0.2425813279525978,0,ratio_AI1_AI2,0.047707791975216,0.01063255973042869,0.022718776378875486,0.0001826757965772808,0.13035251135080156,0.0058337723264135135,0.001416490252855318,0.03032430014845791
normal_0371_16,normal,0,A,371,normal_0371,16,12373,12388,2022-07-12 00:46:33.184000,2022-07-12 00:46:34.684000,train,0.041292054148196006,0.2425813279525978,0,AI1_skew,0.04805546782765776,8.062483341644133e-05,0.04142061427971203,7.929192315332506e-05,0.0027823788746171186,0.0010664236919635992,0.23684954329435753,2.0884606902844823e-06
normal_0371_32,normal,0,A,371,normal_0371,32,12389,12404,2022-07-12 00:46:34.784000,2022-07-12 00:46:36.284000,train,0.019108358620627788,0.2425813279525978,0,AI2_kurt,0.03919285051053433,0.07488801541252865,0.0013168638509971136,0.0010927030845690826,0.027019831838103473,0.000946974113905161,0.0032771454578064446,0.005132484696578036
normal_0372_00,normal,0,A,372,normal_0372,0,12407,12422,2022-07-12 00:46:38.256000,2022-07-12 00:46:39.756000,train,0.06169052991501715,0.2425813279525978,0,AI1_skew,0.0368661006206844,0.01977303527388284,0.09063187991513338,0.06361063927049442,0.028558421079945807,0.002924866462977058,0.19666238019514737,0.05449691650187191
normal_0372_16,normal,0,A,372,normal_0372,16,12423,12438,2022-07-12 00:46:39.856000,2022-07-12 00:46:41.356000,train,0.07320743800397539,0.2425813279525978,0,AI1_skew,0.04485542437767702,0.003326488120160969,0.04893677668074864,0.07451137255913022,0.0064117198194307305,0.026636201624373933,0.25940517145737474,0.12157634939290686
normal_0372_32,normal,0,A,372,normal_0372,32,12439,12454,2022-07-12 00:46:41.456000,2022-07-12 00:46:42.956000,train,0.013147177654797775,0.2425813279525978,0,AI2_rms,0.012178879853007127,0.021077143298270165,0.0008048958426919591,0.00013720408835297043,0.0012397536917909912,0.008507770802594194,0.0056685806352372746,0.05556319302643752
normal_0373_00,normal,0,A,373,normal_0373,0,12457,12472,2022-07-12 00:46:45.658000,2022-07-12 00:46:47.158000,train,0.030556182093249968,0.2425813279525978,0,ratio_AI1_AI2,0.0005688644721835457,0.010221363169635587,0.01811337973323899,0.027576033676186818,0.11260060537485422,0.0001719038633883335,0.009493645521906041,0.06570366093460618
normal_0373_16,normal,0,A,373,normal_0373,16,12473,12488,2022-07-12 00:46:47.258000,2022-07-12 00:46:48.758000,train,0.01825224781801266,0.2425813279525978,0,AI2_rms,0.03550599023857398,0.0011357634306513962,0.006384592748672322,0.0011162382430380186,0.002788865576457965,0.027753668792656287,0.00041295227325860234,0.07091991124079271
normal_0374_00,normal,0,A,374,normal_0374,0,12500,12515,2022-07-12 00:46:53.743000,2022-07-12 00:46:55.243000,train,0.16672131750201535,0.2425813279525978,0,ratio_AI1_AI2,0.011001127617408266,0.02057967191609499,0.01011088426525224,0.07353476636184798,1.1082048994683904,0.09771383666666511,0.00325189855628147,0.009373455164182299
normal_0378_00,normal,0,A,378,normal_0378,0,12607,12622,2022-07-12 00:47:18.491000,2022-07-12 00:47:19.991000,train,0.7791415809961493,0.2425813279525978,1,AI1_skew,1.2350994391138486,0.4357822239852974,0.27101689992159456,0.0036712123423855055,0.02956716950056106,0.01377551806054149,4.098834174154708,0.1453860108902586
normal_0378_16,normal,0,A,378,normal_0378,16,12623,12638,2022-07-12 00:47:20.091000,2022-07-12 00:47:21.591000,train,0.41914900510814945,0.2425813279525978,1,AI1_skew,0.7563737829419208,0.007394631864488355,0.06891290805800501,0.007355694355954872,0.0026775080228751934,0.001367284290510033,2.5057276488416793,0.0033825824897626227
normal_0378_32,normal,0,A,378,normal_0378,32,12639,12654,2022-07-12 00:47:21.691000,2022-07-12 00:47:23.191000,train,0.31657137843354166,0.2425813279525978,1,AI1_skew,0.1620592975484151,0.11071206059694491,0.013402446273835801,0.06201399289819004,0.10939917925198929,0.0004513905191472045,2.0114778358212893,0.06305482455852185
normal_0379_00,normal,0,A,379,normal_0379,0,12657,12672,2022-07-12 00:47:25.788000,2022-07-12 00:47:27.288000,train,0.12772154506764571,0.2425813279525978,0,AI1_skew,0.029463336581296035,7.533645243290139e-05,0.12038601185535415,0.2697875408401539,0.022829016781650207,0.035170187763031,0.4056584539898569,0.13840247627739055
normal_0379_16,normal,0,A,379,normal_0379,16,12673,12688,2022-07-12 00:47:27.388000,2022-07-12 00:47:28.888000,train,0.014502818756158515,0.2425813279525978,0,AI2_rms,0.025821619796891127,0.000272864394964414,4.998378183935199e-07,0.0022454490147789836,0.002984718395995987,0.017492139911960424,0.0008621824622424635,0.06634307623461633
normal_0384_00,normal,0,A,384,normal_0384,0,12793,12808,2022-07-12 00:48:06.559000,2022-07-12 00:48:08.059000,train,0.018973634509211537,0.2425813279525978,0,AI1_skew,0.0017401942883780467,0.057177006795407624,0.006278554778302806,0.001318296321366627,0.004887367499261393,1.3427273831544866e-05,0.0800484754167193,0.00032575370042495466
normal_0384_16,normal,0,A,384,normal_0384,16,12809,12824,2022-07-12 00:48:08.159000,2022-07-12 00:48:09.659000,train,0.09167574061942974,0.2425813279525978,0,AI1_skew,0.0205457014900739,0.11392574338750645,0.027644670885597085,0.0028337196484656546,0.003325935779278253,0.0001357385776139072,0.5626616266579606,0.002332788528942011
normal_0384_32,normal,0,A,384,normal_0384,32,12825,12840,2022-07-12 00:48:09.759000,2022-07-12 00:48:11.259000,train,0.09195183286670999,0.2425813279525978,0,AI1_skew,0.024590106824475714,0.08840093289753592,0.029379130435837075,0.003714446003426053,0.23482171579238073,0.02188193760053421,0.33183223424942815,0.0009941591300620418
normal_0386_00,normal,0,A,386,normal_0386,0,12883,12898,2022-07-12 00:48:22.150000,2022-07-12 00:48:23.650000,train,0.03313218016982798,0.2425813279525978,0,ratio_AI1_AI2,0.001765810815853391,0.024876926583723348,0.03245657822036433,0.010387282470937788,0.08746368246463547,0.03492661534918496,0.061830476340138836,0.01135006911378571
normal_0387_00,normal,0,A,387,normal_0387,0,12911,12926,2022-07-12 00:48:30.056000,2022-07-12 00:48:31.556000,train,0.017937123090893223,0.2425813279525978,0,ratio_AI1_AI2,0.028543972143229037,0.00031290798668750976,5.089739078554229e-05,0.004446900309797687,0.08983758794630893,0.012936712083900006,0.0014009474094878833,0.005967059456949182
normal_0389_00,normal,0,A,389,normal_0389,0,12932,12947,2022-07-12 00:48:40.145000,2022-07-12 00:48:41.645000,train,0.02493614446616714,0.2425813279525978,0,AI1_skew,0.000924717230944307,0.004397540300345367,0.0037919226438324536,0.01830277962569181,0.05454776646957569,0.004649942718456621,0.06479066082527082,0.048083825915220056
normal_0389_16,normal,0,A,389,normal_0389,16,12948,12963,2022-07-12 00:48:41.745000,2022-07-12 00:48:43.245000,train,0.05987223320653334,0.2425813279525978,0,AI1_skew,0.03489411419501366,0.000344623122082087,0.0252662043929835,0.07755151123344241,0.060238445821855495,0.0011209871691094605,0.22073981910893825,0.058822160608841836
normal_0389_32,normal,0,A,389,normal_0389,32,12964,12979,2022-07-12 00:48:43.345000,2022-07-12 00:48:44.845000,train,0.02772089924805949,0.2425813279525978,0,ratio_AI1_AI2,0.01185515054987622,0.012372048812698062,0.0032972571298925096,0.00030904894256038513,0.08350181615943261,0.03377083894812108,0.07255708432235335,0.004103949119541688
normal_0390_00,normal,0,A,390,normal_0390,0,12982,12997,2022-07-12 00:48:46.796000,2022-07-12 00:48:48.296000,train,0.02492096248851175,0.2425813279525978,0,AI2_rms,0.0025805763362123017,0.0017265118703214107,8.281984770270723e-05,0.0009356760657194894,0.02101982773253401,0.01081546231179314,0.06442334072351252,0.09778348502029845
normal_0390_16,normal,0,A,390,normal_0390,16,12998,13013,2022-07-12 00:48:48.396000,2022-07-12 00:48:49.896000,train,0.022360770254579172,0.2425813279525978,0,ratio_AI1_AI2,0.022145386445333048,0.007721922956459646,0.01712798095588431,0.005892232895648133,0.08058632522158019,0.005567089476667356,0.026703792398311933,0.013141431686748787
normal_0390_32,normal,0,A,390,normal_0390,32,13014,13029,2022-07-12 00:48:49.996000,2022-07-12 00:48:51.496000,train,0.04804589979786785,0.2425813279525978,0,AI1_skew,0.004006279047064969,0.03726311179373166,0.0040260880210307185,0.0018733271593425515,0.035046942992696443,0.013380398310139425,0.2859042371949156,0.0028668138640214305
normal_0391_00,normal,0,A,391,normal_0391,0,13032,13047,2022-07-12 00:48:54.584000,2022-07-12 00:48:56.084000,train,0.16248591239229054,0.2425813279525978,0,ratio_AI1_AI2,0.0013817893269442558,0.010609338595343526,0.09859358928417944,0.01520482085744124,0.7305592583413161,0.06115251073864451,0.3410905797994726,0.041295412194982714
normal_0391_16,normal,0,A,391,normal_0391,16,13048,13063,2022-07-12 00:48:56.184000,2022-07-12 00:48:57.684000,train,0.02124799907401296,0.2425813279525978,0,AI1_skew,0.004934974665193046,0.013575704558625494,0.006631496046195287,0.00019538978691352853,0.011005878313425418,1.1021431388820974e-06,0.11293371270154216,0.020705734377069834
normal_0396_00,normal,0,A,396,normal_0396,0,13161,13176,2022-07-12 00:49:34.708000,2022-07-12 00:49:36.208000,train,0.10080317897803096,0.2425813279525978,0,ratio_AI1_AI2,0.026543500539969768,0.09361014276903347,0.011357782018610986,0.07135385494394458,0.5396134138268336,0.058337443775597506,0.0009762280137229729,0.00463306593653478
normal_0396_16,normal,0,A,396,normal_0396,16,13177,13192,2022-07-12 00:49:36.308000,2022-07-12 00:49:37.808000,train,0.11224087850407923,0.2425813279525978,0,AI1_skew,0.09420993691463103,0.0719863519586982,0.09013218387568872,0.04752921514082366,0.19386829206127193,0.012310495102429292,0.38641445546073927,0.0014760975183517107
normal_0397_00,normal,0,A,397,normal_0397,0,13205,13220,2022-07-12 00:49:42.699000,2022-07-12 00:49:44.199000,train,0.07214113536634506,0.2425813279525978,0,ratio_AI1_AI2,0.008454241291305837,0.00838280006929417,0.0026548044433827253,0.05382426407709394,0.24384718414678902,0.0037490915879889288,0.03910092683484057,0.21711577048006533
normal_0397_16,normal,0,A,397,normal_0397,16,13221,13236,2022-07-12 00:49:44.299000,2022-07-12 00:49:45.799000,train,0.1452691520117093,0.2425813279525978,0,AI1_skew,0.13391773235254895,0.00011544238528836577,0.056876815337382106,0.2290917210223387,0.16082037025860332,0.0007425886483346393,0.33942134699023985,0.24116719909893866
normal_0401_00,normal,0,A,401,normal_0401,0,13316,13331,2022-07-12 00:50:22.836000,2022-07-12 00:50:24.336000,train,0.07260019583305677,0.2425813279525978,0,AI1_skew,0.045354980724604,1.663281439173589e-05,0.006030976649912086,0.008403370449003564,0.12285918492473422,0.007805809352907995,0.3463798787939355,0.043950732954965106
normal_0401_16,normal,0,A,401,normal_0401,16,13332,13347,2022-07-12 00:50:24.436000,2022-07-12 00:50:25.936000,train,0.02322565556298435,0.2425813279525978,0,ratio_AI1_AI2,0.007139647538308417,0.00022109431692494914,0.002559593376737952,0.0005563199379495721,0.07515850084067538,0.026912364286835938,0.07319479833059171,6.29258758508918e-05
normal_0405_00,normal,0,A,405,normal_0405,0,13429,13444,2022-07-12 00:50:56.424000,2022-07-12 00:50:57.924000,train,0.05990313532230509,0.2425813279525978,0,ratio_AI1_AI2,0.002517487416248431,3.8010219966635165e-08,0.0051561890839346754,0.07730138487141934,0.24980633445869926,0.11566869877578244,0.02831132763965895,0.0004636223224776384
normal_0405_16,normal,0,A,405,normal_0405,16,13445,13460,2022-07-12 00:50:58.024000,2022-07-12 00:50:59.524000,train,0.07787950688383007,0.2425813279525978,0,AI1_skew,0.056970859705394665,0.023926232472018884,0.019211824378699435,0.005801140214857786,0.14525157686663537,0.1318589498789151,0.2389085137861507,0.0011069577679686314
normal_0405_32,normal,0,A,405,normal_0405,32,13461,13476,2022-07-12 00:50:59.624000,2022-07-12 00:51:01.124000,train,0.05110445409373478,0.2425813279525978,0,ratio_AI1_AI2,0.031581697873561035,0.009388004484166839,0.0016901573465319553,0.06635954737625213,0.17580393953438553,0.08131845739962305,0.029817576289041373,0.012876252446316336
normal_0406_00,normal,0,A,406,normal_0406,0,13479,13494,2022-07-12 00:51:03.048000,2022-07-12 00:51:04.548000,train,0.01715790720947797,0.2425813279525978,0,ratio_AI1_AI2,0.003347769951079896,0.0014897552344811129,0.004793802682452203,0.007668457624703085,0.08114907933174254,0.000608689912293704,0.009343094283420677,0.028862608655650553
normal_0406_16,normal,0,A,406,normal_0406,16,13495,13510,2022-07-12 00:51:04.648000,2022-07-12 00:51:06.148000,train,0.013450092523798769,0.2425813279525978,0,AI1_skew,0.005767453015486998,0.026636522014034162,0.0009399177063289495,0.020480154293217784,0.004003093391558581,0.002466463351614261,0.046681020066168304,0.0006261163519811099
normal_0406_32,normal,0,A,406,normal_0406,32,13511,13526,2022-07-12 00:51:06.248000,2022-07-12 00:51:07.748000,train,0.060337695680663744,0.2425813279525978,0,AI1_skew,0.05831938925609379,0.0007939916159116329,0.004052593443559894,0.0005100856536362928,0.047536385730966656,0.0005978410060049349,0.3352883062927881,0.035602972446348614
normal_0408_00,normal,0,A,408,normal_0408,0,13567,13582,2022-07-12 00:51:18.948000,2022-07-12 00:51:20.448000,train,0.04851165756607722,0.2425813279525978,0,ratio_AI1_AI2,0.0024959507242700695,0.018716008652103527,0.012093300470007878,0.05152039350864409,0.12996655366357007,0.0025162660808498447,0.04999142876311607,0.1207933586660562
normal_0411_00,normal,0,A,411,normal_0411,0,13655,13670,2022-07-12 00:51:43.448000,2022-07-12 00:51:44.948000,train,0.00917560199676852,0.2425813279525978,0,AI1_skew,0.016171493935379366,0.0034723965654075055,0.011629124609119378,0.001064965857406792,0.0038760469840117186,1.8966889512577647e-06,0.036444801487414795,0.0007440898464573536
normal_0411_16,normal,0,A,411,normal_0411,16,13671,13686,2022-07-12 00:51:45.048000,2022-07-12 00:51:46.548000,train,0.08275337960312683,0.2425813279525978,0,AI1_skew,0.001815136109533354,0.04637401870289662,0.00014350819223770222,0.058318668879177325,0.004685971223018,0.01714343299170012,0.505598315748985,0.027947984977466506
normal_0411_32,normal,0,A,411,normal_0411,32,13687,13702,2022-07-12 00:51:46.648000,2022-07-12 00:51:48.148000,train,0.0418008159032041,0.2425813279525978,0,AI1_skew,0.005165528607932253,0.03750185709325289,0.001889745802821364,0.06338130008816463,0.008065097459118547,3.3456306455990114e-05,0.205307992476599,0.01306154939128815
normal_0412_00,normal,0,A,412,normal_0412,0,13705,13720,2022-07-12 00:51:51.236000,2022-07-12 00:51:52.736000,train,0.04031959766693875,0.2425813279525978,0,AI1_skew,0.02537204480936096,0.001178730740613512,0.020924608100611877,0.0008020957003665112,0.0005727697286622225,0.004179000735355687,0.23998221968086617,0.029545311839673048
normal_0412_16,normal,0,A,412,normal_0412,16,13721,13736,2022-07-12 00:51:52.836000,2022-07-12 00:51:54.336000,train,0.07759738443105411,0.2425813279525978,0,ratio_AI1_AI2,0.0019013277266482513,0.017572652430985377,0.00732949779201691,0.0014798175569356066,0.499837147412325,0.05257583174431423,0.032644436493335864,0.0074383642918716955
normal_0418_00,normal,0,A,418,normal_0418,0,13853,13868,2022-07-12 00:52:39.609000,2022-07-12 00:52:41.109000,train,0.034968629738117096,0.2425813279525978,0,ratio_AI1_AI2,0.015611686707638307,0.004559487508391453,0.010852537118208643,0.0005286458998892858,0.21685300170273142,0.02131659539385053,0.004442855755465938,0.005584227818761196
normal_0418_16,normal,0,A,418,normal_0418,16,13869,13884,2022-07-12 00:52:41.209000,2022-07-12 00:52:42.709000,train,0.09875492154623959,0.2425813279525978,0,ratio_AI1_AI2,0.014671717671498448,0.005593992148521859,0.0103545156887035,0.004211439007486121,0.6735859574004186,0.07972365401598171,0.0015664425780549385,0.00033165385925161523
normal_0418_32,normal,0,A,418,normal_0418,32,13885,13900,2022-07-12 00:52:42.809000,2022-07-12 00:52:44.309000,train,0.03733373130526049,0.2425813279525978,0,ratio_AI1_AI2,0.04874744839143041,5.6565305906414916e-05,5.827364937083501e-08,7.541817182402773e-05,0.2262134841599487,0.01984680016693783,0.0025176321634456105,0.0012124438089415497
normal_0419_00,normal,0,A,419,normal_0419,0,13903,13918,2022-07-12 00:52:47.696000,2022-07-12 00:52:49.196000,train,0.02963235587645579,0.2425813279525978,0,ratio_AI1_AI2,0.024470926672201188,0.0011495426693445391,0.0002456438961381473,0.019407507045366885,0.11979739185953006,0.004276517900346597,0.0006340338245486653,0.06707728314417022
normal_0419_16,normal,0,A,419,normal_0419,16,13919,13934,2022-07-12 00:52:49.296000,2022-07-12 00:52:50.796000,train,0.03453702753654248,0.2425813279525978,0,ratio_AI1_AI2,0.04749474468869517,0.07182902638234323,0.001340240243318485,0.011131957636251483,0.09349174634854338,0.0041088462383160745,0.003134994945929449,0.04376466380894259
normal_0420_00,normal,0,A,420,normal_0420,0,13941,13956,2022-07-12 00:52:55.616000,2022-07-12 00:52:57.116000,train,0.010972625758756393,0.2425813279525978,0,AI2_kurt,0.009052767787245482,0.023943259567636405,0.014901023162412418,0.001031673120403822,0.01897350064658891,0.0007968567806844114,0.0002230276106879516,0.018858897394391737
normal_0423_00,normal,0,A,423,normal_0423,0,14024,14039,2022-07-12 00:53:19.759000,2022-07-12 00:53:21.259000,train,0.05794510762359479,0.2425813279525978,0,AI1_skew,0.006264286267305617,0.0006414221632101494,0.0027480061312997223,0.00987168838874397,0.03581026751427798,0.0033223037452508883,0.39331630041314586,0.011586586365524185
normal_0423_16,normal,0,A,423,normal_0423,16,14040,14055,2022-07-12 00:53:21.359000,2022-07-12 00:53:22.859000,train,0.03153629054182563,0.2425813279525978,0,ratio_AI1_AI2,0.00046090776834803964,0.01055774176484945,0.002956380840254395,0.00783891632701113,0.177285019387247,0.014432999227517954,0.013298615062702447,0.025459743956674642
normal_0423_32,normal,0,A,423,normal_0423,32,14056,14071,2022-07-12 00:53:22.959000,2022-07-12 00:53:24.459000,train,0.025349008308590583,0.2425813279525978,0,ratio_AI1_AI2,0.00024384437252442985,0.00041227766477307823,0.00012404247750768974,0.012663038347164838,0.11869637303955388,0.014329754812261522,0.04364941160393612,0.012673324151003114
normal_0424_00,normal,0,A,424,normal_0424,0,14073,14088,2022-07-12 00:53:27.876000,2022-07-12 00:53:29.376000,train,0.08216427309691762,0.2425813279525978,0,AI1_skew,0.026253207090214798,0.011656354969665328,0.01115560949951662,0.00122153994662524,0.00010032908982370386,0.009569373122964669,0.5868659766271662,0.010491794429364423
normal_0424_16,normal,0,A,424,normal_0424,16,14089,14104,2022-07-12 00:53:29.476000,2022-07-12 00:53:30.976000,train,0.16071232129853555,0.2425813279525978,0,AI1_skew,0.023293523593849275,0.01729536978315529,0.021534515312663434,0.0006958251408995742,0.03803781382835931,0.04140313986467838,1.105950826031643,0.03748755683303619
normal_0430_00,normal,0,A,430,normal_0430,0,14283,14298,2022-07-12 00:54:15.782000,2022-07-12 00:54:17.282000,train,0.16481032190242342,0.2425813279525978,0,ratio_AI1_AI2,0.01463014187734264,0.0002575899265526032,0.008129018426360957,0.3238833923025874,0.6691390105626348,0.09815296045637031,0.069206738475164,0.13508372319237463
normal_0431_00,normal,0,A,431,normal_0431,0,14311,14326,2022-07-12 00:54:23.963000,2022-07-12 00:54:25.463000,train,0.020375870934353897,0.2425813279525978,0,ratio_AI1_AI2,0.033453287838819505,0.039038787154662836,0.002327853708398247,0.0028457298827825627,0.07389310890414323,0.0069147142644676255,0.004529898675696276,3.587045860906561e-06
normal_0434_00,normal,0,A,434,normal_0434,0,14397,14412,2022-07-12 00:54:48.044000,2022-07-12 00:54:49.544000,train,0.04231577725288192,0.2425813279525978,0,ratio_AI1_AI2,0.006192196337346341,0.003087114290413558,1.5866731290918267e-05,0.02865368208576958,0.21361296586489711,0.005578143129569094,0.01495916339981257,0.0664270861839562
normal_0434_16,normal,0,A,434,normal_0434,16,14413,14428,2022-07-12 00:54:49.644000,2022-07-12 00:54:51.144000,train,0.04889184712073234,0.2425813279525978,0,ratio_AI1_AI2,0.05527381897137953,0.025712921420767986,0.004209444100931009,0.013478192379281101,0.24312848249476587,0.0298015538458504,3.6711945840761684e-05,0.019493651807042028
normal_0434_32,normal,0,A,434,normal_0434,32,14429,14444,2022-07-12 00:54:51.244000,2022-07-12 00:54:52.744000,train,0.046632989833734234,0.2425813279525978,0,ratio_AI1_AI2,0.04986221147037972,0.0470993261426346,0.002280162855105487,0.012956373324328335,0.1983906023054019,0.0180503640080024,0.020823244204456758,0.023601634359564645
normal_0435_00,normal,0,A,435,normal_0435,0,14446,14461,2022-07-12 00:54:56.093000,2022-07-12 00:54:57.593000,train,0.13375867615889045,0.2425813279525978,0,AI1_skew,0.27394825506006926,0.04302105019462139,0.04346995623915313,0.16545033897591574,0.03647846593962102,0.018847295030016902,0.37687879450036177,0.11197525333136443
normal_0435_16,normal,0,A,435,normal_0435,16,14462,14477,2022-07-12 00:54:57.693000,2022-07-12 00:54:59.193000,train,0.003470144514118663,0.2425813279525978,0,AI1_rms,0.001291527102617768,0.0026163386878648967,0.0006428512417400808,0.0012711870349624503,0.0013680664301727638,0.0119367667944843,0.0017996230095354813,0.006834795811571567
normal_0436_00,normal,0,A,436,normal_0436,0,14481,14496,2022-07-12 00:55:04.088000,2022-07-12 00:55:05.588000,train,0.05001329023664374,0.2425813279525978,0,ratio_AI1_AI2,7.093653350618262e-05,0.0679055675809653,0.005347854199707915,0.005663931812494679,0.23110036642103796,0.022171926893466,0.06640102457318889,0.0014447138787829848
normal_0440_00,normal,0,A,440,normal_0440,0,14612,14627,2022-07-12 00:55:36.468000,2022-07-12 00:55:37.968000,train,0.08066218108130188,0.2425813279525978,0,AI1_skew,0.02516024953732638,0.013614202072899245,0.0009149869286660066,0.016115599795074192,0.043806654553003394,0.04878267746569456,0.4966107901186102,0.00029228817914111815
normal_0440_16,normal,0,A,440,normal_0440,16,14628,14643,2022-07-12 00:55:38.068000,2022-07-12 00:55:39.568000,train,0.10435597895797083,0.2425813279525978,0,AI1_skew,0.1682588397902469,0.00016115825893046486,0.01950902193778289,0.1488526231911644,0.0032822656451649613,0.04042271815845067,0.4461842102763858,0.0081769944056405
normal_0441_00,normal,0,A,441,normal_0441,0,14646,14661,2022-07-12 00:55:44.751000,2022-07-12 00:55:46.251000,train,0.0640602459616802,0.2425813279525978,0,AI1_skew,0.022309505114574822,0.006748380855048483,0.0002463742183798708,0.010932807810963356,0.11164929601592548,0.03369087516017581,0.3263447271976327,0.0005600013207409983
normal_0443_00,normal,0,A,443,normal_0443,0,14667,14682,2022-07-12 00:56:02.752000,2022-07-12 00:56:04.252000,train,0.14418650099883085,0.2425813279525978,0,ratio_AI1_AI2,0.00029439383222858157,0.06106286559226632,0.01926979518805272,0.12172178614023221,0.8552151880512197,0.09211017908572398,0.0030092366060548653,0.0008085634948684405
normal_0443_16,normal,0,A,443,normal_0443,16,14683,14698,2022-07-12 00:56:04.352000,2022-07-12 00:56:05.852000,train,0.02904810881052986,0.2425813279525978,0,AI1_skew,0.025570607219343334,0.016290920950859284,0.029033238400113463,0.0065153769987974655,0.015223835828795306,6.38485616087565e-05,0.12255169597617009,0.017135346548551197
normal_0443_32,normal,0,A,443,normal_0443,32,14699,14714,2022-07-12 00:56:05.952000,2022-07-12 00:56:07.452000,train,0.3109378656855184,0.2425813279525978,1,AI1_skew,0.7075085687033958,0.09088888273673815,0.2486567162401208,0.034658340606533895,0.00679022908558587,0.006763074285732747,1.3396594341869004,0.05257767963913964
normal_0445_00,normal,0,A,445,normal_0445,0,14767,14782,2022-07-12 00:56:16.827000,2022-07-12 00:56:18.327000,train,0.16819140322237913,0.2425813279525978,0,AI1_skew,0.00025362873820750304,0.057183624054978836,4.318031196530873e-05,0.06828707566415271,0.2963642355100593,0.059538992982040316,0.8584742032968063,0.005386285220822722
normal_0445_16,normal,0,A,445,normal_0445,16,14783,14798,2022-07-12 00:56:18.427000,2022-07-12 00:56:19.927000,train,0.13780734170681827,0.2425813279525978,0,AI1_skew,0.0214571162426894,0.21434311197854258,0.023018431595229254,0.0009046269696680327,0.23369845105856785,0.019110567154781873,0.5646328285923904,0.025293600062676735
normal_0446_00,normal,0,A,446,normal_0446,0,14811,14826,2022-07-12 00:56:24.832000,2022-07-12 00:56:26.332000,train,0.03275322755015046,0.2425813279525978,0,ratio_AI1_AI2,0.11112156189260168,0.009635206822700667,0.0001824047836537135,0.0026011151615604375,0.11453037341658084,0.01076329181184805,0.012646609128497735,0.0005452573837605821
normal_0447_00,normal,0,A,447,normal_0447,0,14842,14857,2022-07-12 00:56:32.839000,2022-07-12 00:56:34.339000,train,0.041987121624818574,0.2425813279525978,0,ratio_AI1_AI2,0.002676023101120093,0.05103376491026121,0.0008222358882758609,0.009052237185019041,0.19121467489463664,0.04792380836387377,0.020172871582148994,0.013001357073212974
normal_0452_00,normal,0,A,452,normal_0452,0,15005,15020,2022-07-12 00:57:12.712000,2022-07-12 00:57:14.212000,train,0.13322346427822368,0.2425813279525978,0,AI2_rms,0.12757019560231878,0.022612930833530148,0.0036949332255565214,0.0807525047718383,0.18526385356813624,0.049828221710729745,0.23659484292235375,0.359470231591326
normal_0454_00,normal,0,A,454,normal_0454,0,15040,15055,2022-07-12 00:57:30.180000,2022-07-12 00:57:31.680000,train,0.19451818650903036,0.2425813279525978,0,AI1_skew,0.17467000565900848,0.16403738405327498,0.05527312189250537,0.020864890454804323,0.009978624872526444,0.01945928576270598,1.0419346978739763,0.06992748150344104
normal_0454_16,normal,0,A,454,normal_0454,16,15056,15071,2022-07-12 00:57:31.780000,2022-07-12 00:57:33.280000,train,0.2948495240919418,0.2425813279525978,1,AI1_skew,0.7092713286048986,0.041921604426331735,0.06905845967622794,0.00011990449768314381,0.019520321396673857,0.005522225253168356,1.429333272613222,0.08404907626732862
normal_0454_32,normal,0,A,454,normal_0454,32,15072,15087,2022-07-12 00:57:33.380000,2022-07-12 00:57:34.880000,train,0.08248019415336441,0.2425813279525978,0,AI1_skew,0.07081421367435031,0.03603666450521142,0.032689364134581796,0.007833715624792218,0.008505636364723424,0.002704858157142905,0.4827920373966968,0.018465063369416383
normal_0455_00,normal,0,A,455,normal_0455,0,15090,15105,2022-07-12 00:57:36.947000,2022-07-12 00:57:38.447000,train,0.033926405657227286,0.2425813279525978,0,ratio_AI1_AI2,0.009520354098555702,0.004045185551268329,0.0010547229517864347,0.02698072143046483,0.16421635401320345,0.008509513501095167,5.746964074337751e-05,0.05702692407070099
normal_0455_16,normal,0,A,455,normal_0455,16,15106,15121,2022-07-12 00:57:38.547000,2022-07-12 00:57:40.047000,train,0.0212274422686635,0.2425813279525978,0,ratio_AI1_AI2,0.01856868743529836,0.0029291593862386034,0.0004232583393711161,0.053063957365349315,0.06741697609060829,0.0013805049453923357,0.009058094334038182,0.01697890025301181
normal_0455_32,normal,0,A,455,normal_0455,32,15122,15137,2022-07-12 00:57:40.147000,2022-07-12 00:57:41.647000,train,0.16297121349599766,0.2425813279525978,0,AI1_skew,0.012890663909743546,0.0016831391303571116,0.14875367735401743,0.37429141156078954,0.006840632884792662,0.03559954668547003,0.6603443970887999,0.06336623935401112
normal_0456_00,normal,0,A,456,normal_0456,0,15140,15155,2022-07-12 00:57:44.792000,2022-07-12 00:57:46.292000,train,0.09924392061917106,0.2425813279525978,0,AI1_skew,0.1158230246773533,0.1433879446988166,0.0021123000991229365,0.005086420958934819,0.1317835055627388,0.0008953387699820682,0.3604873857090714,0.03437544447734851
normal_0456_16,normal,0,A,456,normal_0456,16,15156,15171,2022-07-12 00:57:46.392000,2022-07-12 00:57:47.892000,train,0.04694655731669297,0.2425813279525978,0,ratio_AI1_AI2,0.006746057382867046,0.028796841729533045,0.005013717178601895,2.554420397317926e-05,0.30061526790353366,0.02256656230785534,0.006182404148140867,0.005626063679038718
normal_0458_00,normal,0,A,458,normal_0458,0,15206,15221,2022-07-12 00:58:00.779000,2022-07-12 00:58:02.279000,train,0.007424415328042082,0.2425813279525978,0,AI2_period8,0.021737804334131788,0.005214381878319401,0.00798491946754805,0.005945336701375425,0.008712917563121605,0.0016563510457281191,0.006624312727000396,0.0015192989071118779
normal_0461_00,normal,0,A,461,normal_0461,0,15279,15294,2022-07-12 00:58:24.593000,2022-07-12 00:58:26.093000,train,0.16671680019236906,0.2425813279525978,0,AI1_skew,0.1278622479005287,0.041556046595873905,0.0429957471160257,0.0026786126763624182,0.3447430581334279,0.0981366001479623,0.630486990976472,0.04527509799229956
normal_0461_16,normal,0,A,461,normal_0461,16,15295,15310,2022-07-12 00:58:26.193000,2022-07-12 00:58:27.693000,train,0.04712129589855729,0.2425813279525978,0,AI1_skew,0.05659658489752659,0.08821342686583765,0.004988820250362821,0.020958185343582163,0.024041918180634444,0.01625981218295794,0.146249638895199,0.019661980572357657
normal_0461_32,normal,0,A,461,normal_0461,32,15311,15326,2022-07-12 00:58:27.793000,2022-07-12 00:58:29.293000,train,0.028937163903209114,0.2425813279525978,0,AI1_skew,0.060470990504272876,0.009855212027258182,0.013668683174724822,0.0006973279323038481,0.02881538443322048,0.010288964653217972,0.10483325962997224,0.0028674888707025162
normal_0462_00,normal,0,A,462,normal_0462,0,15327,15342,2022-07-12 00:58:32.643000,2022-07-12 00:58:34.143000,train,0.017188755761752845,0.2425813279525978,0,AI1_skew,0.03140152673681722,0.010406344338619984,0.014604866199343243,0.007887380310150488,0.004792982735431717,5.925617850763488e-07,0.06756057896395565,0.0008557742479194028
normal_0462_16,normal,0,A,462,normal_0462,16,15343,15358,2022-07-12 00:58:34.243000,2022-07-12 00:58:35.743000,train,0.09928221741066302,0.2425813279525978,0,AI1_skew,0.05741638650687842,0.15324334059616193,0.0006753743851701663,0.007836235193237685,0.20404552810405413,0.0009491455098831054,0.28216434980528876,0.08792737918463003
normal_0463_00,normal,0,A,463,normal_0463,0,15361,15376,2022-07-12 00:58:40.588000,2022-07-12 00:58:42.088000,train,0.030349000717998075,0.2425813279525978,0,ratio_AI1_AI2,0.03577090022735958,0.01109184329351836,0.025408678219517457,0.0005300702634941547,0.12534581295328623,0.019099285969011233,0.02490933966990264,0.0006360751478949424
normal_0463_16,normal,0,A,463,normal_0463,16,15377,15392,2022-07-12 00:58:42.188000,2022-07-12 00:58:43.688000,train,0.05253493709563242,0.2425813279525978,0,ratio_AI1_AI2,0.041173850361913865,0.009446791626692085,0.01620707011774907,0.0014613434766382433,0.27376645347793227,0.038992611354850465,0.03915317405189213,7.820229739128405e-05
normal_0464_00,normal,0,A,464,normal_0464,0,15395,15410,2022-07-12 00:58:48.559000,2022-07-12 00:58:50.059000,train,0.20794155904798056,0.2425813279525978,0,AI1_skew,0.4276851938191932,0.0024694190827581164,0.06784244560104007,0.008919523492297068,0.016740412970532123,0.022748322436824814,1.068004303474692,0.04912285150650709
normal_0467_00,normal,0,A,467,normal_0467,0,15473,15488,2022-07-12 00:59:12.485000,2022-07-12 00:59:13.985000,train,0.03799239679359491,0.2425813279525978,0,AI1_skew,0.0002860915859192723,0.011060877327521807,0.004990311409876628,0.01266578353865845,0.090673381424162,0.026697035415109708,0.15364555431278437,0.003920139334727029
normal_0467_16,normal,0,A,467,normal_0467,16,15489,15504,2022-07-12 00:59:14.085000,2022-07-12 00:59:15.585000,train,0.10639808542036139,0.2425813279525978,0,ratio_AI1_AI2,0.002021926068641614,0.01842957775434116,0.015541471648243991,0.2616326358822664,0.43249980147324935,0.07571112362483143,3.1804056854085454e-05,0.045316342854463176
normal_0467_32,normal,0,A,467,normal_0467,32,15505,15520,2022-07-12 00:59:15.685000,2022-07-12 00:59:17.185000,train,0.04959109642955585,0.2425813279525978,0,AI1_skew,3.437173480221237e-05,0.0013394535674650025,0.021777699426101048,0.009505861669012775,0.12090104010117261,0.05446460647363636,0.18213414281981152,0.00657159564444529
normal_0469_00,normal,0,A,469,normal_0469,0,15558,15573,2022-07-12 00:59:28.347000,2022-07-12 00:59:29.847000,train,0.049530139934606116,0.2425813279525978,0,AI1_skew,0.0025740722230646862,0.0208417875691649,0.05169846582482709,0.11361566927516017,0.007229592369857446,0.01703570381801296,0.1414982169967932,0.04174761139996848
normal_0469_16,normal,0,A,469,normal_0469,16,15574,15589,2022-07-12 00:59:29.947000,2022-07-12 00:59:31.447000,train,0.035009349017373084,0.2425813279525978,0,AI2_kurt,0.02656270625361651,0.10850540330410088,0.009004064406274607,0.04449196983562049,0.05928756888689962,0.0031455042336177943,0.008535436047722195,0.020542139171132543
normal_0470_00,normal,0,A,470,normal_0470,0,15595,15610,2022-07-12 00:59:36.371000,2022-07-12 00:59:37.871000,train,0.027756382017104796,0.2425813279525978,0,AI1_skew,0.0017127931483873675,0.011081529010169369,0.002275214354135847,0.003416768082521882,0.030989756410024136,0.00310482178622463,0.1633967614573295,0.006073411888045601
normal_0472_00,normal,0,B,472,normal_0472,0,15630,15645,2022-07-12 00:59:53.992000,2022-07-12 00:59:55.492000,train,0.07405703910175739,0.2425813279525978,0,ratio_AI1_AI2,0.0014604872028362089,0.0007034738791590777,0.0001285619492934823,0.04840122386786437,0.4207162806388999,0.05019196241053536,0.07035173930848146,0.0005025835569891833
normal_0472_16,normal,0,B,472,normal_0472,16,15646,15661,2022-07-12 00:59:55.592000,2022-07-12 00:59:57.092000,train,0.10160713468621656,0.2425813279525978,0,ratio_AI1_AI2,0.05560274843356056,0.029068934423187674,0.0035966669662030873,0.06451201121771072,0.4141792187632737,0.049366502671999234,0.19215671192025072,0.0043742830935467915
normal_0472_32,normal,0,B,472,normal_0472,32,15662,15677,2022-07-12 00:59:57.192000,2022-07-12 00:59:58.692000,train,0.08039287603148237,0.2425813279525978,0,ratio_AI1_AI2,0.07756742664084834,0.05545009873925639,0.03179209724497773,0.015852374075024253,0.39997890026349747,0.051697447800170424,0.0036923402042524987,0.007112323283831896
normal_0473_00,normal,0,B,473,normal_0473,0,15680,15695,2022-07-12 01:00:00.660000,2022-07-12 01:00:02.160000,train,0.012543727648060207,0.2425813279525978,0,AI2_kurt,0.019088620033766903,0.05813856537133425,0.001578614128386128,0.012994554304198807,0.0027001935695952213,0.00045924026325228594,0.0053146207078872834,7.541280606077919e-05
normal_0473_16,normal,0,B,473,normal_0473,16,15696,15711,2022-07-12 01:00:02.260000,2022-07-12 01:00:03.760000,train,0.005805948336760245,0.2425813279525978,0,AI0_rms,0.0004960401287818461,0.013846656790696656,0.0005755608641090628,0.026931518087932472,9.231083383918551e-05,0.00027944371908122034,0.003947516254790278,0.0002785400148512373
normal_0473_32,normal,0,B,473,normal_0473,32,15712,15727,2022-07-12 01:00:03.860000,2022-07-12 01:00:05.360000,train,0.04140028238657713,0.2425813279525978,0,ratio_AI1_AI2,0.0070121312421648156,0.06338607802056968,0.003143179690176345,0.0016778137938526546,0.22322395529764366,0.031066920261107783,0.0016708029737040433,2.1377813398003553e-05
normal_0474_00,normal,0,B,474,normal_0474,0,15730,15745,2022-07-12 01:00:08.365000,2022-07-12 01:00:09.865000,train,0.03376305046961423,0.2425813279525978,0,AI2_period8,0.10003835452417574,0.02063615379600813,0.012019271974837476,0.02689417592737683,0.06987188425590259,0.004677976970896008,0.019332145546121237,0.01663444076159584
normal_0474_16,normal,0,B,474,normal_0474,16,15746,15761,2022-07-12 01:00:09.965000,2022-07-12 01:00:11.465000,train,0.05554074023345256,0.2425813279525978,0,ratio_AI1_AI2,0.01283911178629868,0.09053681912294977,0.00010723094147850676,0.009104849965585792,0.2805368318674486,0.039045384994046486,0.01063946795059363,0.0015162252392190857
normal_0475_00,normal,0,B,475,normal_0475,0,15769,15784,2022-07-12 01:00:16.392000,2022-07-12 01:00:17.892000,train,0.11313284461556976,0.2425813279525978,0,ratio_AI1_AI2,0.0203167772033831,0.009220317941341215,0.01657193073514642,0.06989568778984714,0.5965815685725799,0.06577056517470657,0.12663494027185035,7.096923570328121e-05
normal_0477_00,normal,0,B,477,normal_0477,0,15810,15825,2022-07-12 01:00:34.124000,2022-07-12 01:00:35.624000,train,0.018991526298913042,0.2425813279525978,0,AI0_rms,0.0011048519052478984,0.009948257344965282,0.005490476623546847,0.04977524484798636,0.03753047134714138,0.0025762654219200786,0.044982645101608966,0.0005239977988875202
normal_0477_16,normal,0,B,477,normal_0477,16,15826,15841,2022-07-12 01:00:35.724000,2022-07-12 01:00:37.224000,train,0.009746961414137462,0.2425813279525978,0,AI1_skew,0.00010050092522752833,0.007438248020705426,0.004107752524820465,0.022339952028788107,0.004887853902911076,4.49627324717825e-05,0.03745766843944484,0.0015987527387304767
normal_0477_32,normal,0,B,477,normal_0477,32,15842,15857,2022-07-12 01:00:37.324000,2022-07-12 01:00:38.824000,train,0.02169404363026889,0.2425813279525978,0,ratio_AI1_AI2,9.781135923393234e-05,0.03876500495546725,0.00035413446156663185,0.006374808452649029,0.10668308334487693,0.01650911473678559,0.003332543018380947,0.0014358487131908245
normal_0479_00,normal,0,B,479,normal_0479,0,15910,15925,2022-07-12 01:00:50.060000,2022-07-12 01:00:51.560000,train,0.0330417744063318,0.2425813279525978,0,AI2_kurt,0.029738652128234594,0.11919490107087032,0.0003400284470580788,0.0012895602446645585,0.08957626731205273,0.013721205642036131,0.0020378984741219086,0.00843568193161609
normal_0479_16,normal,0,B,479,normal_0479,16,15926,15941,2022-07-12 01:00:51.660000,2022-07-12 01:00:53.160000,train,0.022377265182896372,0.2425813279525978,0,AI2_period8,0.08469884748684244,0.0023258414579738467,0.0006618539159118146,0.0025414103258819725,0.06568398764867937,0.008167970117242612,0.01423715084691555,0.0007010596637233706
normal_0479_32,normal,0,B,479,normal_0479,32,15942,15957,2022-07-12 01:00:53.260000,2022-07-12 01:00:54.760000,train,0.008296180470279831,0.2425813279525978,0,ratio_AI1_AI2,0.0020586693495200465,0.0016522688292391775,0.007650047053335128,0.005574543961746145,0.036666922078112556,0.0026859952393708244,2.6594672832795244e-06,0.010078337783631491
normal_0480_00,normal,0,B,480,normal_0480,0,15960,15975,2022-07-12 01:00:56.832000,2022-07-12 01:00:58.332000,train,0.08081261678042054,0.2425813279525978,0,ratio_AI1_AI2,0.03330634493285256,0.01842274060811759,0.00890183175070637,0.06100367065035702,0.30317380024726576,0.03556500164993412,0.18459384372941098,0.0015337006747199002
normal_0480_16,normal,0,B,480,normal_0480,16,15976,15991,2022-07-12 01:00:58.432000,2022-07-12 01:00:59.932000,train,0.009723209745627168,0.2425813279525978,0,ratio_AI1_AI2,0.00037562489911441917,0.021344136682537835,5.467497678269579e-05,0.017088464775505435,0.031009891755437183,0.006200183090757369,0.0006227239148902668,0.0010899778699921402
normal_0480_32,normal,0,B,480,normal_0480,32,15992,16007,2022-07-12 01:01:00.032000,2022-07-12 01:01:01.532000,train,0.06264144583933207,0.2425813279525978,0,AI1_skew,0.16489462708953234,0.09103435798105396,0.0335919148443845,0.020996842323376938,0.008082108222395004,0.0017201290859723336,0.1801142669967259,0.0006973201712154743
normal_0481_00,normal,0,B,481,normal_0481,0,16010,16025,2022-07-12 01:01:04.524000,2022-07-12 01:01:06.024000,train,0.06605699365300816,0.2425813279525978,0,ratio_AI1_AI2,0.0008453548506156727,0.008663927722596736,0.02476764277863299,0.0830041295924381,0.3540070916930186,0.04007494721037648,0.014623783749615645,0.0024690716267709895
normal_0481_16,normal,0,B,481,normal_0481,16,16026,16041,2022-07-12 01:01:06.124000,2022-07-12 01:01:07.624000,train,0.006896797707615277,0.2425813279525978,0,AI0_rms,0.009363318424279133,0.008918894163872974,0.0001822614660856853,0.01819757080799062,0.0043243341751116994,0.002239531402126741,0.007067577023395725,0.0048808941980596305
normal_0482_00,normal,0,B,482,normal_0482,0,16051,16066,2022-07-12 01:01:13.118000,2022-07-12 01:01:14.618000,train,0.013304157093058204,0.2425813279525978,0,AI2_kurt,0.010270886299375219,0.052001645280111475,2.1144684664522688e-05,0.01970350304681641,0.018726218600547278,0.002797644115528521,0.002758562379186227,0.00015365233823597913
normal_0482_16,normal,0,B,482,normal_0482,16,16067,16082,2022-07-12 01:01:14.718000,2022-07-12 01:01:16.218000,train,0.1855916562581812,0.2425813279525978,0,ratio_AI1_AI2,0.09399203140653192,0.1254375836198898,0.0406619600120523,0.018905744824100346,0.8471455794610068,0.09439710756390145,0.2581278949352529,0.0060653482427140346
normal_0482_32,normal,0,B,482,normal_0482,32,16083,16098,2022-07-12 01:01:16.318000,2022-07-12 01:01:17.818000,train,0.02220320185778446,0.2425813279525978,0,ratio_AI1_AI2,0.0017475813198483182,0.008144522249247676,2.0692378705017474e-05,0.03816516697739349,0.10593261309051749,0.010212140904866756,0.01308804899647749,0.0003148489452194487
normal_0485_00,normal,0,B,485,normal_0485,0,16189,16204,2022-07-12 01:01:36.160000,2022-07-12 01:01:37.660000,train,0.017871414728551888,0.2425813279525978,0,AI2_kurt,0.030805739994736153,0.07300150865727141,7.866621047245053e-05,0.007057608143110313,0.0046864439363183815,0.0017405206000177618,0.023657899388900963,0.0019429308975876876
normal_0485_16,normal,0,B,485,normal_0485,16,16205,16220,2022-07-12 01:01:37.760000,2022-07-12 01:01:39.260000,train,0.027621649148441015,0.2425813279525978,0,ratio_AI1_AI2,0.03989424015784371,0.03721293633859719,0.007887650845827337,0.018231297125446216,0.055215911690511876,0.007809810556353628,0.05435034823208967,0.00037099824085851595
normal_0486_00,normal,0,B,486,normal_0486,0,16233,16248,2022-07-12 01:01:44.306000,2022-07-12 01:01:45.806000,train,0.017462475799724854,0.2425813279525978,0,ratio_AI0_AI2,0.002914695135269649,0.0010030112644208065,0.08175082007815018,0.0011745532668773775,0.009968667083696215,0.0063244961026924125,0.02283364471207425,0.013729918754617954
normal_0486_16,normal,0,B,486,normal_0486,16,16249,16264,2022-07-12 01:01:45.906000,2022-07-12 01:01:47.406000,train,0.07075155764710521,0.2425813279525978,0,ratio_AI1_AI2,0.019559441510040947,0.06512831090596062,0.0007948894407517371,0.006086422099074967,0.3492943509245978,0.051513387793947665,0.06523295636750354,0.008402702134964418
normal_0488_00,normal,0,B,488,normal_0488,0,16311,16326,2022-07-12 01:02:00.218000,2022-07-12 01:02:01.718000,train,0.02235394792457385,0.2425813279525978,0,AI0_rms,0.0037929848564705977,0.01786143234977697,0.012734198051627878,0.07705050225288264,0.058141686787936894,0.006395617908702249,0.0005456724596833418,0.002309488729510229
normal_0489_00,normal,0,B,489,normal_0489,0,16334,16349,2022-07-12 01:02:08.325000,2022-07-12 01:02:09.825000,train,0.1057111269235537,0.2425813279525978,0,ratio_AI1_AI2,0.02381618751203249,0.022449807801481654,0.020526913582627867,0.0667723760130351,0.5025461517097246,0.06104491876315478,0.1481628814048854,0.0003697786014876426
normal_0493_00,normal,0,B,493,normal_0493,0,16463,16478,2022-07-12 01:02:48.171000,2022-07-12 01:02:49.671000,train,0.10898784346338827,0.2425813279525978,0,ratio_AI1_AI2,0.001960763263282004,0.0003416896979202755,0.012372357733320117,0.0548221571665767,0.6943090368416879,0.08800950468711721,0.019737912035882207,0.00034932628131987284
normal_0493_16,normal,0,B,493,normal_0493,16,16479,16494,2022-07-12 01:02:49.771000,2022-07-12 01:02:51.271000,train,0.014065870830998264,0.2425813279525978,0,ratio_AI1_AI2,0.0034954921856798745,0.009362354099150585,0.004727088295497648,0.009038275174558963,0.07214250814791254,0.01077226965568534,0.002880033256694301,0.0001089458328068707
normal_0498_00,normal,0,B,498,normal_0498,0,16607,16622,2022-07-12 01:03:29.848000,2022-07-12 01:03:31.348000,train,0.055333345352456556,0.2425813279525978,0,ratio_AI1_AI2,0.002836461570893172,0.002734878635617542,0.0049425999100098355,0.026745886106618738,0.3671273982560458,0.03656794274620683,8.299270783973952e-05,0.0016286028864208265
normal_0498_16,normal,0,B,498,normal_0498,16,16623,16638,2022-07-12 01:03:31.448000,2022-07-12 01:03:32.948000,train,0.01544687764598992,0.2425813279525978,0,AI0_rms,0.014996466400290344,0.0318830108785068,0.0008129221710878509,0.05820716713448512,0.009512365415394306,0.0002534803572178763,0.007440447555193425,0.00046916125574364957
normal_0498_32,normal,0,B,498,normal_0498,32,16639,16654,2022-07-12 01:03:33.048000,2022-07-12 01:03:34.548000,train,0.007291258830878803,0.2425813279525978,0,AI0_rms,0.0005212725555911098,0.0023868320036491207,0.013125944784248746,0.015559821308396561,0.008198627113365931,8.235571049878927e-08,0.0097317375877885,0.008805752938279955
normal_0499_00,normal,0,B,499,normal_0499,0,16657,16672,2022-07-12 01:03:36.502000,2022-07-12 01:03:38.002000,train,0.062293544236555434,0.2425813279525978,0,ratio_AI1_AI2,0.017573825065328362,0.04101823893270418,0.023966203895906295,0.01677508507078148,0.3480769774478663,0.03937683587336477,0.008805480742858831,0.0027557068636332857
normal_0499_16,normal,0,B,499,normal_0499,16,16673,16688,2022-07-12 01:03:38.102000,2022-07-12 01:03:39.602000,train,0.013777764731231282,0.2425813279525978,0,AI0_rms,0.019369904462834313,0.027518154059347658,0.001297294485161547,0.032193815968123395,0.0007563755706837251,0.0012605261193786889,0.0260764377682913,0.0017496094160296162
normal_0499_32,normal,0,B,499,normal_0499,32,16689,16704,2022-07-12 01:03:39.702000,2022-07-12 01:03:41.202000,train,0.03052692616464914,0.2425813279525978,0,AI2_kurt,0.04792766099017769,0.12628377102022242,0.012406637082115101,0.009978951921515256,0.03671304080686708,0.0025474498644425143,0.0011630831021883902,0.007194814529664658
normal_0505_00,normal,0,B,505,normal_0505,0,16842,16857,2022-07-12 01:04:24.809000,2022-07-12 01:04:26.309000,train,0.016404567825987374,0.2425813279525978,0,AI2_kurt,0.026691208472343565,0.07878636890267951,0.005852515709665083,0.014344975414681292,0.002820953436824535,0.00011667215352961344,0.0015184142776798245,0.0011054342404955943
normal_0505_16,normal,0,B,505,normal_0505,16,16858,16873,2022-07-12 01:04:26.409000,2022-07-12 01:04:27.909000,train,0.02726214884933321,0.2425813279525978,0,AI2_period8,0.056670760970060456,0.05664637953066872,0.006049665708339312,0.019014662949111572,0.02917741922743715,0.0034818887254606367,0.04705180756150713,4.606122080725134e-06
normal_0505_32,normal,0,B,505,normal_0505,32,16874,16889,2022-07-12 01:04:28.009000,2022-07-12 01:04:29.509000,train,0.04203541132751182,0.2425813279525978,0,ratio_AI1_AI2,0.03600637270213484,0.04704913979458801,0.011089948707438443,0.0529527482771096,0.09474977085447153,0.008228662938783752,0.08556210804020717,0.0006445393053611879
normal_0506_00,normal,0,B,506,normal_0506,0,16892,16907,2022-07-12 01:04:32.499000,2022-07-12 01:04:33.999000,train,0.02104910594060678,0.2425813279525978,0,AI2_period8,0.06690875545919121,0.009443919771135097,0.01604069696772656,0.0014094353282638685,0.06142641357503265,0.010299100261155807,0.0028418864249993956,2.263973734965124e-05
normal_0506_16,normal,0,B,506,normal_0506,16,16908,16923,2022-07-12 01:04:34.099000,2022-07-12 01:04:35.599000,train,0.00920863687680557,0.2425813279525978,0,ratio_AI1_AI2,0.015249091326527936,0.005716525311355425,0.020146124547534946,0.00406721852414635,0.024855942678559683,0.0008428193173115556,0.00012049076350242425,0.002670882545506246
normal_0507_00,normal,0,B,507,normal_0507,0,16930,16945,2022-07-12 01:04:40.439000,2022-07-12 01:04:41.939000,train,0.010236124141332178,0.2425813279525978,0,AI2_kurt,5.96770647904695e-06,0.026573447097896972,0.0015627228937462267,0.021094086515036074,0.012137346032210797,0.004085000977522386,0.012845607407580003,0.0035848145001859152
normal_0509_00,normal,0,B,509,normal_0509,0,16970,16985,2022-07-12 01:04:58.256000,2022-07-12 01:04:59.756000,train,0.026052473044550738,0.2425813279525978,0,ratio_AI1_AI2,0.0027790383005006037,0.016690422529136714,0.0052723001276161734,0.021728616038375392,0.1455633735664888,0.013992763497119334,6.241523160087229e-08,0.002393207881937288
normal_0509_16,normal,0,B,509,normal_0509,16,16986,17001,2022-07-12 01:04:59.856000,2022-07-12 01:05:01.356000,train,0.05922303816380302,0.2425813279525978,0,ratio_AI1_AI2,0.05521085310409504,0.013303052739085143,0.007285052347087911,0.021826027833876337,0.2201778939917007,0.028361114635064605,0.12718012747176002,0.0004401831877543764
normal_0509_32,normal,0,B,509,normal_0509,32,17002,17017,2022-07-12 01:05:01.456000,2022-07-12 01:05:02.956000,train,0.011433810111113777,0.2425813279525978,0,AI2_kurt,0.007677099235474756,0.053037106688456064,7.744970843961796e-05,0.0139072910035459,0.012462832992034283,0.002771169687942725,0.00036385395198802685,0.001173677621028853
normal_0510_00,normal,0,B,510,normal_0510,0,17020,17035,2022-07-12 01:05:04.844000,2022-07-12 01:05:06.344000,train,0.04767047667526819,0.2425813279525978,0,ratio_AI1_AI2,0.027087706423458525,0.09873567878729836,0.0002491689237209317,0.0031980542892358476,0.20360537787151137,0.03091774140514523,0.013878158415284107,0.0036919272864911357
normal_0510_16,normal,0,B,510,normal_0510,16,17036,17051,2022-07-12 01:05:06.444000,2022-07-12 01:05:07.944000,train,0.23108328030932723,0.2425813279525978,0,ratio_AI1_AI2,0.06679255350820991,0.03781814683332756,0.05434991966530741,0.029620436838928885,1.4572871800929388,0.17613898077716622,0.023011801339041554,0.0036472234196975243
normal_0510_32,normal,0,B,510,normal_0510,32,17052,17067,2022-07-12 01:05:08.044000,2022-07-12 01:05:09.544000,train,0.010970776313418853,0.2425813279525978,0,AI2_kurt,0.0037390688949737365,0.043204202448360464,0.0017880008733232111,0.03228826266021056,7.352341113508173e-05,0.0005970639949836773,0.00010771326733692564,0.005968374957027164
normal_0512_00,normal,0,B,512,normal_0512,0,17108,17123,2022-07-12 01:05:20.820000,2022-07-12 01:05:22.320000,train,0.11592787772890235,0.2425813279525978,0,ratio_AI1_AI2,0.04663834632668436,0.0437967978261629,0.010225361945100389,0.009463618376605911,0.6591545997068688,0.10438632593090913,0.042925605752363066,0.010832365966524189
normal_0515_00,normal,0,B,515,normal_0515,0,17197,17212,2022-07-12 01:05:53.230000,2022-07-12 01:05:54.730000,train,0.053837766505172364,0.2425813279525978,0,ratio_AI1_AI2,0.008250607019000388,0.00620230941307862,0.0016753113464062404,0.046226840652152545,0.3161337988137866,0.03567139431488148,0.014307961895995959,0.0022339085860770594
normal_0515_16,normal,0,B,515,normal_0515,16,17213,17228,2022-07-12 01:05:54.830000,2022-07-12 01:05:56.330000,train,0.1519709590776595,0.2425813279525978,0,ratio_AI1_AI2,0.10741123273434668,0.04599992227788066,0.13240494332515265,0.11911991133460269,0.579690282288456,0.08028371177156492,0.1506055478391379,0.0002521210501345771
normal_0515_32,normal,0,B,515,normal_0515,32,17229,17244,2022-07-12 01:05:56.430000,2022-07-12 01:05:57.930000,train,0.10117445424157359,0.2425813279525978,0,ratio_AI0_AI2,0.07547315089259643,0.0016932566017615535,0.2821667334393985,0.077889669843281,0.17999789799640836,0.0385740329078109,0.1308911582778264,0.022709733973505574
normal_0516_00,normal,0,B,516,normal_0516,0,17247,17262,2022-07-12 01:06:01.096000,2022-07-12 01:06:02.596000,train,0.03518721498092457,0.2425813279525978,0,ratio_AI1_AI2,0.0006610156194260261,0.0036457821734303874,0.0001732855557116573,0.02864551085639983,0.22307778809222994,0.022602416441630958,0.0013243962042716135,0.0013675249042961282
normal_0516_16,normal,0,B,516,normal_0516,16,17263,17278,2022-07-12 01:06:02.696000,2022-07-12 01:06:04.196000,train,0.017075005794767662,0.2425813279525978,0,AI0_rms,0.0014216930919048406,0.024628546842426883,0.005623665406813485,0.05120869344826181,0.0443926802658432,0.0039021849412760245,0.0017683404196962502,0.003654241941918804
normal_0519_00,normal,0,B,519,normal_0519,0,17325,17340,2022-07-12 01:06:26.758000,2022-07-12 01:06:28.258000,train,0.02726697548370265,0.2425813279525978,0,ratio_AI1_AI2,0.0037194280643312637,0.04217226030206219,0.022888216239220105,0.04029669157982441,0.09408622627918464,0.010117778822027279,6.775712872237439e-05,0.00478744545424894
normal_0519_16,normal,0,B,519,normal_0519,16,17341,17356,2022-07-12 01:06:28.358000,2022-07-12 01:06:29.858000,train,0.030418896963108538,0.2425813279525978,0,AI2_period8,0.09570549211833343,0.00456082944304056,0.007244060730078981,0.0008079216349301301,0.03396443622729287,0.008630996816035156,0.07487860599817564,0.01755883273698156
normal_0519_32,normal,0,B,519,normal_0519,32,17357,17372,2022-07-12 01:06:29.958000,2022-07-12 01:06:31.458000,train,0.11163386684327059,0.2425813279525978,0,ratio_AI1_AI2,0.006851670484478285,0.0007661369162709597,0.08362679676460634,0.031244701823676422,0.6396844356748149,0.08572302370073492,0.0451518386739487,2.2330707634160617e-05
normal_0521_00,normal,0,B,521,normal_0521,0,17425,17440,2022-07-12 01:06:41.133000,2022-07-12 01:06:42.633000,train,0.04721257101520422,0.2425813279525978,0,ratio_AI1_AI2,0.00029264543016863955,0.0023543436710492796,0.044822951626893245,0.013002071258641579,0.272557003344226,0.04164823678300892,0.0030232964845036325,1.9523142472142218e-08
normal_0521_16,normal,0,B,521,normal_0521,16,17441,17456,2022-07-12 01:06:42.733000,2022-07-12 01:06:44.233000,train,0.054857413214099746,0.2425813279525978,0,ratio_AI1_AI2,0.004752127731802034,0.0009849850920421281,0.0004508908506191807,0.057865463953570645,0.296983373198914,0.029306154814539253,0.04823165986547472,0.00028465020583601664
normal_0522_00,normal,0,B,522,normal_0522,0,17464,17479,2022-07-12 01:06:49.173000,2022-07-12 01:06:50.673000,train,0.04066692206977914,0.2425813279525978,0,AI2_period8,0.15155427203117428,0.06719297833244516,0.007127958833966099,0.013889633067945873,0.055955601289020745,0.007528664012782661,0.021028745230872222,0.0010575237600261216
normal_0526_00,normal,0,B,526,normal_0526,0,17600,17615,2022-07-12 01:07:21.267000,2022-07-12 01:07:22.767000,train,0.07644801149615504,0.2425813279525978,0,ratio_AI1_AI2,0.00023989561844884032,0.06522047629796901,0.009598752785956954,0.00014642038080845053,0.42075691501525625,0.06631399213480806,0.043605955573422665,0.005701684162570175
normal_0526_16,normal,0,B,526,normal_0526,16,17616,17631,2022-07-12 01:07:22.867000,2022-07-12 01:07:24.367000,train,0.12215230425512036,0.2425813279525978,0,ratio_AI1_AI2,0.08848145667154425,0.029580715182764877,0.029287950576703095,0.025768831923672728,0.652316443679819,0.07928063425551658,0.07218020111944667,0.000322200631495667
normal_0526_32,normal,0,B,526,normal_0526,32,17632,17647,2022-07-12 01:07:24.467000,2022-07-12 01:07:25.967000,train,0.03472292288316979,0.2425813279525978,0,AI2_kurt,0.029314962002341568,0.12160463761235736,0.009136964193172937,0.056083875615923186,0.025819119962202545,0.00185035561321261,0.03361442884335705,0.0003590392227910824
normal_0527_00,normal,0,B,527,normal_0527,0,17649,17664,2022-07-12 01:07:29.260000,2022-07-12 01:07:30.760000,train,0.034815450671511095,0.2425813279525978,0,ratio_AI1_AI2,0.0368899712013558,0.00622715161854229,0.06818208341761856,0.003749897996925057,0.10567641226892818,0.02165295098922589,0.030636597025104566,0.005508540854388374
normal_0527_16,normal,0,B,527,normal_0527,16,17665,17680,2022-07-12 01:07:30.860000,2022-07-12 01:07:32.360000,train,0.029465275343914736,0.2425813279525978,0,ratio_AI0_AI2,0.04372912218831058,0.00394849610829481,0.0815565954040117,0.0007012423184190575,0.0460451271514773,0.00042652149086075294,0.03462323678380001,0.02469186130614369
normal_0528_00,normal,0,B,528,normal_0528,0,17685,17700,2022-07-12 01:07:37.255000,2022-07-12 01:07:38.755000,train,0.009430988611485272,0.2425813279525978,0,ratio_AI1_AI2,0.0023287320759688957,0.008648467788401401,0.007922630748716445,0.01048686835621088,0.03228909692738908,0.0037239167678701245,0.010044162393614418,4.033833710933015e-06
normal_0531_00,normal,0,B,531,normal_0531,0,17722,17737,2022-07-12 01:07:54.616000,2022-07-12 01:07:56.116000,train,0.03553788354014784,0.2425813279525978,0,AI1_skew,0.02881385232783307,0.049408221300397806,0.012465528847879818,0.03938689723569471,0.021779710681587617,0.0026294201710275436,0.12955064399231947,0.00026879376444268404
normal_0531_16,normal,0,B,531,normal_0531,16,17738,17753,2022-07-12 01:07:56.216000,2022-07-12 01:07:57.716000,train,0.051492035938349334,0.2425813279525978,0,AI1_skew,0.09467169842262112,0.039805779096344675,0.0057798914391347395,0.014971760715848865,0.016373992796403492,0.004111932177739304,0.2315192309479154,0.004702001910787078
normal_0531_32,normal,0,B,531,normal_0531,32,17754,17769,2022-07-12 01:07:57.816000,2022-07-12 01:07:59.316000,train,0.020375770064695327,0.2425813279525978,0,AI1_skew,0.01271119188558168,0.021621153769896248,0.004096303059199363,0.03665374964263653,0.012567366878063492,0.0009542539750799513,0.07438663714384326,1.5504163262091393e-05
normal_0532_00,normal,0,B,532,normal_0532,0,17772,17787,2022-07-12 01:08:01.324000,2022-07-12 01:08:02.824000,train,0.11850379221592991,0.2425813279525978,0,AI1_skew,0.09246495329556567,0.00011076510020474443,0.018959687184562576,0.0030766227697057594,0.003944293650308865,0.002066254983427048,0.8157312274976526,0.01167653324601198
normal_0532_16,normal,0,B,532,normal_0532,16,17788,17803,2022-07-12 01:08:02.924000,2022-07-12 01:08:04.424000,train,0.02617377169593405,0.2425813279525978,0,AI1_skew,0.006248285205536697,0.005335177496710289,0.040454120828287046,0.004224478255003911,0.04273772918630437,0.003793936072103096,0.10353287126104667,0.0030635752624803116
normal_0532_32,normal,0,B,532,normal_0532,32,17804,17819,2022-07-12 01:08:04.524000,2022-07-12 01:08:06.024000,train,0.18347728191838397,0.2425813279525978,0,ratio_AI1_AI2,0.018768075576989854,7.922078767428125e-05,0.004621592547796991,0.023746594637451338,1.1588574797959357,0.15011396223601453,0.11005058651115024,0.0015807432540587399
normal_0534_00,normal,0,B,534,normal_0534,0,17860,17875,2022-07-12 01:08:17.218000,2022-07-12 01:08:18.718000,train,0.017224890510480966,0.2425813279525978,0,AI0_rms,0.005028574543058095,0.03642162795574815,0.0005645298639442061,0.07238222953214278,0.00034951474013465754,0.00021388995162254683,0.02283803783600613,7.196611911671935e-07
normal_0538_00,normal,0,B,538,normal_0538,0,17995,18010,2022-07-12 01:08:49.676000,2022-07-12 01:08:51.176000,train,0.03057357304051128,0.2425813279525978,0,ratio_AI0_AI2,0.03149312562480729,0.013212972316297391,0.08506817801273726,0.013891389439049901,0.027799730793828508,0.0069703435406209425,0.06323122665024296,0.0029216179465060086
normal_0538_16,normal,0,B,538,normal_0538,16,18011,18026,2022-07-12 01:08:51.276000,2022-07-12 01:08:52.776000,train,0.053371410054532664,0.2425813279525978,0,AI1_skew,0.015598275497367064,0.020668258495761094,0.041504942161280256,0.10834193645962263,0.0974500958751621,0.015796368377958375,0.12158258584196442,0.006028817727145326
normal_0539_00,normal,0,B,539,normal_0539,0,18030,18045,2022-07-12 01:08:57.709000,2022-07-12 01:08:59.209000,train,0.009631747788855475,0.2425813279525978,0,ratio_AI1_AI2,0.0006220021250936576,0.010341209742257471,0.00921482000612259,0.014548394011969973,0.036063901409661474,0.005967183154481505,0.00018037304410945185,0.00011609881714767728
normal_0544_00,normal,0,B,544,normal_0544,0,18171,18186,2022-07-12 01:09:37.774000,2022-07-12 01:09:39.274000,train,0.05032783407879241,0.2425813279525978,0,ratio_AI1_AI2,0.018148999870880957,0.02754948004067856,0.01324022454585045,0.055090888684202845,0.17385383517693462,0.01911933666654435,0.09560830331490065,1.160433034685264e-05
normal_0544_16,normal,0,B,544,normal_0544,16,18187,18202,2022-07-12 01:09:39.374000,2022-07-12 01:09:40.874000,train,0.007098689711080996,0.2425813279525978,0,AI0_rms,0.00033855523997492496,0.016791385167956373,0.0003881993322486623,0.021549027076030312,0.015343808952204482,0.0006976603654851142,0.00013889870521071538,0.0015419828495373857
normal_0548_00,normal,0,B,548,normal_0548,0,18244,18259,2022-07-12 01:10:11.168000,2022-07-12 01:10:12.668000,train,0.024950317538244424,0.2425813279525978,0,ratio_AI1_AI2,0.0022706717568689093,0.00010285995974206882,0.00018361546055413013,0.03639765283559076,0.14023872223900793,0.013255153960330472,0.006475234140209567,0.0006786299536515544
normal_0548_16,normal,0,B,548,normal_0548,16,18260,18275,2022-07-12 01:10:12.768000,2022-07-12 01:10:14.268000,train,0.028325738711675885,0.2425813279525978,0,AI1_skew,0.028175583707053083,0.00910707789991977,0.011888024699178525,0.04217222488020876,0.023808186197986532,0.0021687079933124303,0.10521405056662848,0.004072053749119478
normal_0548_32,normal,0,B,548,normal_0548,32,18276,18291,2022-07-12 01:10:14.368000,2022-07-12 01:10:15.868000,train,0.016510909039636618,0.2425813279525978,0,ratio_AI1_AI2,0.0011961058872587854,0.009583796464174734,1.1280767298795822e-05,0.03610183148259944,0.06174087175784895,0.006270195679055975,0.017163105323464704,2.0084955391549252e-05
normal_0550_00,normal,0,B,550,normal_0550,0,18343,18358,2022-07-12 01:10:26.247000,2022-07-12 01:10:27.747000,train,0.011741732767334754,0.2425813279525978,0,AI1_skew,1.3622699513150845e-05,0.0027570182597201334,0.01619908653875225,0.01936672256247645,0.00041088271147151923,1.166924217319697e-05,0.05421064101698207,0.0009642191075892673
normal_0550_16,normal,0,B,550,normal_0550,16,18359,18374,2022-07-12 01:10:27.847000,2022-07-12 01:10:29.347000,train,0.02442862980148398,0.2425813279525978,0,ratio_AI1_AI2,0.0006820171232826284,0.01303830581829188,0.0029889723470067466,0.03487782078367593,0.12560379125904247,0.013155524499527452,0.004285018077272592,0.0007975885037721378
normal_0553_00,normal,0,B,553,normal_0553,0,18465,18480,2022-07-12 01:10:50.426000,2022-07-12 01:10:51.926000,train,0.017844118496239774,0.2425813279525978,0,AI2_kurt,0.024452626748597755,0.0996838608360474,0.004201808201942119,0.003434988367052859,0.008040189947525034,0.0013810848141460623,0.00021926370186691992,0.0013391253527400367
normal_0555_00,normal,0,B,555,normal_0555,0,18485,18500,2022-07-12 01:11:00.537000,2022-07-12 01:11:02.037000,train,0.008916637072576901,0.2425813279525978,0,AI0_rms,0.0030469506331629367,0.016695265278390624,0.0027212378156185567,0.018967673094565967,0.007103567645183574,0.00012329254110919494,0.017885087457610957,0.004790022114973394
normal_0555_16,normal,0,B,555,normal_0555,16,18501,18516,2022-07-12 01:11:02.137000,2022-07-12 01:11:03.637000,train,0.012181130572683135,0.2425813279525978,0,AI2_period8,0.03464039846399939,0.004656812262324412,0.01034178055394113,0.017732531594104838,0.019571709678733906,0.0009385107679465404,0.008567779962295716,0.0009995212981191558
normal_0555_32,normal,0,B,555,normal_0555,32,18517,18532,2022-07-12 01:11:03.737000,2022-07-12 01:11:05.237000,train,0.009862164658586157,0.2425813279525978,0,AI0_rms,0.00012767508976039795,0.00014233213946011756,0.014657929005846941,0.03244252446259859,0.016634725734096377,0.004274812131589492,0.010518037936324125,9.928076901322197e-05
normal_0556_00,normal,0,B,556,normal_0556,0,18535,18550,2022-07-12 01:11:07.348000,2022-07-12 01:11:08.848000,train,0.029815780672045065,0.2425813279525978,0,ratio_AI1_AI2,0.011442626424519172,0.020283314624968466,0.0053550721345217885,0.023666415258116254,0.14562808514125244,0.017407366546083124,0.014694804364438433,4.856088246084701e-05
normal_0556_16,normal,0,B,556,normal_0556,16,18551,18566,2022-07-12 01:11:08.948000,2022-07-12 01:11:10.448000,train,0.03225143526858067,0.2425813279525978,0,ratio_AI1_AI2,0.0023155264032235384,0.009806031230736471,0.0037219120182357263,0.04156821671645339,0.16649123402520125,0.01593830042855948,0.01692134716723594,0.0012489141589995655
normal_0556_32,normal,0,B,556,normal_0556,32,18567,18582,2022-07-12 01:11:10.548000,2022-07-12 01:11:12.048000,train,0.015579006550569482,0.2425813279525978,0,ratio_AI1_AI2,0.0006280964766996928,0.004792456376799977,9.552764837242503e-05,0.04210702269120067,0.06518046683067001,0.004382897434002739,0.005965234712130842,0.0014803502346795174
normal_0557_00,normal,0,B,557,normal_0557,0,18585,18600,2022-07-12 01:11:14.704000,2022-07-12 01:11:16.204000,train,0.01496870393905193,0.2425813279525978,0,ratio_AI1_AI2,0.0018754206505717697,6.0644662968441434e-05,0.004724030660288157,0.0312641587366823,0.06743722710917673,0.01348573916618288,0.0006818257975454456,0.000220584728999716
normal_0557_16,normal,0,B,557,normal_0557,16,18601,18616,2022-07-12 01:11:16.304000,2022-07-12 01:11:17.804000,train,0.05992019645435537,0.2425813279525978,0,ratio_AI1_AI2,0.0017691113857036054,0.001605869386526756,0.002293451918031854,0.026667120267562492,0.39459843156420743,0.044702153214698365,0.007651068449446802,7.436544866568403e-05
normal_0561_00,normal,0,A,561,normal_0561,0,18684,18699,2022-07-12 01:11:47.790000,2022-07-12 01:11:49.290000,train,0.10842764874956971,0.2425813279525978,0,ratio_AI1_AI2,0.0010301795575492513,0.043304095412618815,0.021055913186904706,0.0014722432469491881,0.7066924890510434,0.07950656812492997,0.013988690957976672,0.00037101045858575033
normal_0561_16,normal,0,A,561,normal_0561,16,18700,18715,2022-07-12 01:11:49.390000,2022-07-12 01:11:50.890000,train,0.07241936256714804,0.2425813279525978,0,AI1_skew,0.023928948667811777,0.1917714696594674,0.0020949935563913213,0.004349107479369059,0.017697530468203847,0.00040675350902588176,0.3086276125045268,0.03047848469238824
normal_0561_32,normal,0,A,561,normal_0561,32,18716,18731,2022-07-12 01:11:50.990000,2022-07-12 01:11:52.490000,train,0.08922342392522754,0.2425813279525978,0,ratio_AI1_AI2,0.0014662705141052727,0.030153927739112917,0.01663649384606702,0.00016907830796035068,0.5989278514178388,0.05483646245692375,0.0015283440901683423,0.010068963029643873
normal_0562_00,normal,0,A,562,normal_0562,0,18734,18749,2022-07-12 01:11:55.696000,2022-07-12 01:11:57.196000,train,0.2519068012904578,0.2425813279525978,1,AI1_skew,0.5011580447659326,0.0003816318929526799,0.0299376659291264,0.022806428177523156,0.09599837355071356,0.008260059269017772,1.3495196361745192,0.007192570563876624
normal_0562_16,normal,0,A,562,normal_0562,16,18750,18765,2022-07-12 01:11:57.296000,2022-07-12 01:11:58.796000,train,0.09358040811301287,0.2425813279525978,0,ratio_AI1_AI2,0.019110612067440438,0.03723363000869464,0.04976474114755708,0.00024754660581768575,0.3956651172812909,0.05068777964699511,0.19516754678630047,0.0007662913600066561
normal_0562_32,normal,0,A,562,normal_0562,32,18766,18781,2022-07-12 01:11:58.896000,2022-07-12 01:12:00.396000,train,0.05884449154764242,0.2425813279525978,0,ratio_AI1_AI2,0.0003468800517446916,0.0003941797919521358,0.006325267038921209,0.010149030753017783,0.4023103301068975,0.04303903372079979,0.0078815397609545,0.00030967115685176494
normal_0563_00,normal,0,A,563,normal_0563,0,18784,18799,2022-07-12 01:12:03.184000,2022-07-12 01:12:04.684000,train,0.025433867732258093,0.2425813279525978,0,AI1_skew,0.03929868816157218,0.011244249187108587,0.008063459821839728,0.0010381257406169733,0.042600911798902096,0.03806370218254685,0.05913171992272782,0.004030085042750496
normal_0563_16,normal,0,A,563,normal_0563,16,18800,18815,2022-07-12 01:12:04.784000,2022-07-12 01:12:06.284000,train,0.053980618944930864,0.2425813279525978,0,ratio_AI1_AI2,2.3370027816942478e-07,0.08139486381558216,0.000977506775586372,6.474225887537513e-05,0.23577668669491647,0.04359166920481312,0.04758813125837813,0.022451117851017128
normal_0564_00,normal,0,A,564,normal_0564,0,18828,18843,2022-07-12 01:12:11.247000,2022-07-12 01:12:12.747000,train,0.017255781464201952,0.2425813279525978,0,AI0_rms,0.04077358997658459,0.01577780040775812,0.0060775624418536,0.04518387475577804,0.0026614492673125347,2.1887901628989272e-05,0.0268302542158646,0.0007198327468351337
normal_0567_00,normal,0,A,567,normal_0567,0,18880,18895,2022-07-12 01:12:29.385000,2022-07-12 01:12:30.885000,train,0.055320617565164446,0.2425813279525978,0,ratio_AI1_AI2,0.002481212882088358,0.05673168854301167,0.0014032826400454427,0.042202041797130614,0.20340928247921505,0.02594343508173967,0.030593959794482997,0.07980003730360181
normal_0567_16,normal,0,A,567,normal_0567,16,18896,18911,2022-07-12 01:12:30.985000,2022-07-12 01:12:32.485000,train,0.07550406507643684,0.2425813279525978,0,AI1_skew,0.0009544647037917338,0.04939529547973177,0.0027741317599728043,0.03547839304062551,0.07718906018437642,0.001652766862365286,0.2504515070485987,0.18613690153203252
normal_0567_32,normal,0,A,567,normal_0567,32,18912,18927,2022-07-12 01:12:32.585000,2022-07-12 01:12:34.085000,train,0.0512732170907019,0.2425813279525978,0,AI2_rms,0.0007824589182667536,0.0009410462774236848,0.008705163219532167,0.06020490976074111,0.07223610748153116,0.0025440590457731596,0.09204910688072314,0.17272288514162404
normal_0568_00,normal,0,A,568,normal_0568,0,18930,18945,2022-07-12 01:12:36.055000,2022-07-12 01:12:37.555000,train,0.008021689595405206,0.2425813279525978,0,AI1_skew,0.0025497378676269562,0.009794073497415895,1.3394425086867083e-05,0.012916722780915529,1.2815448687450902e-05,6.829408980018765e-05,0.038375561737864175,0.0004429169158445958
normal_0568_16,normal,0,A,568,normal_0568,16,18946,18961,2022-07-12 01:12:37.655000,2022-07-12 01:12:39.155000,train,0.11368703350569954,0.2425813279525978,0,ratio_AI1_AI2,0.009842382947188864,0.03622355376713784,0.04052157599035033,0.007739658473854027,0.4965385262305703,0.06351341457640283,0.2547699356822741,0.000347220377818063
normal_0568_32,normal,0,A,568,normal_0568,32,18962,18977,2022-07-12 01:12:39.255000,2022-07-12 01:12:40.755000,train,0.02940483425974109,0.2425813279525978,0,AI1_skew,0.0012506140733493708,0.0004751659125669752,0.03625955683993679,0.02486559489385102,0.0002741578022037943,0.0016519486743044036,0.16032193720476323,0.010139698676953149
normal_0569_00,normal,0,A,569,normal_0569,0,18980,18995,2022-07-12 01:12:43.312000,2022-07-12 01:12:44.812000,train,0.07603174691935854,0.2425813279525978,0,AI0_rms,0.10916997233760618,0.07921567620604275,0.03526825781005418,0.18444010070917144,0.00043663556782159134,0.024444452502610937,0.1186978515796782,0.05658102864188304
normal_0569_16,normal,0,A,569,normal_0569,16,18996,19011,2022-07-12 01:12:44.912000,2022-07-12 01:12:46.412000,train,0.3030822433694559,0.2425813279525978,1,AI1_skew,0.20387712327650662,0.18322033768475143,0.13837714015062583,8.088798934770146e-05,0.3339202870386048,0.09805511212891159,1.4668751118715457,0.0002519468153532177
normal_0570_00,normal,0,A,570,normal_0570,0,19024,19039,2022-07-12 01:12:51.468000,2022-07-12 01:12:52.968000,train,0.034817804696577755,0.2425813279525978,0,ratio_AI1_AI2,0.006159320707246514,0.02079644496475245,0.003773996974478922,0.00046547905802960145,0.2206453219874827,0.02630070290970315,5.002483497802972e-06,0.0003961684874308808
normal_0570_16,normal,0,A,570,normal_0570,16,19040,19055,2022-07-12 01:12:53.068000,2022-07-12 01:12:54.568000,train,0.016562960056605135,0.2425813279525978,0,ratio_AI1_AI2,0.03736858327335248,0.019338185910496634,8.46971195243381e-05,2.2607319980770825e-05,0.06152108224526881,0.006228006012674081,0.0064701030768970075,0.0014704154946469721
normal_0571_00,normal,0,A,571,normal_0571,0,19066,19081,2022-07-12 01:12:59.519000,2022-07-12 01:13:01.019000,train,0.07733388515022044,0.2425813279525978,0,AI1_skew,0.04746782970904128,0.07592174040767377,0.04116615575769818,0.08747006153579524,0.00023246841736869272,0.04281525412208595,0.2726117893029838,0.050985781949116495
normal_0574_00,normal,0,A,574,normal_0574,0,19124,19139,2022-07-12 01:13:24.740000,2022-07-12 01:13:26.240000,train,0.06618931818207649,0.2425813279525978,0,AI1_skew,0.024327021301725635,0.03757135970842129,0.01896111406583904,0.11161103693277671,0.03874564893920482,0.00424980578875573,0.22381840739185138,0.0702301513280373
normal_0574_16,normal,0,A,574,normal_0574,16,19140,19155,2022-07-12 01:13:26.340000,2022-07-12 01:13:27.840000,train,0.04121733647744741,0.2425813279525978,0,AI1_skew,0.01836510385164136,0.004187567410267539,0.0005921116504504638,0.00886955068721556,0.0379890482458602,0.024993222112686043,0.22787207343325455,0.0068700144282035185
normal_0574_32,normal,0,A,574,normal_0574,32,19156,19171,2022-07-12 01:13:27.940000,2022-07-12 01:13:29.440000,train,0.004097270813307883,0.2425813279525978,0,AI1_skew,0.004869398819741144,0.00034578789218473355,0.0005941798608585633,0.005858135409200732,0.009081450759105375,0.002727106088309094,0.009285017497780216,1.709017928320874e-05
normal_0575_00,normal,0,A,575,normal_0575,0,19174,19189,2022-07-12 01:13:32.840000,2022-07-12 01:13:34.340000,train,0.18238173967194182,0.2425813279525978,0,AI1_skew,0.109700884981772,0.048015687243523765,0.030836019161881494,0.0819359162875664,0.4548136729171724,0.08407688171367468,0.5663873362505539,0.08328751881938984
normal_0575_16,normal,0,A,575,normal_0575,16,19190,19205,2022-07-12 01:13:34.440000,2022-07-12 01:13:35.940000,train,0.17125101186636144,0.2425813279525978,0,AI1_skew,0.020649174049701804,0.029122688658817536,0.0032766790574397177,0.07816652595843132,0.5043759934756599,0.0964059201506874,0.5585002719900214,0.07951084159013248
normal_0575_32,normal,0,A,575,normal_0575,32,19206,19221,2022-07-12 01:13:36.040000,2022-07-12 01:13:37.540000,train,0.08318342507600346,0.2425813279525978,0,ratio_AI1_AI2,0.00650003402987485,0.0008395611606185538,0.03952450659316029,0.14924269463805395,0.27864200411531626,0.009325126408745917,0.025717463552013986,0.15567601011024393
normal_0576_00,normal,0,A,576,normal_0576,0,19224,19239,2022-07-12 01:13:39.456000,2022-07-12 01:13:40.956000,train,0.07613628745563557,0.2425813279525978,0,AI1_skew,0.047344162973369346,0.0350394166133901,0.0027819758948338397,0.024568073151812416,0.03607479013847655,0.016109379698208186,0.4460898333172544,0.001082667857739695
normal_0576_16,normal,0,A,576,normal_0576,16,19240,19255,2022-07-12 01:13:41.056000,2022-07-12 01:13:42.556000,train,0.05342722221989505,0.2425813279525978,0,AI1_skew,0.00018479814339003955,0.11460923276144765,0.00033356714676302887,0.0014557536076497167,0.1052094684645674,0.011123582281828154,0.17838832728398188,0.01611304806953252
normal_0576_32,normal,0,A,576,normal_0576,32,19256,19271,2022-07-12 01:13:42.656000,2022-07-12 01:13:44.156000,train,0.02830895586983255,0.2425813279525978,0,ratio_AI1_AI2,0.03709304865290184,0.0031241435962683106,0.0002965274151928979,0.0011223335415785488,0.1396422123695706,0.013066205628418674,0.012253746106874946,0.019873429647854563
normal_0577_00,normal,0,A,577,normal_0577,0,19273,19288,2022-07-12 01:13:47.379000,2022-07-12 01:13:48.879000,train,0.02512785366105738,0.2425813279525978,0,AI1_skew,0.020275548587540954,0.039047334690202655,0.016878486034773075,0.038133810075539266,0.03876020628646634,0.0010195554151552588,0.043575955256531775,0.0033319329422497324
normal_0577_16,normal,0,A,577,normal_0577,16,19289,19304,2022-07-12 01:13:48.979000,2022-07-12 01:13:50.479000,train,0.040179647212062415,0.2425813279525978,0,AI1_skew,0.005869623220079962,0.013077762673221872,0.0035382568900264554,0.02243117184224616,0.10761607577897062,0.008328090365184017,0.1605497629873092,2.643393946103022e-05
normal_0578_00,normal,0,A,578,normal_0578,0,19308,19323,2022-07-12 01:13:55.330000,2022-07-12 01:13:56.830000,train,0.1121092585342693,0.2425813279525978,0,AI1_skew,0.021514901713100696,0.005645260583981638,0.00540853937420586,0.05838238716510365,0.006317893470759515,0.0014279163177389827,0.7870783398267666,0.011098829822497493
normal_0578_16,normal,0,A,578,normal_0578,16,19324,19339,2022-07-12 01:13:56.930000,2022-07-12 01:13:58.430000,train,0.029980329024061423,0.2425813279525978,0,AI1_skew,0.013417192612600826,0.004806336260064416,0.000674251136967955,0.021869613384856285,0.010944807935671888,0.0006108727898219548,0.1785837464785644,0.008935811593943657
normal_0584_00,normal,0,A,584,normal_0584,0,19514,19529,2022-07-12 01:14:51.439000,2022-07-12 01:14:52.939000,train,0.022456394125889824,0.2425813279525978,0,AI1_skew,0.023011698700961727,0.02996520625900038,0.007752687309871086,0.0021814322352090468,0.03474449291029913,0.006225012366512633,0.07317168045727868,0.0025989427679858983
normal_0586_00,normal,0,A,586,normal_0586,0,19550,19565,2022-07-12 01:15:17.019000,2022-07-12 01:15:18.519000,train,0.11127006205157983,0.2425813279525978,0,AI1_skew,4.5743322009734114e-06,0.03744380915855574,0.056137832052053575,0.05018025482852627,0.24898612902755415,0.059950365586139594,0.3607037549101483,0.07675377651745996
normal_0586_16,normal,0,A,586,normal_0586,16,19566,19581,2022-07-12 01:15:18.619000,2022-07-12 01:15:20.119000,train,0.10435905402058804,0.2425813279525978,0,AI2_rms,0.01181201689310209,0.027727053017336425,0.0025457224554655926,0.11302302369063419,0.26941779075635286,0.002452874856281294,0.11764666384621415,0.2902472866493177
normal_0586_32,normal,0,A,586,normal_0586,32,19582,19597,2022-07-12 01:15:20.219000,2022-07-12 01:15:21.719000,train,0.05683698271431077,0.2425813279525978,0,AI1_skew,0.009794327768796905,3.896105916860772e-06,0.008538484477384683,3.087939010045801e-05,0.12765601535180815,0.019746191846469703,0.2467786965484086,0.04214737022560088
normal_0587_00,normal,0,A,587,normal_0587,0,19600,19615,2022-07-12 01:15:23.633000,2022-07-12 01:15:25.133000,train,0.0974222266867979,0.2425813279525978,0,AI1_skew,0.06873744703340871,0.027260565823881876,0.0003400710877146355,0.023157572789458875,0.012022592955673749,0.008026821972456726,0.6398208224314598,1.1919400328846504e-05
normal_0587_16,normal,0,A,587,normal_0587,16,19616,19631,2022-07-12 01:15:25.233000,2022-07-12 01:15:26.733000,train,0.02120339394743352,0.2425813279525978,0,AI2_kurt,0.007006891707081109,0.07298913464785196,0.022751961353399068,0.014157056860006739,0.03240901897031385,0.00010647051422437635,0.0065874588771965385,0.013619158649394536
normal_0587_32,normal,0,A,587,normal_0587,32,19632,19647,2022-07-12 01:15:26.833000,2022-07-12 01:15:28.333000,train,0.019461490905071127,0.2425813279525978,0,AI1_skew,0.024295930866229616,0.007090720735113363,0.003920332017297687,0.027052916009761577,0.010885485594683622,0.008430476003554042,0.07352056522406336,0.0004955007898657458
normal_0588_00,normal,0,A,588,normal_0588,0,19650,19665,2022-07-12 01:15:31.236000,2022-07-12 01:15:32.736000,train,0.1444566899384099,0.2425813279525978,0,ratio_AI1_AI2,0.08249096874627432,0.21940180088489175,0.04104086096226266,0.0008193696094146303,0.7107118846513687,0.09142993801249207,0.006095269249200525,0.003663427391374522
normal_0588_16,normal,0,A,588,normal_0588,16,19666,19681,2022-07-12 01:15:32.836000,2022-07-12 01:15:34.336000,train,0.09333225237885702,0.2425813279525978,0,ratio_AI1_AI2,0.01708383179164256,0.004536237529709848,0.04334549536019926,0.003868820283527225,0.49195743600054337,0.06407716257158755,0.11845599329885965,0.003333042194786784
normal_0589_00,normal,0,A,589,normal_0589,0,19692,19707,2022-07-12 01:15:39.216000,2022-07-12 01:15:40.716000,train,0.07876515540335167,0.2425813279525978,0,AI1_skew,0.04422406604194568,0.03244450912270406,0.004110680751742453,0.016626731713133613,0.007784321699638699,0.018231633827994902,0.49294283106348497,0.01375646900616901
normal_0593_00,normal,0,A,593,normal_0593,0,19795,19810,2022-07-12 01:16:11.294000,2022-07-12 01:16:12.794000,train,0.06229053519863199,0.2425813279525978,0,AI1_skew,0.0532119779371871,0.05201006624265822,0.028610840809444236,0.022185744404824695,0.023880595464754014,0.0030304254281562316,0.30676770269717685,0.008626928604854506
normal_0593_16,normal,0,A,593,normal_0593,16,19811,19826,2022-07-12 01:16:12.894000,2022-07-12 01:16:14.394000,train,0.03478775266716154,0.2425813279525978,0,AI2_kurt,0.03341402844625539,0.10620554690646457,0.002215254865620885,0.017118401718235962,0.07173133929410581,0.006739413963687454,0.03993157020421494,0.0009464659387073118
normal_0594_00,normal,0,A,594,normal_0594,0,19841,19856,2022-07-12 01:16:19.392000,2022-07-12 01:16:20.892000,train,0.04724914146733244,0.2425813279525978,0,ratio_AI1_AI2,0.0005076167181868497,0.001910687588931899,0.0022457620828862006,0.04205979998861963,0.2146587836628297,0.025216378823323678,0.02950875778974046,0.06188534508414111
normal_0594_16,normal,0,A,594,normal_0594,16,19857,19872,2022-07-12 01:16:20.992000,2022-07-12 01:16:22.492000,train,0.011412900296289934,0.2425813279525978,0,ratio_AI1_AI2,0.0033210317038498373,0.00554160250446854,0.0004920370410281881,0.011512379016261233,0.029298545935760523,0.00014330877791565732,0.020416919349662974,0.020577378041372513
normal_0595_00,normal,0,A,595,normal_0595,0,19876,19891,2022-07-12 01:16:27.377000,2022-07-12 01:16:28.877000,train,0.011077437004537985,0.2425813279525978,0,ratio_AI1_AI2,0.00031642733129470205,0.006092864989423927,7.826252237955731e-05,5.727439663645539e-06,0.04408229209237551,0.007750088800770792,0.025492380152956497,0.004801452707439248
normal_0597_00,normal,0,A,597,normal_0597,0,19906,19921,2022-07-12 01:16:44.524000,2022-07-12 01:16:46.024000,train,0.0292388995191846,0.2425813279525978,0,AI1_skew,0.00748689146376605,0.04797973959378724,0.0027212188779422034,0.0548152605478566,0.015529128816418632,0.0021302924385037184,0.056722628645439234,0.046526035769763115
normal_0597_16,normal,0,A,597,normal_0597,16,19922,19937,2022-07-12 01:16:46.124000,2022-07-12 01:16:47.624000,train,0.023711002840471194,0.2425813279525978,0,ratio_AI1_AI2,0.00549425536907839,0.0008205398155222988,0.0015635273173774914,0.0004882347557529228,0.09964371238280471,0.009292380984825769,0.016651517838253513,0.055733854260154446
normal_0597_32,normal,0,A,597,normal_0597,32,19938,19953,2022-07-12 01:16:47.724000,2022-07-12 01:16:49.224000,train,0.037803621728436626,0.2425813279525978,0,ratio_AI1_AI2,0.009144815241001103,0.014436908790823837,0.0005666955596988696,0.04925536287770255,0.08797113197810917,0.0018337366356666347,0.062092357777407556,0.0771279649670833
normal_0005_00,normal,0,A,5,normal_0005,0,162,177,2022-07-12 00:00:39.756000,2022-07-12 00:00:41.256000,val,0.004550955617546609,0.2425813279525978,0,ratio_AI0_AI2,0.0008087858231853783,0.0018021568514653534,0.020796542553260307,0.002929527301763751,0.004812108165442994,0.00034244572562191854,0.0018655038100088915,0.0030505747096242803
normal_0005_16,normal,0,A,5,normal_0005,16,178,193,2022-07-12 00:00:41.356000,2022-07-12 00:00:42.856000,val,0.04710595274631242,0.2425813279525978,0,AI1_skew,0.007635534356785818,0.0009679461596300503,0.014367157217670911,1.0731023792458519e-05,0.06932271691158641,0.05469147557180267,0.21781398068843252,0.012038080040798515
normal_0005_32,normal,0,A,5,normal_0005,32,194,209,2022-07-12 00:00:42.956000,2022-07-12 00:00:44.456000,val,0.18547508643068555,0.2425813279525978,0,AI1_skew,0.12213049879287795,0.01821512438394628,0.08805962431472023,0.0074005788746290095,0.06483397683877931,0.12487043071292425,0.9782433569479004,0.08004710057970697
normal_0006_00,normal,0,A,6,normal_0006,0,212,227,2022-07-12 00:00:47.676000,2022-07-12 00:00:49.176000,val,0.0625573413483544,0.2425813279525978,0,AI1_skew,0.1137506607317756,0.03827588842914481,0.0619295210465585,0.008996188447306833,0.0065085419772353825,0.007266294600722811,0.24489161284869382,0.018840022705397464
normal_0006_16,normal,0,A,6,normal_0006,16,228,243,2022-07-12 00:00:49.276000,2022-07-12 00:00:50.776000,val,0.20859918629568805,0.2425813279525978,0,ratio_AI1_AI2,0.01307508783666592,0.26285536873170723,0.026301641032324387,0.023992280567326267,1.1829507008270292,0.14321909259356014,0.008635173843526318,0.007764144933364884
normal_0006_32,normal,0,A,6,normal_0006,32,244,259,2022-07-12 00:00:50.876000,2022-07-12 00:00:52.376000,val,0.04877395393778039,0.2425813279525978,0,AI1_skew,0.03937247820710189,0.00014547672471213965,0.15767917978429635,0.0026443407745694587,0.026249852894818102,0.006073389439834002,0.1579945157496221,3.239792728904335e-05
normal_0011_00,normal,0,A,11,normal_0011,0,392,407,2022-07-12 00:01:27.857000,2022-07-12 00:01:29.357000,val,0.00968154034116855,0.2425813279525978,0,ratio_AI1_AI2,0.007833113503563215,0.0003546066250240425,0.0009258068414676561,2.059484965343283e-05,0.03438828658449965,0.0022285303860119197,0.029063926885948225,0.002637457053180252
normal_0011_16,normal,0,A,11,normal_0011,16,408,423,2022-07-12 00:01:29.457000,2022-07-12 00:01:30.957000,val,0.020953114647549648,0.2425813279525978,0,AI1_skew,0.0012657093690367797,0.002485093098919012,0.012721697809815795,0.001082047863980166,0.00032036490384829814,9.421201683363637e-05,0.14929460996363572,0.00036118215432776686
normal_0011_32,normal,0,A,11,normal_0011,32,424,439,2022-07-12 00:01:31.057000,2022-07-12 00:01:32.557000,val,0.01997841813137168,0.2425813279525978,0,ratio_AI1_AI2,0.018338211358313112,0.025327335059757598,0.0071066345846675354,0.006330502300395753,0.046398839384987414,0.004542753818075689,0.04628137519534165,0.0055016933494346784
normal_0013_00,normal,0,A,13,normal_0013,0,482,497,2022-07-12 00:01:43.757000,2022-07-12 00:01:45.257000,val,0.024413803918014627,0.2425813279525978,0,ratio_AI1_AI2,0.010908940172464259,0.01485382437412848,0.00905549824186587,0.006717331074069302,0.11201546365558071,0.03947414790083174,0.00047495068595726383,0.0018102752392193942
normal_0016_00,normal,0,A,16,normal_0016,0,571,586,2022-07-12 00:02:07.924000,2022-07-12 00:02:09.424000,val,0.12971654089512458,0.2425813279525978,0,ratio_AI1_AI2,0.08874290630524904,0.0632878516752125,6.193106313095705e-05,0.0002381705245411394,0.47504118748868446,0.058278833993181206,0.333011519866841,0.01906992624415635
normal_0016_16,normal,0,A,16,normal_0016,16,587,602,2022-07-12 00:02:09.524000,2022-07-12 00:02:11.024000,val,0.11766066728597974,0.2425813279525978,0,AI1_skew,0.006977083144424637,0.07679931856368592,0.01544142435833564,0.0031776899322630966,0.3872620526039818,0.03289737825630307,0.38764039861165056,0.031089992817193098
normal_0016_32,normal,0,A,16,normal_0016,32,603,618,2022-07-12 00:02:11.124000,2022-07-12 00:02:12.624000,val,0.20750182398995082,0.2425813279525978,0,AI1_skew,0.02198537695419496,0.0955349800024639,0.006821834361437416,0.09506852318368252,0.033485609268016865,0.025959603901766434,1.3699043728831533,0.011254291364891136
normal_0022_00,normal,0,A,22,normal_0022,0,749,764,2022-07-12 00:02:57.334000,2022-07-12 00:02:58.834000,val,0.02631273383760383,0.2425813279525978,0,AI1_skew,0.00028113378358062766,0.07885067039878742,0.006398408099894179,0.0060304793113467176,0.0297218034581894,0.0004404923054984016,0.08702422051831207,0.00175466282522182
normal_0022_16,normal,0,A,22,normal_0022,16,765,780,2022-07-12 00:02:58.934000,2022-07-12 00:03:00.434000,val,0.02150629339089766,0.2425813279525978,0,AI1_skew,0.002660966944611776,0.04358676133843613,0.0057805325826027106,0.00018242237330818366,0.00234493488121414,0.001200229864171869,0.11407502400749786,0.0022194751353386234
normal_0022_32,normal,0,A,22,normal_0022,32,781,796,2022-07-12 00:03:00.534000,2022-07-12 00:03:02.034000,val,0.2149338674868093,0.2425813279525978,0,AI1_skew,0.10166421423946141,0.14194919929109134,0.06121974988505594,0.016964548169900343,0.34265761125210614,0.032489148207036356,1.0178758883678052,0.004650580482017621
normal_0025_00,normal,0,A,25,normal_0025,0,885,900,2022-07-12 00:03:20.215000,2022-07-12 00:03:21.715000,val,0.40566865418801235,0.2425813279525978,1,ratio_AI1_AI2,0.2541725879468033,0.006458450521437974,0.31257871701456724,0.031164657704173867,1.2350147845048898,0.18678504800867066,1.2121923117322948,0.006982676071261266
normal_0035_00,normal,0,A,35,normal_0035,0,1207,1222,2022-07-12 00:04:40.416000,2022-07-12 00:04:41.916000,val,0.012907777948881417,0.2425813279525978,0,AI1_skew,0.005896179119755564,0.007944955600599329,6.247272844432627e-05,0.007947928542823224,0.00011755819317975994,0.00022111137880028662,0.07587870141475447,0.005193316612694366
normal_0035_16,normal,0,A,35,normal_0035,16,1223,1238,2022-07-12 00:04:42.016000,2022-07-12 00:04:43.516000,val,0.057971601819719075,0.2425813279525978,0,AI1_skew,0.0006810975431255067,0.015831885082335517,0.020777913522930028,0.010284477012467924,0.17993979438043978,0.023728624040278565,0.20992155705747492,0.0026074659187003777
normal_0042_00,normal,0,A,42,normal_0042,0,1381,1396,2022-07-12 00:05:29.007000,2022-07-12 00:05:30.507000,val,0.02620498477082578,0.2425813279525978,0,ratio_AI0_AI2,0.0003024511181360311,0.012420663116584853,0.1676348922998251,0.0037447673662515334,0.016004711148999772,0.0009653672067634127,0.004921480278813729,0.0036455456312318073
normal_0042_16,normal,0,A,42,normal_0042,16,1397,1412,2022-07-12 00:05:30.607000,2022-07-12 00:05:32.107000,val,0.013766627344209617,0.2425813279525978,0,ratio_AI0_AI2,0.033714323184379516,0.003255673022729306,0.04775938204489996,9.39348632377376e-06,2.5528738517153583e-05,0.0023324049678085375,0.003481796891338004,0.019554516417680693
normal_0042_32,normal,0,A,42,normal_0042,32,1413,1428,2022-07-12 00:05:32.207000,2022-07-12 00:05:33.707000,val,0.024387486476636633,0.2425813279525978,0,AI1_skew,0.00036912804432578825,0.01735474264728271,0.015887798731190693,0.00022251222912979517,0.007388551549018562,3.643824861860563e-06,0.15286083797370417,0.0010126768135794593
normal_0050_00,normal,0,A,50,normal_0050,0,1665,1680,2022-07-12 00:06:25.547000,2022-07-12 00:06:27.047000,val,0.011847037456266654,0.2425813279525978,0,AI0_rms,0.012230881799150918,0.014462412243850808,0.015835649732543238,0.03434506608320939,0.005314150959710116,0.002289507925636359,0.0012016973923401676,0.009096933513692219
normal_0059_00,normal,0,A,59,normal_0059,0,2087,2102,2022-07-12 00:07:25.971000,2022-07-12 00:07:27.471000,val,0.04285634322504918,0.2425813279525978,0,AI1_skew,0.008747547849482456,0.02827210222950368,0.030853671264367177,0.020534557126674992,0.058682306624150034,0.041349895616413966,0.15429059385285815,0.00012007123694296867
normal_0059_16,normal,0,A,59,normal_0059,16,2103,2118,2022-07-12 00:07:27.571000,2022-07-12 00:07:29.071000,val,0.01637507945447572,0.2425813279525978,0,ratio_AI1_AI2,0.0004913777667199603,0.0336752361057293,0.019405395131392195,0.007785884473188603,0.03785274504301711,0.010977986562132164,0.005549990221635566,0.01526202033199088
normal_0059_32,normal,0,A,59,normal_0059,32,2119,2134,2022-07-12 00:07:29.171000,2022-07-12 00:07:30.671000,val,0.004107509087934957,0.2425813279525978,0,AI2_rms,0.0053751839472482976,0.002395448576838052,0.005496179944627349,5.520398945362225e-05,0.008768329995247941,0.00104956057490177,1.1244675171256746e-05,0.009708920999991363
normal_0063_00,normal,0,A,63,normal_0063,0,2287,2302,2022-07-12 00:07:52.879000,2022-07-12 00:07:54.379000,val,0.11443166692349606,0.2425813279525978,0,AI1_skew,0.00011930876179110938,0.03790766784721473,9.131335306792246e-07,0.014136362756816552,0.34511605360602465,0.09326379788487316,0.4063093426583045,0.018599888739413095
normal_0063_16,normal,0,A,63,normal_0063,16,2303,2318,2022-07-12 00:07:54.479000,2022-07-12 00:07:55.979000,val,0.031176589509709758,0.2425813279525978,0,ratio_AI1_AI2,0.007108940067238788,0.003890533833210024,0.0075679642837689,0.0667882983864892,0.0699494289547503,0.0010063965289207161,0.03660222126297014,0.056498932760329995
normal_0063_32,normal,0,A,63,normal_0063,32,2319,2334,2022-07-12 00:07:56.079000,2022-07-12 00:07:57.579000,val,0.09460644471399118,0.2425813279525978,0,AI1_skew,0.02433081208744645,0.12056093803705506,0.00015890060431192796,0.003789866082819689,0.044751903116678995,0.022110388143711364,0.5410593619992803,8.938764062566253e-05
normal_0070_00,normal,0,A,70,normal_0070,0,2637,2652,2022-07-12 00:08:46.662000,2022-07-12 00:08:48.162000,val,0.046003034582949055,0.2425813279525978,0,AI1_skew,0.011589404644389695,0.012617901515814838,0.010260959372531863,3.7483509122795795e-05,0.0769447995598824,0.005050152242149875,0.24967956638076028,0.0018440094389406872
normal_0070_16,normal,0,A,70,normal_0070,16,2653,2668,2022-07-12 00:08:48.262000,2022-07-12 00:08:49.762000,val,0.006071647787839066,0.2425813279525978,0,ratio_AI1_AI2,0.007197175322231653,0.001960871224726873,0.002793768532892325,0.0030464206839311255,0.017907712997367865,0.0021053385651936727,0.009638386352655978,0.003923508623713042
normal_0070_32,normal,0,A,70,normal_0070,32,2669,2684,2022-07-12 00:08:49.862000,2022-07-12 00:08:51.362000,val,0.011732434663321325,0.2425813279525978,0,AI1_skew,0.0009563132613697536,0.017307168992406082,0.001212307622954848,7.050451901966239e-05,0.003784324080077249,0.00012541800666386087,0.06865552952595433,0.001747911298124822
normal_0078_00,normal,0,A,78,normal_0078,0,2999,3014,2022-07-12 00:09:41.691000,2022-07-12 00:09:43.191000,val,0.25994422596563055,0.2425813279525978,1,AI1_skew,0.6177008527390495,0.019790545645343657,0.021480815969792764,0.004853113378829891,0.1382409046312853,0.03573190698924848,1.2413559135312398,0.00039975484025508355
normal_0078_16,normal,0,A,78,normal_0078,16,3015,3030,2022-07-12 00:09:43.291000,2022-07-12 00:09:44.791000,val,0.1617620016047147,0.2425813279525978,0,AI1_skew,0.24502497796019682,0.012414950336986454,0.016631206997272118,0.01423336277653908,0.13152567040189575,0.02261628487510766,0.8418705109277742,0.0097790485619456
normal_0078_32,normal,0,A,78,normal_0078,32,3031,3046,2022-07-12 00:09:44.891000,2022-07-12 00:09:46.391000,val,0.04190557701730943,0.2425813279525978,0,ratio_AI1_AI2,0.01877966400028299,0.0034535537044596653,0.011665451857734783,0.03942247557827788,0.1505792850712659,0.009954434432414474,0.06221221566143901,0.03917753583260073
normal_0092_00,normal,0,A,92,normal_0092,0,3492,3507,2022-07-12 00:11:32.266000,2022-07-12 00:11:33.766000,val,0.019540017588405414,0.2425813279525978,0,ratio_AI1_AI2,0.001012875573010603,0.002353612369387736,7.624775071436355e-05,0.011577793168466681,0.08314705528475452,0.013712236242599832,0.022183045901380864,0.0222572744169287
normal_0094_00,normal,0,A,94,normal_0094,0,3523,3538,2022-07-12 00:11:49.526000,2022-07-12 00:11:51.026000,val,0.06135725536773241,0.2425813279525978,0,AI1_skew,0.11253636260979513,0.0073785509798003504,0.0758331157795342,0.01464790288567012,0.0032325289129957815,0.0033021486376564086,0.2611242777136884,0.01280315542271895
normal_0094_16,normal,0,A,94,normal_0094,16,3539,3554,2022-07-12 00:11:51.126000,2022-07-12 00:11:52.626000,val,0.29389408948948015,0.2425813279525978,1,AI1_skew,0.026866222083103974,0.01451954761415621,0.0013555051589354068,0.0481581276036105,0.5656155160677034,0.1881491639544451,1.503847552324326,0.002641081109560191
normal_0094_32,normal,0,A,94,normal_0094,32,3555,3570,2022-07-12 00:11:52.726000,2022-07-12 00:11:54.226000,val,0.05905599683104153,0.2425813279525978,0,AI2_rms,3.893894391002146e-05,0.030928050784344487,0.0001443387805695874,0.06420732692911714,0.0014135822902872125,0.05771460905492566,0.09432269010490497,0.2236784377602731
normal_0096_00,normal,0,A,96,normal_0096,0,3623,3638,2022-07-12 00:12:04.143000,2022-07-12 00:12:05.643000,val,0.11097269469406432,0.2425813279525978,0,ratio_AI0_AI2,0.29737540913397337,0.10192621149781189,0.319106175336454,0.040928815910658646,0.09619365508031437,0.015617699735654115,0.016486922152093134,0.00014666870555497317
normal_0096_16,normal,0,A,96,normal_0096,16,3639,3654,2022-07-12 00:12:05.743000,2022-07-12 00:12:07.243000,val,0.02649045960148172,0.2425813279525978,0,AI1_skew,0.013548511740170958,0.05450026369484456,0.011911368201370048,0.008108796811733324,0.009999244628138951,3.840420781683174e-05,0.09894855260148937,0.014868534926289728
normal_0101_00,normal,0,A,101,normal_0101,0,3772,3787,2022-07-12 00:12:44.747000,2022-07-12 00:12:46.247000,val,0.006401295213340133,0.2425813279525978,0,AI2_rms,0.0016188728277865229,0.003475364747245185,0.002353189951010204,0.00140541083549575,0.002550883820873642,0.0018354657586543747,0.016767048575850135,0.021204125189805245
normal_0101_16,normal,0,A,101,normal_0101,16,3788,3803,2022-07-12 00:12:46.347000,2022-07-12 00:12:47.847000,val,0.009711287732234768,0.2425813279525978,0,AI1_skew,0.00020083943433079962,0.00044786345687720204,0.007959307050016753,0.00322765883809129,0.007139661657512062,0.0005543289918100237,0.05459503773259913,0.003565604696640886
normal_0101_32,normal,0,A,101,normal_0101,32,3804,3819,2022-07-12 00:12:47.947000,2022-07-12 00:12:49.447000,val,0.18869964914961057,0.2425813279525978,0,AI1_skew,0.014573435885010325,0.016795041226838073,0.16195203169733594,0.16271190990656192,0.010609492599397316,0.018431962289884737,1.1223488252935625,0.0021744942982937603
normal_0110_00,normal,0,A,110,normal_0110,0,4103,4118,2022-07-12 00:13:55.976000,2022-07-12 00:13:57.476000,val,0.0460132458160422,0.2425813279525978,0,AI1_skew,0.008345490281164832,0.014373192546624898,0.020218091141901418,0.004650306378790918,0.058613214942556245,0.008933404090680296,0.25189649072668174,0.001075776419937203
normal_0112_00,normal,0,A,112,normal_0112,0,4136,4151,2022-07-12 00:14:13.584000,2022-07-12 00:14:15.084000,val,0.12923968350141293,0.2425813279525978,0,ratio_AI1_AI2,0.006303879139780516,0.0027365262929153196,0.056557920172787636,0.0001583523263797178,0.5725611068966409,0.07355386830874339,0.32203923460377565,6.580270280278666e-06
normal_0112_16,normal,0,A,112,normal_0112,16,4152,4167,2022-07-12 00:14:15.184000,2022-07-12 00:14:16.684000,val,0.029557386442343743,0.2425813279525978,0,ratio_AI1_AI2,1.5776428482303766e-05,0.01598295983856208,0.003130918645001191,0.0011101015137456255,0.1889677808824189,0.021230178127267622,0.005618783020141846,0.0004025930831303754
normal_0112_32,normal,0,A,112,normal_0112,32,4168,4183,2022-07-12 00:14:16.784000,2022-07-12 00:14:18.284000,val,0.008022874448747485,0.2425813279525978,0,AI0_rms,0.0008017624989468711,0.0063226916819686865,0.0007466762266513683,0.026458882129295046,8.501942371711792e-05,1.4388045021104136e-05,0.0253333852817749,0.004420190302604788
normal_0126_00,normal,0,A,126,normal_0126,0,4595,4610,2022-07-12 00:15:48.726000,2022-07-12 00:15:50.226000,val,0.030978294667485945,0.2425813279525978,0,AI1_skew,0.031074239437762264,0.009138629155027996,0.012998766869205475,0.00931698869197438,0.07871911007929373,0.002619747718313735,0.09294589410109752,0.011012981287212455
normal_0126_16,normal,0,A,126,normal_0126,16,4611,4626,2022-07-12 00:15:50.326000,2022-07-12 00:15:51.826000,val,0.04934583430764362,0.2425813279525978,0,AI2_kurt,0.09102366843949569,0.24598485226847902,0.001987908063400475,0.016769083284194235,4.1494704501814626e-05,0.0001879007958976822,0.038431739387864754,0.0003400275173152482
normal_0126_32,normal,0,A,126,normal_0126,32,4627,4642,2022-07-12 00:15:51.926000,2022-07-12 00:15:53.426000,val,0.08669118686903017,0.2425813279525978,0,AI2_period8,0.3732796255551345,0.1948088506793598,0.024756494751104724,0.006952124120716736,0.07318487822899843,0.0059931945338298044,0.01239057339489586,0.002163753688201515
normal_0133_00,normal,0,A,133,normal_0133,0,4855,4870,2022-07-12 00:16:44.325000,2022-07-12 00:16:45.825000,val,0.05453207286023157,0.2425813279525978,0,ratio_AI1_AI2,0.005541999132768182,0.0002255695145155659,0.0025717468818149,0.0834668250461735,0.17496698780691922,0.0018331932309783422,0.038938387485245286,0.12871187378343757
normal_0133_16,normal,0,A,133,normal_0133,16,4871,4886,2022-07-12 00:16:45.925000,2022-07-12 00:16:47.425000,val,0.03672315637617134,0.2425813279525978,0,ratio_AI1_AI2,0.02286642288710844,0.004261562460866888,0.014198614093964662,0.020034103430857608,0.1679725271485886,0.017430330551792373,5.876244047998393e-05,0.04696292799571212
normal_0136_00,normal,0,A,136,normal_0136,0,4921,4936,2022-07-12 00:17:09.540000,2022-07-12 00:17:11.040000,val,0.04294227640911988,0.2425813279525978,0,AI1_skew,0.0007775833856241555,0.01622857973126325,0.0009427849855865905,0.06104037029499167,0.014277922892509988,0.0014494736705172994,0.2276214897404394,0.021200006572026652
normal_0136_16,normal,0,A,136,normal_0136,16,4937,4952,2022-07-12 00:17:11.140000,2022-07-12 00:17:12.640000,val,0.011079044391873547,0.2425813279525978,0,AI2_period8,0.03715877290741888,0.02285606893096558,0.0030602222483902828,0.01185952873531771,0.0016696336156166159,3.029920592400579e-05,0.01148865639544566,0.000509173095909648
normal_0136_32,normal,0,A,136,normal_0136,32,4953,4968,2022-07-12 00:17:12.740000,2022-07-12 00:17:14.240000,val,0.07717983419245975,0.2425813279525978,0,AI1_skew,0.03081590089157504,0.012890082902431477,0.03593066264924591,0.0021754421623392034,0.00014589389818705898,0.0005276755983102015,0.5270528787858608,0.007900136651728253
normal_0146_00,normal,0,A,146,normal_0146,0,5241,5256,2022-07-12 00:18:20.724000,2022-07-12 00:18:22.224000,val,0.05619106632294167,0.2425813279525978,0,ratio_AI1_AI2,0.0047502250952194906,0.0020752824212422203,0.00032530219247259767,0.0030970922744061546,0.38609255646578095,0.04029664440756321,0.012694155252487523,0.00019727247436122233
normal_0146_16,normal,0,A,146,normal_0146,16,5257,5272,2022-07-12 00:18:22.324000,2022-07-12 00:18:23.824000,val,0.01473820975725687,0.2425813279525978,0,ratio_AI1_AI2,0.013805897115104443,3.2075120018966306e-06,0.0004970210400037374,0.003193097173995681,0.08119970959884451,0.005629861751502067,0.009433842811663458,0.004143041054939165
normal_0156_00,normal,0,A,156,normal_0156,0,5535,5550,2022-07-12 00:19:40.568000,2022-07-12 00:19:42.068000,val,0.08390134887357166,0.2425813279525978,0,AI1_skew,0.18660683235659825,0.02637262297801901,0.00784248514599178,0.006872742131510385,0.017980807523863527,0.0004360344592013777,0.39533838018809975,0.029760886205289213
normal_0159_00,normal,0,A,159,normal_0159,0,5610,5625,2022-07-12 00:20:04.636000,2022-07-12 00:20:06.136000,val,0.14123797701528545,0.2425813279525978,0,ratio_AI1_AI2,0.12559132491450303,0.018234599888541526,0.12407536169284902,0.0029623964602983905,0.7419165689904457,0.09724948688782442,0.01686240484561764,0.003011672442203915
normal_0159_16,normal,0,A,159,normal_0159,16,5626,5641,2022-07-12 00:20:06.236000,2022-07-12 00:20:07.736000,val,0.10387759445892118,0.2425813279525978,0,ratio_AI1_AI2,0.02038755744646357,0.0006074099766518969,0.07985755110712593,0.00236033172604642,0.5946040673321379,0.08321009462145348,0.0498227154284239,0.00017102803306638062
normal_0159_32,normal,0,A,159,normal_0159,32,5642,5657,2022-07-12 00:20:07.836000,2022-07-12 00:20:09.336000,val,0.013657132677089429,0.2425813279525978,0,AI2_period8,0.052468887330244775,0.0073144327639168664,0.0024332641933608296,0.0009707086796239178,0.03234816500790843,0.002803159947355762,0.010428736207022699,0.0004897072872821517
normal_0189_00,normal,0,A,189,normal_0189,0,6550,6565,2022-07-12 00:23:56.987000,2022-07-12 00:23:58.487000,val,0.008750505933654666,0.2425813279525978,0,AI2_period8,0.03846254620258583,0.015437471470579245,0.002410935582496841,0.0012094565930995279,0.0047619213756616065,0.0006363637494404573,0.0002225001879558092,0.0068628523074180095
normal_0189_16,normal,0,A,189,normal_0189,16,6566,6581,2022-07-12 00:23:58.587000,2022-07-12 00:24:00.087000,val,0.1386773325903355,0.2425813279525978,0,AI1_skew,0.0010453312971295092,0.023187404158121455,8.607741983705201e-05,0.04596823510991227,0.1535405400790079,0.04312692869734835,0.8424442693333738,1.9874627953717528e-05
normal_0192_00,normal,0,A,192,normal_0192,0,6624,6639,2022-07-12 00:24:22.654000,2022-07-12 00:24:24.154000,val,0.023907776391644996,0.2425813279525978,0,ratio_AI1_AI2,0.010498977006918075,0.04961160299177119,0.0016479556002155086,0.043617753390076425,0.07363657466140529,0.0062489287324525074,0.003701034768551191,0.0022993839817697886
normal_0192_16,normal,0,A,192,normal_0192,16,6640,6655,2022-07-12 00:24:24.254000,2022-07-12 00:24:25.754000,val,0.015123966866003681,0.2425813279525978,0,ratio_AI1_AI2,0.0073012515628960275,3.1228415080501463e-06,0.0026190571624561967,0.008604358279496587,0.07996362951034607,0.008800255262395178,0.01350882144620704,0.00019123886272429087
normal_0192_32,normal,0,A,192,normal_0192,32,6656,6671,2022-07-12 00:24:25.854000,2022-07-12 00:24:27.354000,val,0.009313927213318522,0.2425813279525978,0,AI1_skew,0.00041505029433581097,0.0030701324588627,0.013520869563447144,0.017826085033916743,0.00017154438900098402,0.00016255927337551564,0.03933131549102881,1.3861202580467675e-05
normal_0199_00,normal,0,A,199,normal_0199,0,6869,6884,2022-07-12 00:25:17.084000,2022-07-12 00:25:18.584000,val,0.0055988781890776535,0.2425813279525978,0,ratio_AI1_AI2,0.0014099505728445828,0.0026215029752928386,1.688575662136822e-05,0.00135345519456203,0.023682797063462543,0.002905478149711234,0.011842165171083987,0.0009587906290426412
normal_0199_16,normal,0,A,199,normal_0199,16,6885,6900,2022-07-12 00:25:18.684000,2022-07-12 00:25:20.184000,val,0.010599567514300492,0.2425813279525978,0,AI2_kurt,0.020748712801289107,0.031393527800018806,0.0070803671417888755,0.0034057774079388134,0.007472969614011148,0.0002793684340950839,0.00634708049854131,0.008068736416720783
normal_0199_32,normal,0,A,199,normal_0199,32,6901,6916,2022-07-12 00:25:20.284000,2022-07-12 00:25:21.784000,val,0.03324365065162884,0.2425813279525978,0,ratio_AI1_AI2,0.02708372398646795,0.0064968599134507116,0.004021578800784357,0.00030885340690335264,0.1729705330217567,0.02916791732918824,0.015276505071207609,0.010623233683271801
normal_0216_00,normal,0,A,216,normal_0216,0,7390,7405,2022-07-12 00:27:27.011000,2022-07-12 00:27:28.511000,val,0.05070461799679609,0.2425813279525978,0,ratio_AI1_AI2,0.006691422776846797,0.001912899934456327,0.0047019636819738775,0.009778282320328815,0.21861001236476466,0.03964085722687531,0.06118761369113097,0.06311389197799197
normal_0216_16,normal,0,A,216,normal_0216,16,7406,7421,2022-07-12 00:27:28.611000,2022-07-12 00:27:30.111000,val,0.051866476266899525,0.2425813279525978,0,ratio_AI1_AI2,0.003919482694847776,0.03032833466044332,0.014628133034420182,0.08402663113785644,0.2012626912476331,0.022279105169853212,9.442064234175462e-06,0.05847799012590797
normal_0216_32,normal,0,A,216,normal_0216,32,7422,7437,2022-07-12 00:27:30.211000,2022-07-12 00:27:31.711000,val,0.05751029747967954,0.2425813279525978,0,ratio_AI1_AI2,2.1770548836084934e-05,0.02136741686711569,0.0010597290185058498,0.04130428530487851,0.23661746190541308,0.017116564095196043,0.006273136013166478,0.1363220160843246
normal_0235_00,normal,0,A,235,normal_0235,0,8047,8062,2022-07-12 00:29:50.008000,2022-07-12 00:29:51.508000,val,0.03653267045517911,0.2425813279525978,0,AI1_skew,0.0002068915975021189,0.0008795919558826409,0.025658240317433766,0.0005074063122973842,0.10515089650822158,0.042166804827271726,0.11763133672847698,6.019539434670864e-05
normal_0235_16,normal,0,A,235,normal_0235,16,8063,8078,2022-07-12 00:29:51.608000,2022-07-12 00:29:53.108000,val,0.14257942266995266,0.2425813279525978,0,AI1_skew,0.2694220872447081,0.023221164086782365,0.04598195169386057,0.2230227946565319,0.1354145682622894,0.00040710493447594724,0.31389076117640957,0.12927494930456337
normal_0236_00,normal,0,A,236,normal_0236,0,8088,8103,2022-07-12 00:29:58.044000,2022-07-12 00:29:59.544000,val,0.22579891430223747,0.2425813279525978,0,AI1_skew,0.558627204504704,0.05467610089361687,0.04751992708641237,6.430046863937743e-06,0.1225945081605537,1.728780217012477e-05,0.9292333390869988,0.09371651683658008
normal_0253_00,normal,0,A,253,normal_0253,0,8643,8658,2022-07-12 00:32:05.948000,2022-07-12 00:32:07.448000,val,0.008369147688703197,0.2425813279525978,0,AI2_rms,0.0025310988844401043,0.003260722738708236,0.010139455300257812,0.008400288172671383,0.004682587836268684,0.007374976790237248,0.012081547622553203,0.018482504164488912
normal_0253_16,normal,0,A,253,normal_0253,16,8659,8674,2022-07-12 00:32:07.548000,2022-07-12 00:32:09.048000,val,0.1303647009776954,0.2425813279525978,0,AI1_skew,0.01751655295153871,0.01088663786431998,0.04435967017324752,0.18489677799243706,0.07188578813878783,0.05024095726226943,0.41615597616242234,0.24697524727654027
normal_0258_00,normal,0,A,258,normal_0258,0,8777,8792,2022-07-12 00:32:45.771000,2022-07-12 00:32:47.271000,val,0.01725036653350786,0.2425813279525978,0,AI2_period8,0.03702723850308782,0.03127339418738246,0.012324216206930184,0.014849119982912428,0.025139828933465433,0.01575371575238066,1.589130618435894e-06,0.0016338295712854589
normal_0258_16,normal,0,A,258,normal_0258,16,8793,8808,2022-07-12 00:32:47.371000,2022-07-12 00:32:48.871000,val,0.02940129619687086,0.2425813279525978,0,AI1_skew,0.001217868642071834,0.0410747568754411,0.0038117155753762243,0.016371488276327686,0.04793729596530333,0.004986286557433334,0.11874968029945115,0.0010612773835621922
normal_0260_00,normal,0,A,260,normal_0260,0,8854,8869,2022-07-12 00:33:01.594000,2022-07-12 00:33:03.094000,val,0.052855367397383474,0.2425813279525978,0,ratio_AI1_AI2,0.012425735699175768,0.06472306000288201,0.00466827933738785,9.119203971909394e-05,0.3096373223692194,0.02490452679616146,0.0041312011230222444,0.002261621811499956
normal_0264_00,normal,0,A,264,normal_0264,0,8911,8926,2022-07-12 00:33:34.840000,2022-07-12 00:33:36.340000,val,0.058078310811294276,0.2425813279525978,0,AI2_rms,0.025326345892461036,0.00843944139632659,0.014696175168277724,0.08831699431047078,0.11084825360656243,0.002218762326272252,0.015132964323449185,0.19964754946653415
normal_0264_16,normal,0,A,264,normal_0264,16,8927,8942,2022-07-12 00:33:36.440000,2022-07-12 00:33:37.940000,val,0.06597987805920552,0.2425813279525978,0,AI1_skew,0.05098629874876969,0.004609078737203407,0.03148726130424819,0.04830422982774045,0.035810733905281986,0.01457314205420118,0.18105747885185836,0.16101080104434093
normal_0264_32,normal,0,A,264,normal_0264,32,8943,8958,2022-07-12 00:33:38.040000,2022-07-12 00:33:39.540000,val,0.028296564532595405,0.2425813279525978,0,ratio_AI1_AI2,0.026935370475319013,5.020805725251921e-05,0.0010983421224116,0.02053386004652425,0.1068002150424693,0.002963406654159893,0.0005705983753283647,0.06742051548729829
normal_0273_00,normal,0,A,273,normal_0273,0,9238,9253,2022-07-12 00:34:37.168000,2022-07-12 00:34:38.668000,val,0.021664767914131564,0.2425813279525978,0,ratio_AI0_AI2,0.017198549315184657,0.004758982517585168,0.055853235645569106,0.019088431825800004,0.019261302695644855,0.005349027918157427,0.004984789281729073,0.04682382411338222
normal_0273_16,normal,0,A,273,normal_0273,16,9254,9269,2022-07-12 00:34:38.768000,2022-07-12 00:34:40.268000,val,0.05264953169031913,0.2425813279525978,0,AI1_skew,0.030937791920063292,0.028397880627017594,0.00035869630844883807,4.233801138600306e-08,0.009521553665637256,5.786481050865339e-05,0.34216319875556356,0.009759225097302414
normal_0275_00,normal,0,A,275,normal_0275,0,9333,9348,2022-07-12 00:34:53.056000,2022-07-12 00:34:54.556000,val,0.011560067718820765,0.2425813279525978,0,AI2_kurt,0.016905746290841937,0.058687118183791964,0.004603938680831793,0.00037189868965637125,0.010488936941476925,1.76042913915542e-06,0.0006043562777382265,0.000816786257089758
normal_0275_16,normal,0,A,275,normal_0275,16,9349,9364,2022-07-12 00:34:54.656000,2022-07-12 00:34:56.156000,val,0.01859068347051098,0.2425813279525978,0,AI2_period8,0.0455946481737392,0.017739012253896368,0.0032540817033220757,0.011602401261810277,0.028990542353083144,0.00026390204612714436,0.030316214532103456,0.010964665440006183
normal_0277_00,normal,0,A,277,normal_0277,0,9412,9427,2022-07-12 00:35:09.147000,2022-07-12 00:35:10.647000,val,0.02931520466524947,0.2425813279525978,0,AI1_skew,0.009883038583703842,0.011131553805724653,0.025990816066903174,0.030846194055962405,0.0510012236154082,0.00031992616490788054,0.08992373450915564,0.015425150520229969
normal_0287_00,normal,0,A,287,normal_0287,0,9712,9727,2022-07-12 00:36:21.560000,2022-07-12 00:36:23.060000,val,0.1453294570891484,0.2425813279525978,0,AI1_skew,0.09959158875358179,0.13387594731026264,0.011227749519162316,0.011798997759456193,0.00855500298168279,0.010740506069216626,0.8145929633278337,0.0722529009919913
normal_0287_16,normal,0,A,287,normal_0287,16,9728,9743,2022-07-12 00:36:23.160000,2022-07-12 00:36:24.660000,val,0.09518967102716346,0.2425813279525978,0,ratio_AI1_AI2,0.007240312350582841,0.06733404941181544,0.00011566777058683455,0.004327140176415783,0.5832534506462405,0.042318965028157955,0.043695933738251105,0.013231849095257292
normal_0287_32,normal,0,A,287,normal_0287,32,9744,9759,2022-07-12 00:36:24.760000,2022-07-12 00:36:26.260000,val,0.012165002136306727,0.2425813279525978,0,AI1_skew,0.0005200673872902125,0.008871518521319855,6.583049445260919e-05,0.0032422669267111064,0.0035427918820945562,0.0012017770950235268,0.07782074357998083,0.0020550212035811244
normal_0317_00,normal,0,A,317,normal_0317,0,10683,10698,2022-07-12 00:40:05.260000,2022-07-12 00:40:06.760000,val,0.09891279002124902,0.2425813279525978,0,AI1_skew,0.0017560085491088665,3.495142240312453e-06,0.03803112718729787,0.14672677590669708,0.024712798474746896,0.008380701985573811,0.48924803708396863,0.08244337584035877
normal_0317_16,normal,0,A,317,normal_0317,16,10699,10714,2022-07-12 00:40:06.860000,2022-07-12 00:40:08.360000,val,0.07312156863395351,0.2425813279525978,0,AI1_skew,0.0027116448211000313,0.016691307431436687,0.0018111858791205512,0.08618298433627343,0.03182609772631822,0.0048225305885978035,0.3300031678888776,0.11092363039990376
normal_0330_00,normal,0,A,330,normal_0330,0,11074,11089,2022-07-12 00:41:33.240000,2022-07-12 00:41:34.740000,val,0.04808441414801504,0.2425813279525978,0,ratio_AI1_AI2,0.0326203011562123,0.0036662826445357506,0.00010074154926214823,0.010559234465746492,0.3031510005684748,0.02713385616457674,0.006262686362314924,0.0011812102729971113
normal_0330_16,normal,0,A,330,normal_0330,16,11090,11105,2022-07-12 00:41:34.840000,2022-07-12 00:41:36.340000,val,0.15283825230292444,0.2425813279525978,0,ratio_AI1_AI2,0.005227676126259367,0.0007040057349629346,0.01252023946167236,0.016597952807736696,0.9752905627049682,0.0801250998098497,0.09060027854840272,0.04164020322954361
normal_0334_00,normal,0,A,334,normal_0334,0,11162,11177,2022-07-12 00:42:06.134000,2022-07-12 00:42:07.634000,val,0.07105341088431774,0.2425813279525978,0,AI1_skew,0.004680778450390565,0.08013113850509967,0.0013596116462062035,0.013136579620219342,0.011621960535335391,0.040388792768141696,0.21567405560744682,0.20143436994170225
normal_0334_16,normal,0,A,334,normal_0334,16,11178,11193,2022-07-12 00:42:07.734000,2022-07-12 00:42:09.234000,val,0.019697385443239745,0.2425813279525978,0,AI2_rms,0.013086443722487498,0.013660697325744599,0.004608869548691668,7.125442268419214e-05,0.006483873742833574,0.015051235165708426,0.012972536673490078,0.09164417294427792
normal_0334_32,normal,0,A,334,normal_0334,32,11194,11209,2022-07-12 00:42:09.334000,2022-07-12 00:42:10.834000,val,0.05841528233559118,0.2425813279525978,0,AI0_rms,0.020352165462502705,0.004180485027122656,0.0828960763073274,0.15268175077129872,0.045595408460949054,0.004258024286776682,0.08721335348828871,0.0701449948804635
normal_0337_00,normal,0,A,337,normal_0337,0,11291,11306,2022-07-12 00:42:29.388000,2022-07-12 00:42:30.888000,val,0.026330586182326025,0.2425813279525978,0,AI1_skew,0.005485356166670002,0.0015810098840551116,0.027332756660371115,0.000955847003792145,0.06508545372543104,0.014310152704710625,0.08954519044444224,0.006348922869135908
normal_0337_16,normal,0,A,337,normal_0337,16,11307,11322,2022-07-12 00:42:30.988000,2022-07-12 00:42:32.488000,val,0.06817788375748021,0.2425813279525978,0,ratio_AI1_AI2,0.001963736325966025,0.02212433880695877,0.008199969870967919,0.0019133018444332038,0.4507168307389629,0.05683850975125316,0.0026230928639592995,0.0010432898573404402
normal_0353_00,normal,0,A,353,normal_0353,0,11758,11773,2022-07-12 00:44:15.484000,2022-07-12 00:44:16.984000,val,0.4891977667439274,0.2425813279525978,1,AI1_skew,0.3785935255493375,0.004061047211575339,0.3074472042596618,0.03516142651018874,0.7268626089146225,0.12691224828778636,2.307009048957482,0.02753502426076474
normal_0353_16,normal,0,A,353,normal_0353,16,11774,11789,2022-07-12 00:44:17.084000,2022-07-12 00:44:18.584000,val,0.047060558775801314,0.2425813279525978,0,ratio_AI1_AI2,0.014277548868204207,0.024015384741658673,0.06234111079723402,0.001793896262484728,0.16520791876186,0.010413787007346326,0.053609231442670574,0.04482559232495204
normal_0353_32,normal,0,A,353,normal_0353,32,11790,11805,2022-07-12 00:44:18.684000,2022-07-12 00:44:20.184000,val,0.043844477779951124,0.2425813279525978,0,AI1_skew,0.03862474598996598,0.07373679679902496,0.002662017631993963,0.018956108038164502,0.02393255370128325,4.1726465430589814e-05,0.13649675982189438,0.056305113791851394
normal_0366_00,normal,0,A,366,normal_0366,0,12227,12242,2022-07-12 00:45:57.561000,2022-07-12 00:45:59.061000,val,0.23665395500171513,0.2425813279525978,0,AI1_skew,0.08630617885895525,0.0012496741516310052,0.00547926643307239,0.011419423860713778,0.002644284477702597,0.21340831220929685,1.215936831244216,0.356787668778133
normal_0366_16,normal,0,A,366,normal_0366,16,12243,12258,2022-07-12 00:45:59.161000,2022-07-12 00:46:00.661000,val,0.0810471179208443,0.2425813279525978,0,ratio_AI1_AI2,0.026205909093147364,0.0132582842012049,0.0053783289862887615,0.0040628282023006,0.30003507476095365,0.004225667514675963,0.14909500637233597,0.14611584423584728
normal_0366_32,normal,0,A,366,normal_0366,32,12259,12274,2022-07-12 00:46:00.761000,2022-07-12 00:46:02.261000,val,0.03617354642911766,0.2425813279525978,0,AI0_rms,0.010559972372423575,5.944415954669549e-05,0.030828006366373936,0.11524202109437948,0.039863845552431706,0.0038669979089342266,0.04460261633255364,0.04436546764629799
normal_0395_00,normal,0,A,395,normal_0395,0,13111,13126,2022-07-12 00:49:27.367000,2022-07-12 00:49:28.867000,val,0.012092292716578672,0.2425813279525978,0,AI2_period8,0.0360830263411237,0.005516083538601678,0.022074820191606198,0.014946455163013933,0.004842624950441626,0.001747229254731335,0.011214615428567847,0.00031348686454306146
normal_0395_16,normal,0,A,395,normal_0395,16,13127,13142,2022-07-12 00:49:28.967000,2022-07-12 00:49:30.467000,val,0.05904892339435772,0.2425813279525978,0,AI1_skew,0.011749816148465571,0.004537311949617845,0.000543486214763297,0.0025952464577050213,0.07296960437625091,0.023853455333117876,0.3558307515571431,0.0003117151177981675
normal_0395_32,normal,0,A,395,normal_0395,32,13143,13158,2022-07-12 00:49:30.567000,2022-07-12 00:49:32.067000,val,0.05830421743706074,0.2425813279525978,0,AI1_skew,0.07557313659737545,0.06885356998696358,0.0013042581166390896,0.000679341429391428,0.03443524049561623,0.033404774816071396,0.24060871047733814,0.011574707577090664
normal_0422_00,normal,0,A,422,normal_0422,0,13974,13989,2022-07-12 00:53:13.056000,2022-07-12 00:53:14.556000,val,0.10431026540663631,0.2425813279525978,0,ratio_AI1_AI2,0.004810103132263798,0.017900410785132475,0.04466084565494092,0.1570221575617883,0.41615654492458987,0.03617324670668616,0.033198298657195265,0.12456051583049375
normal_0422_16,normal,0,A,422,normal_0422,16,13990,14005,2022-07-12 00:53:14.656000,2022-07-12 00:53:16.156000,val,0.1106992876867701,0.2425813279525978,0,ratio_AI1_AI2,0.005050080145235572,0.006791491727690059,0.0045646637425808085,0.1239305229695065,0.4241612831651171,0.08974755846749773,0.19905440244545097,0.0322942988310821
normal_0422_32,normal,0,A,422,normal_0422,32,14006,14021,2022-07-12 00:53:16.256000,2022-07-12 00:53:17.756000,val,0.11926196164459836,0.2425813279525978,0,AI0_rms,0.1876808317848784,0.04488463431707605,0.00021588982732123315,0.6277328335335122,0.08158521204631607,0.006642802271508126,0.00475581577399587,0.0005976736021789242
normal_0427_00,normal,0,A,427,normal_0427,0,14144,14159,2022-07-12 00:53:53.254000,2022-07-12 00:53:54.754000,val,0.022443147816777802,0.2425813279525978,0,AI1_skew,0.006389821293827889,9.42000378908282e-06,0.00010277764767970229,0.022321104929297397,0.015265714598819532,0.0007941574044029377,0.11737033993762093,0.017291846718784944
normal_0427_16,normal,0,A,427,normal_0427,16,14160,14175,2022-07-12 00:53:54.854000,2022-07-12 00:53:56.354000,val,0.03891154696529054,0.2425813279525978,0,AI1_skew,0.030901879623987775,0.005167448914374523,0.07318863161870548,0.055850625846953855,0.0190734110576249,0.015392982882333888,0.10901214592489882,0.002705249853445096
normal_0427_32,normal,0,A,427,normal_0427,32,14176,14191,2022-07-12 00:53:56.454000,2022-07-12 00:53:57.954000,val,0.04120453743281639,0.2425813279525978,0,ratio_AI1_AI2,0.004031424077634115,0.00037726754089039007,0.02188581543710412,0.009619505200354633,0.14553706497270968,0.04479742509375612,0.1015617283333002,0.0018260688067818895
normal_0429_00,normal,0,A,429,normal_0429,0,14244,14259,2022-07-12 00:54:07.775000,2022-07-12 00:54:09.275000,val,0.02620235897724654,0.2425813279525978,0,ratio_AI1_AI2,0.0003174861238803875,0.01693214288762605,0.0015217599770858236,0.02376130770395139,0.11897746460495161,0.01067148389618205,0.0373646244178432,7.260220645181488e-05
normal_0429_16,normal,0,A,429,normal_0429,16,14260,14275,2022-07-12 00:54:09.375000,2022-07-12 00:54:10.875000,val,0.035876681792646435,0.2425813279525978,0,AI1_skew,0.05831806477098695,0.067245108143566,0.03094389124642923,0.02452987650248142,0.011842113207980431,9.224752134783989e-05,0.08765889304618989,0.00638325990218972
normal_0433_00,normal,0,A,433,normal_0433,0,14347,14362,2022-07-12 00:54:41.336000,2022-07-12 00:54:42.836000,val,0.28364690555269645,0.2425813279525978,1,ratio_AI1_AI2,0.010935352656349142,0.00637166168635984,0.04311812875764473,0.04914534842640056,1.9342422294802144,0.20230556508761108,0.02081296248468244,0.002243995842309306
normal_0433_16,normal,0,A,433,normal_0433,16,14363,14378,2022-07-12 00:54:42.936000,2022-07-12 00:54:44.436000,val,0.021223109094935622,0.2425813279525978,0,ratio_AI1_AI2,0.01564294515747146,0.006652270553219955,0.0012281664913993682,0.0006872369997108859,0.12534367696893575,0.01287726592255657,0.004951080884854938,0.0024022297813360545
normal_0433_32,normal,0,A,433,normal_0433,32,14379,14394,2022-07-12 00:54:44.536000,2022-07-12 00:54:46.036000,val,0.05069331863980209,0.2425813279525978,0,ratio_AI1_AI2,0.06729415989749744,0.009659344442396385,0.018356501092416815,0.00044331795381957436,0.27545237229325115,0.02519806640940767,0.0025479537375295595,0.006594833292098048
normal_0439_00,normal,0,A,439,normal_0439,0,14563,14578,2022-07-12 00:55:28.258000,2022-07-12 00:55:29.758000,val,0.015187024510138425,0.2425813279525978,0,AI2_period8,0.07415896918162146,0.0013552913379454078,0.002127431311357248,0.00019405763178416242,0.002745747678285666,0.00039326743136619297,0.03848278034809024,0.002038651160657027
normal_0439_16,normal,0,A,439,normal_0439,16,14579,14594,2022-07-12 00:55:29.858000,2022-07-12 00:55:31.358000,val,0.02286884810053455,0.2425813279525978,0,ratio_AI1_AI2,0.02969178472523206,0.015547815950282404,0.00820690285840316,0.005645634808198514,0.0546386257500969,0.00369268705834742,0.0510841972878592,0.014443136365856757
normal_0439_32,normal,0,A,439,normal_0439,32,14595,14610,2022-07-12 00:55:31.458000,2022-07-12 00:55:32.958000,val,0.04108305275374577,0.2425813279525978,0,AI2_kurt,0.1083527160709758,0.16673790151450957,0.0020851373090633274,0.016312052197053888,0.004816826142127367,0.0004691051979114807,0.025790444460539453,0.00410023913778525
normal_0444_00,normal,0,A,444,normal_0444,0,14717,14732,2022-07-12 00:56:09.664000,2022-07-12 00:56:11.164000,val,0.03963083112003621,0.2425813279525978,0,ratio_AI1_AI2,0.015340631655472947,0.02719247147506066,0.0013228205384683215,0.038830509566236564,0.1566674455941902,0.06966090178506534,0.0053695931717465395,0.002662275174049105
normal_0444_16,normal,0,A,444,normal_0444,16,14733,14748,2022-07-12 00:56:11.264000,2022-07-12 00:56:12.764000,val,0.06484700459875313,0.2425813279525978,0,AI1_skew,0.010381444682967993,9.63858692893062e-05,0.009837651861130448,0.006811425402250271,0.09044555301397302,0.08651269315798038,0.3141017058961928,0.0005891769062408104
normal_0444_32,normal,0,A,444,normal_0444,32,14749,14764,2022-07-12 00:56:12.864000,2022-07-12 00:56:14.364000,val,0.01987856368148959,0.2425813279525978,0,AI0_rms,0.00019335412276848984,0.005350485130508698,0.010376762297542553,0.05145450700756662,0.04636194273298012,0.015389502777543971,0.015836118116699483,0.014065837266306797
normal_0449_00,normal,0,A,449,normal_0449,0,14870,14885,2022-07-12 00:56:49.884000,2022-07-12 00:56:51.384000,val,0.043222152341962417,0.2425813279525978,0,AI2_kurt,0.04447412427258223,0.13338077937384152,0.02635305316035802,0.009159284031397114,0.07081501009049065,0.007208403625242582,0.0499173467940374,0.004469217387749835
normal_0449_16,normal,0,A,449,normal_0449,16,14886,14901,2022-07-12 00:56:51.484000,2022-07-12 00:56:52.984000,val,0.007606873850888411,0.2425813279525978,0,AI1_skew,0.0017271330413059878,0.005384263790000697,0.006173810886041547,0.01827647418765053,0.004755271054070006,0.0007630093150734796,0.019225359440020576,0.004549669092944465
normal_0449_32,normal,0,A,449,normal_0449,32,14902,14917,2022-07-12 00:56:53.084000,2022-07-12 00:56:54.584000,val,0.02115429147403461,0.2425813279525978,0,AI2_rms,0.018112019070286856,4.501240537049759e-05,0.006997996636378054,0.007862288734868274,0.03827610648145732,0.01191519150072834,0.005204119165760439,0.08082159779742709
normal_0451_00,normal,0,A,451,normal_0451,0,14968,14983,2022-07-12 00:57:04.747000,2022-07-12 00:57:06.247000,val,0.04563958275564092,0.2425813279525978,0,ratio_AI1_AI2,0.004268132983175239,0.0075586286111972555,7.403353027634611e-05,0.0038534554156161847,0.2083972550721359,0.0116450884051902,0.10541001858688893,0.02391004944064726
normal_0451_16,normal,0,A,451,normal_0451,16,14984,14999,2022-07-12 00:57:06.347000,2022-07-12 00:57:07.847000,val,0.0718092126765335,0.2425813279525978,0,ratio_AI1_AI2,0.006671016913368562,0.0024282624827502096,0.008289801697374238,0.007412341060024875,0.4861683756937266,0.04207253309032781,0.00774451555936896,0.013686854915326712
normal_0457_00,normal,0,A,457,normal_0457,0,15179,15194,2022-07-12 00:57:52.787000,2022-07-12 00:57:54.287000,val,0.016898906366794926,0.2425813279525978,0,ratio_AI1_AI2,0.0013612719071996902,0.01636669299986129,0.008643959326915567,0.0005602916951015713,0.08994481936308092,0.0013649367598572047,0.000404701094917618,0.016544577787425532
normal_0468_00,normal,0,A,468,normal_0468,0,15522,15537,2022-07-12 00:59:20.419000,2022-07-12 00:59:21.919000,val,0.08178720699965633,0.2425813279525978,0,AI1_skew,0.002606096508405804,0.0723493109540263,1.7790433705598785e-07,0.07458348670733454,0.002031627848987473,0.007612294227233013,0.4588413466315028,0.03627331521542378
normal_0468_16,normal,0,A,468,normal_0468,16,15538,15553,2022-07-12 00:59:22.019000,2022-07-12 00:59:23.519000,val,0.05659572267507208,0.2425813279525978,0,AI1_skew,0.00500732249719876,0.014778940695691785,2.504646171778103e-05,0.07510977769108085,0.004079818109411136,0.006757389570635095,0.31260829147498315,0.034399194899858127
normal_0478_00,normal,0,B,478,normal_0478,0,15860,15875,2022-07-12 01:00:40.804000,2022-07-12 01:00:42.304000,val,0.014576582860250549,0.2425813279525978,0,ratio_AI1_AI2,0.0007311839482162823,0.03176523393689646,0.0023669927565545318,0.018027362360006096,0.052625755942928114,0.008071260493363501,7.504725213447472e-05,0.0029498261919049364
normal_0478_16,normal,0,B,478,normal_0478,16,15876,15891,2022-07-12 01:00:42.404000,2022-07-12 01:00:43.904000,val,0.05990531338112708,0.2425813279525978,0,ratio_AI1_AI2,0.007129349822649542,0.010539034067229768,0.004081281236469964,0.00918352459248499,0.3882053493073408,0.05563119853854825,0.003341518207281731,0.0011312512770116246
normal_0478_32,normal,0,B,478,normal_0478,32,15892,15907,2022-07-12 01:00:44.004000,2022-07-12 01:00:45.504000,val,0.04230223229484888,0.2425813279525978,0,ratio_AI1_AI2,0.005126621791086314,0.0006791992516690724,0.006027850308402994,0.015542532710401189,0.2716438764131413,0.03927053580673904,0.00011562180720448786,1.1620270146597936e-05
normal_0483_00,normal,0,B,483,normal_0483,0,16101,16116,2022-07-12 01:01:20.296000,2022-07-12 01:01:21.796000,val,0.009449689256565835,0.2425813279525978,0,AI0_rms,0.007115097817032943,0.021415321108268697,0.0006305879590395563,0.026590040085828527,0.010907765781830657,0.00025123224799779574,0.008214661982066437,0.00047280707046206294
normal_0483_16,normal,0,B,483,normal_0483,16,16117,16132,2022-07-12 01:01:21.896000,2022-07-12 01:01:23.396000,val,0.022790304504562618,0.2425813279525978,0,ratio_AI1_AI2,0.0008721238030783832,0.05253817364752827,7.890271189940792e-05,0.003353073261096746,0.10215559103379954,0.015168014193507625,0.007060442736685276,0.0010961146489057029
normal_0491_00,normal,0,B,491,normal_0491,0,16363,16378,2022-07-12 01:02:33.380000,2022-07-12 01:02:34.880000,val,0.14824899603857547,0.2425813279525978,0,AI2_period8,0.6184093212414721,0.0003894216193284662,0.0649855262533487,0.007926227354971692,0.2217412643776575,0.01582522050683411,0.23419308613856077,0.022521900816430507
normal_0491_16,normal,0,B,491,normal_0491,16,16379,16394,2022-07-12 01:02:34.980000,2022-07-12 01:02:36.480000,val,0.029151248760689176,0.2425813279525978,0,ratio_AI1_AI2,0.042058969513142724,0.0018613222952262886,0.008424823176131854,0.0008556814086114635,0.12089088497418528,0.021247778365322628,0.029438790996193925,0.008431739356699263
normal_0491_32,normal,0,B,491,normal_0491,32,16395,16410,2022-07-12 01:02:36.580000,2022-07-12 01:02:38.080000,val,0.035048992482475116,0.2425813279525978,0,ratio_AI1_AI2,0.0016082402208773279,0.05346966686782597,3.721431323482516e-05,0.002719560203875498,0.18539014489458205,0.024565885576925465,0.00853830153651039,0.004062926245969444
normal_0494_00,normal,0,B,494,normal_0494,0,16502,16517,2022-07-12 01:02:56.132000,2022-07-12 01:02:57.632000,val,0.016072602333476207,0.2425813279525978,0,ratio_AI1_AI2,0.014848220915483486,0.0302456376437628,0.000688684929612963,0.024692957704165845,0.04330498635903887,0.0031571331101106826,0.011203021368390359,0.00044017663724465014
normal_0536_00,normal,0,B,536,normal_0536,0,17895,17910,2022-07-12 01:08:34.704000,2022-07-12 01:08:36.204000,val,0.051874252394720106,0.2425813279525978,0,ratio_AI1_AI2,1.0766681931179562e-06,0.0001395300001227382,0.0015656522283682844,0.0375819779514218,0.3293241991820276,0.03547070611586625,0.01054311538772659,0.0003677616240344794
normal_0536_16,normal,0,B,536,normal_0536,16,17911,17926,2022-07-12 01:08:36.304000,2022-07-12 01:08:37.804000,val,0.006259816374436565,0.2425813279525978,0,AI0_rms,0.00016366807372277466,0.007296448072724164,0.004988801308570925,0.03259471579310953,0.00045098282305728736,0.000642744530669583,0.003667919909299518,0.0002732504843387291
normal_0536_32,normal,0,B,536,normal_0536,32,17927,17942,2022-07-12 01:08:37.904000,2022-07-12 01:08:39.404000,val,0.03660214091941927,0.2425813279525978,0,ratio_AI1_AI2,0.013402548667966509,0.002165420460009986,0.0007621950709969643,0.016169617012560755,0.1843965112240216,0.021454807656914442,0.054412136584609104,5.389067827477075e-05
normal_0537_00,normal,0,B,537,normal_0537,0,17945,17960,2022-07-12 01:08:41.601000,2022-07-12 01:08:43.101000,val,0.0382366208380635,0.2425813279525978,0,ratio_AI1_AI2,0.0019363958475649915,0.005689282054672145,0.00039793290946748395,0.032679537485902195,0.23680694195517335,0.02421601175060539,0.002860139501830046,0.0013067251992924225
normal_0537_16,normal,0,B,537,normal_0537,16,17961,17976,2022-07-12 01:08:43.201000,2022-07-12 01:08:44.701000,val,0.02512818507600457,0.2425813279525978,0,ratio_AI1_AI2,1.052044899598707e-06,0.005884705658277649,0.013132251200421413,0.028793989595714227,0.11888735137975512,0.024333261095027557,0.008027543743987248,0.0019653258899537435
normal_0537_32,normal,0,B,537,normal_0537,32,17977,17992,2022-07-12 01:08:44.801000,2022-07-12 01:08:46.301000,val,0.021176093641887304,0.2425813279525978,0,AI2_kurt,0.00476240438221097,0.07527250821537276,0.0009821446304012554,0.02933485071570442,0.03591428074375822,0.009670106445558812,0.0027580077987487787,0.01071444620334321
normal_0543_00,normal,0,B,543,normal_0543,0,18121,18136,2022-07-12 01:09:29.681000,2022-07-12 01:09:31.181000,val,0.08478788163937492,0.2425813279525978,0,ratio_AI1_AI2,0.036808318992166744,0.020669515869752353,0.0604054669934944,0.10712576708080969,0.39128660081584954,0.04995704935389722,0.011143517069811017,0.0009068169392184072
normal_0543_16,normal,0,B,543,normal_0543,16,18137,18152,2022-07-12 01:09:31.281000,2022-07-12 01:09:32.781000,val,0.014761334408348797,0.2425813279525978,0,ratio_AI0_AI2,0.008212691062805517,0.006895951703481517,0.06147880939368125,0.0015309584472159448,0.03278815287778823,0.00678516941226238,0.0003549287584746899,4.401361108084183e-05
normal_0543_32,normal,0,B,543,normal_0543,32,18153,18168,2022-07-12 01:09:32.881000,2022-07-12 01:09:34.381000,val,0.01680344204900726,0.2425813279525978,0,AI2_period8,0.044563093804543465,0.011453793262141977,0.0027249634242072695,0.018482775876484867,0.04209087218300608,0.008366745858243757,0.004806687167524896,0.0019386048159057674
normal_0549_00,normal,0,B,549,normal_0549,0,18294,18309,2022-07-12 01:10:18.055000,2022-07-12 01:10:19.555000,val,0.23426239367768126,0.2425813279525978,0,AI1_skew,0.44387819437206394,0.16909172881007897,0.03717305427992153,0.001229633960413501,0.2692492425857577,0.01875501662697427,0.9100137555316484,0.024708523254591698
normal_0549_16,normal,0,B,549,normal_0549,16,18310,18325,2022-07-12 01:10:19.655000,2022-07-12 01:10:21.155000,val,0.008191612219637472,0.2425813279525978,0,AI2_kurt,0.003672017552307974,0.04379849094999558,5.1216839474919794e-05,0.00740347748202519,0.003533910616190388,0.001659552236035727,0.0033481079501426715,0.002066124130927332
normal_0549_32,normal,0,B,549,normal_0549,32,18326,18341,2022-07-12 01:10:21.255000,2022-07-12 01:10:22.755000,val,0.061092542916095324,0.2425813279525978,0,ratio_AI1_AI2,0.037173289097496544,0.08731214426351629,0.009370731020586238,0.022076165040535844,0.23801578240874918,0.021805110856288924,0.06523753876086395,0.007749581880725605
normal_0551_00,normal,0,B,551,normal_0551,0,18389,18404,2022-07-12 01:10:34.272000,2022-07-12 01:10:35.772000,val,0.029920169078988368,0.2425813279525978,0,ratio_AI1_AI2,0.0050260279981524875,0.0238691978653198,0.01022041762309021,0.02409946586381267,0.15048804242418287,0.017031535316776047,0.008023334499775218,0.000603331040797648
normal_0551_16,normal,0,B,551,normal_0551,16,18405,18420,2022-07-12 01:10:35.872000,2022-07-12 01:10:37.372000,val,0.13732687313195024,0.2425813279525978,0,ratio_AI1_AI2,0.009534110194939894,0.009182108865955418,0.026358658824299167,0.05905092701945831,0.8269825646499177,0.09609300727651608,0.07077240782403746,0.0006412004004779804
normal_0559_00,normal,0,B,559,normal_0559,0,18660,18675,2022-07-12 01:11:30.788000,2022-07-12 01:11:32.288000,val,0.08994299165176475,0.2425813279525978,0,ratio_AI1_AI2,0.012913632855494047,0.03959704877742296,0.06707305759973962,0.08594046222163337,0.3912383080919742,0.05367851344414715,0.06910289904702015,1.1176686505021535e-08
normal_0583_00,normal,0,A,583,normal_0583,0,19477,19492,2022-07-12 01:14:43.335000,2022-07-12 01:14:44.835000,val,0.006186561735654079,0.2425813279525978,0,AI2_period8,0.02931657132586532,0.013827852304020666,0.0017854890187495283,0.000921411408118163,0.001344597249471435,2.1509491514101187e-06,4.7307287951520775e-05,0.002247114341904587
normal_0583_16,normal,0,A,583,normal_0583,16,19493,19508,2022-07-12 01:14:44.935000,2022-07-12 01:14:46.435000,val,0.0382108978948659,0.2425813279525978,0,AI1_skew,0.0025759670970911222,0.09660283963633748,0.015357631157055449,0.014415086719394562,0.030131306596551558,0.023201239780648943,0.11282891636332858,0.010574195808519534
normal_0592_00,normal,0,A,592,normal_0592,0,19745,19760,2022-07-12 01:16:04.244000,2022-07-12 01:16:05.744000,val,0.017792881001985957,0.2425813279525978,0,AI1_skew,0.010401994939108362,5.7859234384117216e-08,0.0013264225684190899,0.023781827174449762,0.0002155176125791032,0.004837214913029539,0.09576741655093325,0.006012596398134146
normal_0592_16,normal,0,A,592,normal_0592,16,19761,19776,2022-07-12 01:16:05.844000,2022-07-12 01:16:07.344000,val,0.20497944132168672,0.2425813279525978,0,AI1_skew,0.09967698566222195,0.05965400993164419,0.002486097934345885,0.10968748750360449,0.03853107075701964,0.002453531474011051,1.283539256921478,0.04380709038916862
normal_0592_32,normal,0,A,592,normal_0592,32,19777,19792,2022-07-12 01:16:07.444000,2022-07-12 01:16:08.944000,val,0.1849919440236218,0.2425813279525978,0,AI1_skew,0.17768865605226694,0.0008602910783751797,0.0076643054072608316,0.11508653433273164,0.041543711360291856,0.0019958438149880954,1.0881641908119657,0.04693201933109407
normal_0598_00,normal,0,A,598,normal_0598,0,19956,19971,2022-07-12 01:16:51.528000,2022-07-12 01:16:53.028000,val,0.13317902285741184,0.2425813279525978,0,AI1_skew,0.25757976123163445,0.0682171495126513,0.12610743615704664,0.023678395134897886,0.22339203306509212,0.04256092840285902,0.3205630233568828,0.0033334559982305077
normal_0598_16,normal,0,A,598,normal_0598,16,19972,19987,2022-07-12 01:16:53.128000,2022-07-12 01:16:54.628000,val,0.20348822241546682,0.2425813279525978,0,ratio_AI1_AI2,0.12292178803919664,0.0004534885082948555,0.10425585740542824,2.6577527767804624e-05,1.00164515430859,0.14454989346086441,0.24857826216054016,0.005474757913052367
normal_0001_00,normal,0,A,1,normal_0001,0,41,56,2022-07-12 00:00:07.224000,2022-07-12 00:00:08.724000,cal,0.013418437837768069,0.2425813279525978,0,AI2_kurt,0.0015566320143738234,0.03164580771154216,0.009069757085454426,0.014371824506131657,0.012812134867730182,9.676907012119105e-05,0.011801577447373151,0.025992999999417964
normal_0001_16,normal,0,A,1,normal_0001,16,57,72,2022-07-12 00:00:08.824000,2022-07-12 00:00:10.324000,cal,0.017535837586760708,0.2425813279525978,0,ratio_AI1_AI2,0.030721678309750516,0.00037978021506169173,0.0002593175059389947,0.013865353709073424,0.06599809479738754,0.026075117023809494,0.0020524463205664227,0.0009349128124975965
normal_0012_00,normal,0,A,12,normal_0012,0,442,457,2022-07-12 00:01:35.646000,2022-07-12 00:01:37.146000,cal,0.08997659516482577,0.2425813279525978,0,AI1_skew,0.16656470959141115,0.008300582060078665,0.019887796457928316,0.023046221677723095,0.034240981501645826,0.013174229688340592,0.331984110334093,0.12261413000738552
normal_0012_16,normal,0,A,12,normal_0012,16,458,473,2022-07-12 00:01:37.246000,2022-07-12 00:01:38.746000,cal,0.013582003157469595,0.2425813279525978,0,AI0_rms,0.024664296764313396,0.018151821740827773,6.449344887231503e-05,0.026718685039959392,0.023411982655225864,0.0024912328948167193,0.008728109053327424,0.004425403662413867
normal_0020_00,normal,0,A,20,normal_0020,0,716,731,2022-07-12 00:02:40,2022-07-12 00:02:41.500000,cal,0.07902026885191475,0.2425813279525978,0,AI1_skew,0.07437703424113777,0.0018851472341263834,0.10345048659824055,0.031788935774253124,0.02274378152531667,0.013317888295676742,0.36450007298445397,0.02009880416211281
normal_0053_00,normal,0,A,53,normal_0053,0,1787,1802,2022-07-12 00:06:43.040000,2022-07-12 00:06:44.540000,cal,0.07367664922702893,0.2425813279525978,0,AI1_skew,0.009864054272966829,0.03395646652837611,0.0006718128201681936,0.04662846736860047,0.05905888258105804,0.003480464592729374,0.26117125164996935,0.17458179400236315
normal_0053_16,normal,0,A,53,normal_0053,16,1803,1818,2022-07-12 00:06:44.640000,2022-07-12 00:06:46.140000,cal,0.11189289763006195,0.2425813279525978,0,AI1_skew,0.02736951795862507,0.002243161033576901,0.019779061006151885,0.15516962435912468,0.02253712187620321,0.020784661965051167,0.48485615485665373,0.162403877985109
normal_0053_32,normal,0,A,53,normal_0053,32,1819,1834,2022-07-12 00:06:46.240000,2022-07-12 00:06:47.740000,cal,0.03174834850418885,0.2425813279525978,0,AI2_period8,0.10816137081767338,0.04988837871393356,0.009278817558466818,0.03067512267155686,0.005354611794892872,0.013515713946270241,0.000685999550341883,0.0364267729803752
normal_0074_00,normal,0,A,74,normal_0074,0,2837,2852,2022-07-12 00:09:13.436000,2022-07-12 00:09:14.936000,cal,0.04799262374092764,0.2425813279525978,0,ratio_AI1_AI2,0.0019608891607003445,0.03432985467020362,0.026023719120872094,0.014977953847737983,0.11924960218214609,0.022024472482851044,0.11429007153092645,0.05108442693198345
normal_0074_16,normal,0,A,74,normal_0074,16,2853,2868,2022-07-12 00:09:15.036000,2022-07-12 00:09:16.536000,cal,0.08079548889458313,0.2425813279525978,0,ratio_AI1_AI2,0.010203817172576558,0.048090832147724624,0.0050696882351092916,0.09521953526094948,0.32271242396214467,0.03309225061134134,0.011649699579002956,0.12032566418781619
normal_0074_32,normal,0,A,74,normal_0074,32,2869,2884,2022-07-12 00:09:16.636000,2022-07-12 00:09:18.136000,cal,0.10975166959682546,0.2425813279525978,0,ratio_AI1_AI2,0.0008366664108766196,0.0026869880677188214,0.04924475017332552,0.00013161329044863787,0.3736180726318882,0.0864012764125885,0.27912528281726234,0.08596870697049498
normal_0076_00,normal,0,A,76,normal_0076,0,2937,2952,2022-07-12 00:09:28.152000,2022-07-12 00:09:29.652000,cal,0.07553036792705844,0.2425813279525978,0,ratio_AI1_AI2,0.00017081487713042334,0.044133308605611966,0.006118232313539873,0.020435180535677666,0.35001622126501963,0.06403482190047015,0.016778463985821543,0.10255589993319635
normal_0076_16,normal,0,A,76,normal_0076,16,2953,2968,2022-07-12 00:09:29.752000,2022-07-12 00:09:31.252000,cal,0.04145808731293059,0.2425813279525978,0,ratio_AI1_AI2,0.026610572901028744,0.004776561954189568,0.008130638210081498,0.06692869968656358,0.10856424744940729,0.0018786287446919498,0.021971152268886046,0.09280419728859599
normal_0076_32,normal,0,A,76,normal_0076,32,2969,2984,2022-07-12 00:09:31.352000,2022-07-12 00:09:32.852000,cal,0.014801207154446609,0.2425813279525978,0,ratio_AI1_AI2,0.0016050452085874724,0.013408538070648512,0.003272118368790355,0.005370642500365822,0.05906434789637229,0.009221438837955724,0.0021388175777669782,0.024328708775085726
normal_0081_00,normal,0,A,81,normal_0081,0,3141,3156,2022-07-12 00:10:03.867000,2022-07-12 00:10:05.367000,cal,0.038291779265399915,0.2425813279525978,0,AI1_skew,0.006416321852671246,0.005463945801482335,0.0001288051359430816,0.013742904329732969,0.07876667393721781,0.0001758876151694298,0.1434891403084486,0.05815055514253391
normal_0084_00,normal,0,A,84,normal_0084,0,3193,3208,2022-07-12 00:10:28.656000,2022-07-12 00:10:30.156000,cal,0.03624056724006392,0.2425813279525978,0,AI1_skew,0.03406236835177763,0.005030076897534822,0.03256469738136383,0.07243894243359039,0.01484202641669007,0.0005912247179653907,0.12218111319334307,0.00821408852824614
normal_0084_16,normal,0,A,84,normal_0084,16,3209,3224,2022-07-12 00:10:30.256000,2022-07-12 00:10:31.756000,cal,0.029826151948380147,0.2425813279525978,0,AI1_skew,0.031838310236930824,0.05926927902226685,0.007135544005877886,0.006758945469941485,0.00876296138673305,0.007375077888182124,0.11718397998638751,0.00028511759072146495
normal_0084_32,normal,0,A,84,normal_0084,32,3225,3240,2022-07-12 00:10:31.856000,2022-07-12 00:10:33.356000,cal,0.02852446840215298,0.2425813279525978,0,AI2_kurt,0.0017111881003073546,0.06361542183834894,0.0024126622639934836,0.01717223861518906,0.04890858700291829,0.0013519510840379367,0.044474891778636005,0.04854880653379278
normal_0087_00,normal,0,A,87,normal_0087,0,3322,3337,2022-07-12 00:10:51.896000,2022-07-12 00:10:53.396000,cal,0.05641897976194117,0.2425813279525978,0,AI2_rms,0.027607082191350336,0.00011543851011796775,0.0459027677516552,0.11713095916177335,0.051020115994257126,0.01111067281598397,0.07426364544060005,0.1242011562297914
normal_0103_00,normal,0,A,103,normal_0103,0,3867,3882,2022-07-12 00:13:00.089000,2022-07-12 00:13:01.589000,cal,0.048491052814331546,0.2425813279525978,0,ratio_AI1_AI2,0.00035731072025372147,0.04936297517356918,0.00046083386124887464,0.022623457616211033,0.26960642354855824,0.033600422854921576,0.0018190051650727292,0.01009799357481699
normal_0103_16,normal,0,A,103,normal_0103,16,3883,3898,2022-07-12 00:13:01.689000,2022-07-12 00:13:03.189000,cal,0.06911972597991745,0.2425813279525978,0,ratio_AI1_AI2,0.002810916421769418,0.030744189155651736,0.024403842363844234,0.0004099874843751649,0.41211071926675025,0.0284734549162183,0.03306537950537673,0.02093931872535371
normal_0107_00,normal,0,A,107,normal_0107,0,3966,3981,2022-07-12 00:13:33.336000,2022-07-12 00:13:34.836000,cal,0.03073052894598716,0.2425813279525978,0,ratio_AI1_AI2,0.06926854871086899,0.004223463287531903,0.0011590086223748465,0.0046648622886782875,0.08887040456221505,0.0010305012837584422,0.06010549320025862,0.016521949612211154
normal_0107_16,normal,0,A,107,normal_0107,16,3982,3997,2022-07-12 00:13:34.936000,2022-07-12 00:13:36.436000,cal,0.1391240579512103,0.2425813279525978,0,AI1_skew,0.002436882516690261,0.0015794508931723913,0.02515921246968552,0.028534238346198452,0.024804597744520065,0.0028299045241970237,1.0136763937498543,0.013971783365364594
normal_0107_32,normal,0,A,107,normal_0107,32,3998,4013,2022-07-12 00:13:36.536000,2022-07-12 00:13:38.036000,cal,0.05792509355314894,0.2425813279525978,0,AI1_skew,0.02416654813255648,0.0038189921949180047,0.008353532596148351,0.00047913879223343895,0.006673855982040251,9.34159187945026e-06,0.419895617418184,3.7217172315535003e-06
normal_0117_00,normal,0,A,117,normal_0117,0,4330,4345,2022-07-12 00:14:51.621000,2022-07-12 00:14:53.121000,cal,0.04338856598152186,0.2425813279525978,0,ratio_AI1_AI2,0.018144415093369597,0.002144779733833001,0.062158000784510885,0.015071615041840168,0.12130838390896576,0.024618444223263546,0.10016086940772637,0.003502019658665559
normal_0122_00,normal,0,A,122,normal_0122,0,4491,4506,2022-07-12 00:15:23.669000,2022-07-12 00:15:25.169000,cal,0.01296400704080833,0.2425813279525978,0,AI2_period8,0.03352069193329369,0.0184118366547263,0.00021264258410783862,0.016407698201684234,0.026071104802726924,0.0015444381483467595,0.005615334754943464,0.0019283092466374381
normal_0132_00,normal,0,A,132,normal_0132,0,4806,4821,2022-07-12 00:16:36.267000,2022-07-12 00:16:37.767000,cal,0.18047978036259488,0.2425813279525978,0,AI1_skew,0.20337534988482125,0.036382452694300224,0.012613602694696918,0.0009799824076137467,0.01718627098663331,1.586607444799007e-05,1.1689554816798118,0.004329236478433715
normal_0132_16,normal,0,A,132,normal_0132,16,4822,4837,2022-07-12 00:16:37.867000,2022-07-12 00:16:39.367000,cal,0.1493991261631542,0.2425813279525978,0,AI1_skew,0.34378055613883357,3.7689052452629477e-06,0.00046892108663430695,0.002012206931391612,0.0189070200228461,0.013963341456137977,0.8142655890157463,0.0017916057483984618
normal_0132_32,normal,0,A,132,normal_0132,32,4838,4853,2022-07-12 00:16:39.467000,2022-07-12 00:16:40.967000,cal,0.29168011799756066,0.2425813279525978,1,AI1_skew,0.48225068621844314,0.008002158446322434,0.001077638789865559,0.013290328091190032,0.011461769428938454,0.0013291476544815487,1.7988606690135096,0.017168546337734774
normal_0138_00,normal,0,A,138,normal_0138,0,5019,5034,2022-07-12 00:17:24.527000,2022-07-12 00:17:26.027000,cal,0.03983769477009281,0.2425813279525978,0,AI1_skew,0.05572374550249772,0.028615414095045616,0.030999485338755274,1.8170050152252997e-05,4.016495261718044e-05,0.003992357352101644,0.19550730694030752,0.0038049139292652763
normal_0138_16,normal,0,A,138,normal_0138,16,5035,5050,2022-07-12 00:17:26.127000,2022-07-12 00:17:27.627000,cal,0.136726322304014,0.2425813279525978,0,AI1_skew,0.2789721864174591,0.027374347776268137,0.1268306973942059,0.018856679445390497,0.02908125976160203,0.009478827871068825,0.5988003459654163,0.004416233800701085
normal_0138_32,normal,0,A,138,normal_0138,32,5051,5066,2022-07-12 00:17:27.727000,2022-07-12 00:17:29.227000,cal,0.0707737803300447,0.2425813279525978,0,AI1_skew,0.04327660874337861,0.015735482881276096,0.009281380293193885,7.357331046881755e-06,0.14333385492928058,0.023937179597205153,0.3156954926434798,0.014922886221496503
normal_0139_00,normal,0,A,139,normal_0139,0,5067,5082,2022-07-12 00:17:32.480000,2022-07-12 00:17:33.980000,cal,0.06243982576856366,0.2425813279525978,0,ratio_AI1_AI2,6.215799717747433e-07,0.007696927221670666,0.041767816654799984,0.00026138070865458534,0.3718726181593101,0.04813878580197021,0.029746492051337718,3.396397079427518e-05
normal_0139_16,normal,0,A,139,normal_0139,16,5083,5098,2022-07-12 00:17:34.080000,2022-07-12 00:17:35.580000,cal,0.08508940164970383,0.2425813279525978,0,ratio_AI1_AI2,0.1092831167957076,0.2276886860877472,0.0036444318839362433,0.009286410521703604,0.27129375413153917,0.014482860294339123,0.008579765145579095,0.03645618833707854
normal_0147_00,normal,0,A,147,normal_0147,0,5281,5296,2022-07-12 00:18:28.872000,2022-07-12 00:18:30.372000,cal,0.03537085981107116,0.2425813279525978,0,ratio_AI1_AI2,0.010609889117478209,0.03547729147037792,0.04694841149904057,0.06021649388480873,0.09822447201975001,0.007085912562663141,0.004534583896192925,0.019869824038257797
normal_0148_00,normal,0,A,148,normal_0148,0,5307,5322,2022-07-12 00:18:36.700000,2022-07-12 00:18:38.200000,cal,0.06497819934137548,0.2425813279525978,0,ratio_AI1_AI2,0.010675125808591819,0.05647034325456436,0.04395005993427188,0.017438778502717096,0.34332218819953575,0.04345947871753633,0.002584787043616875,0.001924833270169775
normal_0153_00,normal,0,A,153,normal_0153,0,5404,5419,2022-07-12 00:19:17.374000,2022-07-12 00:19:18.874000,cal,0.01733359661142064,0.2425813279525978,0,ratio_AI1_AI2,0.02766254338057266,0.0005958723626545343,0.0012951660044348157,0.0012716003948133356,0.06877486653659166,0.0016822358133830057,0.03086614893047576,0.006520339468439333
normal_0153_16,normal,0,A,153,normal_0153,16,5420,5435,2022-07-12 00:19:18.974000,2022-07-12 00:19:20.474000,cal,0.10401676042692246,0.2425813279525978,0,ratio_AI1_AI2,0.0009765404688283302,0.09359442851243502,0.015052343802625018,0.01750471369836633,0.4657881902246725,0.035689219026565605,0.18452152842576555,0.019007119256121217
normal_0153_32,normal,0,A,153,normal_0153,32,5436,5451,2022-07-12 00:19:20.574000,2022-07-12 00:19:22.074000,cal,0.17335810473889085,0.2425813279525978,0,AI1_skew,0.023319608970625825,0.19353363424505998,0.04813358304351753,0.012861588713962728,0.512867979402347,0.049732184046496805,0.5393172642546025,0.0070989952345144455
normal_0176_00,normal,0,A,176,normal_0176,0,6102,6117,2022-07-12 00:22:13.849000,2022-07-12 00:22:15.349000,cal,0.08472191708096306,0.2425813279525978,0,ratio_AI1_AI2,0.0264149112106867,0.12872099098510068,0.024662843884582997,0.10702896355081395,0.25575243879622395,0.018556654571120414,0.021234147866575712,0.09540438578260009
normal_0176_16,normal,0,A,176,normal_0176,16,6118,6133,2022-07-12 00:22:15.449000,2022-07-12 00:22:16.949000,cal,0.116672112850784,0.2425813279525978,0,AI1_skew,0.10709252846752514,0.07787566330508781,0.0009983217977211612,0.07512222729887025,0.26827755059526853,0.0318576156239297,0.3088636132644529,0.06328938245341655
normal_0176_32,normal,0,A,176,normal_0176,32,6134,6149,2022-07-12 00:22:17.049000,2022-07-12 00:22:18.549000,cal,0.05594289055410825,0.2425813279525978,0,AI1_skew,0.0010642023687418279,0.040404531084987365,0.01895815739058936,0.00415363626788091,0.0271478947343076,0.01753488872862011,0.33725825748401633,0.0010215563737224845
normal_0194_00,normal,0,A,194,normal_0194,0,6724,6739,2022-07-12 00:24:37.006000,2022-07-12 00:24:38.506000,cal,0.04543797235880493,0.2425813279525978,0,AI1_skew,7.398958605360792e-05,0.013152356597495158,0.0030680652183182225,0.00048044328916779387,0.13780877263979574,0.06164591970358265,0.1468933348659003,0.0003808969701259314
normal_0194_16,normal,0,A,194,normal_0194,16,6740,6755,2022-07-12 00:24:38.606000,2022-07-12 00:24:40.106000,cal,0.05405071973327924,0.2425813279525978,0,AI1_skew,0.000603806906579938,0.0795386762600552,0.00021415354007707615,0.04048899473946429,0.07952007094094075,0.0002438798140575403,0.14697279246554457,0.08482338319951457
normal_0211_00,normal,0,A,211,normal_0211,0,7257,7272,2022-07-12 00:26:45.464000,2022-07-12 00:26:46.964000,cal,0.1535191378848835,0.2425813279525978,0,ratio_AI1_AI2,0.27285789842606023,0.003808167350325669,0.01575063152245189,0.12454570579194983,0.3786269956139096,8.676272641414836e-06,0.13365366048972704,0.29890136761200237
normal_0211_16,normal,0,A,211,normal_0211,16,7273,7288,2022-07-12 00:26:47.064000,2022-07-12 00:26:48.564000,cal,0.1355227463062094,0.2425813279525978,0,AI1_skew,0.28506030136951854,0.01383912073279553,0.022995799837341672,0.032561422606880074,0.11849616736532317,0.0004931273005557064,0.49555231853704346,0.11518371270021699
normal_0211_32,normal,0,A,211,normal_0211,32,7289,7304,2022-07-12 00:26:48.664000,2022-07-12 00:26:50.164000,cal,0.08123201175216291,0.2425813279525978,0,AI1_skew,0.07279696077458576,0.1144085738326665,0.003212202345861335,0.015275819378283066,0.0005034999116649241,0.03921539457597656,0.3144689941799266,0.08997464901833857
normal_0221_00,normal,0,A,221,normal_0221,0,7566,7581,2022-07-12 00:28:07.313000,2022-07-12 00:28:08.813000,cal,0.034992276938157305,0.2425813279525978,0,ratio_AI1_AI2,1.5256294340256735e-06,0.011096483428272859,0.004472672299935881,0.050936536038507216,0.14413125829972975,0.012696342104833091,1.6369376800802104e-08,0.056603381335168776
normal_0221_16,normal,0,A,221,normal_0221,16,7582,7597,2022-07-12 00:28:08.913000,2022-07-12 00:28:10.413000,cal,0.07019656449805099,0.2425813279525978,0,ratio_AI1_AI2,0.004443393646348001,0.003503744217446739,0.026313875181896953,0.07941758664950019,0.28540270486266717,0.047774495483787704,0.07405653194072959,0.04066018400203163
normal_0221_32,normal,0,A,221,normal_0221,32,7598,7613,2022-07-12 00:28:10.513000,2022-07-12 00:28:12.013000,cal,0.005692123424113224,0.2425813279525978,0,AI2_rms,0.0003902573527597581,0.0003692785295861641,0.0006472531919470182,0.007304007701190455,0.010957034013676328,0.0032283096161848223,0.0008310743437311376,0.021809772643830105
normal_0234_00,normal,0,A,234,normal_0234,0,7997,8012,2022-07-12 00:29:42.284000,2022-07-12 00:29:43.784000,cal,0.4782637353817858,0.2425813279525978,1,AI1_skew,0.7716216993370885,0.006151561033118124,0.10649667043518693,0.016849383194897986,0.07831682088342873,0.04044145976108285,2.796299907401499,0.0099323810079838
normal_0234_16,normal,0,A,234,normal_0234,16,8013,8028,2022-07-12 00:29:43.884000,2022-07-12 00:29:45.384000,cal,0.21221865359392866,0.2425813279525978,0,AI1_skew,0.10337108773571758,0.0963164868034318,0.0332998267383317,0.020184840235211055,0.12126724458094675,0.024269176143024387,1.2946234478656762,0.004417118649090109
normal_0234_32,normal,0,A,234,normal_0234,32,8029,8044,2022-07-12 00:29:45.484000,2022-07-12 00:29:46.984000,cal,0.08607309630093818,0.2425813279525978,0,AI1_skew,0.009599632821590808,0.02676581365515951,0.013514203345932415,0.004882546387006007,0.0003308915065024634,6.637394527716459e-05,0.6318619234459782,0.0015633853000588847
normal_0249_00,normal,0,A,249,normal_0249,0,8511,8526,2022-07-12 00:31:33.901000,2022-07-12 00:31:35.401000,cal,0.051733302604217185,0.2425813279525978,0,AI1_skew,0.009408953559873678,0.012740163143627085,2.801399576993304e-06,0.032496218878368205,0.03133223555746124,0.014562824610169445,0.3115139921749883,0.0018092315096725352
normal_0259_00,normal,0,A,259,normal_0259,0,8822,8837,2022-07-12 00:32:53.644000,2022-07-12 00:32:55.144000,cal,0.02195201386648787,0.2425813279525978,0,ratio_AI1_AI2,0.0002771965161689626,0.004534166427821473,0.013069062522920507,0.012950166081362716,0.10259573698583169,0.010271296905335197,0.010416450858288106,0.021502034634174303
normal_0259_16,normal,0,A,259,normal_0259,16,8838,8853,2022-07-12 00:32:55.244000,2022-07-12 00:32:56.744000,cal,0.017402246353156348,0.2425813279525978,0,AI1_skew,0.0017071278005803185,0.019491424253551895,0.0011971973260970859,0.0002204978510618176,0.022919605757152853,0.001525373197282695,0.0907073425490258,0.0014494020904983137
normal_0280_00,normal,0,A,280,normal_0280,0,9449,9464,2022-07-12 00:35:34.214000,2022-07-12 00:35:35.714000,cal,0.03030460125085025,0.2425813279525978,0,AI2_rms,0.050750596430175966,0.01810269509064261,0.023259793156149674,0.003214193439816457,0.05290329154925158,0.0009471316101763363,0.01405583802353028,0.07920327070705911
normal_0280_16,normal,0,A,280,normal_0280,16,9465,9480,2022-07-12 00:35:35.814000,2022-07-12 00:35:37.314000,cal,0.061443436569508236,0.2425813279525978,0,AI2_rms,0.03330130827167794,0.0011397757528042454,0.0003163808399129599,0.06215200982574042,0.16304329905376092,0.000736082220323804,0.011630288202744208,0.2192283483891014
normal_0280_32,normal,0,A,280,normal_0280,32,9481,9496,2022-07-12 00:35:37.414000,2022-07-12 00:35:38.914000,cal,0.21905936796505981,0.2425813279525978,0,AI1_skew,0.033286120141599866,0.021866559495614165,0.042827312895440034,0.2743860299731591,0.14377054832456576,0.0332861942580625,0.7292712839313665,0.4737808947006705
normal_0282_00,normal,0,A,282,normal_0282,0,9547,9562,2022-07-12 00:35:49.315000,2022-07-12 00:35:50.815000,cal,0.14955966248834596,0.2425813279525978,0,ratio_AI1_AI2,0.016869622770182908,0.12857123674941992,0.031000997461728616,0.014408985893583253,0.8341886822433,0.08841477311113832,0.08170539222540489,0.0013176094520096892
normal_0282_16,normal,0,A,282,normal_0282,16,9563,9578,2022-07-12 00:35:50.915000,2022-07-12 00:35:52.415000,cal,0.4574254146419693,0.2425813279525978,1,AI1_skew,0.7955353864565783,0.0012808273421766898,0.5736082338568703,0.0039250466478577386,0.37850446465665016,0.06966119440422304,1.833743806887635,0.0031443568837629743
normal_0283_00,normal,0,A,283,normal_0283,0,9580,9595,2022-07-12 00:35:57.296000,2022-07-12 00:35:58.796000,cal,0.01988391518268764,0.2425813279525978,0,AI1_rms,0.0016632043116430264,0.018709991046664296,0.0004058884787629514,0.006111953190324549,0.017846297409694286,0.049009911249616976,0.04361849312928349,0.02170558264551157
normal_0348_00,normal,0,A,348,normal_0348,0,11616,11631,2022-07-12 00:43:41.601000,2022-07-12 00:43:43.101000,cal,0.012602315677391458,0.2425813279525978,0,AI1_rms,0.0016673386859221314,0.006410742924019397,0.004890399184122881,0.02055948763601581,0.017315026798036245,0.03381797867989218,0.005210161272105021,0.01094739023901799
normal_0348_16,normal,0,A,348,normal_0348,16,11632,11647,2022-07-12 00:43:43.201000,2022-07-12 00:43:44.701000,cal,0.021683053126278662,0.2425813279525978,0,AI1_skew,0.028457765251122414,2.1135180682426394e-05,0.006317213799439669,0.02454957909008861,0.0005562776066371547,0.031757588475563085,0.06643530643913258,0.01536955916756335
normal_0348_32,normal,0,A,348,normal_0348,32,11648,11663,2022-07-12 00:43:44.801000,2022-07-12 00:43:46.301000,cal,0.16086949333098055,0.2425813279525978,0,AI1_skew,0.23947684794318605,0.0013070281331689203,0.023974669710807067,0.10630305854641962,0.006886749303229362,0.0370591412507418,0.802560997844152,0.06938745391613954
normal_0351_00,normal,0,A,351,normal_0351,0,11735,11750,2022-07-12 00:44:05.295000,2022-07-12 00:44:06.795000,cal,0.06911792548561366,0.2425813279525978,0,AI1_skew,0.0019871833301912177,0.09813692756599306,0.011486914520657417,0.04586040300307306,0.0009849082008302789,0.08558644022291141,0.19256062036897922,0.11634000667227354
normal_0383_00,normal,0,A,383,normal_0383,0,12743,12758,2022-07-12 00:47:59.731000,2022-07-12 00:48:01.231000,cal,0.009523568342575986,0.2425813279525978,0,AI0_rms,0.006729008931536205,0.0016717731038439737,0.0035210337179767248,0.028012517262061123,0.016665471947726718,0.0011258684723442663,0.00755097482460668,0.01091189848051219
normal_0383_16,normal,0,A,383,normal_0383,16,12759,12774,2022-07-12 00:48:01.331000,2022-07-12 00:48:02.831000,cal,0.024569498588146495,0.2425813279525978,0,AI1_skew,0.00045556571850707356,0.017127712770132034,0.001549463144814978,7.09152560062373e-05,0.006476380584322883,0.03631536004217914,0.09835442089452345,0.03620617029468618
normal_0383_32,normal,0,A,383,normal_0383,32,12775,12790,2022-07-12 00:48:02.931000,2022-07-12 00:48:04.431000,cal,0.025228554230262417,0.2425813279525978,0,AI2_rms,0.0007780499948173243,0.0663853229635643,0.021967024584155184,0.02589783542183626,0.016654162105786834,0.000924956308133779,0.0013529721104105432,0.06786811035339511
normal_0410_00,normal,0,A,410,normal_0410,0,13605,13620,2022-07-12 00:51:36.856000,2022-07-12 00:51:38.356000,cal,0.05147563691586177,0.2425813279525978,0,ratio_AI1_AI2,0.042812543743092735,0.038480411482502176,0.005993197887348984,0.019013813540865888,0.18130303645555096,0.000559613300059435,0.008920303334631906,0.11472217558284209
normal_0410_16,normal,0,A,410,normal_0410,16,13621,13636,2022-07-12 00:51:38.456000,2022-07-12 00:51:39.956000,cal,0.21009678286047223,0.2425813279525978,0,AI1_skew,0.06406586126533735,0.10986398119695606,0.029897930309522442,0.19249647562806457,0.10101957314035617,0.029151324015483097,0.9056205351624903,0.2486585821655679
normal_0410_32,normal,0,A,410,normal_0410,32,13637,13652,2022-07-12 00:51:40.056000,2022-07-12 00:51:41.556000,cal,0.06591896558579953,0.2425813279525978,0,ratio_AI1_AI2,0.020553785934305253,0.06138893290135343,0.005033266372483423,0.028996507384054102,0.26656753454434695,0.00449507535899542,0.005926453739715827,0.13439016845114188
normal_0417_00,normal,0,A,417,normal_0417,0,13803,13818,2022-07-12 00:52:32.972000,2022-07-12 00:52:34.472000,cal,0.023091085018771593,0.2425813279525978,0,AI2_kurt,0.006144425763023449,0.08632485529134146,8.91141765287927e-05,0.014081861651307358,0.008277607680995658,0.000661598370519795,0.06912718420968837,2.2033006767862743e-05
normal_0417_16,normal,0,A,417,normal_0417,16,13819,13834,2022-07-12 00:52:34.572000,2022-07-12 00:52:36.072000,cal,0.0048924792555705915,0.2425813279525978,0,AI1_skew,0.0008478001342598476,0.005122382486978183,0.0006363566578852113,0.0058214689859348474,5.183325371315976e-05,0.00016494626985274856,0.026378873627945294,0.00011617262799544158
normal_0417_32,normal,0,A,417,normal_0417,32,13835,13850,2022-07-12 00:52:36.172000,2022-07-12 00:52:37.672000,cal,0.017563088031752508,0.2425813279525978,0,AI1_skew,0.005059614259193073,0.025556456177410158,0.001397305081897057,0.0009102146884969134,0.002126801249079836,0.0010200874835552733,0.10390545509430528,0.0005287702200824581
normal_0428_00,normal,0,A,428,normal_0428,0,14194,14209,2022-07-12 00:54:00.003000,2022-07-12 00:54:01.503000,cal,0.01086787738830994,0.2425813279525978,0,AI2_period8,0.03027148378836884,0.015717426710394354,0.012855874960444628,0.0008347147830502749,0.008349246706513476,0.00014765212143435957,0.0007869196290935972,0.01797970040717999
normal_0428_16,normal,0,A,428,normal_0428,16,14210,14225,2022-07-12 00:54:01.603000,2022-07-12 00:54:03.103000,cal,0.0643219319144187,0.2425813279525978,0,ratio_AI1_AI2,0.06441181608756208,0.004694264702091961,0.016121922263714127,0.03947358529210389,0.2557065442266502,0.04340351444701281,0.07072829613904105,0.020035512157173595
normal_0428_32,normal,0,A,428,normal_0428,32,14226,14241,2022-07-12 00:54:03.203000,2022-07-12 00:54:04.703000,cal,0.030646512028441524,0.2425813279525978,0,AI1_skew,0.06649544499444802,0.038451612509751744,0.007215544094831457,6.428356034381399e-05,0.005421908522860253,0.0005900660024599183,0.11142456699172125,0.015508669551115713
normal_0438_00,normal,0,A,438,normal_0438,0,14513,14528,2022-07-12 00:55:21.168000,2022-07-12 00:55:22.668000,cal,0.02571364973134844,0.2425813279525978,0,AI2_period8,0.06417240663966488,0.02746012254888741,0.0015096507489273739,0.009007512227567377,0.026018520452018936,0.015031588158961728,0.05979954518521645,0.0027098518895433397
normal_0438_16,normal,0,A,438,normal_0438,16,14529,14544,2022-07-12 00:55:22.768000,2022-07-12 00:55:24.268000,cal,0.01571451719544973,0.2425813279525978,0,ratio_AI1_AI2,0.03963585956506006,0.003875224252717006,0.007371569238945779,0.022459140908967393,0.04055858145614512,0.011140054982904572,0.00019750287574690577,0.0004782042831110043
normal_0438_32,normal,0,A,438,normal_0438,32,14545,14560,2022-07-12 00:55:24.368000,2022-07-12 00:55:25.868000,cal,0.017304520757678278,0.2425813279525978,0,AI1_skew,0.01248111589803805,0.006596418177520293,0.0025829598787592,0.0007312140274444861,0.00042283677889873924,0.01714148480065298,0.07323483951113152,0.02524529698898095
normal_0460_00,normal,0,A,460,normal_0460,0,15229,15244,2022-07-12 00:58:17.587000,2022-07-12 00:58:19.087000,cal,0.06093797400395944,0.2425813279525978,0,AI1_skew,0.0034285963061087307,0.015047384367180427,0.02238381400153473,0.06875563169191744,0.01978954433101169,0.057295442413776355,0.2707943404957947,0.030009038424351465
normal_0460_16,normal,0,A,460,normal_0460,16,15245,15260,2022-07-12 00:58:19.187000,2022-07-12 00:58:20.687000,cal,0.009812017431267316,0.2425813279525978,0,AI0_rms,9.69886903097464e-05,0.015596925776302369,0.011811865826854662,0.01858195875305442,0.011175150849823068,0.012210335137156756,0.008513043642227444,0.0005098707744100538
normal_0460_32,normal,0,A,460,normal_0460,32,15261,15276,2022-07-12 00:58:20.787000,2022-07-12 00:58:22.287000,cal,0.180696302072562,0.2425813279525978,0,AI0_rms,0.0016275209520664018,0.008949468811744021,0.21874923215877196,0.6336835422949563,0.05553459623389439,0.017946049928255235,0.40246487027466765,0.10661513592614003
normal_0484_00,normal,0,B,484,normal_0484,0,16145,16160,2022-07-12 01:01:28.171000,2022-07-12 01:01:29.671000,cal,0.008554512467477488,0.2425813279525978,0,ratio_AI0_AI2,0.005706829326061454,0.003034641819798806,0.03110832073029375,0.007059604794125961,0.0011596792970956405,2.6056602790449015e-05,0.020282917495254838,5.8049674398990495e-05
normal_0484_16,normal,0,B,484,normal_0484,16,16161,16176,2022-07-12 01:01:29.771000,2022-07-12 01:01:31.271000,cal,0.051816658515051586,0.2425813279525978,0,ratio_AI1_AI2,0.03675654909361886,0.023983520902505887,0.00016402955990555386,0.057431488780556685,0.19090078814633754,0.02086582910506936,0.08108279338828563,0.0033482691441332132
normal_0487_00,normal,0,B,487,normal_0487,0,16276,16291,2022-07-12 01:01:52.260000,2022-07-12 01:01:53.760000,cal,0.027390475620745314,0.2425813279525978,0,AI1_skew,0.04878166694485593,0.03594679210629032,0.004069182328036208,0.01711527424038792,0.0230654834646521,0.0035870110533267256,0.08576535585164337,0.0007930389767699323
normal_0487_16,normal,0,B,487,normal_0487,16,16292,16307,2022-07-12 01:01:53.860000,2022-07-12 01:01:55.360000,cal,0.12348283445076909,0.2425813279525978,0,AI1_skew,0.22860206836933364,0.07836030212221166,0.05713988105706867,0.019159665380125583,0.27855246147738255,0.0422277274122441,0.2809236056408942,0.0028969641468923435
normal_0492_00,normal,0,B,492,normal_0492,0,16413,16428,2022-07-12 01:02:40.198000,2022-07-12 01:02:41.698000,cal,0.03524590302985588,0.2425813279525978,0,ratio_AI1_AI2,0.0234160133815075,0.06067994224140586,0.01981745038221531,0.019151015418349432,0.10979422138391251,0.013149823522039014,0.035339836332447756,0.0006189215769696455
normal_0492_16,normal,0,B,492,normal_0492,16,16429,16444,2022-07-12 01:02:41.798000,2022-07-12 01:02:43.298000,cal,1.038430218355904,0.2425813279525978,1,AI1_skew,1.7946008220175622,0.06456144972815464,0.23717018325490005,0.02716027889554727,0.2232993187009672,0.05959347263404234,5.838959684666959,0.06209653694909948
normal_0492_32,normal,0,B,492,normal_0492,32,16445,16460,2022-07-12 01:02:43.398000,2022-07-12 01:02:44.898000,cal,0.2425813279525978,0.2425813279525978,0,ratio_AI1_AI2,0.026839001358203735,0.009223869796942542,0.04249160039556345,0.03346495122018091,1.6082529741200686,0.19335084638419228,0.025170194323305164,0.0018571860223256503
normal_0497_00,normal,0,B,497,normal_0497,0,16557,16572,2022-07-12 01:03:22.041000,2022-07-12 01:03:23.541000,cal,0.027373859263079513,0.2425813279525978,0,AI2_period8,0.0543379955520036,0.03054591125099588,0.020935170050824167,0.04929896551476975,0.023364878944113016,0.0018697038441829626,0.035838455651288514,0.002799793296458228
normal_0497_16,normal,0,B,497,normal_0497,16,16573,16588,2022-07-12 01:03:23.641000,2022-07-12 01:03:25.141000,cal,0.05310232403322396,0.2425813279525978,0,ratio_AI1_AI2,0.08788250546605984,0.009263291171165549,0.030903021222203137,0.056388995293994645,0.1660121542604992,0.020688765967243016,0.05334050582195821,0.0003393530626680527
normal_0497_32,normal,0,B,497,normal_0497,32,16589,16604,2022-07-12 01:03:25.241000,2022-07-12 01:03:26.741000,cal,0.01705645946147919,0.2425813279525978,0,AI2_period8,0.0685501318079491,0.009689858089728515,0.00472640528631522,0.0028902297021943277,0.03997636121462574,0.006665973992175631,0.003639930604462724,0.00031278499438227713
normal_0511_00,normal,0,B,511,normal_0511,0,17070,17085,2022-07-12 01:05:12.740000,2022-07-12 01:05:14.240000,cal,0.15417192469366853,0.2425813279525978,0,ratio_AI1_AI2,0.0017068493271064583,0.00034207209541329745,0.005770646146877098,0.08096439605498114,1.0154852073834386,0.12498323677733235,0.0004561414941468295,0.003666848270052639
normal_0511_16,normal,0,B,511,normal_0511,16,17086,17101,2022-07-12 01:05:14.340000,2022-07-12 01:05:15.840000,cal,0.01614790657676545,0.2425813279525978,0,ratio_AI1_AI2,0.0024735603705967908,0.00013893401655991133,0.014803629019511688,0.010011270796667882,0.0731868795381473,0.0035304652471828024,0.0147405404399558,0.010297973185501432
normal_0514_00,normal,0,B,514,normal_0514,0,17147,17162,2022-07-12 01:05:45.204000,2022-07-12 01:05:46.704000,cal,0.048064122480066175,0.2425813279525978,0,ratio_AI1_AI2,0.0016040736660331307,0.023278590581636213,0.01813434248716547,0.050643260803535955,0.25826792728221204,0.02837398961074795,3.890477099739737e-05,0.004171890638201278
normal_0514_16,normal,0,B,514,normal_0514,16,17163,17178,2022-07-12 01:05:46.804000,2022-07-12 01:05:48.304000,cal,0.016074971993974372,0.2425813279525978,0,AI2_period8,0.05026659170166385,0.011619835954615259,0.0005244077869130613,0.028807611797254384,0.016179113134931176,0.00025566630623840875,0.008916691315258237,0.012029857954920595
normal_0514_32,normal,0,B,514,normal_0514,32,17179,17194,2022-07-12 01:05:48.404000,2022-07-12 01:05:49.904000,cal,0.07975675569192087,0.2425813279525978,0,ratio_AI1_AI2,0.08997877065840947,0.000567193913301506,0.0304817641022535,3.6989468996308946e-05,0.46417645560161036,0.04903694439935676,0.0025045243535481566,0.001271403037890774
normal_0533_00,normal,0,B,533,normal_0533,0,17822,17837,2022-07-12 01:08:09.198000,2022-07-12 01:08:10.698000,cal,0.009774741013502787,0.2425813279525978,0,ratio_AI1_AI2,0.00019506006409862492,0.012929779830287359,2.6472417358298407e-05,0.029687691357726895,0.03146523635133848,0.0017436269088560818,3.851950558945402e-05,0.0021115416727671126
normal_0533_16,normal,0,B,533,normal_0533,16,17838,17853,2022-07-12 01:08:10.798000,2022-07-12 01:08:12.298000,cal,0.03904890953752668,0.2425813279525978,0,ratio_AI1_AI2,0.0005489662434370611,0.010696444190932908,0.004152597196626487,0.029094014780502168,0.240395808903453,0.023103317491924524,0.0003646193223356066,0.004035508171001675
normal_0572_00,normal,0,A,572,normal_0572,0,19096,19111,2022-07-12 01:13:07.457000,2022-07-12 01:13:08.957000,cal,0.0113533928005557,0.2425813279525978,0,AI2_period8,0.030762907576144954,0.0001258960752309247,0.001850198887028136,0.02361527057965993,0.021810775852881374,0.0013569909549732279,0.010627653877109424,0.00067744860141763
normal_0581_00,normal,0,A,581,normal_0581,0,19377,19392,2022-07-12 01:14:28.769000,2022-07-12 01:14:30.269000,cal,0.05351917770705947,0.2425813279525978,0,AI2_kurt,0.09208235410989282,0.25768339912661725,0.0037216587067712445,0.014125806936506889,0.03884653138575374,6.691928378082112e-05,0.003509994182888322,0.018116757924264724
normal_0581_16,normal,0,A,581,normal_0581,16,19393,19408,2022-07-12 01:14:30.369000,2022-07-12 01:14:31.869000,cal,0.04671284751377819,0.2425813279525978,0,ratio_AI1_AI2,0.020092985655223605,0.04188100849292293,0.027842113368593092,0.009585799954840251,0.22533016491578467,0.023717105245752157,0.024686595504475776,0.0005670069726330682
normal_0581_32,normal,0,A,581,normal_0581,32,19409,19424,2022-07-12 01:14:31.969000,2022-07-12 01:14:33.469000,cal,0.12934096400997727,0.2425813279525978,0,AI1_skew,0.2459323882024661,0.02899531821024868,0.021290996176580503,0.00019158646090324972,9.656378577490686e-06,0.008705414139944316,0.7100898192028761,0.019512533308221797
normal_0582_00,normal,0,A,582,normal_0582,0,19427,19442,2022-07-12 01:14:35.252000,2022-07-12 01:14:36.752000,cal,0.0757398536241339,0.2425813279525978,0,AI1_skew,0.005918175886085482,0.004666142613536766,0.0390784703116487,0.0012278310693010694,0.258440585469804,0.03311680085471539,0.2629764887614022,0.0004943340265776262
normal_0582_16,normal,0,A,582,normal_0582,16,19443,19458,2022-07-12 01:14:36.852000,2022-07-12 01:14:38.352000,cal,0.06557067012943468,0.2425813279525978,0,AI1_skew,0.14097237325842754,0.09957137516023318,0.060917991353536344,0.05670253679622395,6.243176010186064e-05,0.0008716291785309556,0.16546521924389315,1.8042845304946986e-06
normal_0582_32,normal,0,A,582,normal_0582,32,19459,19474,2022-07-12 01:14:38.452000,2022-07-12 01:14:39.952000,cal,0.0644223382716235,0.2425813279525978,0,AI2_kurt,0.029956317474199558,0.20714281293758235,0.015365920311252898,0.045068769254716534,0.0008472544631736746,0.0006723364977328476,0.1934694276106724,0.022855867623657652
normal_0007_00,normal,0,A,7,normal_0007,0,262,277,2022-07-12 00:00:55.468000,2022-07-12 00:00:56.968000,test,0.021950573272864524,0.2425813279525978,0,AI1_skew,0.00705264692441967,0.0031463017479913145,0.02117408939440624,0.02217338921446532,0.020980562669814094,0.00288104154669741,0.080291154408702,0.017905400276420128
normal_0007_16,normal,0,A,7,normal_0007,16,278,293,2022-07-12 00:00:57.068000,2022-07-12 00:00:58.568000,test,0.06374186811518233,0.2425813279525978,0,AI2_rms,0.05474827378469724,0.024163909480963253,0.027480787750800054,0.10360357315573504,0.1052138614615418,0.0002813918654271503,0.05642909353613678,0.13801405388615728
normal_0017_00,normal,0,A,17,normal_0017,0,621,636,2022-07-12 00:02:15.921000,2022-07-12 00:02:17.421000,test,0.04776843952024319,0.2425813279525978,0,ratio_AI1_AI2,0.0016024879790100467,0.006131225763584704,9.0782521929692e-05,0.0006731817158387342,0.28786630704094507,0.030572025557425716,0.05434353802318518,0.0008679675600264334
normal_0017_16,normal,0,A,17,normal_0017,16,637,652,2022-07-12 00:02:17.521000,2022-07-12 00:02:19.021000,test,0.006534449955369447,0.2425813279525978,0,AI1_skew,0.001129941065082032,0.006795408308298773,0.010369032378777907,0.007294013115550439,0.0014027203993142237,4.8460614688120676e-05,0.02319353659059273,0.002042487170651352
normal_0018_00,normal,0,A,18,normal_0018,0,657,672,2022-07-12 00:02:23.876000,2022-07-12 00:02:25.376000,test,0.014138978430298328,0.2425813279525978,0,AI1_skew,0.014993506234472074,9.489143022315376e-05,0.001012682743483218,8.453102363329016e-09,0.031300968590641326,0.007327230415864579,0.05802467732909812,0.0003578622455017801
normal_0018_16,normal,0,A,18,normal_0018,16,673,688,2022-07-12 00:02:25.476000,2022-07-12 00:02:26.976000,test,0.0038487838476402732,0.2425813279525978,0,AI2_period8,0.010996061874412542,3.3032782154627926e-06,4.967530671235244e-05,0.0006019631245564037,0.010514760889201143,0.00023055967507255596,0.005292280844203518,0.0031016657887482065
normal_0019_00,normal,0,A,19,normal_0019,0,693,708,2022-07-12 00:02:31.936000,2022-07-12 00:02:33.436000,test,0.14236655676380475,0.2425813279525978,0,ratio_AI1_AI2,0.03489623318445689,0.01647100373037456,0.01738834741719553,0.009971135099040058,0.9197114656757887,0.10402698849598549,0.01931055044092088,0.017156730066675778
normal_0027_00,normal,0,A,27,normal_0027,0,923,938,2022-07-12 00:03:44.676000,2022-07-12 00:03:46.176000,test,0.1040240091116987,0.2425813279525978,0,ratio_AI1_AI2,0.01939191301186125,0.04596160720586452,0.04837514329529022,0.0002972103013289394,0.4596714113469983,0.05771637754832152,0.1934039596907905,0.007374450493134504
normal_0027_16,normal,0,A,27,normal_0027,16,939,954,2022-07-12 00:03:46.276000,2022-07-12 00:03:47.776000,test,0.1728016234890766,0.2425813279525978,0,ratio_AI1_AI2,6.165191521613947e-05,0.04230402152589197,0.1438861180049396,0.03640133687835759,0.8838923006732845,0.12633040980827484,0.14711917224895854,0.002417976857689642
normal_0027_32,normal,0,A,27,normal_0027,32,955,970,2022-07-12 00:03:47.876000,2022-07-12 00:03:49.376000,test,0.04053538463587998,0.2425813279525978,0,ratio_AI1_AI2,0.02157340517872701,0.025188602382762753,0.03571762765325986,0.0004946648863328246,0.11912702677513538,0.013255051037709398,0.10415845394254719,0.004768245230565404
normal_0028_00,normal,0,A,28,normal_0028,0,973,988,2022-07-12 00:03:52.544000,2022-07-12 00:03:54.044000,test,0.12646826504691885,0.2425813279525978,0,AI1_skew,0.10547991230699355,0.23320611243364947,0.000611630626778546,0.01403003510977607,0.2700597792628432,0.006479095616490641,0.33953442290984753,0.042345132108971874
normal_0028_16,normal,0,A,28,normal_0028,16,989,1004,2022-07-12 00:03:54.144000,2022-07-12 00:03:55.644000,test,0.09870116305491988,0.2425813279525978,0,ratio_AI1_AI2,0.07280027138442173,0.2501956120888604,0.0013977110062248746,0.014657523140298506,0.27663327071710847,0.008991739288587609,0.12087402639885517,0.04405915041500236
normal_0028_32,normal,0,A,28,normal_0028,32,1005,1020,2022-07-12 00:03:55.744000,2022-07-12 00:03:57.244000,test,0.10683585154903089,0.2425813279525978,0,ratio_AI1_AI2,0.039572442630676455,0.29934756516018163,0.015453482187121491,0.0059717997177155015,0.4169212435249153,0.025282285186066525,4.830359889572069e-05,0.05208969038667446
normal_0041_00,normal,0,A,41,normal_0041,0,1331,1346,2022-07-12 00:05:22.496000,2022-07-12 00:05:23.996000,test,0.05748767370971352,0.2425813279525978,0,AI1_skew,0.09733037969978173,0.012520577118286554,0.0015186015292986566,0.00015094850467286603,0.1224077079155768,0.0028582512066331824,0.2045668018271882,0.01854812187627017
normal_0041_16,normal,0,A,41,normal_0041,16,1347,1362,2022-07-12 00:05:24.096000,2022-07-12 00:05:25.596000,test,0.12748076990635346,0.2425813279525978,0,AI1_skew,0.15969450316253478,0.153302740400958,0.0063748202788795035,0.008597557945648485,0.30663415037328795,0.011833568410131286,0.3465146664369984,0.026894152242389145
normal_0041_32,normal,0,A,41,normal_0041,32,1363,1378,2022-07-12 00:05:25.696000,2022-07-12 00:05:27.196000,test,0.0568287147220455,0.2425813279525978,0,AI1_skew,0.05190233121157856,1.4546594544950665e-05,0.027820274174185547,0.0023513917949948377,0.009119781109811114,3.2911962074051226e-06,0.3446088924160918,0.01880920927894983
normal_0044_00,normal,0,A,44,normal_0044,0,1474,1489,2022-07-12 00:05:44.604000,2022-07-12 00:05:46.104000,test,0.028179621934597304,0.2425813279525978,0,ratio_AI1_AI2,0.003058820146274913,0.022477311035155944,0.003460339242382364,0.05977948508855805,0.06135528823645503,0.0009006757845451913,0.044362386119456906,0.03004266982395003
normal_0045_00,normal,0,A,45,normal_0045,0,1503,1518,2022-07-12 00:05:52.492000,2022-07-12 00:05:53.992000,test,0.11411842115422566,0.2425813279525978,0,ratio_AI1_AI2,0.07401052550571224,0.007861615558715038,0.10455069148184912,0.004936911229586091,0.43945756218385496,0.07676886443250094,0.19493365090285159,0.010427547938735248
normal_0047_00,normal,0,A,47,normal_0047,0,1525,1540,2022-07-12 00:06:02.560000,2022-07-12 00:06:04.060000,test,0.022251592830538965,0.2425813279525978,0,ratio_AI1_AI2,7.937438432305479e-07,0.03138175309543446,0.004637136449941111,0.0062925079001588625,0.0885626759767826,0.03740032519697882,0.006398058932782445,0.003339491348390195
normal_0047_16,normal,0,A,47,normal_0047,16,1541,1556,2022-07-12 00:06:04.160000,2022-07-12 00:06:05.660000,test,0.05582591482304323,0.2425813279525978,0,ratio_AI1_AI2,0.014625377360557404,0.039441227298409404,0.013641387241132754,0.00106384298735991,0.16732819601876092,0.09305973699024402,0.11743371945792042,1.3831229961025256e-05
normal_0047_32,normal,0,A,47,normal_0047,32,1557,1572,2022-07-12 00:06:05.760000,2022-07-12 00:06:07.260000,test,0.03687085836035989,0.2425813279525978,0,ratio_AI1_AI2,0.03313986939162838,0.0024780559919518933,0.005972256296633609,0.0287650577240918,0.15126602744421452,0.05448701257093056,0.017540383628520232,0.0013182038349080787
normal_0052_00,normal,0,A,52,normal_0052,0,1737,1752,2022-07-12 00:06:36.231000,2022-07-12 00:06:37.731000,test,0.24911323958472792,0.2425813279525978,1,AI1_skew,0.11701879359531146,0.15441058856830933,0.03543047485206523,0.0038813237071266857,0.10670621501300794,0.05081458252953679,1.517210580656002,0.007433357756463961
normal_0052_16,normal,0,A,52,normal_0052,16,1753,1768,2022-07-12 00:06:37.831000,2022-07-12 00:06:39.331000,test,0.3843058014837953,0.2425813279525978,1,AI1_skew,0.29909516608868036,0.003979799561957832,0.0010148346511336902,0.10785816384698421,0.11892669659792296,0.19829825710826218,1.6655172880814095,0.6797562059340114
normal_0052_32,normal,0,A,52,normal_0052,32,1769,1784,2022-07-12 00:06:39.431000,2022-07-12 00:06:40.931000,test,0.039789807554143054,0.2425813279525978,0,ratio_AI1_AI2,0.0029250082055121947,0.05163071100248009,0.010040695067878542,4.4411334380542866e-05,0.13334024193719632,0.0009880963103586409,0.07184969947154633,0.047499597103791785
normal_0054_00,normal,0,A,54,normal_0054,0,1837,1852,2022-07-12 00:06:49.646000,2022-07-12 00:06:51.146000,test,0.030705374288675716,0.2425813279525978,0,AI2_period8,0.10851002226171032,0.059856144109284616,0.004517139512831335,0.010354871953502773,0.012287734821582255,0.0013601895744923586,0.04867593303123749,8.095904476459097e-05
normal_0054_16,normal,0,A,54,normal_0054,16,1853,1868,2022-07-12 00:06:51.246000,2022-07-12 00:06:52.746000,test,0.1621794289649476,0.2425813279525978,0,AI1_skew,0.08489798217919053,0.015956887739121243,0.0012809288369414738,0.00032252708991411014,0.17244825813090095,0.04139373307127806,0.9304614263011272,0.05067368837110718
normal_0054_32,normal,0,A,54,normal_0054,32,1869,1884,2022-07-12 00:06:52.846000,2022-07-12 00:06:54.346000,test,0.05407633149632356,0.2425813279525978,0,ratio_AI1_AI2,0.029103269075069015,0.030224648004366465,0.08660046475707084,2.6920763555118306e-06,0.2406628674565493,0.03371219979257054,0.010783465664377758,0.0015210451442289792
normal_0060_00,normal,0,A,60,normal_0060,0,2137,2152,2022-07-12 00:07:32.847000,2022-07-12 00:07:34.347000,test,0.08668149153709856,0.2425813279525978,0,AI1_skew,0.12079666926148001,0.0479513892076411,0.009414347223317793,0.03641921287853595,0.19714349575840534,0.0047675945041948786,0.20810772184460094,0.06885150161861246
normal_0060_16,normal,0,A,60,normal_0060,16,2153,2168,2022-07-12 00:07:34.447000,2022-07-12 00:07:35.947000,test,0.25099817230957494,0.2425813279525978,1,AI1_skew,0.1372449768589931,0.031302692252108695,0.15913538130209756,0.04342261775665734,0.13949511314556795,0.04378972611995913,1.45352470602361,7.016501760570486e-05
normal_0060_32,normal,0,A,60,normal_0060,32,2169,2184,2022-07-12 00:07:36.047000,2022-07-12 00:07:37.547000,test,0.21586322138625882,0.2425813279525978,0,AI1_skew,0.09579491036880454,0.02470639133289315,0.10933964017533679,0.06783965062699013,0.13541213371134642,0.017391214683798756,1.266909188596869,0.009512641594031684
normal_0068_00,normal,0,A,68,normal_0068,0,2537,2552,2022-07-12 00:08:33.206000,2022-07-12 00:08:34.706000,test,0.027551510513564595,0.2425813279525978,0,ratio_AI1_AI2,0.0001241572013244701,0.002281682126058584,0.0004889116787099606,0.041965122059638905,0.12736943236563994,0.02716648967992425,0.013896963109669772,0.007119325887550905
normal_0068_16,normal,0,A,68,normal_0068,16,2553,2568,2022-07-12 00:08:34.806000,2022-07-12 00:08:36.306000,test,0.022559740298049843,0.2425813279525978,0,ratio_AI1_AI2,0.005713474684724668,0.01816333672153908,0.015878199004814117,0.003168536298280086,0.09836776233811138,0.03780666823527699,0.00061597552413484,0.000763969577517593
normal_0068_32,normal,0,A,68,normal_0068,32,2569,2584,2022-07-12 00:08:36.406000,2022-07-12 00:08:37.906000,test,0.10185281597674045,0.2425813279525978,0,ratio_AI1_AI2,0.041208942768748036,0.001178762816445771,0.0003310875677332783,0.11700307583109272,0.4676862720647059,0.06516102010467537,0.006354406229052657,0.11589896043146976
normal_0090_00,normal,0,A,90,normal_0090,0,3407,3422,2022-07-12 00:11:16.040000,2022-07-12 00:11:17.540000,test,0.015029940266334366,0.2425813279525978,0,ratio_AI1_AI2,0.008991059542389325,0.011788543144753008,0.0009643363077409292,0.02570681268265564,0.02743175102246858,0.0002540253959958045,0.02379627012597588,0.021306723908695764
normal_0090_16,normal,0,A,90,normal_0090,16,3423,3438,2022-07-12 00:11:17.640000,2022-07-12 00:11:19.140000,test,0.05355470576246267,0.2425813279525978,0,AI1_skew,0.03967497154232158,0.007194856282507911,0.0007204818596972355,0.01711498146808487,0.10135456209864843,0.028365903711003396,0.23378864941848138,0.00022323971895661052
normal_0090_32,normal,0,A,90,normal_0090,32,3439,3454,2022-07-12 00:11:19.240000,2022-07-12 00:11:20.740000,test,0.04738651138645164,0.2425813279525978,0,ratio_AI1_AI2,0.021924185752277288,0.007804193897229956,7.038512925092538e-06,0.0009666043434099856,0.20505123052996432,0.014894535525818327,0.10521068056736477,0.023233621962623383
normal_0115_00,normal,0,A,115,normal_0115,0,4276,4291,2022-07-12 00:14:35.936000,2022-07-12 00:14:37.436000,test,0.014064158620092642,0.2425813279525978,0,ratio_AI1_AI2,0.03600545353086158,0.019461703478947875,0.001224198850455138,0.0006266584788578284,0.041542053220982866,0.00418184848208307,0.007332087294053085,0.002139265624499708
normal_0121_00,normal,0,A,121,normal_0121,0,4449,4464,2022-07-12 00:15:15.740000,2022-07-12 00:15:17.240000,test,0.10209847752094071,0.2425813279525978,0,AI1_skew,0.20265046302877576,0.007523614673053747,0.0037961367627422672,0.0004072955735716727,0.002328839253334591,0.0012152391858501795,0.5977923337282505,0.0010738979619470573
normal_0121_16,normal,0,A,121,normal_0121,16,4465,4480,2022-07-12 00:15:17.340000,2022-07-12 00:15:18.840000,test,0.1745966381071303,0.2425813279525978,0,AI1_skew,0.48036204074610117,0.002371535420355327,0.000146912540705272,0.003555930968217031,0.13646435259045092,0.018116204337264474,0.7383726322256229,0.017383496028325365
normal_0125_00,normal,0,A,125,normal_0125,0,4545,4560,2022-07-12 00:15:41.948000,2022-07-12 00:15:43.448000,test,0.1095428537979613,0.2425813279525978,0,ratio_AI1_AI2,0.008113931848522531,0.00017336198038616003,1.839559285965491e-05,0.051856477351372,0.4757192085458624,0.06904861875639637,0.1199546382526218,0.15145819805566949
normal_0125_16,normal,0,A,125,normal_0125,16,4561,4576,2022-07-12 00:15:43.548000,2022-07-12 00:15:45.048000,test,0.0878195425903586,0.2425813279525978,0,AI2_rms,0.10023787782907198,0.030727828251792443,0.004851106893907037,0.09021529818279253,0.16658907961180247,0.0004584996798686427,0.04119385230678433,0.26828279796684934
normal_0125_32,normal,0,A,125,normal_0125,32,4577,4592,2022-07-12 00:15:45.148000,2022-07-12 00:15:46.648000,test,0.08076125646159851,0.2425813279525978,0,ratio_AI1_AI2,0.04160302755377482,0.042201179986399544,0.09142108103491746,0.16128903790787258,0.1683930268909947,0.002821733399941161,0.03463412808681881,0.10372683683206897
normal_0129_00,normal,0,A,129,normal_0129,0,4729,4744,2022-07-12 00:16:11.955000,2022-07-12 00:16:13.455000,test,0.259823571664216,0.2425813279525978,1,ratio_AI1_AI2,0.14162411506502573,0.2940155117221278,0.12714888619902937,0.14581458558560567,0.6590210190133914,0.10061297533944695,0.5755398975761188,0.03481158281298209
normal_0131_00,normal,0,A,131,normal_0131,0,4756,4771,2022-07-12 00:16:29.364000,2022-07-12 00:16:30.864000,test,0.013924044769197733,0.2425813279525978,0,AI2_period8,0.04123946294154996,0.026590476739947782,0.0026241846953490833,0.002440942466425225,0.0005414900332434294,0.0007321429631542911,0.029463040340402712,0.007760617973509389
normal_0131_16,normal,0,A,131,normal_0131,16,4772,4787,2022-07-12 00:16:30.964000,2022-07-12 00:16:32.464000,test,0.014726367144114733,0.2425813279525978,0,AI2_kurt,0.02291406685142891,0.0465262610201938,0.001106029322754692,0.01091782480424594,0.012507926043422159,0.0007836078005310544,0.022291320019222082,0.000763901291119218
normal_0131_32,normal,0,A,131,normal_0131,32,4788,4803,2022-07-12 00:16:32.564000,2022-07-12 00:16:34.064000,test,0.03925254170179881,0.2425813279525978,0,ratio_AI1_AI2,0.038918199176009256,0.10357460705290636,0.016181206625905695,0.00028887977131396536,0.10779408393051344,0.014294780740731006,0.024420814373671374,0.008547761943339366
normal_0134_00,normal,0,A,134,normal_0134,0,4890,4905,2022-07-12 00:16:52.351000,2022-07-12 00:16:53.851000,test,0.10143009376782745,0.2425813279525978,0,AI2_period8,0.29381149745271035,0.27655758869360975,0.001990492016645298,0.009121024072103991,0.1880952792795453,0.025529249986887128,0.016030687384998975,0.00030493125611885213
normal_0158_00,normal,0,A,158,normal_0158,0,5560,5575,2022-07-12 00:19:57.844000,2022-07-12 00:19:59.344000,test,0.009116186801595424,0.2425813279525978,0,ratio_AI1_AI2,0.02002065066159128,0.002598123621423524,0.0006467118693116972,0.003774603838768277,0.033326420486960065,0.004694719804016984,0.0059046897250805575,0.001963574405611004
normal_0158_16,normal,0,A,158,normal_0158,16,5576,5591,2022-07-12 00:19:59.444000,2022-07-12 00:20:00.944000,test,0.10615683407921034,0.2425813279525978,0,AI1_skew,0.006316262694008426,0.02598506752041918,0.0008438684718193591,0.05082333846290954,0.050573798193184145,0.019336888260568442,0.6935844814585553,0.001790967572218201
normal_0158_32,normal,0,A,158,normal_0158,32,5592,5607,2022-07-12 00:20:01.044000,2022-07-12 00:20:02.544000,test,0.004589376171324527,0.2425813279525978,0,AI2_kurt,0.007416680504019833,0.014001635156419487,0.001596465630732785,0.006729210206419639,0.001712116876632309,0.0029193964296181244,0.001964261554284171,0.0003752430124698587
normal_0167_00,normal,0,A,167,normal_0167,0,5864,5879,2022-07-12 00:21:08.408000,2022-07-12 00:21:09.908000,test,0.2840310990004611,0.2425813279525978,1,ratio_AI1_AI2,0.24730328128246798,0.19756452451921483,0.11362416105004396,0.09416479059013094,1.4547035184178705,0.14559835256506926,0.01908597885000512,0.0002041847288863035
normal_0169_00,normal,0,A,169,normal_0169,0,5890,5905,2022-07-12 00:21:25.804000,2022-07-12 00:21:27.304000,test,0.2242546134864599,0.2425813279525978,0,AI2_period8,0.5194480020082218,0.33369783282494947,0.12310186291567521,0.13805907118750332,0.28100791341591325,0.012635565694167235,0.37938621906198905,0.006700440783259951
normal_0169_16,normal,0,A,169,normal_0169,16,5906,5921,2022-07-12 00:21:27.404000,2022-07-12 00:21:28.904000,test,0.050531985074916796,0.2425813279525978,0,AI1_skew,0.014422640280843998,0.003931679254268614,0.037850483763680325,0.0027254274656936086,0.11433666210009315,0.01685986167293862,0.21402840990082336,0.00010071616099271085
normal_0169_32,normal,0,A,169,normal_0169,32,5922,5937,2022-07-12 00:21:29.004000,2022-07-12 00:21:30.504000,test,0.08860627153548042,0.2425813279525978,0,AI1_skew,0.06735561035175727,0.036275112220461855,0.07536443447376613,0.016772828418605668,0.12816497716348968,0.015815604782816933,0.3602874547685236,0.008814150104422243
normal_0171_00,normal,0,A,171,normal_0171,0,5982,5997,2022-07-12 00:21:41.500000,2022-07-12 00:21:43,test,0.0526181168579433,0.2425813279525978,0,AI1_skew,0.0002948883037064312,0.0515076004769611,0.0038480757468713368,0.0982227026450248,0.03707582638959788,1.518329864055575e-05,0.19186056576684296,0.03812009223590135
normal_0175_00,normal,0,A,175,normal_0175,0,6052,6067,2022-07-12 00:22:07.078000,2022-07-12 00:22:08.578000,test,0.02297459052682024,0.2425813279525978,0,AI2_period8,0.055126919798754,0.030269153827394726,0.0032885567242645843,0.0019255839414726377,0.031302713361335804,0.0018040788436901772,0.012156489640000778,0.04792322807764922
normal_0175_16,normal,0,A,175,normal_0175,16,6068,6083,2022-07-12 00:22:08.678000,2022-07-12 00:22:10.178000,test,0.09427800371770399,0.2425813279525978,0,ratio_AI1_AI2,0.0057120581381887294,0.001991834402351547,0.006204475078169178,0.07521662668908692,0.42705242077340894,0.02120376750076449,0.0792064119016818,0.1376364352579803
normal_0175_32,normal,0,A,175,normal_0175,32,6084,6099,2022-07-12 00:22:10.278000,2022-07-12 00:22:11.778000,test,0.5572396022119682,0.2425813279525978,1,AI1_skew,0.25840613991099143,0.08095162615174926,0.0037481822376400154,0.022429326169661614,0.019060367687255223,0.11399233807953531,3.789142874077233,0.1701859633816799
normal_0198_00,normal,0,A,198,normal_0198,0,6819,6834,2022-07-12 00:25:10.148000,2022-07-12 00:25:11.648000,test,0.0584596975053845,0.2425813279525978,0,ratio_AI1_AI2,0.016992813646408433,9.437820066504962e-05,0.0007428527797913545,0.05416729442389341,0.19880968001937777,0.002827298585258974,0.06235079936743904,0.131692463020242
normal_0198_16,normal,0,A,198,normal_0198,16,6835,6850,2022-07-12 00:25:11.748000,2022-07-12 00:25:13.248000,test,0.07881694672693496,0.2425813279525978,0,ratio_AI1_AI2,0.014002337636081125,0.030606355517154456,0.0084979796686219,0.10552510775192243,0.3356297446495333,0.026176333121240573,0.01416074407193791,0.09593697139898796
normal_0198_32,normal,0,A,198,normal_0198,32,6851,6866,2022-07-12 00:25:13.348000,2022-07-12 00:25:14.848000,test,0.02727871474666593,0.2425813279525978,0,ratio_AI1_AI2,0.003568546274299836,0.019121255442435224,5.103603233551435e-05,0.0003908859982352127,0.12495102894756425,0.018230947124686755,0.02974017924395489,0.02217583890981574
normal_0201_00,normal,0,A,201,normal_0201,0,6951,6966,2022-07-12 00:25:33.044000,2022-07-12 00:25:34.544000,test,0.04397618579873753,0.2425813279525978,0,AI2_rms,0.030740000114875283,0.03221589814321497,0.00012769287453255897,0.007086564809260766,0.007080870796439369,0.038554471148352275,0.07185592070974901,0.164148067793476
normal_0206_00,normal,0,A,206,normal_0206,0,7112,7127,2022-07-12 00:26:13.208000,2022-07-12 00:26:14.708000,test,0.25472292175208605,0.2425813279525978,1,AI1_skew,0.758665107642118,0.15319018757613279,0.02347850005726961,0.0014328169109520282,0.16730955886007304,0.0032688850738323227,0.8459545200768178,0.08448379781949256
normal_0218_00,normal,0,A,218,normal_0218,0,7490,7505,2022-07-12 00:27:41.443000,2022-07-12 00:27:42.943000,test,0.16887866833013965,0.2425813279525978,0,ratio_AI1_AI2,0.21606011748104711,0.241580490961146,0.019992697032673885,0.04160575854648211,0.6980474014384312,0.08218101962356493,0.045642106577470296,0.005919754980301625
normal_0218_16,normal,0,A,218,normal_0218,16,7506,7521,2022-07-12 00:27:43.043000,2022-07-12 00:27:44.543000,test,0.05885197016389295,0.2425813279525978,0,AI2_kurt,0.15843062465114488,0.27287434675497846,0.002140517026431462,0.0010245608751060285,0.010598863468130798,0.00183382411264354,0.020688257756354394,0.003224766666354074
normal_0228_00,normal,0,A,228,normal_0228,0,7802,7817,2022-07-12 00:29:02.224000,2022-07-12 00:29:03.724000,test,0.031179035513407664,0.2425813279525978,0,AI1_skew,0.0716203554358593,0.005504209283281855,0.00039875134453048555,0.010958658528165879,0.00010494000219380809,0.0023525924125970786,0.15849271082893646,6.627169645802899e-08
normal_0228_16,normal,0,A,228,normal_0228,16,7818,7833,2022-07-12 00:29:03.824000,2022-07-12 00:29:05.324000,test,0.02196245398710139,0.2425813279525978,0,AI0_rms,0.01344980991278218,0.0007469315080295085,0.033864763923802915,0.08075227304840164,0.00528302574361359,0.0011868455220115743,0.014490604071881906,0.02592537816628781
normal_0228_32,normal,0,A,228,normal_0228,32,7834,7849,2022-07-12 00:29:05.424000,2022-07-12 00:29:06.924000,test,0.02280605349316454,0.2425813279525978,0,AI1_skew,0.03051645654803349,0.003911355376373199,0.001201537638774426,0.0013755757517462282,0.03168661760700875,0.018749200526612785,0.09242938883817034,0.002578295658597105
normal_0239_00,normal,0,A,239,normal_0239,0,8132,8147,2022-07-12 00:30:15.875000,2022-07-12 00:30:17.375000,test,0.0428107398623836,0.2425813279525978,0,AI1_skew,0.013459412418405113,0.06118897268112424,0.043180960717857285,0.005485538157078758,0.06384539971685482,0.03293345771929804,0.1158265810895535,0.00656559639889708
normal_0239_16,normal,0,A,239,normal_0239,16,8148,8163,2022-07-12 00:30:17.475000,2022-07-12 00:30:18.975000,test,0.030927761961261954,0.2425813279525978,0,AI1_skew,0.0007333792416874962,0.025431555134815896,0.010170873876614618,0.00979664594492748,0.07314134437222039,0.016020612402873613,0.11169806945229575,0.0004296152646603699
normal_0239_32,normal,0,A,239,normal_0239,32,8164,8179,2022-07-12 00:30:19.075000,2022-07-12 00:30:20.575000,test,0.018336599647349936,0.2425813279525978,0,ratio_AI1_AI2,0.020022600727675977,0.02294590931391747,0.0013940337890522814,0.0017781007512193408,0.04909012944299957,0.012241505148463696,0.038367974908922686,0.0008525430965484797
normal_0243_00,normal,0,A,243,normal_0243,0,8304,8319,2022-07-12 00:30:46.032000,2022-07-12 00:30:47.532000,test,0.011295488626759373,0.2425813279525978,0,ratio_AI1_AI2,0.003333396763063,0.0061467672193056344,0.009306866063713374,0.014745000861259627,0.03212419096364822,0.000860357885951903,0.022825176123550214,0.00102215313358301
normal_0245_00,normal,0,A,245,normal_0245,0,8326,8341,2022-07-12 00:31:02.945000,2022-07-12 00:31:04.445000,test,0.02643009202220887,0.2425813279525978,0,ratio_AI1_AI2,0.022977875999749018,0.010308920883224389,0.029269638400170897,0.020119364827525753,0.09894989424905734,0.019193295532299915,0.00816808961197881,0.0024536566736648095
normal_0245_16,normal,0,A,245,normal_0245,16,8342,8357,2022-07-12 00:31:04.545000,2022-07-12 00:31:06.045000,test,0.01386645328324812,0.2425813279525978,0,AI2_period8,0.08239762711185804,0.01567849316800439,0.00016219415620304106,0.003237196394048072,0.006518196115829212,0.00010539418885743632,0.00040715363209039917,0.002425371499094372
normal_0245_32,normal,0,A,245,normal_0245,32,8358,8373,2022-07-12 00:31:06.145000,2022-07-12 00:31:07.645000,test,0.063366206407788,0.2425813279525978,0,ratio_AI1_AI2,0.015821265788899145,1.393470648521586e-06,0.001614302540042445,0.00613687103901898,0.4206523476308124,0.0445927746262045,0.01801625251454478,9.444365213325421e-05
normal_0261_00,normal,0,A,261,normal_0261,0,8873,8888,2022-07-12 00:33:09.576000,2022-07-12 00:33:11.076000,test,0.032430390812737,0.2425813279525978,0,AI1_skew,0.015261756682375432,0.004868905431376423,0.006257352474835892,0.05713751351939897,0.002909235794461413,0.003094903434944994,0.13932643765619757,0.03058702150830531
normal_0267_00,normal,0,A,267,normal_0267,0,9050,9065,2022-07-12 00:33:57.398000,2022-07-12 00:33:58.898000,test,0.01529201189550823,0.2425813279525978,0,AI1_skew,0.0006741601736409199,0.02411870579104708,0.0016262141380217765,0.0023977212839259884,0.017702876027167778,0.0030246885753722093,0.07241598355861636,0.0003757456162737104
normal_0300_00,normal,0,A,300,normal_0300,0,10133,10148,2022-07-12 00:37:57.236000,2022-07-12 00:37:58.736000,test,0.12438828885789352,0.2425813279525978,0,AI1_skew,0.15407550736369974,0.00394515098611099,0.0004509189900378601,0.046016941713547845,0.02397030342835129,0.09092162910762241,0.3498538966167907,0.3258719626569872
normal_0300_16,normal,0,A,300,normal_0300,16,10149,10164,2022-07-12 00:37:58.836000,2022-07-12 00:38:00.336000,test,0.06232211126456188,0.2425813279525978,0,AI2_rms,0.0227423774570987,0.022152880209565653,0.03545067263505988,0.1017990744598301,0.09539639540503639,0.015201174061563183,0.051196058883255964,0.15463825700508518
normal_0304_00,normal,0,A,304,normal_0304,0,10248,10263,2022-07-12 00:38:29.302000,2022-07-12 00:38:30.802000,test,0.05673884089002623,0.2425813279525978,0,AI1_skew,0.09827030856704702,0.03883573770170158,0.006861963383477657,0.00434104099680915,0.026073899882774403,0.01294834719485871,0.2636847952838225,0.0028946341097188066
normal_0304_16,normal,0,A,304,normal_0304,16,10264,10279,2022-07-12 00:38:30.902000,2022-07-12 00:38:32.402000,test,0.030695493380616237,0.2425813279525978,0,AI2_kurt,0.07560767044197009,0.08475394960626628,0.00010691844855214803,0.0006199127757154058,0.030509715105685082,0.0002990663490406129,0.04957442929443058,0.0040922850232696885
normal_0304_32,normal,0,A,304,normal_0304,32,10280,10295,2022-07-12 00:38:32.502000,2022-07-12 00:38:34.002000,test,0.3037090673789728,0.2425813279525978,1,ratio_AI1_AI2,0.04492637030711134,0.0020082573320994697,0.07189687796743825,0.08663216265842319,1.717790282941582,0.2238752957814906,0.28173946730835614,0.0008038247352810975
normal_0338_00,normal,0,A,338,normal_0338,0,11323,11338,2022-07-12 00:42:37.291000,2022-07-12 00:42:38.791000,test,0.34259279265683984,0.2425813279525978,1,ratio_AI1_AI2,0.3244329229854844,0.07866166427265009,0.00031277788822818315,0.22012877272118928,1.1009383729882034,0.0139650462583473,0.6279405585001586,0.3743622256404571
normal_0344_00,normal,0,A,344,normal_0344,0,11528,11543,2022-07-12 00:43:17.444000,2022-07-12 00:43:18.944000,test,0.02059385896261189,0.2425813279525978,0,AI2_kurt,0.0256687815379612,0.07187200662951872,0.003602053997809458,0.008342978100956645,0.018425669225937254,0.0009910292192378636,0.03573354297307733,0.00011481001639665033
normal_0349_00,normal,0,A,349,normal_0349,0,11666,11681,2022-07-12 00:43:49.346000,2022-07-12 00:43:50.846000,test,0.05305683191720089,0.2425813279525978,0,ratio_AI1_AI2,0.03982442580115105,0.048718283706534984,0.00026214936689570304,0.0030272186486626227,0.27292170072873656,0.016944657615238872,0.034908155671980585,0.007848063798406722
normal_0349_16,normal,0,A,349,normal_0349,16,11682,11697,2022-07-12 00:43:50.946000,2022-07-12 00:43:52.446000,test,0.08896437099958288,0.2425813279525978,0,ratio_AI1_AI2,0.02290030049378244,0.14598786947499737,4.007861519603687e-05,0.0032565435829630474,0.47200273546848137,0.03498077184614648,0.026593862433576743,0.005952806081519486
normal_0354_00,normal,0,A,354,normal_0354,0,11808,11823,2022-07-12 00:44:22.158000,2022-07-12 00:44:23.658000,test,0.06293627527839121,0.2425813279525978,0,ratio_AI1_AI2,0.0038805761795132577,0.03330932993749219,0.0034956485064658155,0.05581895334419922,0.23338749891828045,0.13010573029742775,0.04168721475731412,0.001805250286436928
normal_0354_16,normal,0,A,354,normal_0354,16,11824,11839,2022-07-12 00:44:23.758000,2022-07-12 00:44:25.258000,test,0.09503236250731138,0.2425813279525978,0,AI1_skew,0.004727154869493272,0.12467992175747596,0.001788221463377081,0.012495616257514625,0.1286506763975953,0.14302965095616754,0.3223449900515163,0.022542668305350934
normal_0354_32,normal,0,A,354,normal_0354,32,11840,11855,2022-07-12 00:44:25.358000,2022-07-12 00:44:26.858000,test,0.04879821190705427,0.2425813279525978,0,ratio_AI1_AI2,0.008993284604412557,0.04996202669525896,0.00459164918142873,0.08837657977894348,0.14411761344457066,0.0924962222345299,0.0005887979797506498,0.0012595213375392574
normal_0362_00,normal,0,A,362,normal_0362,0,12113,12128,2022-07-12 00:45:25.336000,2022-07-12 00:45:26.836000,test,0.017890160235683822,0.2425813279525978,0,AI1_skew,0.00014422737774992997,0.041286144400553906,0.0013439446987936442,2.898118667966895e-05,0.03766484332467211,0.0008832404082804527,0.043190665523322146,0.018579234965418696
normal_0362_16,normal,0,A,362,normal_0362,16,12129,12144,2022-07-12 00:45:26.936000,2022-07-12 00:45:28.436000,test,0.0036783622358058377,0.2425813279525978,0,AI2_period8,0.011925226212163837,0.004515864962843383,0.008644559039531376,0.0004923991634407989,0.0008305984862727617,0.0014762830599280852,4.973693213510018e-06,0.0015369932690529485
normal_0363_00,normal,0,A,363,normal_0363,0,12147,12162,2022-07-12 00:45:33.352000,2022-07-12 00:45:34.852000,test,0.0811679954365507,0.2425813279525978,0,ratio_AI1_AI2,0.07276982910616601,0.006815286238849434,0.013091022754951978,0.0005626115581463239,0.49936186985514197,0.05399587755419753,0.0005897317069125674,0.0021577347180397784
normal_0367_00,normal,0,A,367,normal_0367,0,12277,12292,2022-07-12 00:46:05.548000,2022-07-12 00:46:07.048000,test,0.06004470312875976,0.2425813279525978,0,AI1_skew,0.0028936821208799452,0.04507290399729474,0.0002063829598713556,0.0735952664556192,0.06325811147396182,0.00044565265292737015,0.2218620099796501,0.07302361538987359
normal_0367_16,normal,0,A,367,normal_0367,16,12293,12308,2022-07-12 00:46:07.148000,2022-07-12 00:46:08.648000,test,0.024596858647745443,0.2425813279525978,0,ratio_AI1_AI2,0.013374782902531898,0.000748476925905031,0.005264495295106346,0.04326810233008287,0.07038989301009867,0.012776790917474,0.04054489396931469,0.010407433831450066
normal_0375_00,normal,0,A,375,normal_0375,0,12530,12545,2022-07-12 00:47:01.644000,2022-07-12 00:47:03.144000,test,0.04051161362224662,0.2425813279525978,0,AI0_rms,3.4885184767669e-05,0.06821255379057517,0.018668562167469812,0.1121599205858787,0.05459346957601904,0.04051813911215247,0.016512599595111012,0.013392778965999046
normal_0377_00,normal,0,A,377,normal_0377,0,12557,12572,2022-07-12 00:47:11.896000,2022-07-12 00:47:13.396000,test,0.038905207746843105,0.2425813279525978,0,AI1_skew,0.012498403176817666,0.008082176052024041,0.004301942440575183,0.021577186658735446,0.031948871734899305,0.0008790652398810341,0.23087180645062166,0.0010822102211904942
normal_0377_16,normal,0,A,377,normal_0377,16,12573,12588,2022-07-12 00:47:13.496000,2022-07-12 00:47:14.996000,test,0.01976935413785356,0.2425813279525978,0,AI1_skew,0.0052718536490953885,0.005372218674356262,2.4644542929410712e-05,0.001546737626676967,0.05899118879740652,0.004280967288750483,0.07707069734176056,0.005596525181852899
normal_0377_32,normal,0,A,377,normal_0377,32,12589,12604,2022-07-12 00:47:15.096000,2022-07-12 00:47:16.596000,test,0.05011355206691191,0.2425813279525978,0,ratio_AI1_AI2,0.00887609063479653,0.0004085853625991355,0.005049203182317201,0.00518426856325933,0.33435763801173923,0.028160600833405932,0.007728244807945896,0.011143785139232067
normal_0380_00,normal,0,A,380,normal_0380,0,12700,12715,2022-07-12 00:47:33.787000,2022-07-12 00:47:35.287000,test,0.04293726247629463,0.2425813279525978,0,AI2_kurt,0.00021035485102106552,0.16993982694232287,0.005571315673851946,0.006247894922221317,0.12559999306342118,0.0038564139592643844,0.006882121744416523,0.02519017865383772
normal_0385_00,normal,0,A,385,normal_0385,0,12843,12858,2022-07-12 00:48:14.176000,2022-07-12 00:48:15.676000,test,0.032934171857674624,0.2425813279525978,0,AI1_skew,0.005676501379389727,0.011790702825017905,0.016385513821571798,0.01637369327798361,0.03415360764415814,0.006826365929332448,0.16937260625601586,0.0028943837279274865
normal_0385_16,normal,0,A,385,normal_0385,16,12859,12874,2022-07-12 00:48:15.776000,2022-07-12 00:48:17.276000,test,0.007661447680259259,0.2425813279525978,0,AI2_kurt,2.6061406100165922e-05,0.025583161305686795,0.002614869136369156,0.008545629505280783,0.0006058121414162112,0.00020493094734698244,0.017634229713431312,0.006076887286442672
normal_0392_00,normal,0,A,392,normal_0392,0,13071,13086,2022-07-12 00:49:02.714000,2022-07-12 00:49:04.214000,test,0.05537664120735951,0.2425813279525978,0,AI1_skew,0.025619156066962023,0.0037440165018609627,0.00017692866281286565,0.007796025151295436,0.043399235695001544,0.032369365459846006,0.31043750020662636,0.019470901914470925
normal_0398_00,normal,0,A,398,normal_0398,0,13237,13252,2022-07-12 00:49:50.587000,2022-07-12 00:49:52.087000,test,0.04402548604870886,0.2425813279525978,0,ratio_AI1_AI2,0.015836330938878432,0.03363646530366546,0.00015518021950585253,0.007046276662556015,0.24190568100681425,0.010952370790290126,1.4191586530532422e-05,0.042657391881430196
normal_0400_00,normal,0,A,400,normal_0400,0,13266,13281,2022-07-12 00:50:15.827000,2022-07-12 00:50:17.327000,test,0.028735329817049356,0.2425813279525978,0,AI1_skew,0.015790682755014676,0.07742369907244435,4.912712197064151e-05,0.008508654948510178,0.034303891465945514,0.009491396410346128,0.08037115379361183,0.0039440329685515195
normal_0400_16,normal,0,A,400,normal_0400,16,13282,13297,2022-07-12 00:50:17.427000,2022-07-12 00:50:18.927000,test,0.02749510718281406,0.2425813279525978,0,AI1_skew,0.0019390339657200028,0.009715237757956494,0.0031473329568920652,0.011757754647565519,0.03417765332069242,0.037754591948580545,0.11404749139917068,0.007421761465934739
normal_0400_32,normal,0,A,400,normal_0400,32,13298,13313,2022-07-12 00:50:19.027000,2022-07-12 00:50:20.527000,test,0.0419857453477359,0.2425813279525978,0,ratio_AI1_AI2,0.00527012205322011,0.0017223636700953017,0.010028142634263468,0.0009883643433448168,0.18004752625830434,0.08567605920234148,0.05032655461735615,0.001826830002961534
normal_0402_00,normal,0,A,402,normal_0402,0,13362,13377,2022-07-12 00:50:30.952000,2022-07-12 00:50:32.452000,test,0.002530391874881198,0.2425813279525978,0,ratio_AI1_AI2,0.0002502112122838875,0.00423205741318314,6.246651168530336e-05,0.0012150725278945443,0.009387278808942849,0.0019920390394983748,0.0030777745018649607,2.6234983696527524e-05
normal_0402_16,normal,0,A,402,normal_0402,16,13378,13393,2022-07-12 00:50:32.552000,2022-07-12 00:50:34.052000,test,0.011508358834732717,0.2425813279525978,0,AI1_skew,0.000792257552835791,6.620572016182076e-05,0.009650348676535204,0.00019113121819970303,0.01963730410343448,0.0014079696335030426,0.05774236134430709,0.002579292428884598
normal_0403_00,normal,0,A,403,normal_0403,0,13396,13411,2022-07-12 00:50:38.906000,2022-07-12 00:50:40.406000,test,0.023540688047698138,0.2425813279525978,0,ratio_AI1_AI2,0.010661918088931573,0.00036540237150607864,0.0005737544660900237,0.00285256592333531,0.06923010654229766,0.005362839249788132,0.0357734819803703,0.06350543575926602
normal_0407_00,normal,0,A,407,normal_0407,0,13529,13544,2022-07-12 00:51:10.863000,2022-07-12 00:51:12.363000,test,0.05838069044515476,0.2425813279525978,0,ratio_AI1_AI2,0.015714139175129118,0.0003388178171352832,0.0060218938147315465,0.0035927063008443336,0.3968603488862611,0.03681020271347548,0.0013843762299564203,0.006323038623704821
normal_0407_16,normal,0,A,407,normal_0407,16,13545,13560,2022-07-12 00:51:12.463000,2022-07-12 00:51:13.963000,test,0.035855340723734606,0.2425813279525978,0,ratio_AI1_AI2,0.002565872210577001,0.0006722351559722972,0.0017538900710199667,0.011805073755511078,0.1630222527244722,0.0139001720717893,0.0927635666771675,0.0003596631233675311
normal_0413_00,normal,0,A,413,normal_0413,0,13745,13760,2022-07-12 00:51:59.201000,2022-07-12 00:52:00.701000,test,0.10029929356459205,0.2425813279525978,0,AI2_rms,0.11012817675552838,0.000518322532530491,0.005948667482448786,9.315089918542324e-07,0.2857091530311392,0.005196306091425479,0.0830893863211952,0.31180340479347707
normal_0425_00,normal,0,A,425,normal_0425,0,14109,14124,2022-07-12 00:53:35.908000,2022-07-12 00:53:37.408000,test,0.03316112988961971,0.2425813279525978,0,AI1_skew,0.0003563873426781539,0.003726459860828498,0.04292713632798628,0.019518861114192917,0.018207420622032233,0.004930384236905508,0.17562142040835027,9.692039838036171e-07
normal_0450_00,normal,0,A,450,normal_0450,0,14920,14935,2022-07-12 00:56:56.793000,2022-07-12 00:56:58.293000,test,0.04210486887907781,0.2425813279525978,0,AI1_skew,0.005418774227033951,0.032011373272312224,0.0002655244319035258,0.00874975062812957,0.03611991822082424,0.0014062546102048062,0.1962811492696267,0.056586206372587454
normal_0450_16,normal,0,A,450,normal_0450,16,14936,14951,2022-07-12 00:56:58.393000,2022-07-12 00:56:59.893000,test,0.02785863551928955,0.2425813279525978,0,AI2_rms,0.025374996789892763,0.015558422733144084,0.027987074501491477,0.05313840409277579,0.030427626010098387,0.0004121677963433542,0.003117816869454579,0.06685257536111595
normal_0450_32,normal,0,A,450,normal_0450,32,14952,14967,2022-07-12 00:56:59.993000,2022-07-12 00:57:01.493000,test,0.07642513325756732,0.2425813279525978,0,AI1_skew,3.875095904682248e-06,0.0001161387375500339,0.0002878847483601155,0.0014323272884857598,0.10250075408631874,0.04570156782862753,0.45931982284497863,0.002038695430313048
normal_0466_00,normal,0,A,466,normal_0466,0,15423,15438,2022-07-12 00:59:05.768000,2022-07-12 00:59:07.268000,test,0.029353881413333446,0.2425813279525978,0,AI2_period8,0.10553597431096033,0.08066691775773611,0.001435427558286026,0.004953062929937861,0.0014353421391325918,0.00015313163258979634,0.03777015002983764,0.0028810449481872086
normal_0466_16,normal,0,A,466,normal_0466,16,15439,15454,2022-07-12 00:59:07.368000,2022-07-12 00:59:08.868000,test,0.020946826588660122,0.2425813279525978,0,AI2_period8,0.08086186404854692,0.02396038294822168,0.0003459962077594651,0.04628984766299689,0.01436547146652049,0.0003412430377715546,0.0013622217480803232,4.7585589383658095e-05
normal_0466_32,normal,0,A,466,normal_0466,32,15455,15470,2022-07-12 00:59:08.968000,2022-07-12 00:59:10.468000,test,0.07809459869019826,0.2425813279525978,0,ratio_AI1_AI2,0.03867258959968422,0.001644103007752135,0.06265270572101651,0.0008137585893260975,0.3693714726294541,0.05015673339823093,0.1014344170063414,1.100956978073922e-05
normal_0500_00,normal,0,B,500,normal_0500,0,16707,16722,2022-07-12 01:03:44.460000,2022-07-12 01:03:45.960000,test,0.04578136183531757,0.2425813279525978,0,ratio_AI1_AI2,0.007834698109926744,0.049705409490475666,0.029837327141575998,0.06504928892383317,0.1864100476944373,0.02022311270461802,0.0017457866124577664,0.005445224005215877
normal_0500_16,normal,0,B,500,normal_0500,16,16723,16738,2022-07-12 01:03:46.060000,2022-07-12 01:03:47.560000,test,0.031829375208402,0.2425813279525978,0,ratio_AI1_AI2,0.0796219558549171,0.0027300358440233946,0.015566500214049645,0.03298646518166919,0.10448293345188267,0.011399596460886835,0.00704035439921918,0.0008071602605679956
normal_0501_00,normal,0,B,501,normal_0501,0,16744,16759,2022-07-12 01:03:52.400000,2022-07-12 01:03:53.900000,test,0.031042406554745022,0.2425813279525978,0,AI1_skew,0.023707743535288702,0.029048356247184368,0.002998298620432726,0.050971050191416366,0.033018844692894816,0.00339981758779894,0.10465848508683283,0.0005366564761114378
normal_0504_00,normal,0,B,504,normal_0504,0,16792,16807,2022-07-12 01:04:17.855000,2022-07-12 01:04:19.355000,test,0.01401868149502957,0.2425813279525978,0,AI0_rms,0.0031561633148447957,0.049022973638224165,0.004769295265080063,0.050980431227233454,0.00022184332170116988,0.00042054422907972114,0.00020604963744488722,0.0033721513266283133
normal_0504_16,normal,0,B,504,normal_0504,16,16808,16823,2022-07-12 01:04:19.455000,2022-07-12 01:04:20.955000,test,0.011493952665282352,0.2425813279525978,0,AI1_skew,0.012419829506927984,0.00047811010557257213,0.026633153890145853,0.0011733552264523053,0.0033215836070300707,0.003291486793684555,0.032867489134754464,0.011766613057691005
normal_0504_32,normal,0,B,504,normal_0504,32,16824,16839,2022-07-12 01:04:21.055000,2022-07-12 01:04:22.555000,test,0.05802773072798534,0.2425813279525978,0,ratio_AI1_AI2,0.08833289231102671,0.001081472059239104,0.05928418161395044,0.001841415842169703,0.27850023977040056,0.024218275630076544,0.002613825140023778,0.00834954345699584
normal_0517_00,normal,0,B,517,normal_0517,0,17287,17302,2022-07-12 01:06:09.221000,2022-07-12 01:06:10.721000,test,0.11604057746936278,0.2425813279525978,0,ratio_AI1_AI2,0.00404322921888063,0.006083134105629164,0.008917379314402292,0.051085415806799955,0.7622722777268143,0.0868522001785006,0.00672436693000132,0.0023466164738738774
normal_0520_00,normal,0,B,520,normal_0520,0,17375,17390,2022-07-12 01:06:33.408000,2022-07-12 01:06:34.908000,test,0.1844769525636816,0.2425813279525978,0,ratio_AI1_AI2,0.022947309129756385,0.005446284358344015,0.02298555826310764,0.035208646027992306,1.2197343909869027,0.14750940479224917,0.021226451878234062,0.000757575072866388
normal_0520_16,normal,0,B,520,normal_0520,16,17391,17406,2022-07-12 01:06:35.008000,2022-07-12 01:06:36.508000,test,0.08460784799476409,0.2425813279525978,0,ratio_AI1_AI2,0.01782510767171118,0.007895176226819392,0.0037630117142646866,0.07490822915926998,0.43572574521704716,0.046446519683835154,0.09025697401378614,4.2020271378964284e-05
normal_0520_32,normal,0,B,520,normal_0520,32,17407,17422,2022-07-12 01:06:36.608000,2022-07-12 01:06:38.108000,test,0.10728077601805462,0.2425813279525978,0,ratio_AI1_AI2,0.0059880461409394245,0.024273947335757697,0.04988087090082973,0.08010431297335763,0.6174955371665454,0.07417395493336543,6.525103934509247e-05,0.006264287654296661
normal_0524_00,normal,0,B,524,normal_0524,0,17500,17515,2022-07-12 01:07:07.819000,2022-07-12 01:07:09.319000,test,0.11459671763662557,0.2425813279525978,0,ratio_AI1_AI2,0.0075959090902716,0.012270077957401582,0.022455187133634383,0.05316395874559588,0.7026295696409199,0.08079412959013221,0.03651795458790083,0.0013469543471481401
normal_0524_16,normal,0,B,524,normal_0524,16,17516,17531,2022-07-12 01:07:09.419000,2022-07-12 01:07:10.919000,test,0.0851761432117455,0.2425813279525978,0,ratio_AI1_AI2,0.005183740144614004,0.005025820135307018,0.004391879813853579,0.035997872942784774,0.5516303891533089,0.06498470653376295,0.013868696385542004,0.00032604058479076116
normal_0524_32,normal,0,B,524,normal_0524,32,17532,17547,2022-07-12 01:07:11.019000,2022-07-12 01:07:12.519000,test,0.0684680736981638,0.2425813279525978,0,ratio_AI1_AI2,0.024744070081946526,0.006577425406853362,0.008122976088458389,0.021332600031283504,0.38448908106519136,0.048003509833045,0.05436625945286238,0.00010866762566979133
normal_0525_00,normal,0,B,525,normal_0525,0,17550,17565,2022-07-12 01:07:14.504000,2022-07-12 01:07:16.004000,test,0.009690105371091811,0.2425813279525978,0,AI0_rms,0.000727281015008911,0.006847851205296197,0.002458525883708576,0.043033220782905474,0.005537681187882672,0.0016068036185592092,0.012319855441885044,0.004989623833488403
normal_0525_16,normal,0,B,525,normal_0525,16,17566,17581,2022-07-12 01:07:16.104000,2022-07-12 01:07:17.604000,test,0.011410775188603598,0.2425813279525978,0,AI0_rms,0.0010436496628306309,0.019843790872442108,0.001415500761622848,0.04309971528882358,0.018676244828621826,0.0044016965399630925,0.0007614702530899378,0.002044133301434757
normal_0525_32,normal,0,B,525,normal_0525,32,17582,17597,2022-07-12 01:07:17.704000,2022-07-12 01:07:19.204000,test,0.043985854930489725,0.2425813279525978,0,ratio_AI1_AI2,0.0033052172745556547,5.2264220766240995e-05,0.00014846982343375277,0.048273555569798225,0.26785602120035884,0.028341750759815456,0.002839463922145654,0.0010700966730439892
normal_0542_00,normal,0,B,542,normal_0542,0,18071,18086,2022-07-12 01:09:23.128000,2022-07-12 01:09:24.628000,test,0.025678420285212847,0.2425813279525978,0,ratio_AI1_AI2,0.001191440522450781,0.0023915516127642374,0.015095653446760764,0.022554403995157193,0.12198224616940206,0.014477728971604611,0.027564663902958093,0.00016967366060505437
normal_0542_16,normal,0,B,542,normal_0542,16,18087,18102,2022-07-12 01:09:24.728000,2022-07-12 01:09:26.228000,test,0.0068221001314733186,0.2425813279525978,0,AI2_kurt,0.00025425644897427845,0.020793773731603155,0.0012975339697196403,0.018315189883907755,0.011128312237839293,0.0023771529362593665,6.146171152337987e-07,0.0004099672263678264
normal_0542_32,normal,0,B,542,normal_0542,32,18103,18118,2022-07-12 01:09:26.328000,2022-07-12 01:09:27.828000,test,0.04760846340177509,0.2425813279525978,0,ratio_AI1_AI2,0.008498963456442967,0.0014377382028715217,0.005232738116273748,0.04605945036100796,0.2305751940003731,0.02405768538991652,0.06483282340273953,0.0001731142845753454
normal_0545_00,normal,0,B,545,normal_0545,0,18207,18222,2022-07-12 01:09:45.835000,2022-07-12 01:09:47.335000,test,0.025205433162938863,0.2425813279525978,0,ratio_AI1_AI2,0.0004611363369096029,0.012639066849667245,0.028708601733185967,0.01107683032994297,0.1074219748353175,0.020637270569804505,0.018874795821821083,0.0018237888268620036
normal_0552_00,normal,0,B,552,normal_0552,0,18434,18449,2022-07-12 01:10:42.242000,2022-07-12 01:10:43.742000,test,0.022328931474174397,0.2425813279525978,0,ratio_AI1_AI2,0.0003666402620507738,0.009263916833076931,0.07952412771876467,3.842010594627744e-05,0.08057558245871428,0.004587197052916719,0.002382929823663717,0.001892637538261817
normal_0558_00,normal,0,B,558,normal_0558,0,18630,18645,2022-07-12 01:11:22.827000,2022-07-12 01:11:24.327000,test,0.09385502459713733,0.2425813279525978,0,ratio_AI1_AI2,0.026737908596467224,0.03515247182142158,0.00036374246692401097,0.01361205926651602,0.5941960694312376,0.06969625923742753,0.009725619801878404,0.0013560661552263543
normal_0565_00,normal,0,A,565,normal_0565,0,18858,18873,2022-07-12 01:12:19.195000,2022-07-12 01:12:20.695000,test,0.02114237741246434,0.2425813279525978,0,AI1_skew,0.00022212925249162665,0.000964386389803757,0.0066693801868383685,0.008814788515426119,0.029963388216160774,0.0020384523346491917,0.1081902957472863,0.012276198657058604
normal_0579_00,normal,0,A,579,normal_0579,0,19343,19358,2022-07-12 01:14:03.369000,2022-07-12 01:14:04.869000,test,0.007105728483211863,0.2425813279525978,0,ratio_AI1_AI2,0.0008010984937633575,0.005315141204075118,0.00023924903595496378,0.006318233982224406,0.03241473919111028,0.00616768426347891,4.1251223886250185e-05,0.0055484304712016186
normal_0590_00,normal,0,A,590,normal_0590,0,19721,19736,2022-07-12 01:15:47.224000,2022-07-12 01:15:48.724000,test,0.026240869075494833,0.2425813279525978,0,ratio_AI1_AI2,0.0017951385810087857,1.7165614960787975e-06,0.0009235734656503295,0.017361467600669974,0.09255344415856945,0.0017538529373428515,0.07751846240248615,0.01801929689673506
anomaly_0001_00,anomaly,1,anom,1,anomaly_0001,0,4,19,2022-07-17 10:51:16.724000,2022-07-17 10:51:18.224000,test,367.22627379496964,0.2425813279525978,1,AI2_period8,1820.0066957257202,51.50320131782584,634.9644257925163,308.3692856632966,88.46884826024956,14.856185722587052,19.346296474304193,0.295251403257108
anomaly_0001_16,anomaly,1,anom,1,anomaly_0001,16,20,35,2022-07-17 10:51:18.324000,2022-07-17 10:51:19.824000,test,509.3639328475863,0.2425813279525978,1,AI2_period8,3285.5139319326,151.1407451770054,306.36551129181163,237.06822298904996,61.8622757151845,15.619773070792935,16.603575723472442,0.7374268807730667
anomaly_0001_32,anomaly,1,anom,1,anomaly_0001,32,36,51,2022-07-17 10:51:19.924000,2022-07-17 10:51:21.424000,test,63.17772492007491,0.2425813279525978,1,AI2_kurt,73.94004942250966,369.5861011680887,18.830696367653946,1.107306689295243,17.238004591956365,0.006041239043091219,20.100933516314246,4.612666365737977
anomaly_0002_00,anomaly,1,anom,2,anomaly_0002,0,54,69,2022-07-17 10:51:23.615000,2022-07-17 10:51:25.115000,test,739.3888519197465,0.2425813279525978,1,AI2_period8,5428.610942690824,86.70116177260489,226.8580522406937,140.5982812362827,14.417902610427465,3.1100045496867605,14.501951535306407,0.31251872214550774
anomaly_0002_16,anomaly,1,anom,2,anomaly_0002,16,70,85,2022-07-17 10:51:25.215000,2022-07-17 10:51:26.715000,test,243.41968717774412,0.2425813279525978,1,ratio_AI0_AI2,343.016333857458,212.61927318208845,728.8725818264394,476.35456976572397,149.08882855432037,32.52572178645036,4.131622536446856,0.7485659130257224
anomaly_0003_00,anomaly,1,anom,3,anomaly_0003,0,101,116,2022-07-17 10:51:31.734000,2022-07-17 10:51:33.234000,test,395.8085966917009,0.2425813279525978,1,AI2_kurt,1037.757534831796,2062.117705535358,23.64925103789759,3.0212531151852597,0.0014271278699027326,2.688582955236942,30.70143053199443,6.531588398269797
anomaly_0004_00,anomaly,1,anom,4,anomaly_0004,0,132,147,2022-07-17 10:51:39.999000,2022-07-17 10:51:41.499000,test,930.5030027026304,0.2425813279525978,1,AI2_period8,5971.731599301325,237.01067290449953,471.11248961099824,722.0151392903863,17.915680883601794,11.539526328624216,9.089916955086549,3.6089963465210486
anomaly_0006_00,anomaly,1,anom,6,anomaly_0006,0,153,168,2022-07-17 10:51:56.684000,2022-07-17 10:51:58.184000,test,294.1653617837622,0.2425813279525978,1,AI2_kurt,336.7695318100715,1309.4386766899484,478.57577731410015,212.80213481143056,13.968962332849788,0.5039392726663144,0.00340208087815858,1.2604699581526697
anomaly_0006_16,anomaly,1,anom,6,anomaly_0006,16,169,184,2022-07-17 10:51:58.284000,2022-07-17 10:51:59.784000,test,479.0139808118939,0.2425813279525978,1,AI2_period8,3493.84447362277,240.91324295955442,19.513418442721697,0.46515434326626276,34.70482160473794,1.1410678479598537,41.08091814480417,0.4487495293370631
anomaly_0006_32,anomaly,1,anom,6,anomaly_0006,32,185,200,2022-07-17 10:51:59.884000,2022-07-17 10:52:01.384000,test,1086.691585071173,0.2425813279525978,1,AI2_period8,6703.982555644001,571.8603449817291,255.6632179608404,1091.45116376769,13.010782933216928,25.527710296966806,16.29516741328652,15.741737571652626
anomaly_0007_00,anomaly,1,anom,7,anomaly_0007,0,203,218,2022-07-17 10:52:04.407000,2022-07-17 10:52:05.907000,test,614.4458103718978,0.2425813279525978,1,AI2_period8,4309.3876817479195,110.34371186220348,64.77230729021625,361.53649960572835,5.95058520659471,15.40880041400261,31.145480165119565,17.021416683398023
anomaly_0007_16,anomaly,1,anom,7,anomaly_0007,16,219,234,2022-07-17 10:52:06.007000,2022-07-17 10:52:07.507000,test,1157.8335441340214,0.2425813279525978,1,AI2_period8,8234.537246474973,557.2663696624425,212.80357241020195,13.54162872893102,234.146460927144,6.742687683312703,2.7660586759935137,0.8643285091737796
anomaly_0008_00,anomaly,1,anom,8,anomaly_0008,0,243,258,2022-07-17 10:52:12.567000,2022-07-17 10:52:14.067000,test,1287.7152691679541,0.2425813279525978,1,AI2_period8,9265.402292940702,987.359360115053,7.723025890791121,1.6569115724512784,29.941947580697754,2.987959307352655,6.645989884555203,0.004666052029903521
anomaly_0011_00,anomaly,1,anom,11,anomaly_0011,0,280,295,2022-07-17 10:52:38.172000,2022-07-17 10:52:39.672000,test,934.3251849558502,0.2425813279525978,1,AI2_period8,6426.695074758349,313.36948359797276,563.7031713879076,83.90503385196699,65.68777999722079,2.943084434460312,18.026329104868445,0.27152251405582295
anomaly_0011_16,anomaly,1,anom,11,anomaly_0011,16,296,311,2022-07-17 10:52:39.772000,2022-07-17 10:52:41.272000,test,1078.3866697796827,0.2425813279525978,1,AI2_period8,8067.148250248681,409.1778778934229,20.82111737056368,0.453164273324877,98.79706657283978,3.568940065097604,26.556534812472535,0.5704070010609406
anomaly_0011_32,anomaly,1,anom,11,anomaly_0011,32,312,327,2022-07-17 10:52:41.372000,2022-07-17 10:52:42.872000,test,1466.363801120075,0.2425813279525978,1,AI2_period8,9719.282103822197,620.4243035856459,954.6503019735044,260.5404098433868,146.8911057965444,13.157273678714827,15.95479774548956,0.010112515118958899
anomaly_0012_00,anomaly,1,anom,12,anomaly_0012,0,330,345,2022-07-17 10:52:45.655000,2022-07-17 10:52:47.155000,test,1906.298343544361,0.2425813279525978,1,AI2_period8,11925.017865688253,489.0468875417049,1940.536146715871,750.3733623911266,115.1743789742287,15.051858963568145,15.087734585177468,0.09851349495878771
anomaly_0012_16,anomaly,1,anom,12,anomaly_0012,16,346,361,2022-07-17 10:52:47.255000,2022-07-17 10:52:48.755000,test,141.71478676723927,0.2425813279525978,1,AI2_period8,683.1513006036524,347.3022172647416,53.825129572216525,0.0007070736837552513,38.125512306677315,0.5991879263656471,0.13651391969145954,10.577725470885241
anomaly_0013_00,anomaly,1,anom,13,anomaly_0013,0,372,387,2022-07-17 10:52:53.769000,2022-07-17 10:52:55.269000,test,985.206970849004,0.2425813279525978,1,AI2_kurt,933.6232096604324,3622.5807104807127,1990.9015077129482,1259.4516455752055,59.33017373127115,14.330757794285033,0.9548496452691108,0.4829121919086762
anomaly_0015_00,anomaly,1,anom,15,anomaly_0015,0,415,430,2022-07-17 10:53:11.764000,2022-07-17 10:53:13.264000,test,72.79680357844714,0.2425813279525978,1,AI2_period8,354.24705644853105,208.4853961302056,4.361499871198172,0.4864009395927987,4.078381186222864,4.432800248348749,0.19297766090084387,6.089916142576967
anomaly_0015_16,anomaly,1,anom,15,anomaly_0015,16,431,446,2022-07-17 10:53:13.364000,2022-07-17 10:53:14.864000,test,183.0078648331672,0.2425813279525978,1,AI2_period8,856.1767461452405,574.9794205401823,2.5073175227073,0.6920496536615943,0.018707707786302763,2.8941757236129475,21.3364449678728,5.458056404273844
anomaly_0015_32,anomaly,1,anom,15,anomaly_0015,32,447,462,2022-07-17 10:53:14.964000,2022-07-17 10:53:16.464000,test,714.0309964453256,0.2425813279525978,1,AI2_period8,4928.341146423594,162.39033667655795,42.60061211267165,496.5786386571703,5.385341538286653,27.83068604158225,11.66986114246838,37.45134897027385
anomaly_0016_00,anomaly,1,anom,16,anomaly_0016,0,465,480,2022-07-17 10:53:18.444000,2022-07-17 10:53:19.944000,test,923.5207600139033,0.2425813279525978,1,AI2_period8,6571.31010326888,682.9298450068906,4.898496215111856,77.03977446891747,3.3542976113479273,11.648548976433583,18.192202071410357,18.792812492233825
anomaly_0016_16,anomaly,1,anom,16,anomaly_0016,16,481,496,2022-07-17 10:53:20.044000,2022-07-17 10:53:21.544000,test,117.64658163051985,0.2425813279525978,1,AI2_period8,862.8958665202192,56.96883073400034,6.64742217014179,2.156664238748323,4.46742765986814,0.3728148574851894,2.791241908215332,4.872384955480389
anomaly_0016_32,anomaly,1,anom,16,anomaly_0016,32,497,512,2022-07-17 10:53:21.644000,2022-07-17 10:53:23.144000,test,228.4362833334326,0.2425813279525978,1,AI2_period8,1706.7369333274273,91.00539396104395,2.0174704955502687,16.730093654039866,2.404957110218386,7.779274118001598e-05,2.4908415482147963,6.104498778225391
anomaly_0017_00,anomaly,1,anom,17,anomaly_0017,0,515,530,2022-07-17 10:53:26.553000,2022-07-17 10:53:28.053000,test,1030.3984736359794,0.2425813279525978,1,AI2_period8,7317.0286418175965,347.92036801858706,15.181078096864898,442.71433350313754,2.4424721459049104,32.16293760160522,14.693336817137128,71.04462108700109
anomaly_0017_16,anomaly,1,anom,17,anomaly_0017,16,531,546,2022-07-17 10:53:28.153000,2022-07-17 10:53:29.653000,test,282.2867984432795,0.2425813279525978,1,AI2_period8,1897.5545656901118,328.6059887065074,1.3197382909687843,2.673668387989079,0.4910474737667588,0.2520869367251918,19.161418414073506,8.235873646093221
anomaly_0018_00,anomaly,1,anom,18,anomaly_0018,0,551,566,2022-07-17 10:53:34.639000,2022-07-17 10:53:36.139000,test,369.64410863422285,0.2425813279525978,1,AI2_period8,1811.985778982709,5.489045723185208,150.8217830819901,955.9217865389306,0.4403107259178054,7.297085499378015,3.0453418483268644,22.151736673345532
